name,path,slug,ev_ebitda,pe,pb,roce,roe,promoter_holding,sales_growth_3y,mkt_cap,cmp
Sundram Fasten.,/company/SUNDRMFAST/consolidated/,SUNDRMFAST,22.92,,,,,,,24772.03,1178.90
Data Pattern,/company/DATAPATTNS/,DATAPATTNS,61.93,,,,,,,24738.20,4418.80
Milky Mist Dairy,/company/MILKYMIST/,MILKYMIST,60.30,,,,,,,24581.10,319.30
Gabriel India,/company/GABRIEL/consolidated/,GABRIEL,41.43,,,,,,,24576.49,1386.70
Prime Focus,/company/PFOCUS/consolidated/,PFOCUS,20.30,,,,,,,24566.42,315.45
Amber Enterp.,/company/AMBER/consolidated/,AMBER,25.22,,,,,,,24546.37,6960.00
Kaynes Tech,/company/KAYNES/consolidated/,KAYNES,32.75,,,,,,,24536.21,3650.00
Asahi India Glas,/company/ASAHIINDIA/consolidated/,ASAHIINDIA,24.33,,,,,,,24471.74,959.95
Capri Global,/company/CGCL/consolidated/,CGCL,13.13,,,,,,,24409.85,253.70
ITI,/company/ITI/,ITI,244.11,,,,,,,24358.29,252.90
Carborundum Uni.,/company/CARBORUNIV/consolidated/,CARBORUNIV,33.24,,,,,,,24356.11,1278.50
SJVN,/company/SJVN/consolidated/,SJVN,14.96,,,,,,,24270.42,61.76
Jyoti CNC Auto.,/company/JYOTICNC/consolidated/,JYOTICNC,43.05,,,,,,,24222.83,1065.10
Timken India,/company/TIMKEN/,TIMKEN,35.69,,,,,,,24115.88,3206.10
Metro Brands,/company/METROBRAND/consolidated/,METROBRAND,25.80,,,,,,,24044.34,882.00
Belrise Industri,/company/BELRISE/,BELRISE,21.11,,,,,,,23977.63,247.92
AWL Agri Busine.,/company/AWL/consolidated/,AWL,8.39,,,,,,,23958.28,184.34
Kalpataru Proj.,/company/KPIL/consolidated/,KPIL,10.42,,,,,,,23757.88,1391.20
Granules India,/company/GRANULES/consolidated/,GRANULES,18.90,,,,,,,23695.02,868.65
TD Power Systems,/company/TDPOWERSYS/consolidated/,TDPOWERSYS,58.13,,,,,,,23576.64,751.55
Go Digit General,/company/GODIGIT/,GODIGIT,40.22,,,,,,,23457.18,253.70
Aether Industri.,/company/AETHER/consolidated/,AETHER,58.06,,,,,,,23453.09,1767.00
ACC,/company/ACC/consolidated/,ACC,7.64,,,,,,,23218.02,1236.40
Gillette India,/company/GILLETTE/,GILLETTE,23.08,,,,,,,23047.65,7072.00
Force Motors,/company/FORCEMOT/consolidated/,FORCEMOT,13.66,,,,,,,22910.88,17388.00
P & G Hygiene,/company/PGHH/,PGHH,19.91,,,,,,,22844.24,7037.50
Motherson Wiring,/company/MSUMI/,MSUMI,21.15,,,,,,,22739.97,34.29
NBCC,/company/NBCC/consolidated/,NBCC,16.58,,,,,,,22372.20,82.86
City Union Bank,/company/CUB/,CUB,16.57,,,,,,,22349.19,225.57
Finolex Cables,/company/FINCABLES/consolidated/,FINCABLES,20.00,,,,,,,22342.91,1460.90
HBL Engineering,/company/HBLENGINE/consolidated/,HBLENGINE,19.38,,,,,,,22341.91,806.00
Emmvee Photovol.,/company/EMMVEE/consolidated/,EMMVEE,11.22,,,,,,,22286.59,321.90
Sumitomo Chemi.,/company/SUMICHEM/,SUMICHEM,26.61,,,,,,,22279.37,446.35
Affle 3i,/company/AFFLE/consolidated/,AFFLE,28.94,,,,,,,22236.28,1578.00
Anant Raj,/company/ANANTRAJ/consolidated/,ANANTRAJ,28.73,,,,,,,22218.80,617.40
Gujarat Energy,/company/GUJENERGY/consolidated/,GUJENERGY,7.05,,,,,,,22144.12,236.02
SPR Auto Technologies,/company/SHRIPISTON/consolidated/,SHRIPISTON,21.90,,,,,,,22018.64,4746.80
Grindwell Norton,/company/GRINDWELL/consolidated/,GRINDWELL,30.73,,,,,,,21841.73,1972.70
Deepak Nitrite,/company/DEEPAKNTR/consolidated/,DEEPAKNTR,16.67,,,,,,,21646.94,1587.10
Cemindia Project,/company/CEMPRO/consolidated/,CEMPRO,17.70,,,,,,,21597.14,1257.20
Caplin Point Lab,/company/CAPLIPOINT/consolidated/,CAPLIPOINT,22.93,,,,,,,21550.08,2835.10
GE Shipping Co,/company/GESHIP/consolidated/,GESHIP,3.47,,,,,,,21375.10,1497.20
IRB Infra.Devl.,/company/IRB/consolidated/,IRB,9.06,,,,,,,21353.90,17.68
Welspun Living,/company/WELSPUNLIV/consolidated/,WELSPUNLIV,24.30,,,,,,,21226.70,224.68
MTAR Technologie,/company/MTARTECH/,MTARTECH,83.48,,,,,,,21224.12,6900.00
Diamond Power,/company/DIACABS/,DIACABS,95.64,,,,,,,21201.62,354.50
Cube Highways,/company/CUBEINVIT/consolidated/,CUBEINVIT,11.28,,,,,,,20952.70,155.89
Sagility,/company/SAGILITY/consolidated/,SAGILITY,10.98,,,,,,,20920.86,44.69
CreditAcc. Gram.,/company/CREDITACC/,CREDITACC,11.85,,,,,,,20843.73,1298.80
Tenneco Clean,/company/TENNIND/consolidated/,TENNIND,20.68,,,,,,,20795.71,515.25
KIOCL,/company/KIOCL/,KIOCL,233.30,,,,,,,20709.12,340.75
ESDS Software,/company/ESDS/consolidated/,ESDS,80.38,,,,,,,20634.99,1760.50
Lalithaa Jewel,/company/LALITHAA/,LALITHAA,12.98,,,,,,,20504.97,366.35
The Ramco Cement,/company/RAMCOCEM/consolidated/,RAMCOCEM,17.41,,,,,,,20499.55,867.55
C P C L,/company/CHENNPETRO/consolidated/,CHENNPETRO,3.34,,,,,,,20496.17,1376.40
Pine Labs,/company/PINELABS/consolidated/,PINELABS,23.48,,,,,,,20389.40,176.57
Indraprastha Gas,/company/IGL/consolidated/,IGL,7.61,,,,,,,20293.02,144.95
Sun TV Network,/company/SUNTV/consolidated/,SUNTV,7.01,,,,,,,20224.42,513.20
Allied Blenders,/company/ABDL/consolidated/,ABDL,36.87,,,,,,,20000.67,715.05
Castrol India,/company/CASTROLIND/,CASTROLIND,12.13,,,,,,,19947.63,201.67
IFCI,/company/IFCI/consolidated/,IFCI,15.92,,,,,,,19924.45,73.95
Tata Elxsi,/company/TATAELXSI/,TATAELXSI,17.26,,,,,,,19856.21,3186.90
Shilpa Medicare,/company/SHILPAMED/consolidated/,SHILPAMED,40.09,,,,,,,19821.24,1013.45
IndiGrid Trust,/company/INDIGRID/consolidated/,INDIGRID,11.79,,,,,,,19685.34,172.97
Inox India,/company/INOXINDIA/consolidated/,INOXINDIA,50.88,,,,,,,19575.87,2156.80
Brigade Enterpr.,/company/BRIGADE/consolidated/,BRIGADE,13.72,,,,,,,19507.04,597.90
Aadhar Hsg. Fin.,/company/AADHARHFC/consolidated/,AADHARHFC,12.66,,,,,,,19486.58,444.50
Happy Forgings,/company/HAPPYFORGE/consolidated/,HAPPYFORGE,36.46,,,,,,,19479.68,2063.50
Ratnamani Metals,/company/RATNAMANI/consolidated/,RATNAMANI,23.44,,,,,,,19473.66,2778.30
Chalet Hotels,/company/CHALET/consolidated/,CHALET,19.38,,,,,,,19301.05,881.35
Kajaria Ceramics,/company/KAJARIACER/consolidated/,KAJARIACER,18.68,,,,,,,19141.59,1218.10
Elgi Equipments,/company/ELGIEQUIP/consolidated/,ELGIEQUIP,25.67,,,,,,,19109.61,603.00
CESC,/company/CESC/consolidated/,CESC,7.41,,,,,,,18539.43,139.86
EIH,/company/EIHOTEL/consolidated/,EIHOTEL,14.15,,,,,,,18429.48,294.70
TBO Tek,/company/TBOTEK/consolidated/,TBOTEK,36.92,,,,,,,18426.26,1696.90
OneSource Speci.,/company/ONESOURCE/consolidated/,ONESOURCE,55.46,,,,,,,18377.48,1602.60
Firstsour.Solu.,/company/FSL/consolidated/,FSL,12.59,,,,,,,18343.84,259.45
LMW,/company/LMW/consolidated/,LMW,46.12,,,,,,,18303.18,17133.00
Pfizer,/company/PFIZER/,PFIZER,13.78,,,,,,,18302.75,4000.80
Jindal Saw,/company/JINDALSAW/consolidated/,JINDALSAW,10.97,,,,,,,18257.96,285.50
Leela Palaces Hotels,/company/THELEELA/consolidated/,THELEELA,24.14,,,,,,,18239.11,546.15
Sigma Advanced System,/company/SIGMAADV/consolidated/,SIGMAADV,77.18,,,,,,,17967.28,946.00
Atul,/company/ATUL/consolidated/,ATUL,12.78,,,,,,,17872.62,6070.50
eClerx Services,/company/ECLERX/consolidated/,ECLERX,14.57,,,,,,,17858.35,1898.80
Ola Electric,/company/OLAELEC/consolidated/,OLAELEC,-25.31,,,,,,,17810.12,38.48
Aarti Industries,/company/AARTIIND/consolidated/,AARTIIND,16.48,,,,,,,17747.12,489.25
Engineers India,/company/ENGINERSIN/consolidated/,ENGINERSIN,15.32,,,,,,,17740.87,315.65
Triveni Turbine,/company/TRITURBINE/consolidated/,TRITURBINE,34.10,,,,,,,17617.93,554.20
Azad Engineering,/company/AZAD/consolidated/,AZAD,63.74,,,,,,,17617.90,2728.00
Cams Services,/company/CAMS/,CAMS,24.54,,,,,,,17571.87,707.35
Cohance Life,/company/COHANCE/consolidated/,COHANCE,51.42,,,,,,,17570.78,459.25
Poly Medicure,/company/POLYMED/consolidated/,POLYMED,30.67,,,,,,,17478.77,1724.40
ERIS Lifescience,/company/ERIS/consolidated/,ERIS,17.24,,,,,,,17465.80,1258.90
Vertis Infra.,/company/VERTIS/consolidated/,VERTIS,8.84,,,,,,,17440.32,115.50
Sarda Energy,/company/SARDAEN/consolidated/,SARDAEN,9.16,,,,,,,17377.68,493.15
Deepak Fertilis.,/company/DEEPAKFERT/consolidated/,DEEPAKFERT,10.64,,,,,,,17216.31,1363.80
G M D C,/company/GMDCLTD/consolidated/,GMDCLTD,19.02,,,,,,,17108.40,538.00
Jubilant Pharmo,/company/JUBLPHARMA/consolidated/,JUBLPHARMA,15.03,,,,,,,17076.16,1071.95
Emami,/company/EMAMILTD/consolidated/,EMAMILTD,15.88,,,,,,,16990.76,389.25
Alembic Pharma,/company/APLLTD/consolidated/,APLLTD,14.77,,,,,,,16978.14,863.75
BEML Ltd,/company/BEML/consolidated/,BEML,46.24,,,,,,,16961.80,2036.50
Alivus Life,/company/ALIVUS/,ALIVUS,18.47,,,,,,,16765.67,1365.60
Chambal Fert.,/company/CHAMBLFERT/consolidated/,CHAMBLFERT,5.86,,,,,,,16745.26,417.95
Choice Intl.,/company/CHOICEIN/consolidated/,CHOICEIN,37.82,,,,,,,16731.63,751.05
Bayer Crop Sci.,/company/BAYERCROP/,BAYERCROP,14.52,,,,,,,16707.67,3717.60
Devyani Intl.,/company/DEVYANI/consolidated/,DEVYANI,21.07,,,,,,,16647.15,135.02
Shadowfax Technologies,/company/SHADOWFAX/,SHADOWFAX,50.69,,,,,,,16576.65,282.45
Zydus Wellness,/company/ZYDUSWELL/consolidated/,ZYDUSWELL,32.60,,,,,,,16563.45,520.60
Supreme Petroch.,/company/SPLPETRO/,SPLPETRO,20.92,,,,,,,16547.64,880.00
Aequs,/company/AEQUS/consolidated/,AEQUS,112.82,,,,,,,16501.73,246.05
Tata Chemicals,/company/TATACHEM/consolidated/,TATACHEM,11.44,,,,,,,16400.18,643.75
Clean Max Enviro,/company/CLEANMAX/consolidated/,CLEANMAX,18.02,,,,,,,16379.72,1393.40
Sammaan Capital,/company/SAMMAANCAP/consolidated/,SAMMAANCAP,16.74,,,,,,,16332.46,140.61
Astrazeneca Phar,/company/ASTRAZEN/,ASTRAZEN,62.12,,,,,,,16262.50,6505.00
Minda Corp,/company/MINDACORP/consolidated/,MINDACORP,22.23,,,,,,,16229.91,678.85
Paradeep Phosph.,/company/PARADEEP/consolidated/,PARADEEP,9.34,,,,,,,16147.95,155.49
J & K Bank,/company/J&KBANK/consolidated/,J&KBANK,17.89,,,,,,,16088.28,146.10
Vardhman Textile,/company/VTL/consolidated/,VTL,10.66,,,,,,,16042.55,554.00
Graphite India,/company/GRAPHITE/consolidated/,GRAPHITE,38.67,,,,,,,16034.48,820.70
Travel Food,/company/TRAVELFOOD/consolidated/,TRAVELFOOD,18.91,,,,,,,15980.39,1213.30
Thangamayil Jew.,/company/THANGAMAYL/,THANGAMAYL,25.90,,,,,,,15959.06,5134.50
Dr Agarwal's Hea,/company/AGARWALEYE/consolidated/,AGARWALEYE,25.84,,,,,,,15851.31,500.00
Usha Martin,/company/USHAMART/consolidated/,USHAMART,18.32,,,,,,,15810.00,518.80
JSW Cement,/company/JSWCEMENT/consolidated/,JSWCEMENT,13.46,,,,,,,15742.77,115.47
Tega Inds.,/company/TEGA/consolidated/,TEGA,43.69,,,,,,,15713.71,2091.60
Nava,/company/NAVA/consolidated/,NAVA,8.46,,,,,,,15623.27,551.45
Vijaya Diagnost.,/company/VIJAYA/consolidated/,VIJAYA,41.54,,,,,,,15589.73,1513.60
Fine Organic,/company/FINEORG/consolidated/,FINEORG,22.47,,,,,,,15584.47,5083.00
Avalon Tech,/company/AVALON/consolidated/,AVALON,67.89,,,,,,,15573.54,2328.50
Pun. & Sind Bank,/company/PSB/,PSB,16.98,,,,,,,15482.57,21.82
Godawari Power,/company/GPIL/consolidated/,GPIL,10.72,,,,,,,15445.45,229.42
N S D L,/company/544467/consolidated/,544467,25.96,,,,,,,15440.00,772.00
Century Plyboard,/company/CENTURYPLY/consolidated/,CENTURYPLY,23.45,,,,,,,15428.80,694.45
Garware Hi Tech,/company/GRWRHITECH/consolidated/,GRWRHITECH,26.87,,,,,,,15426.31,6640.00
Astra Microwave,/company/ASTRAMICRO/consolidated/,ASTRAMICRO,43.68,,,,,,,15403.88,1622.40
Five-Star Bus.Fi,/company/FIVESTAR/,FIVESTAR,9.61,,,,,,,15378.22,520.95
KFin Technolog.,/company/KFINTECH/consolidated/,KFINTECH,26.23,,,,,,,15364.87,888.80
BASF India,/company/BASF/,BASF,14.42,,,,,,,15322.25,3539.80
Lloyds Engineeri,/company/LLOYDSENGG/consolidated/,LLOYDSENGG,53.00,,,,,,,15287.04,98.56
Syngene Intl.,/company/SYNGENE/consolidated/,SYNGENE,16.92,,,,,,,15286.95,378.70
Marksans Pharma,/company/MARKSANS/consolidated/,MARKSANS,17.92,,,,,,,15269.35,336.95
Sedemac Mechatro,/company/SEDEMAC/,SEDEMAC,69.04,,,,,,,15216.30,3444.90
Concord Biotech,/company/CONCORDBIO/,CONCORDBIO,33.44,,,,,,,15207.01,1453.60
DCM Shriram,/company/DCMSHRIRAM/consolidated/,DCMSHRIRAM,9.97,,,,,,,15193.46,974.30
Zen Technologies,/company/ZENTEC/consolidated/,ZENTEC,49.20,,,,,,,15190.45,1682.40
Honasa Consumer,/company/HONASA/consolidated/,HONASA,39.45,,,,,,,15176.43,465.50
Juniper Green,/company/JNPR/consolidated/,JNPR,37.88,,,,,,,15138.20,266.05
Natco Pharma,/company/NATCOPHARM/consolidated/,NATCOPHARM,10.54,,,,,,,15032.69,839.30
Central Mine Pla,/company/CMPDI/,CMPDI,15.82,,,,,,,15008.28,210.20
Arvind Ltd,/company/ARVIND/consolidated/,ARVIND,14.42,,,,,,,14936.39,549.05
Mah. Scooters,/company/MAHSCOOTER/,MAHSCOOTER,52.24,,,,,,,14916.57,13052.00
Bharat Coking,/company/BHARATCOAL/,BHARATCOAL,33.39,,,,,,,14916.37,32.03
PG Electroplast,/company/PGEL/consolidated/,PGEL,32.88,,,,,,,14868.36,518.50
CIE Automotive,/company/CIEINDIA/consolidated/,CIEINDIA,9.53,,,,,,,14825.48,390.80
Apollo Micro Sys,/company/APOLLO/consolidated/,APOLLO,63.23,,,,,,,14700.48,395.60
Indegene,/company/INDGN/consolidated/,INDGN,20.14,,,,,,,14671.11,608.95
L T Foods,/company/LTFOODS/consolidated/,LTFOODS,12.28,,,,,,,14666.23,422.35
Kansai Nerolac,/company/KANSAINER/consolidated/,KANSAINER,12.79,,,,,,,14610.34,180.63
Action Const.Eq.,/company/ACE/consolidated/,ACE,22.62,,,,,,,14606.74,1226.60
Cartrade Tech,/company/CARTRADE/consolidated/,CARTRADE,39.71,,,,,,,14597.11,3002.60
JSW Dulux,/company/JSWDULUX/consolidated/,JSWDULUX,23.71,,,,,,,14571.08,3199.60
Horizon Industrial,/company/HORIZONIND/consolidated/,HORIZONIND,33.05,,,,,,,14564.43,50.52
Balrampur Chini,/company/BALRAMCHIN/consolidated/,BALRAMCHIN,22.11,,,,,,,14511.36,685.80
Amara Raja Ener.,/company/ARE&M/,ARE&M,8.89,,,,,,,14494.69,791.95
Shaily Engineer.,/company/SHAILY/,SHAILY,49.25,,,,,,,14453.09,3142.30
Nazara Technolo.,/company/NAZARA/consolidated/,NAZARA,-1060.18,,,,,,,14448.00,376.45
SKF India Indus.,/company/SKFINDUS/,SKFINDUS,31.33,,,,,,,14426.00,2918.00
Tilaknagar Inds.,/company/TI/consolidated/,TI,31.46,,,,,,,14420.22,581.70
Bikaji Foods,/company/BIKAJI/,BIKAJI,31.24,,,,,,,14391.02,573.95
Molbio Diagnosti,/company/MOLBIO/,MOLBIO,56.15,,,,,,,14358.90,1246.00
Canara HSBC,/company/CANHLIFE/,CANHLIFE,98.04,,,,,,,14316.50,150.70
International Gemological Instit,/company/IGIL/consolidated/,IGIL,15.99,,,,,,,14285.04,330.55
Niva Bupa Health,/company/NIVABUPA/,NIVABUPA,59.47,,,,,,,14274.23,77.19
KSB,/company/KSB/consolidated/,KSB,33.86,,,,,,,14255.55,819.10
KPIT Technologi.,/company/KPITTECH/consolidated/,KPITTECH,10.89,,,,,,,14239.03,519.40
Black Box,/company/BBOX/consolidated/,BBOX,23.83,,,,,,,14203.50,799.75
Swan Defence,/company/SWANDEF/consolidated/,SWANDEF,-112.99,,,,,,,14117.24,2679.70
Crompton Gr. Con,/company/CROMPTON/,CROMPTON,17.09,,,,,,,14075.98,218.60
Kirl. Brothers,/company/KIRLOSBROS/consolidated/,KIRLOSBROS,22.29,,,,,,,14070.47,1771.90
Privi Speci.,/company/PRIVISCL/consolidated/,PRIVISCL,21.67,,,,,,,14039.53,3594.10
IDream Film,/company/504375/consolidated/,504375,-19198.15,,,,,,,14007.90,517.75
T N Merc. Bank,/company/TMB/,TMB,14.45,,,,,,,13965.01,881.90
Rainbow Child.,/company/RAINBOW/consolidated/,RAINBOW,24.22,,,,,,,13957.29,1374.20
CCL Products,/company/CCL/consolidated/,CCL,19.38,,,,,,,13945.66,1044.40
JBM Auto,/company/JBMA/consolidated/,JBMA,20.00,,,,,,,13872.75,586.60
PC Jeweller,/company/PCJEWELLER/consolidated/,PCJEWELLER,16.50,,,,,,,13838.75,14.11
Lumax Auto Tech.,/company/LUMAXTECH/consolidated/,LUMAXTECH,19.30,,,,,,,13814.20,2026.80
A B Real Estate,/company/ABREL/consolidated/,ABREL,-54.56,,,,,,,13748.62,1230.90
Anupam Rasayan,/company/ANURAS/consolidated/,ANURAS,25.56,,,,,,,13575.46,1192.40
CEAT,/company/CEATLTD/consolidated/,CEATLTD,8.12,,,,,,,13559.68,3352.20
Vedanta Oil and Gas,/company/VOGL/consolidated/,VOGL,,,,,,,,13440.00,34.37
E2E Networks,/company/E2E/,E2E,49.98,,,,,,,13405.91,652.15
Ingersoll-Rand,/company/INGERRAND/,INGERRAND,34.05,,,,,,,13364.63,4233.60
PCBL Chemical,/company/PCBL/consolidated/,PCBL,15.62,,,,,,,13361.99,339.60
V-Guard Industri,/company/VGUARD/consolidated/,VGUARD,21.48,,,,,,,13297.51,304.35
Ventive Hospital,/company/VENTIVE/consolidated/,VENTIVE,11.09,,,,,,,13196.27,565.05
Sudeep Pharma,/company/SUDEEPPHRM/consolidated/,SUDEEPPHRM,50.39,,,,,,,13157.39,1164.90
Gallantt Ispat L,/company/GALLANTT/consolidated/,GALLANTT,18.18,,,,,,,13152.22,545.10
Sobha,/company/SOBHA/consolidated/,SOBHA,22.64,,,,,,,13116.38,1226.60
South Ind.Bank,/company/SOUTHBANK/,SOUTHBANK,16.18,,,,,,,13084.42,49.95
Ramkrishna Forg.,/company/RKFORGE/consolidated/,RKFORGE,21.52,,,,,,,13073.41,704.50
Fractal Analyt.,/company/FRACTAL/consolidated/,FRACTAL,22.52,,,,,,,13024.92,750.20
Fujiyama Power,/company/UTLSOLAR/,UTLSOLAR,20.59,,,,,,,12954.32,422.10
Corona Remedies,/company/CORONA/,CORONA,39.79,,,,,,,12951.87,2117.70
Edelweiss.Fin.,/company/EDELWEISS/consolidated/,EDELWEISS,8.15,,,,,,,12951.52,136.83
Vedant Fashions,/company/MANYAVAR/,MANYAVAR,18.18,,,,,,,12938.59,532.50
Inox Wind,/company/INOXWIND/consolidated/,INOXWIND,13.18,,,,,,,12918.58,74.75
Akums Drugs,/company/AKUMS/consolidated/,AKUMS,16.25,,,,,,,12899.22,819.55
Vedanta Power,/company/VEDPOWER/consolidated/,VEDPOWER,,,,,,,,12884.73,32.95
Prudent Corp.,/company/PRUDENT/consolidated/,PRUDENT,34.87,,,,,,,12827.38,3097.90
Vedanta Iron & Steel,/company/VISL/consolidated/,VISL,,,,,,,,12818.25,32.78
S C I,/company/SCI/consolidated/,SCI,5.10,,,,,,,12781.55,274.40
Varroc Engineer,/company/VARROC/consolidated/,VARROC,15.34,,,,,,,12755.37,834.85
ASK Automotive,/company/ASKAUTOLTD/consolidated/,ASKAUTOLTD,22.66,,,,,,,12718.65,645.15
Karnataka Bank,/company/KTKBANK/,KTKBANK,15.77,,,,,,,12694.88,335.50
Amagi Media Labs,/company/AMAGI/consolidated/,AMAGI,76.95,,,,,,,12671.56,575.65
Godrej Agrovet,/company/GODREJAGRO/consolidated/,GODREJAGRO,14.17,,,,,,,12656.82,657.80
DOMS Industries,/company/DOMS/consolidated/,DOMS,31.45,,,,,,,12641.38,2083.00
Ujjivan Small,/company/UJJIVANSFB/,UJJIVANSFB,13.60,,,,,,,12609.01,64.71
Va Tech Wabag,/company/WABAG/consolidated/,WABAG,19.45,,,,,,,12550.81,2008.40
EID Parry,/company/EIDPARRY/consolidated/,EIDPARRY,4.01,,,,,,,12541.43,704.75
Vinati Organics,/company/VINATIORGA/,VINATIORGA,16.49,,,,,,,12506.22,1206.40
Atlanta Electric,/company/ATLANTAELE/consolidated/,ATLANTAELE,32.07,,,,,,,12502.62,1625.90
Park Medi World,/company/PARKHOSPS/consolidated/,PARKHOSPS,24.71,,,,,,,12368.34,286.35
Bluestone Jewel,/company/BLUESTONE/consolidated/,BLUESTONE,28.33,,,,,,,12364.38,809.30
NMDC Steel,/company/NSLNISP/,NSLNISP,9.99,,,,,,,12358.36,42.17
PVR Inox,/company/PVRINOX/consolidated/,PVRINOX,7.73,,,,,,,12320.17,1254.60
Sky Gold & Diam.,/company/SKYGOLD/consolidated/,SKYGOLD,23.09,,,,,,,12290.02,793.55
JSW Holdings,/company/JSWHL/,JSWHL,73.01,,,,,,,12278.82,11062.00
Pearl Global Ind,/company/PGIL/consolidated/,PGIL,22.60,,,,,,,12278.37,1329.10
Shreeji Ship. Gl,/company/SHREEJISPG/consolidated/,SHREEJISPG,48.16,,,,,,,12258.78,752.45
Aptus Value Hou.,/company/APTUS/consolidated/,APTUS,10.16,,,,,,,12250.31,244.60
JM Financial,/company/JMFINANCIL/consolidated/,JMFINANCIL,7.46,,,,,,,12218.46,127.68
Lloyds Enterpris,/company/LLOYDSENT/consolidated/,LLOYDSENT,32.66,,,,,,,12178.84,79.67
Cyient,/company/CYIENT/consolidated/,CYIENT,10.59,,,,,,,12167.92,1094.70
Metropolis Healt,/company/METROPOLIS/consolidated/,METROPOLIS,27.51,,,,,,,12086.26,582.60
Nuvoco Vistas,/company/NUVOCO/consolidated/,NUVOCO,8.75,,,,,,,11980.80,335.45
Manorama Indust.,/company/MANORAMA/,MANORAMA,28.76,,,,,,,11821.56,1872.80
Trident,/company/TRIDENT/consolidated/,TRIDENT,13.58,,,,,,,11781.85,23.12
Quality Power El,/company/QPOWER/consolidated/,QPOWER,45.72,,,,,,,11754.47,1517.80
Home First Finan,/company/HOMEFIRST/,HOMEFIRST,13.61,,,,,,,11743.49,1123.10
Techno Elec.Engg,/company/TECHNOE/,TECHNOE,18.14,,,,,,,11702.06,1006.20
Interise,/company/INTERISE/consolidated/,INTERISE,7.12,,,,,,,11659.37,111.85
Whirlpool India,/company/WHIRLPOOL/consolidated/,WHIRLPOOL,15.19,,,,,,,11658.25,918.90
UTI AMC,/company/UTIAMC/consolidated/,UTIAMC,13.02,,,,,,,11592.40,901.85
Karamtara Engg.,/company/KARAMTARA/consolidated/,KARAMTARA,24.84,,,,,,,11543.78,358.70
Blue Dart Expres,/company/BLUEDART/consolidated/,BLUEDART,11.44,,,,,,,11263.44,4746.50
RRPSemiconductor,/company/504346/,504346,-1582.45,,,,,,,11182.10,8207.65
SignatureGlobal,/company/SIGNATURE/consolidated/,SIGNATURE,134.73,,,,,,,11098.02,788.85
Titagarh Rail,/company/TITAGARH/consolidated/,TITAGARH,28.86,,,,,,,11078.26,822.60
Gravita India,/company/GRAVITA/consolidated/,GRAVITA,21.49,,,,,,,11037.32,1495.40
Elantas Beck,/company/ELANTAS/,ELANTAS,41.95,,,,,,,11004.42,13881.00
IIFL Capital,/company/IIFLCAPS/consolidated/,IIFLCAPS,7.24,,,,,,,10933.25,346.70
Strides Pharma,/company/STAR/consolidated/,STAR,11.51,,,,,,,10921.54,1184.90
Blackbuck,/company/BLACKBUCK/consolidated/,BLACKBUCK,43.24,,,,,,,10915.31,598.95
JP Power Ven.,/company/JPPOWER/consolidated/,JPPOWER,7.06,,,,,,,10876.44,15.87
Volt.Transform.,/company/VOLTAMP/,VOLTAMP,24.71,,,,,,,10834.42,10709.00
Yatharth Hospit.,/company/YATHARTH/consolidated/,YATHARTH,31.86,,,,,,,10805.18,1121.40
Blue Jet Health,/company/BLUEJET/,BLUEJET,30.84,,,,,,,10801.02,570.65
Viyash Scientific,/company/VIYASH/consolidated/,VIYASH,14.54,,,,,,,10791.17,244.35
Sri Lotus,/company/LOTUSDEV/consolidated/,LOTUSDEV,27.92,,,,,,,10653.69,217.99
Paras Defence,/company/PARAS/consolidated/,PARAS,72.30,,,,,,,10645.59,1321.00
Mahanagar Gas,/company/MGL/,MGL,7.57,,,,,,,10582.06,1071.30
KEC International,/company/KEC/consolidated/,KEC,9.31,,,,,,,10566.81,396.95
Jubilant Ingrev.,/company/JUBLINGREA/consolidated/,JUBLINGREA,16.66,,,,,,,10450.44,656.10
Welspun Enterp,/company/WELENT/consolidated/,WELENT,14.71,,,,,,,10443.32,754.50
Health.Global,/company/HCG/consolidated/,HCG,22.69,,,,,,,10431.00,698.65
Elecon Engg.Co,/company/ELECON/consolidated/,ELECON,17.88,,,,,,,10283.13,458.25
Avanti Feeds,/company/AVANTIFEED/consolidated/,AVANTIFEED,11.37,,,,,,,10261.34,753.15
ASM Technologies,/company/526433/consolidated/,526433,79.65,,,,,,,10216.79,7004.20
Tsf Investments,/company/TSFINV/consolidated/,TSFINV,41.86,,,,,,,10146.81,456.85
AAVAS Financiers,/company/AAVAS/,AAVAS,11.70,,,,,,,10052.14,1267.70
Indian Energy Ex,/company/IEX/,IEX,14.88,,,,,,,10049.38,112.70
Can Fin Homes,/company/CANFINHOME/,CANFINHOME,12.13,,,,,,,10029.87,753.25
The Bombay Burmah,/company/BBTC/consolidated/,BBTC,2.81,,,,,,,10013.66,1435.20
India Cements,/company/INDIACEM/consolidated/,INDIACEM,20.43,,,,,,,10012.78,323.10
Maple Inf. Trust,/company/543925/consolidated/,543925,13.49,,,,,,,9981.19,145.00
JK Tyre & Indust,/company/JKTYRE/consolidated/,JKTYRE,7.53,,,,,,,9970.49,345.85
Ircon Intl.,/company/IRCON/consolidated/,IRCON,8.82,,,,,,,9964.76,105.95
Olectra Greentec,/company/OLECTRA/consolidated/,OLECTRA,27.40,,,,,,,9908.79,1207.20
Jain Resource,/company/JAINREC/consolidated/,JAINREC,18.02,,,,,,,9898.79,286.85
Zensar Tech.,/company/ZENSARTECH/consolidated/,ZENSARTECH,7.79,,,,,,,9897.49,434.90
SML Mahindra,/company/SMLMAH/,SMLMAH,36.11,,,,,,,9876.50,6825.50
Indiamart Inter.,/company/INDIAMART/consolidated/,INDIAMART,13.89,,,,,,,9876.11,1642.10
SBFC Finance,/company/SBFC/,SBFC,13.35,,,,,,,9854.77,88.86
Rategain Travel,/company/RATEGAIN/consolidated/,RATEGAIN,21.04,,,,,,,9811.56,827.75
Max Estates,/company/MAXESTATES/consolidated/,MAXESTATES,100.38,,,,,,,9727.28,594.65
Sudarshan Chem.,/company/SUDARSCHEM/consolidated/,SUDARSCHEM,14.53,,,,,,,9704.44,1218.90
Jupiter Wagons,/company/JWL/consolidated/,JWL,25.73,,,,,,,9689.77,226.73
Kwality Wall's,/company/KWIL/,KWIL,-108.43,,,,,,,9640.37,41.03
A B Lifestyle,/company/ABLBL/consolidated/,ABLBL,8.53,,,,,,,9607.95,78.72
Mah. Seamless,/company/MAHSEAMLES/consolidated/,MAHSEAMLES,8.79,,,,,,,9589.11,715.65
Saregama India,/company/SAREGAMA/consolidated/,SAREGAMA,23.39,,,,,,,9580.70,496.90
Rites,/company/RITES/consolidated/,RITES,9.66,,,,,,,9578.91,199.31
Finolex Inds.,/company/FINPIPE/consolidated/,FINPIPE,10.46,,,,,,,9565.27,154.16
Suven Life Scie.,/company/SUVEN/consolidated/,SUVEN,-26.48,,,,,,,9465.85,335.00
Alkyl Amines,/company/ALKYLAMINE/,ALKYLAMINE,24.69,,,,,,,9450.66,1847.70
Brainbees Solut.,/company/FIRSTCRY/consolidated/,FIRSTCRY,20.43,,,,,,,9440.96,180.83
Genus Power,/company/GENUSPOWER/consolidated/,GENUSPOWER,10.22,,,,,,,9300.70,305.70
Afcons Infrastr.,/company/AFCONS/consolidated/,AFCONS,8.51,,,,,,,9286.56,252.50
Powergrid Infra.,/company/PGINVIT/consolidated/,PGINVIT,7.31,,,,,,,9273.80,101.91
G N F C,/company/GNFC/consolidated/,GNFC,4.82,,,,,,,9261.67,630.30
Pricol Ltd,/company/PRICOLLTD/consolidated/,PRICOLLTD,18.79,,,,,,,9255.68,759.40
Kennametal India,/company/KENNAMET/,KENNAMET,29.26,,,,,,,9246.69,4207.20
Swan Corp,/company/SWANCORP/consolidated/,SWANCORP,20.52,,,,,,,9242.28,294.85
BLS Internat.,/company/BLS/consolidated/,BLS,8.84,,,,,,,9233.70,224.26
SG Mart,/company/SGMART/consolidated/,SGMART,39.00,,,,,,,9216.04,731.00
Prec. Wires (I),/company/PRECWIRE/,PRECWIRE,27.97,,,,,,,9187.93,502.60
KRBL,/company/KRBL/consolidated/,KRBL,8.19,,,,,,,9124.70,398.65
Sanofi Consumer,/company/SANOFICONR/,SANOFICONR,23.14,,,,,,,9086.27,3945.30
Wework India,/company/WEWORK/,WEWORK,8.41,,,,,,,9061.98,652.55
KRN Heat Exchan,/company/KRN/consolidated/,KRN,59.93,,,,,,,9045.05,1381.80
Thyrocare Tech.,/company/THYROCARE/consolidated/,THYROCARE,30.03,,,,,,,9022.29,566.85
Westlife Food,/company/WESTLIFE/consolidated/,WESTLIFE,28.76,,,,,,,9014.67,578.10
Kirl.Pneumatic,/company/KIRLPNU/,KIRLPNU,22.29,,,,,,,8990.26,691.95
Sandur Manganese,/company/SANDUMA/consolidated/,SANDUMA,7.45,,,,,,,8982.73,184.79
P & G Health Ltd,/company/PGHL/,PGHL,18.21,,,,,,,8973.63,5406.00
Tejas Networks,/company/TEJASNET/consolidated/,TEJASNET,-21.20,,,,,,,8973.45,503.85
Time Technoplast,/company/TIMETECHNO/consolidated/,TIMETECHNO,9.77,,,,,,,8945.66,181.22
Dynamatic Tech.,/company/DYNAMATECH/consolidated/,DYNAMATECH,42.14,,,,,,,8932.78,13153.00
P N Gadgil Jewe.,/company/PNGJL/consolidated/,PNGJL,13.12,,,,,,,8913.12,605.50
Intellect Design,/company/INTELLECT/consolidated/,INTELLECT,11.80,,,,,,,8892.03,633.05
Indo Count Inds.,/company/ICIL/consolidated/,ICIL,20.00,,,,,,,8828.27,445.75
MMTC,/company/MMTC/consolidated/,MMTC,27.65,,,,,,,8752.50,58.35
Shiprocket,/company/SHIPROCKET/consolidated/,SHIPROCKET,-669.61,,,,,,,8749.12,120.25
Jupiter Life Lin,/company/JLHL/consolidated/,JLHL,24.03,,,,,,,8708.81,265.65
Waaree Renewab.,/company/WAAREERTL/,WAAREERTL,11.92,,,,,,,8693.74,832.90
Jayaswal Neco,/company/JAYNECOIND/,JAYNECOIND,7.31,,,,,,,8598.19,88.55
Banco Products,/company/BANCOINDIA/consolidated/,BANCOINDIA,11.35,,,,,,,8580.09,599.85
Clean Science,/company/CLEAN/consolidated/,CLEAN,21.77,,,,,,,8579.79,807.25
Tips Music,/company/TIPSMUSIC/,TIPSMUSIC,29.30,,,,,,,8551.29,668.95
Aarti Pharma,/company/AARTIPHARM/consolidated/,AARTIPHARM,20.51,,,,,,,8519.82,939.55
Esab India,/company/ESABINDIA/,ESABINDIA,28.43,,,,,,,8507.72,5527.00
Reliance Power,/company/RPOWER/consolidated/,RPOWER,7.90,,,,,,,8507.28,20.57
Unimech Aero.,/company/UNIMECH/consolidated/,UNIMECH,61.69,,,,,,,8475.69,1665.10
Kingfa Science,/company/KINGFA/,KINGFA,23.91,,,,,,,8452.67,6237.50
Lemon Tree Hotel,/company/LEMONTREE/consolidated/,LEMONTREE,14.57,,,,,,,8409.70,106.15
Manipal Payment,/company/MPIMANIPAL/,MPIMANIPAL,18.52,,,,,,,8354.24,360.40
Religare Enterp.,/company/RELIGARE/consolidated/,RELIGARE,71.07,,,,,,,8351.86,242.27
Railtel Corpn.,/company/RAILTEL/,RAILTEL,11.02,,,,,,,8349.21,260.15
NCC,/company/NCC/consolidated/,NCC,5.11,,,,,,,8339.06,132.82
T R I L,/company/TARIL/consolidated/,TARIL,19.43,,,,,,,8334.10,277.65
Paisalo Digital,/company/PAISALO/consolidated/,PAISALO,16.51,,,,,,,8137.76,89.02
Bata India,/company/BATAINDIA/consolidated/,BATAINDIA,11.34,,,,,,,8094.66,629.80
Embassy Develop,/company/EMBDL/consolidated/,EMBDL,-30.13,,,,,,,8075.41,58.07
Indus Inf. Trust,/company/INDUSINVIT/consolidated/,INDUSINVIT,19.52,,,,,,,8059.78,131.91
AXISCADES Tech.,/company/AXISCADES/consolidated/,AXISCADES,64.03,,,,,,,8047.76,1892.10
Standard Engineering Technology,/company/SETL/consolidated/,SETL,54.27,,,,,,,8030.54,402.55
Augmont Enterpri,/company/AUGMONT/consolidated/,AUGMONT,16.34,,,,,,,8021.68,877.90
GMR Urban,/company/GMRP&UI/consolidated/,GMRP&UI,8.73,,,,,,,8019.49,102.68
Galaxy Surfact.,/company/GALAXYSURF/consolidated/,GALAXYSURF,12.98,,,,,,,8017.38,2261.30
Aditya Vision,/company/AVL/,AVL,30.94,,,,,,,8000.10,619.50
RHI Magnesita,/company/RHIM/consolidated/,RHIM,16.08,,,,,,,7980.25,386.45
Kirl. Ferrous,/company/KIRLFER/,KIRLFER,9.72,,,,,,,7980.11,483.20
Raymond,/company/RAYMOND/consolidated/,RAYMOND,25.60,,,,,,,7966.55,1196.65
Supriya Lifesci.,/company/SUPRIYA/,SUPRIYA,26.08,,,,,,,7929.17,985.20
Entero Healthcar,/company/ENTERO/consolidated/,ENTERO,25.64,,,,,,,7929.03,1821.80
Vesuvius India,/company/VESUVIUS/,VESUVIUS,17.63,,,,,,,7897.20,389.10
Guj Pipavav Port,/company/GPPL/consolidated/,GPPL,8.43,,,,,,,7889.74,163.20
Medplus Health,/company/MEDPLUS/consolidated/,MEDPLUS,12.87,,,,,,,7867.78,654.90
G R Infraproject,/company/GRINFRA/consolidated/,GRINFRA,5.78,,,,,,,7860.83,812.40
Sonata Software,/company/SONATSOFTW/consolidated/,SONATSOFTW,9.71,,,,,,,7849.09,279.90
V2 Retail,/company/V2RETAIL/,V2RETAIL,16.82,,,,,,,7829.50,214.72
Raghav Product.,/company/RPEL/consolidated/,RPEL,89.31,,,,,,,7804.44,1699.50
Electronics Mart,/company/EMIL/consolidated/,EMIL,16.74,,,,,,,7703.44,200.22
Equitas Sma. Fin,/company/EQUITASBNK/,EQUITASBNK,13.14,,,,,,,7669.08,67.03
Birlasoft Ltd,/company/BSOFT/consolidated/,BSOFT,7.41,,,,,,,7664.28,274.05
Man Industries,/company/MANINDS/consolidated/,MANINDS,14.09,,,,,,,7653.60,1020.35
Cello World,/company/CELLO/consolidated/,CELLO,14.59,,,,,,,7634.47,338.50
GNG Electronics,/company/EBGNG/consolidated/,EBGNG,36.45,,,,,,,7627.37,669.00
EPL Ltd,/company/EPL/consolidated/,EPL,8.06,,,,,,,7626.68,238.10
Waterways Leisur,/company/CORDELIA/consolidated/,CORDELIA,63.24,,,,,,,7616.63,105.21
Orkla India,/company/ORKLAINDIA/consolidated/,ORKLAINDIA,16.30,,,,,,,7615.92,555.95
Mahindra Life.,/company/MAHLIFE/consolidated/,MAHLIFE,20.28,,,,,,,7614.24,356.85
SKF India,/company/SKFINDIA/,SKFINDIA,21.08,,,,,,,7612.46,1539.80
Power Mech Proj.,/company/POWERMECH/consolidated/,POWERMECH,10.48,,,,,,,7610.99,2407.30
Mishra Dhatu Nig,/company/MIDHANI/,MIDHANI,27.78,,,,,,,7588.21,405.05
Garware Tech.,/company/GARFIBRES/consolidated/,GARFIBRES,21.34,,,,,,,7553.10,773.50
Star Cement,/company/STARCEMENT/consolidated/,STARCEMENT,8.64,,,,,,,7542.41,186.61
NESCO,/company/NESCO/consolidated/,NESCO,13.04,,,,,,,7541.33,1070.30
Guj. Ambuja Exp,/company/GAEL/consolidated/,GAEL,11.06,,,,,,,7516.24,163.87
Bliss GVS Pharma,/company/BLISSGVS/consolidated/,BLISSGVS,29.78,,,,,,,7493.11,704.70
SJS Enterprises,/company/SJS/consolidated/,SJS,24.16,,,,,,,7474.15,2317.60
Hindustan Foods,/company/HNDFDS/consolidated/,HNDFDS,21.35,,,,,,,7428.36,612.35
JK Paper,/company/JKPAPER/consolidated/,JKPAPER,9.46,,,,,,,7405.97,408.45
Tanfac Inds.,/company/506854/,506854,65.56,,,,,,,7404.09,3422.50
Sunflag Iron,/company/SUNFLAG/consolidated/,SUNFLAG,15.47,,,,,,,7400.71,410.65
Cyient DLM,/company/CYIENTDLM/consolidated/,CYIENTDLM,42.94,,,,,,,7393.77,931.40
Relaxo Footwear,/company/RELAXO/,RELAXO,17.65,,,,,,,7393.48,297.00
Timex Group,/company/TIMEX/,TIMEX,57.15,,,,,,,7390.04,732.05
Zee Entertainmen,/company/ZEEL/consolidated/,ZEEL,14.95,,,,,,,7383.51,76.87
M B Agro Prod.,/company/MBAPL/,MBAPL,32.24,,,,,,,7381.26,168.47
Rain Industries,/company/RAIN/consolidated/,RAIN,5.60,,,,,,,7377.84,219.35
Powerica Ltd,/company/POWERICA/consolidated/,POWERICA,15.73,,,,,,,7377.34,582.95
Innova Captab,/company/INNOVACAP/consolidated/,INNOVACAP,28.53,,,,,,,7330.51,1281.00
Knowledge Marine,/company/KMEW/consolidated/,KMEW,43.93,,,,,,,7267.13,2865.10
Sanofi India,/company/SANOFI/,SANOFI,13.73,,,,,,,7231.88,3140.20
Sapphire Foods,/company/SAPPHIRE/consolidated/,SAPPHIRE,16.18,,,,,,,7186.44,223.61
TTK Prestige,/company/TTKPRESTIG/consolidated/,TTKPRESTIG,17.55,,,,,,,7182.52,524.40
Kama Holdings,/company/KAMAHOLD/consolidated/,KAMAHOLD,3.10,,,,,,,7182.19,2238.10
Eureka Forbes,/company/EUREKAFORB/,EUREKAFORB,20.12,,,,,,,7174.79,370.85
Safari Inds.,/company/SAFARI/consolidated/,SAFARI,23.95,,,,,,,7174.19,1464.20
Neogen Chemicals,/company/NEOGEN/consolidated/,NEOGEN,52.41,,,,,,,7165.72,2385.20
RaajMarg Infra,/company/RIIT/,RIIT,,,,,,,,7161.60,119.36
INDIA SHELTE FIN,/company/INDIASHLTR/,INDIASHLTR,11.31,,,,,,,7144.76,654.30
Citius Transnet,/company/CITIUSINVT/consolidated/,CITIUSINVT,,,,,,,,7132.12,116.92
Balaji Amines,/company/BALAMINES/consolidated/,BALAMINES,19.77,,,,,,,7094.52,2189.60
Centum Electron,/company/CENTUM/consolidated/,CENTUM,48.01,,,,,,,7089.16,4802.30
Fineotex Chem,/company/FCL/consolidated/,FCL,34.56,,,,,,,7042.90,60.48
Jyothy Labs,/company/JYOTHYLAB/,JYOTHYLAB,14.81,,,,,,,7016.37,191.07
KSH Internationa,/company/KSHINTL/,KSHINTL,28.79,,,,,,,7016.10,1035.50
Nephrocare Health Services,/company/NEPHROPLUS/consolidated/,NEPHROPLUS,26.07,,,,,,,7005.44,696.65
Cera Sanitary.,/company/CERA/,CERA,21.69,,,,,,,6960.16,5396.50
Indiabulls,/company/IBULLSLTD/consolidated/,IBULLSLTD,13.95,,,,,,,6956.97,29.83
Aeroflex,/company/AEROFLEX/consolidated/,AEROFLEX,57.77,,,,,,,6956.63,525.70
Ajax Engineering,/company/AJAXENGG/,AJAXENGG,21.32,,,,,,,6953.35,607.75
Bengal & Assam,/company/BENGALASM/consolidated/,BENGALASM,15.05,,,,,,,6948.40,6093.00
Sheela Foam,/company/SFL/consolidated/,SFL,16.00,,,,,,,6930.04,634.60
Inox Green,/company/INOXGREEN/consolidated/,INOXGREEN,32.53,,,,,,,6918.51,172.32
Le Travenues,/company/IXIGO/consolidated/,IXIGO,50.75,,,,,,,6916.22,156.80
Newgen Software,/company/NEWGEN/consolidated/,NEWGEN,13.34,,,,,,,6916.01,485.30
DCB Bank,/company/DCBBANK/,DCBBANK,13.57,,,,,,,6897.53,214.09
Optiemus Infra.,/company/OPTIEMUS/consolidated/,OPTIEMUS,48.05,,,,,,,6839.58,758.55
Ethos,/company/ETHOSLTD/consolidated/,ETHOSLTD,23.89,,,,,,,6830.70,2552.80
Kanohar Elect.,/company/KANOHAR/,KANOHAR,35.71,,,,,,,6830.26,862.55
Technocraf.Inds.,/company/TIIL/consolidated/,TIIL,11.67,,,,,,,6809.55,3003.40
Transport Corp.,/company/TCI/consolidated/,TCI,10.62,,,,,,,6789.57,883.70
SPARC,/company/SPARC/,SPARC,4.47,,,,,,,6784.12,209.05
GMM Pfaudler,/company/GMMPFAUDLR/consolidated/,GMMPFAUDLR,16.15,,,,,,,6766.96,1505.20
Sharda Cropchem,/company/SHARDACROP/consolidated/,SHARDACROP,5.67,,,,,,,6762.93,749.60
Tata Tele. Mah.,/company/TTML/,TTML,42.37,,,,,,,6732.77,34.44
KPI Green Energy,/company/KPIGREEN/consolidated/,KPIGREEN,10.83,,,,,,,6715.91,339.75
Dilip Buildcon,/company/DBL/consolidated/,DBL,7.13,,,,,,,6700.04,412.45
Borosil Renew.,/company/BORORENEW/,BORORENEW,12.59,,,,,,,6699.07,455.15
Suprajit Engg.,/company/SUPRAJIT/consolidated/,SUPRAJIT,14.45,,,,,,,6694.59,488.00
Redtape,/company/REDTAPE/consolidated/,REDTAPE,15.02,,,,,,,6691.74,121.05
Ceigall India,/company/CEIGALL/consolidated/,CEIGALL,11.36,,,,,,,6691.21,384.10
Kovai Medical,/company/KOVAI/,KOVAI,13.80,,,,,,,6663.01,6090.50
Shivalik Bimetal,/company/SBCL/consolidated/,SBCL,41.23,,,,,,,6650.40,1154.50
NDR INVIT Trust,/company/NDRINVIT/consolidated/,NDRINVIT,21.29,,,,,,,6641.57,145.00
Indian Metals,/company/IMFA/consolidated/,IMFA,9.44,,,,,,,6638.51,1230.40
Mrs Bectors,/company/BECTORFOOD/,BECTORFOOD,24.45,,,,,,,6618.10,215.58
Omnitech Engg.,/company/OMNI/consolidated/,OMNI,30.64,,,,,,,6603.15,533.95
Morepen Labs.,/company/MOREPENLAB/consolidated/,MOREPENLAB,32.68,,,,,,,6596.27,120.38
Restaurant Brand,/company/RBA/consolidated/,RBA,21.13,,,,,,,6587.44,92.51
Kusumgar,/company/KUSUMGAR/,KUSUMGAR,35.77,,,,,,,6579.81,626.70
Tanla Platforms,/company/TANLA/consolidated/,TANLA,6.94,,,,,,,6562.07,494.75
ISGEC Heavy,/company/ISGEC/consolidated/,ISGEC,9.48,,,,,,,6548.17,890.55
Birla Corpn.,/company/BIRLACORPN/consolidated/,BIRLACORPN,6.29,,,,,,,6548.16,850.30
Gokul Agro,/company/GOKULAGRO/consolidated/,GOKULAGRO,8.30,,,,,,,6547.68,221.89
Bajaj Consumer,/company/BAJAJCON/consolidated/,BAJAJCON,22.32,,,,,,,6524.39,499.50
Symbiotec Pharma,/company/SYMBIOTEC/consolidated/,SYMBIOTEC,28.25,,,,,,,6447.14,1003.35
Hero Motors,/company/HEROMOTORS/consolidated/,HEROMOTORS,45.81,,,,,,,6435.78,141.69
Campus Activewe.,/company/CAMPUS/,CAMPUS,20.65,,,,,,,6418.97,209.99
Tour. Fin. Corp.,/company/TFCILTD/,TFCILTD,25.20,,,,,,,6403.44,138.31
Orchid Pharma,/company/ORCHPHARMA/consolidated/,ORCHPHARMA,93.98,,,,,,,6377.17,1064.90
JK Lakshmi Cem.,/company/JKLAKSHMI/consolidated/,JKLAKSHMI,7.98,,,,,,,6335.71,510.35
Jeena Sikho,/company/JSLL/,JSLL,16.48,,,,,,,6317.58,508.25
Transrail Light,/company/TRANSRAILL/consolidated/,TRANSRAILL,7.08,,,,,,,6299.96,469.25
Lohia Corp,/company/LCL/consolidated/,LCL,18.97,,,,,,,6283.01,594.70
Dodla Dairy,/company/DODLA/consolidated/,DODLA,17.51,,,,,,,6270.47,1039.40
G S F C,/company/GSFC/consolidated/,GSFC,5.49,,,,,,,6248.13,156.80
Senores Pharma.,/company/SENORES/consolidated/,SENORES,27.40,,,,,,,6241.18,1355.20
Shrem InvIT,/company/SHREMINVIT/consolidated/,SHREMINVIT,9.84,,,,,,,6230.61,102.00
Skipper,/company/SKIPPER/,SKIPPER,11.93,,,,,,,6224.54,551.15
Seshaasai Tech.,/company/STYL/,STYL,13.92,,,,,,,6178.56,381.85
Onemi Technology,/company/KISSHT/consolidated/,KISSHT,11.32,,,,,,,6176.06,348.40
Leap India,/company/LEAPIND/consolidated/,LEAPIND,20.55,,,,,,,6163.99,139.92
ION Exchange,/company/IONEXCHANG/consolidated/,IONEXCHANG,24.73,,,,,,,6162.20,420.15
Balu Forge,/company/BALUFORGE/consolidated/,BALUFORGE,17.90,,,,,,,6152.14,506.80
Ganesh Housing,/company/GANESHHOU/consolidated/,GANESHHOU,15.27,,,,,,,6126.87,734.75
Elevate Campuses,/company/id/1286195/consolidated/,id,23.62,,,,,,,6100.82,
Smartworks Cowor,/company/SMARTWORKS/consolidated/,SMARTWORKS,8.04,,,,,,,6061.05,529.90
V-Mart Retail,/company/VMART/,VMART,12.42,,,,,,,6048.53,760.10
Piccadily Agro,/company/PICCADIL/consolidated/,PICCADIL,25.76,,,,,,,6042.47,613.00
Spectrum Electr.,/company/SPECTRUM/,SPECTRUM,65.35,,,,,,,6012.74,3518.80
Aditya Bir. Fas.,/company/ABFRL/consolidated/,ABFRL,12.14,,,,,,,5997.59,49.14
IOL Chemicals,/company/IOLCP/,IOLCP,17.83,,,,,,,5993.54,204.19
R C F,/company/RCF/consolidated/,RCF,8.26,,,,,,,5990.25,108.58
Moneyview,/company/id/1286200/consolidated/,id,8.61,,,,,,,5984.79,
Archean Chemical,/company/ACI/consolidated/,ACI,25.24,,,,,,,5957.48,482.55
Steel Str. Wheel,/company/SSWL/,SSWL,12.04,,,,,,,5956.42,378.75
Mrugesh Trading,/company/512065/,512065,-65928.00,,,,,,,5931.31,82.10
Rashi Peripheral,/company/RPTECH/consolidated/,RPTECH,12.20,,,,,,,5930.03,893.00
Jai Balaji Inds.,/company/JAIBALAJI/,JAIBALAJI,15.80,,,,,,,5926.24,64.96
SIS,/company/SIS/consolidated/,SIS,7.88,,,,,,,5913.93,418.40
Wheels India,/company/WHEELS/consolidated/,WHEELS,14.40,,,,,,,5893.72,2296.40
Prism Johnson,/company/PRSMJOHNSN/consolidated/,PRSMJOHNSN,8.70,,,,,,,5854.58,116.31
I T D C,/company/ITDC/consolidated/,ITDC,45.51,,,,,,,5829.75,679.70
Vikram Solar,/company/VIKRAMSOLR/consolidated/,VIKRAMSOLR,6.26,,,,,,,5808.90,160.31
Praj Industries,/company/PRAJIND/consolidated/,PRAJIND,27.21,,,,,,,5806.66,315.90
Kalpat.,/company/KALPATARU/consolidated/,KALPATARU,61.42,,,,,,,5804.05,281.85
Marine Electric.,/company/MARINE/consolidated/,MARINE,47.29,,,,,,,5790.20,413.75
CSB Bank,/company/CSBBANK/,CSBBANK,13.90,,,,,,,5789.22,333.70
Krishana Phosch.,/company/KRISHANA/,KRISHANA,19.01,,,,,,,5788.30,187.24
Shakti Pumps,/company/SHAKTIPUMP/consolidated/,SHAKTIPUMP,14.16,,,,,,,5761.45,466.90
TVS Supply,/company/TVSSCS/consolidated/,TVSSCS,8.86,,,,,,,5747.38,130.26
Greenlam Industr,/company/GREENLAM/consolidated/,GREENLAM,18.31,,,,,,,5723.47,224.32
Just Dial,/company/JUSTDIAL/,JUSTDIAL,8.03,,,,,,,5717.00,672.20
Stylam Industrie,/company/STYLAMIND/,STYLAMIND,23.30,,,,,,,5710.48,3369.40
Fedbank Financi.,/company/FEDFINA/,FEDFINA,11.95,,,,,,,5690.15,151.68
Jana Small Finan,/company/JSFB/,JSFB,13.82,,,,,,,5664.13,535.25
Artemis Medicare,/company/ARTEMISMED/,ARTEMISMED,25.07,,,,,,,5662.61,357.70
Arvind Fashions.,/company/ARVINDFASN/consolidated/,ARVINDFASN,8.97,,,,,,,5578.16,417.20
Hind.Construct.,/company/HCC/consolidated/,HCC,9.54,,,,,,,5568.99,21.26
FDC,/company/FDC/consolidated/,FDC,11.63,,,,,,,5551.82,341.00
AvenuesAI,/company/CCAVENUE/consolidated/,CCAVENUE,10.70,,,,,,,5543.07,15.89
L G Balakrishnan,/company/LGBBROSLTD/consolidated/,LGBBROSLTD,9.78,,,,,,,5534.29,1735.30
Jamna Auto Inds.,/company/JAMNAAUTO/consolidated/,JAMNAAUTO,13.42,,,,,,,5527.79,138.20
Sharda Motor,/company/SHARDAMOTR/consolidated/,SHARDAMOTR,10.52,,,,,,,5490.19,956.35
Gulf Oil Lubric.,/company/GULFOILLUB/,GULFOILLUB,7.41,,,,,,,5483.81,1106.60
Greaves Cotton,/company/GREAVESCOT/consolidated/,GREAVESCOT,18.84,,,,,,,5469.23,234.78
Triven.Engg.Ind.,/company/TRIVENI/consolidated/,TRIVENI,13.11,,,,,,,5455.09,247.55
Nirlon,/company/NIRLON/,NIRLON,11.73,,,,,,,5453.16,605.10
Saatvik Green,/company/SAATVIKGL/consolidated/,SAATVIKGL,14.13,,,,,,,5433.10,427.45
Valor Estate,/company/DBREALTY/consolidated/,DBREALTY,61.94,,,,,,,5428.41,100.08
Guj. Themis Bio.,/company/GUJTHEM/,GUJTHEM,65.92,,,,,,,5427.33,417.00
Senco Gold,/company/SENCO/consolidated/,SENCO,7.08,,,,,,,5426.76,331.10
Vadilal Inds.,/company/VADILALIND/consolidated/,VADILALIND,15.58,,,,,,,5417.31,7534.50
SS Retail,/company/SSRETAIL/,SSRETAIL,43.65,,,,,,,5415.45,728.20
eMudhra,/company/EMUDHRA/consolidated/,EMUDHRA,29.22,,,,,,,5411.33,653.45
Lumax Industries,/company/LUMAXIND/consolidated/,LUMAXIND,12.88,,,,,,,5394.02,5769.00
Nxt-Infra Trust,/company/NXT-INFRA/consolidated/,NXT-INFRA,20.81,,,,,,,5388.03,99.64
Indigo Paints,/company/INDIGOPNTS/,INDIGOPNTS,19.11,,,,,,,5387.11,1128.60
Ram Ratna Wires,/company/RAMRAT/consolidated/,RAMRAT,18.58,,,,,,,5320.90,570.00
Rossell Techsys,/company/ROSSTECH/consolidated/,ROSSTECH,72.20,,,,,,,5287.68,1402.70
Rentomojo,/company/RENTOMOJO/,RENTOMOJO,32.71,,,,,,,5286.43,507.75
Man Infra,/company/MANINFRA/consolidated/,MANINFRA,15.47,,,,,,,5245.65,129.95
Goodluck India,/company/GOODLUCK/consolidated/,GOODLUCK,13.65,,,,,,,5241.55,525.65
MSTC,/company/MSTCLTD/consolidated/,MSTCLTD,12.43,,,,,,,5215.23,740.80
AGI Greenpac,/company/AGI/,AGI,7.66,,,,,,,5197.46,803.35
Ellen.Indl.Gas,/company/ELLEN/,ELLEN,28.93,,,,,,,5193.48,368.50
Universal Cables,/company/UNIVCABLES/consolidated/,UNIVCABLES,14.91,,,,,,,5183.49,1494.00
NRB Bearings,/company/NRBBEARING/consolidated/,NRBBEARING,19.28,,,,,,,5183.42,534.80
Fiem Industries,/company/FIEMIND/consolidated/,FIEMIND,11.53,,,,,,,5173.13,1965.50
MAS FINANC SER,/company/MASFIN/consolidated/,MASFIN,9.79,,,,,,,5130.59,282.75
Rolex Rings,/company/ROLEXRINGS/,ROLEXRINGS,17.29,,,,,,,5124.68,195.35
Shanthi Gears,/company/SHANTIGEAR/,SHANTIGEAR,46.39,,,,,,,5113.50,666.55
Texmaco Rail,/company/TEXRAIL/consolidated/,TEXRAIL,12.99,,,,,,,5113.07,125.67
IRB InvIT Fund,/company/IRBINVIT/consolidated/,IRBINVIT,9.81,,,,,,,5111.11,64.62
Yasho Industries,/company/YASHO/,YASHO,31.52,,,,,,,5105.09,4234.10
Quess Corp,/company/QUESS/consolidated/,QUESS,13.74,,,,,,,5092.57,340.90
Puravankara,/company/PURVA/consolidated/,PURVA,9.84,,,,,,,5071.92,213.87
VRL Logistics,/company/VRLLOG/,VRLLOG,8.76,,,,,,,5067.92,289.70
PDS,/company/PDSL/consolidated/,PDSL,10.57,,,,,,,5059.33,357.65
Gokaldas Exports,/company/GOKEX/consolidated/,GOKEX,13.63,,,,,,,5053.23,689.60
Latent View,/company/LATENTVIEW/consolidated/,LATENTVIEW,15.01,,,,,,,5047.65,243.75
RPG LifeScience.,/company/RPGLIFE/,RPGLIFE,27.31,,,,,,,5045.39,3050.60
Laxmi Organic,/company/LXCHEM/consolidated/,LXCHEM,20.59,,,,,,,5041.93,181.42
Bansal Wire Inds,/company/BANSALWIRE/consolidated/,BANSALWIRE,18.25,,,,,,,5031.71,321.40
DEE Development,/company/DEEDEV/consolidated/,DEEDEV,25.89,,,,,,,5012.45,666.20
Deep Industries,/company/DEEPINDS/consolidated/,DEEPINDS,11.16,,,,,,,4999.04,781.10
Bajaj Hindusthan,/company/BAJAJHIND/consolidated/,BAJAJHIND,38.24,,,,,,,4967.80,20.78
IFB Industries,/company/IFBIND/,IFBIND,14.24,,,,,,,4964.51,1225.20
Sh.Renuka Sugar,/company/RENUKA/consolidated/,RENUKA,72.44,,,,,,,4961.51,23.31
KDDL Ltd,/company/KDDL/consolidated/,KDDL,12.12,,,,,,,4960.79,4033.40
Surya Roshni,/company/SURYAROSNI/consolidated/,SURYAROSNI,7.90,,,,,,,4950.13,227.45
Bosch Home Comfort,/company/BOSCH-HCIL/,BOSCH-HCIL,53.85,,,,,,,4925.74,1811.60
MOIL,/company/MOIL/,MOIL,7.49,,,,,,,4921.90,241.88
CMR Green Tech.,/company/CMRGREEN/consolidated/,CMRGREEN,13.46,,,,,,,4917.58,224.49
Mastek,/company/MASTEK/consolidated/,MASTEK,6.91,,,,,,,4907.69,1582.80
CARE Ratings,/company/CARERATING/consolidated/,CARERATING,18.44,,,,,,,4902.07,1627.60
Energy InfrTrust,/company/542543/consolidated/,542543,7.02,,,,,,,4895.67,73.73
Goldiam Intl.,/company/GOLDIAM/consolidated/,GOLDIAM,15.27,,,,,,,4893.86,325.05
Savita Oil Tech,/company/SOTL/,SOTL,7.73,,,,,,,4889.73,713.20
Foseco India,/company/FOSECOIND/consolidated/,FOSECOIND,24.51,,,,,,,4875.10,6468.00
Northern Arc,/company/NORTHARC/consolidated/,NORTHARC,10.79,,,,,,,4868.80,300.90
Thomas Cook (I),/company/THOMASCOOK/consolidated/,THOMASCOOK,7.55,,,,,,,4867.03,103.47
Novartis India,/company/NOVARTIND/,NOVARTIND,30.21,,,,,,,4853.22,1965.60
Ashapura Minech.,/company/ASHAPURMIN/consolidated/,ASHAPURMIN,8.49,,,,,,,4838.40,506.50
West Coast Paper,/company/WSTCSTPAPR/consolidated/,WSTCSTPAPR,8.29,,,,,,,4834.20,731.90
C.E. Info System,/company/MAPMYINDIA/consolidated/,MAPMYINDIA,20.84,,,,,,,4834.07,881.90
Juniper Hotels,/company/JUNIPER/consolidated/,JUNIPER,13.42,,,,,,,4812.50,216.29
Uflex,/company/UFLEX/consolidated/,UFLEX,5.74,,,,,,,4796.29,664.20
Midwest Energy,/company/526570/consolidated/,526570,-1083.24,,,,,,,4792.58,369.45
Datamatics Glob.,/company/DATAMATICS/consolidated/,DATAMATICS,10.55,,,,,,,4773.43,807.60
Capillary Tech.,/company/CAPILLARY/consolidated/,CAPILLARY,33.42,,,,,,,4770.95,599.45
Filatex India,/company/FILATEX/,FILATEX,13.72,,,,,,,4748.76,106.94
Raymond Realty,/company/RAYMONDREL/consolidated/,RAYMONDREL,10.29,,,,,,,4735.39,711.30
Happiest Minds,/company/HAPPSTMNDS/consolidated/,HAPPSTMNDS,10.50,,,,,,,4728.13,310.50
V-Marc India,/company/VMARCIND/,VMARCIND,24.16,,,,,,,4724.67,322.45
HEG Advanced Materials,/company/HEGAM/consolidated/,HEGAM,7.62,,,,,,,4715.41,244.35
Subros,/company/SUBROS/consolidated/,SUBROS,13.09,,,,,,,4702.85,720.90
Vishnu Chemicals,/company/VISHNU/consolidated/,VISHNU,17.48,,,,,,,4696.25,697.65
Shilchar Tech.,/company/SHILCTECH/,SHILCTECH,24.60,,,,,,,4694.60,4103.60
A R C I,/company/ARCIL/consolidated/,ARCIL,10.18,,,,,,,4694.44,144.49
Sambhv Steel,/company/SAMBHV/,SAMBHV,16.06,,,,,,,4688.81,159.12
Jindal Worldwide,/company/JINDWORLD/consolidated/,JINDWORLD,30.49,,,,,,,4688.17,46.76
Wakefit Innovati,/company/WAKEFIT/,WAKEFIT,19.12,,,,,,,4687.81,141.35
Shoppers Stop,/company/SHOPERSTOP/consolidated/,SHOPERSTOP,9.87,,,,,,,4667.76,423.55
Gujarat Alkalies,/company/GUJALKALI/consolidated/,GUJALKALI,8.05,,,,,,,4633.33,630.90
Zota Health Care,/company/ZOTA/consolidated/,ZOTA,414.84,,,,,,,4628.99,1336.60
Keystone Realtor,/company/RUSTOMJEE/consolidated/,RUSTOMJEE,18.25,,,,,,,4627.09,366.50
Canara Robeco,/company/CRAMC/,CRAMC,15.15,,,,,,,4595.57,230.45
PTC India,/company/PTC/consolidated/,PTC,2.27,,,,,,,4590.79,155.09
Share India Sec.,/company/SHAREINDIA/consolidated/,SHAREINDIA,3.30,,,,,,,4587.02,209.62
Epigral,/company/EPIGRAL/,EPIGRAL,8.66,,,,,,,4575.57,1060.60
MPS,/company/MPSLTD/consolidated/,MPSLTD,16.38,,,,,,,4561.95,2666.90
Runwal Enterpri.,/company/id/1286209/consolidated/,id,21.13,,,,,,,4507.44,
GE Power,/company/GVPIL/consolidated/,GVPIL,9.93,,,,,,,4502.22,669.70
Venus Pipes,/company/VENUSPIPES/,VENUSPIPES,22.82,,,,,,,4481.31,2163.20
Prasol Chemicals,/company/PRASOLCHEM/,PRASOLCHEM,31.31,,,,,,,4474.27,756.00
Electrost.Cast.,/company/ELECTCAST/consolidated/,ELECTCAST,11.08,,,,,,,4471.95,72.34
Antelopus Selan,/company/ANTELOPUS/,ANTELOPUS,19.07,,,,,,,4452.26,1261.70
Tempsens Instruments,/company/TEMPSENS/consolidated/,TEMPSENS,39.63,,,,,,,4451.94,531.05
SMS Pharma.,/company/SMSPHARMA/consolidated/,SMSPHARMA,26.14,,,,,,,4448.47,475.00
Pilani Invest.,/company/PILANIINVS/consolidated/,PILANIINVS,30.85,,,,,,,4445.51,4015.00
Sanathan Textile,/company/SANATHAN/consolidated/,SANATHAN,16.75,,,,,,,4416.02,523.20
Pitti Engg.,/company/PITTIENG/consolidated/,PITTIENG,14.00,,,,,,,4376.85,1162.40
T B Z,/company/TBZ/consolidated/,TBZ,13.32,,,,,,,4374.86,655.60
Purple Style,/company/PERNIASPOP/consolidated/,PERNIASPOP,168.95,,,,,,,4367.73,545.55
SEAMEC Ltd,/company/SEAMECLTD/consolidated/,SEAMECLTD,9.52,,,,,,,4353.27,1712.20
LCC Projects,/company/LCCPROJECT/consolidated/,LCCPROJECT,9.07,,,,,,,4320.16,149.14
Swaraj Engines,/company/SWARAJENG/,SWARAJENG,14.08,,,,,,,4307.98,3545.70
Hirect,/company/HIRECT/consolidated/,HIRECT,57.60,,,,,,,4300.77,1212.90
Dhanuka Agritech,/company/DHANUKA/,DHANUKA,10.28,,,,,,,4298.91,964.35
Responsive Ind,/company/RESPONIND/consolidated/,RESPONIND,22.14,,,,,,,4298.53,161.23
V I P Inds.,/company/VIPIND/consolidated/,VIPIND,-19.51,,,,,,,4278.71,301.20
Bannari Amm.Sug.,/company/BANARISUG/,BANARISUG,21.20,,,,,,,4265.88,3401.90
Hawkins Cookers,/company/HAWKINCOOK/,HAWKINCOOK,20.40,,,,,,,4257.13,8047.50
Gufic BioScience,/company/GUFICBIO/,GUFICBIO,27.44,,,,,,,4249.47,423.75
Dec.Gold Mines,/company/DECNGOLD/consolidated/,DECNGOLD,-132.27,,,,,,,4232.35,213.00
ICRA,/company/ICRA/consolidated/,ICRA,13.61,,,,,,,4225.21,4377.90
Indiqube Spaces,/company/INDIQUBE/,INDIQUBE,8.69,,,,,,,4217.48,198.94
Kalyani Steels,/company/KSL/,KSL,9.22,,,,,,,4211.21,964.70
Harsha Engg Intl,/company/HARSHA/consolidated/,HARSHA,15.93,,,,,,,4206.69,462.05
WPIL,/company/WPIL/consolidated/,WPIL,10.10,,,,,,,4203.75,430.40
Tatva Chintan,/company/TATVA/consolidated/,TATVA,38.00,,,,,,,4194.66,1793.20
Raymond Lifestyl,/company/RAYMONDLSL/consolidated/,RAYMONDLSL,7.40,,,,,,,4189.11,687.60
Mahindra Logis.,/company/MAHLOG/consolidated/,MAHLOG,10.57,,,,,,,4172.13,420.25
Afcom Holdings,/company/544224/,544224,17.27,,,,,,,4169.34,1442.00
Sunteck Realty,/company/SUNTECK/consolidated/,SUNTECK,13.22,,,,,,,4155.63,283.00
Avantel,/company/AVANTEL/consolidated/,AVANTEL,72.57,,,,,,,4144.51,155.94
Kaveri Seed Co.,/company/KSCL/consolidated/,KSCL,12.98,,,,,,,4138.53,804.55
Aye Finance,/company/AYE/,AYE,9.41,,,,,,,4127.53,167.25
Sterling & Wils.,/company/SWSOLAR/consolidated/,SWSOLAR,9.60,,,,,,,4125.51,176.65
Netwrk.18 Media,/company/NETWORK18/consolidated/,NETWORK18,21.72,,,,,,,4124.85,26.75
Symphony,/company/SYMPHONY/consolidated/,SYMPHONY,21.69,,,,,,,4043.37,588.80
Mahindra Holiday,/company/MHRIL/consolidated/,MHRIL,10.60,,,,,,,4041.37,200.00
Aimtron,/company/AIMTRON/consolidated/,AIMTRON,58.67,,,,,,,4021.41,1890.25
SG Finserve,/company/SGFIN/,SGFIN,17.44,,,,,,,4017.62,609.70
Grauer & Weil,/company/GRAUWEIL/consolidated/,GRAUWEIL,15.82,,,,,,,3990.93,88.02
Moschip Tech.,/company/MOSCHIP/consolidated/,MOSCHIP,65.52,,,,,,,3983.11,204.07
Vardhman Special,/company/VSSL/,VSSL,16.88,,,,,,,3979.25,411.50
Sustainable Ener,/company/SEITINVIT/consolidated/,SEITINVIT,10.68,,,,,,,3968.68,122.49
Lords Mark Industries,/company/501261/,501261,29.42,,,,,,,3957.77,92.77
63 Moons Tech.,/company/63MOONS/consolidated/,63MOONS,-15.74,,,,,,,3951.93,857.65
Sanghvi Movers,/company/SANGHVIMOV/consolidated/,SANGHVIMOV,9.75,,,,,,,3947.87,456.00
Kesar India,/company/543542/consolidated/,543542,57.20,,,,,,,3929.16,1207.70
John Cockerill,/company/COCKERILL/consolidated/,COCKERILL,127.44,,,,,,,3928.52,7956.00
Ahluwalia Contr.,/company/AHLUCONT/consolidated/,AHLUCONT,6.79,,,,,,,3922.46,585.55
Refex Industries,/company/REFEX/consolidated/,REFEX,8.26,,,,,,,3921.99,285.80
Ashiana Housing,/company/ASHIANA/consolidated/,ASHIANA,21.09,,,,,,,3917.45,389.70
Aarti Drugs,/company/AARTIDRUGS/consolidated/,AARTIDRUGS,13.29,,,,,,,3900.88,427.40
Rallis India,/company/RALLIS/,RALLIS,8.91,,,,,,,3896.77,200.38
VST Till. Tract.,/company/VSTTILLERS/,VSTTILLERS,21.81,,,,,,,3870.64,4473.30
Unichem Labs.,/company/UNICHEMLAB/consolidated/,UNICHEMLAB,13.57,,,,,,,3870.20,549.70
GHCL,/company/GHCL/consolidated/,GHCL,5.21,,,,,,,3867.64,419.80
Kolte Patil Dev.,/company/KOLTEPATIL/consolidated/,KOLTEPATIL,19.39,,,,,,,3830.98,432.00
Uniparts India,/company/UNIPARTS/consolidated/,UNIPARTS,13.25,,,,,,,3826.04,847.20
Sar Auto Prod.,/company/538992/,538992,1126.88,,,,,,,3823.28,8024.10
Laser Power,/company/LASERPOWER/consolidated/,LASERPOWER,14.11,,,,,,,3819.42,272.10
TARC Ltd,/company/TARC/consolidated/,TARC,280.02,,,,,,,3817.37,129.36
Kwality Pharma,/company/KPL/consolidated/,KPL,28.49,,,,,,,3810.45,3672.30
Steelcast,/company/STEELCAS/,STEELCAS,28.13,,,,,,,3810.18,376.50
TruAlt Bioenergy,/company/TRUALT/consolidated/,TRUALT,11.39,,,,,,,3789.41,441.90
Kirloskar Indus.,/company/KIRLOSIND/consolidated/,KIRLOSIND,4.98,,,,,,,3780.82,3597.50
Heritage Foods,/company/HERITGFOOD/consolidated/,HERITGFOOD,14.57,,,,,,,3780.51,407.40
RattanIndia Pow.,/company/RTNPOWER/consolidated/,RTNPOWER,9.76,,,,,,,3759.07,7.00
Jash Engineering,/company/JASH/consolidated/,JASH,27.75,,,,,,,3752.76,593.85
Network People,/company/NPST/consolidated/,NPST,47.52,,,,,,,3747.71,1796.30
TCPL Packaging,/company/TCPLPACK/,TCPLPACK,13.46,,,,,,,3737.19,4106.80
CMS Info Systems,/company/CMSINFO/consolidated/,CMSINFO,5.49,,,,,,,3732.20,233.17
RattanIndia Ent,/company/RTNINDIA/consolidated/,RTNINDIA,-7.32,,,,,,,3726.60,26.96
Alok Industries,/company/ALOKINDS/consolidated/,ALOKINDS,216.19,,,,,,,3723.93,7.50
Aurionpro Sol.,/company/AURIONPRO/consolidated/,AURIONPRO,11.54,,,,,,,3700.87,669.70
Bajaj Electrical,/company/BAJAJELEC/consolidated/,BAJAJELEC,14.92,,,,,,,3681.44,318.95
Sindhu Trade,/company/SINDHUTRAD/consolidated/,SINDHUTRAD,25.90,,,,,,,3662.08,23.75
Prem. Explosives,/company/PREMEXPLN/consolidated/,PREMEXPLN,58.86,,,,,,,3657.64,680.35
Rane (Madras),/company/RML/consolidated/,RML,11.69,,,,,,,3654.46,1322.30
Welspun Special.,/company/WELSPLSOL/,WELSPLSOL,56.25,,,,,,,3644.36,55.00
Styrenix Perfor.,/company/STYRENIX/consolidated/,STYRENIX,8.50,,,,,,,3635.85,2067.00
Kiri Industries,/company/KIRIINDUS/consolidated/,KIRIINDUS,10.99,,,,,,,3633.12,557.50
Ideaforge Tech,/company/IDEAFORGE/consolidated/,IDEAFORGE,78.94,,,,,,,3628.62,729.85
Prabha Energy,/company/PRABHA/consolidated/,PRABHA,2474.21,,,,,,,3603.57,230.87
Pace Digitek,/company/PACEDIGITK/consolidated/,PACEDIGITK,7.17,,,,,,,3590.69,166.35
Greenply Industr,/company/GREENPLY/consolidated/,GREENPLY,15.18,,,,,,,3587.81,287.25
Solara Active,/company/SOLARA/consolidated/,SOLARA,21.16,,,,,,,3587.26,739.15
J Kumar Infra,/company/JKIL/,JKIL,3.87,,,,,,,3583.14,473.55
Pondy Oxides,/company/POCL/,POCL,16.02,,,,,,,3560.67,466.80
Samhi Hotels,/company/SAMHI/consolidated/,SAMHI,11.35,,,,,,,3539.74,159.19
Indostar Capital,/company/INDOSTAR/consolidated/,INDOSTAR,40.58,,,,,,,3534.76,218.64
Lux Industries,/company/LUXIND/,LUXIND,19.28,,,,,,,3532.52,1174.70
Divgi Torq,/company/DIVGIITTS/,DIVGIITTS,28.20,,,,,,,3531.10,1154.60
TVS Srichakra,/company/TVSSRICHAK/consolidated/,TVSSRICHAK,12.63,,,,,,,3530.88,4609.50
Ind-Swift Labs.,/company/INDSWFTLAB/consolidated/,INDSWFTLAB,27.00,,,,,,,3516.29,404.35
Enviro Infra,/company/EIEL/consolidated/,EIEL,10.89,,,,,,,3490.41,198.85
JTL Industries,/company/JTLIND/consolidated/,JTLIND,18.28,,,,,,,3482.69,91.16
PNC Infratech,/company/PNCINFRA/consolidated/,PNCINFRA,4.35,,,,,,,3474.82,135.45
VST Industries,/company/VSTIND/,VSTIND,7.27,,,,,,,3474.34,204.54
Dalmia Bharat,/company/DALMIASUG/consolidated/,DALMIASUG,10.10,,,,,,,3470.27,428.75
Vaibhav Global,/company/VAIBHAVGBL/consolidated/,VAIBHAVGBL,8.21,,,,,,,3462.43,206.38
Orient Electric,/company/ORIENTELEC/,ORIENTELEC,13.47,,,,,,,3462.08,162.26
Sandhar Tech,/company/SANDHAR/consolidated/,SANDHAR,8.50,,,,,,,3454.95,574.00
Nitin Spinners,/company/NITINSPIN/,NITINSPIN,9.07,,,,,,,3442.63,612.35
Hemisphere Prop,/company/HEMIPROP/,HEMIPROP,-636.16,,,,,,,3430.26,120.36
Polyplex Corpn,/company/POLYPLEX/consolidated/,POLYPLEX,4.82,,,,,,,3409.85,1086.20
KNR Construct.,/company/KNRCON/consolidated/,KNRCON,8.05,,,,,,,3382.41,120.27
Caliber Mining,/company/CMLL/consolidated/,CMLL,9.88,,,,,,,3378.95,516.85
Parag Milk Foods,/company/PARAGMILK/consolidated/,PARAGMILK,12.62,,,,,,,3377.64,268.90
Indo Tech.Trans.,/company/INDOTECH/,INDOTECH,23.22,,,,,,,3374.72,3177.70
Midwest,/company/MIDWESTLTD/consolidated/,MIDWESTLTD,16.61,,,,,,,3361.15,929.50
Oriana Power Ltd,/company/ORIANA/consolidated/,ORIANA,8.42,,,,,,,3360.28,330.75
The Anup Enginee,/company/ANUP/consolidated/,ANUP,23.91,,,,,,,3359.48,1677.10
Indrapr.Medical,/company/INDRAMEDCO/,INDRAMEDCO,10.29,,,,,,,3352.48,365.70
Anzen IYEP Trust,/company/ANZEN/consolidated/,ANZEN,14.54,,,,,,,3349.92,131.00
Jubilant Agri,/company/JUBLCPL/consolidated/,JUBLCPL,16.57,,,,,,,3348.85,2210.10
Varmora Granito,/company/id/1286187/consolidated/,id,16.26,,,,,,,3344.98,
Dhenu Buildcon,/company/501945/,501945,2941.54,,,,,,,3311.06,5.58
AGI Infra,/company/AGIIL/consolidated/,AGIIL,23.63,,,,,,,3306.81,264.55
JTEKT India,/company/JTEKTINDIA/,JTEKTINDIA,15.56,,,,,,,3275.23,118.07
NACL Industries,/company/NACLIND/consolidated/,NACLIND,32.38,,,,,,,3271.68,139.67
Natl.Fertilizer,/company/NFL/consolidated/,NFL,6.19,,,,,,,3270.70,66.67
Advanced Enzyme,/company/ADVENZYMES/consolidated/,ADVENZYMES,12.10,,,,,,,3260.19,291.15
Gopal Snacks,/company/GOPAL/,GOPAL,27.85,,,,,,,3253.18,260.95
Yash Highvoltage,/company/544310/,544310,52.22,,,,,,,3247.00,1086.40
D B Corp,/company/DBCORP/consolidated/,DBCORP,4.38,,,,,,,3239.07,181.71
Wonderla Holiday,/company/WONDERLA/,WONDERLA,13.93,,,,,,,3237.67,510.15
D.P. Abhushan,/company/DPABHUSHAN/,DPABHUSHAN,10.05,,,,,,,3236.31,1417.70
Vindhya Telelink,/company/VINDHYATEL/consolidated/,VINDHYATEL,9.19,,,,,,,3222.96,2719.80
CIAN Agro,/company/519477/consolidated/,519477,7.11,,,,,,,3214.60,1148.65
Lumino Inds,/company/LUMINO/,LUMINO,11.15,,,,,,,3205.73,105.26
Crizac,/company/CRIZAC/consolidated/,CRIZAC,9.66,,,,,,,3198.51,182.79
PSP Projects,/company/PSPPROJECT/consolidated/,PSPPROJECT,13.17,,,,,,,3197.71,806.65
Bhagiradha Chem.,/company/BHAGCHEM/consolidated/,BHAGCHEM,41.37,,,,,,,3184.67,245.60
Websol Energy,/company/WEBELSOLAR/,WEBELSOLAR,6.94,,,,,,,3179.38,73.23
Ashoka Buildcon,/company/ASHOKA/consolidated/,ASHOKA,2.42,,,,,,,3175.54,113.12
Mayur Uniquoters,/company/MAYURUNIQ/consolidated/,MAYURUNIQ,10.02,,,,,,,3170.30,729.60
Borosil,/company/BOROLTD/consolidated/,BOROLTD,17.22,,,,,,,3166.68,264.80
NOCIL,/company/NOCIL/consolidated/,NOCIL,20.58,,,,,,,3146.92,188.41
Bhansali Engg.,/company/BEPL/consolidated/,BEPL,9.50,,,,,,,3146.32,126.43
Oswal Pumps,/company/OSWALPUMPS/consolidated/,OSWALPUMPS,6.26,,,,,,,3134.56,274.95
Anand Rathi Shar,/company/ARSSBL/,ARSSBL,1.06,,,,,,,3133.77,496.90
A-One Steels,/company/id/1286181/consolidated/,id,14.95,,,,,,,3127.84,
Chemplast Sanmar,/company/CHEMPLASTS/consolidated/,CHEMPLASTS,51.63,,,,,,,3122.19,197.47
Sangam India,/company/SANGAMIND/,SANGAMIND,11.83,,,,,,,3114.78,619.90
Apcotex Industri,/company/APCOTEXIND/,APCOTEXIND,11.55,,,,,,,3107.59,599.40
Windsor Machines,/company/WINDMACHIN/consolidated/,WINDMACHIN,92.79,,,,,,,3098.61,299.50
Bondada Engineer,/company/543971/consolidated/,543971,8.85,,,,,,,3096.65,277.30
Muthoot Microfin,/company/MUTHOOTMF/,MUTHOOTMF,9.22,,,,,,,3095.46,181.56
Orient Cables,/company/id/1286207/consolidated/,id,30.98,,,,,,,3095.35,
Shankara Buildpro,/company/BUILDPRO/consolidated/,BUILDPRO,13.03,,,,,,,3094.46,1276.10
Shanti Educat.,/company/SEIL/consolidated/,SEIL,303.08,,,,,,,3090.23,191.94
Imagica. Enter.,/company/IMAGICAA/consolidated/,IMAGICAA,23.75,,,,,,,3081.68,52.29
Jaykay Enter.,/company/JAYKAY/consolidated/,JAYKAY,59.03,,,,,,,3073.75,203.75
HLE Glascoat,/company/HLEGLAS/consolidated/,HLEGLAS,25.53,,,,,,,3063.65,441.10
Steamhouse India,/company/STEAMHOUSE/,STEAMHOUSE,38.96,,,,,,,3062.86,110.81
Heidelberg Cem.,/company/HEIDELBERG/,HEIDELBERG,9.07,,,,,,,3058.60,134.97
Carraro India,/company/CARRARO/,CARRARO,12.74,,,,,,,3041.56,535.00
Jindal Poly Film,/company/JINDALPOLY/consolidated/,JINDALPOLY,-1481.38,,,,,,,3039.21,694.10
Carysil,/company/CARYSIL/consolidated/,CARYSIL,16.05,,,,,,,3027.43,1064.40
India Nipp.Elec.,/company/INDNIPPON/consolidated/,INDNIPPON,20.09,,,,,,,2981.96,1318.20
M M Forgings,/company/MMFL/consolidated/,MMFL,13.06,,,,,,,2974.87,616.15
ADF Foods,/company/ADFFOODS/consolidated/,ADFFOODS,19.08,,,,,,,2972.91,270.60
Kabra Extrusion,/company/KABRAEXTRU/consolidated/,KABRAEXTRU,78.20,,,,,,,2960.10,846.40
Ravindra Energy,/company/RELTD/consolidated/,RELTD,21.60,,,,,,,2954.01,148.77
H.G. Infra Engg.,/company/HGINFRA/consolidated/,HGINFRA,7.11,,,,,,,2952.90,453.10
BLS E-Services,/company/BLSE/consolidated/,BLSE,26.44,,,,,,,2948.75,324.55
Ashika Global Securities.,/company/ASHIKAG/consolidated/,ASHIKAG,16.50,,,,,,,2939.28,397.60
Confidence Petro,/company/CONFIPET/consolidated/,CONFIPET,7.95,,,,,,,2933.02,88.28
NIIT Learning,/company/NIITMTS/consolidated/,NIITMTS,6.97,,,,,,,2930.13,212.08
Kilburn Engg.,/company/KLBRENG-B/consolidated/,KLBRENG-B,19.50,,,,,,,2921.82,521.75
Route Mobile,/company/ROUTE/consolidated/,ROUTE,2.60,,,,,,,2917.04,463.00
Elpro Internatio,/company/ELPROINTL/consolidated/,ELPROINTL,13.72,,,,,,,2911.65,171.80
Prince Pipes,/company/PRINCEPIPE/,PRINCEPIPE,10.33,,,,,,,2894.49,261.80
Interarch Build.,/company/INTERARCH/,INTERARCH,13.74,,,,,,,2892.02,1719.70
Guj Inds. Power,/company/GIPCL/,GIPCL,7.27,,,,,,,2884.53,185.84
Kewal Kir.Cloth.,/company/KKCL/consolidated/,KKCL,10.09,,,,,,,2883.13,467.85
Monarch Networth,/company/MONARCH/consolidated/,MONARCH,8.61,,,,,,,2876.91,362.75
Fusion Finance,/company/FUSION/,FUSION,10.05,,,,,,,2868.11,177.14
Panama Petrochem,/company/PANAMAPET/consolidated/,PANAMAPET,4.66,,,,,,,2863.77,473.40
Baazar Style,/company/STYLEBAAZA/,STYLEBAAZA,13.25,,,,,,,2860.49,375.80
Ador Welding,/company/ADOR/,ADOR,15.14,,,,,,,2852.15,1638.90
Kernex Microsys.,/company/KERNEX/consolidated/,KERNEX,9.89,,,,,,,2845.69,1693.50
Mangalam Cement,/company/MANGLMCEM/,MANGLMCEM,14.87,,,,,,,2828.37,1028.60
Roadstar Infra,/company/ROADSTAR/consolidated/,ROADSTAR,8.08,,,,,,,2823.96,62.00
Talbros Auto.,/company/TALBROAUTO/consolidated/,TALBROAUTO,14.95,,,,,,,2823.14,457.35
Arvind SmartSp.,/company/ARVSMART/consolidated/,ARVSMART,10.51,,,,,,,2819.53,614.05
Protean eGov,/company/PROTEAN/consolidated/,PROTEAN,15.87,,,,,,,2816.62,690.70
Sundrop Brands,/company/SUNDROP/consolidated/,SUNDROP,37.96,,,,,,,2811.24,745.75
Nilkamal Ltd,/company/NILKAMAL/consolidated/,NILKAMAL,8.48,,,,,,,2810.93,1884.00
Nalwa Sons Invst,/company/NSIL/consolidated/,NSIL,35.93,,,,,,,2810.55,5468.00
XPRO India,/company/XPROINDIA/consolidated/,XPROINDIA,41.21,,,,,,,2809.64,1197.10
Balmer Lawrie,/company/BALMLAWRIE/consolidated/,BALMLAWRIE,6.20,,,,,,,2807.20,164.16
Ratnaveer Precis,/company/RATNAVEER/,RATNAVEER,21.97,,,,,,,2802.72,333.95
Axis Solution,/company/511144/,511144,58.39,,,,,,,2794.97,591.40
R Systems Intl.,/company/RSYSTEMS/consolidated/,RSYSTEMS,7.01,,,,,,,2792.00,235.62
Maithan Alloys,/company/MAITHANALL/consolidated/,MAITHANALL,6.26,,,,,,,2780.59,955.15
Ramco Inds.,/company/RAMCOIND/consolidated/,RAMCOIND,9.81,,,,,,,2778.50,319.95
Marathon Nextgen,/company/MARATHON/consolidated/,MARATHON,10.95,,,,,,,2776.69,411.70
RPSG Ventures,/company/RPSGVENT/consolidated/,RPSGVENT,5.40,,,,,,,2770.33,837.30
Monolithisch Ind,/company/MONOLITH/consolidated/,MONOLITH,66.35,,,,,,,2759.71,1269.65
Dredging Corpn.,/company/DREDGECORP/,DREDGECORP,14.09,,,,,,,2757.44,984.80
Ganesha Ecosphe.,/company/GANECOS/consolidated/,GANECOS,17.13,,,,,,,2756.23,1028.60
Rishabh Instrum.,/company/RISHABH/consolidated/,RISHABH,17.38,,,,,,,2754.45,711.80
Amic Forging,/company/544037/consolidated/,544037,58.75,,,,,,,2753.70,2384.40
Dolphin Offshore,/company/DOLPHIN/consolidated/,DOLPHIN,29.58,,,,,,,2750.11,687.45
Capital Infra,/company/CAPINVIT/consolidated/,CAPINVIT,8.25,,,,,,,2749.44,76.59
Patel Engineerin,/company/PATELENG/consolidated/,PATELENG,4.01,,,,,,,2739.30,27.61
Alembic,/company/ALEMBICLTD/consolidated/,ALEMBICLTD,16.96,,,,,,,2735.50,106.53
United Foodbrands,/company/UFBL/consolidated/,UFBL,15.54,,,,,,,2731.39,698.25
Sundaram Clayton,/company/SUNCLAY/consolidated/,SUNCLAY,32.03,,,,,,,2726.45,1236.70
Navneet Educat.,/company/NAVNETEDUL/consolidated/,NAVNETEDUL,10.36,,,,,,,2715.61,122.76
Sportking India,/company/SPORTKING/,SPORTKING,9.23,,,,,,,2714.51,213.62
Vintage Coffee,/company/VINCOFE/consolidated/,VINCOFE,22.50,,,,,,,2697.58,184.15
Stove Kraft,/company/STOVEKRAFT/,STOVEKRAFT,16.05,,,,,,,2696.26,814.40
Federal-Mogul Go,/company/FMGOETZE/consolidated/,FMGOETZE,5.25,,,,,,,2684.70,482.60
Hikal,/company/HIKAL/consolidated/,HIKAL,13.66,,,,,,,2682.78,217.58
Vimta Labs,/company/VIMTALABS/,VIMTALABS,16.75,,,,,,,2678.86,599.30
STL Networks,/company/STLNETWORK/consolidated/,STLNETWORK,71.59,,,,,,,2666.45,54.61
EFC (I),/company/EFCIL/consolidated/,EFCIL,7.74,,,,,,,2659.18,179.74
GNA Axles,/company/GNA/consolidated/,GNA,10.76,,,,,,,2651.62,617.65
DDev Plastiks,/company/DDEVPLSTIK/,DDEVPLSTIK,7.79,,,,,,,2650.55,256.15
Colab Platforms,/company/542866/consolidated/,542866,394.86,,,,,,,2647.92,129.80
Dishman Carbogen,/company/DCAL/consolidated/,DCAL,8.84,,,,,,,2636.93,168.19
Mufin Green,/company/MUFIN/,MUFIN,20.09,,,,,,,2635.95,133.02
Gateway Distri,/company/GATEWAY/consolidated/,GATEWAY,6.55,,,,,,,2623.13,52.50
Stallion India,/company/STALLION/,STALLION,30.75,,,,,,,2620.75,225.76
Globus Spirits,/company/GLOBUSSPR/consolidated/,GLOBUSSPR,10.58,,,,,,,2619.31,832.55
Satin Creditcare,/company/SATIN/consolidated/,SATIN,6.20,,,,,,,2614.30,236.65
Indo Rama Synth.,/company/INDORAMA/consolidated/,INDORAMA,10.85,,,,,,,2594.42,99.36
Automotive Axles,/company/AUTOAXLES/,AUTOAXLES,8.28,,,,,,,2583.51,1709.80
Sasken Technol.,/company/SASKEN/consolidated/,SASKEN,17.05,,,,,,,2569.03,1691.10
Turtlemint Fintech,/company/TURTLEMINT/consolidated/,TURTLEMINT,-20.63,,,,,,,2569.03,87.24
Prataap Snacks,/company/DIAMONDYD/,DIAMONDYD,28.35,,,,,,,2562.90,1071.00
Gandhar Oil Ref.,/company/GANDHAR/consolidated/,GANDHAR,5.67,,,,,,,2561.02,261.65
Technvision Ven.,/company/TECHNVISN/consolidated/,TECHNVISN,247.35,,,,,,,2556.59,4071.00
KMC Speciality,/company/KMCSHIL/,KMCSHIL,24.30,,,,,,,2548.11,156.23
Bodal Chemicals,/company/BODALCHEM/consolidated/,BODALCHEM,14.74,,,,,,,2544.32,202.02
Somany Ceramics,/company/SOMANYCERA/consolidated/,SOMANYCERA,8.94,,,,,,,2534.80,618.05
Tasty Bite Eat.,/company/TASTYBITE/,TASTYBITE,29.69,,,,,,,2529.05,9856.00
Sakar Healthcare,/company/SAKAR/,SAKAR,32.12,,,,,,,2527.26,1135.85
SBC Exports,/company/SBC/,SBC,52.16,,,,,,,2524.76,53.02
Dr Agarwal's Eye,/company/DRAGARWQ/,DRAGARWQ,17.91,,,,,,,2517.42,5209.00
Oriental Hotels,/company/ORIENTHOT/consolidated/,ORIENTHOT,18.83,,,,,,,2517.00,140.93
Orient Cement,/company/ORIENTCEM/,ORIENTCEM,4.81,,,,,,,2509.90,122.16
GK Energy,/company/GKENERGY/,GKENERGY,6.65,,,,,,,2508.44,123.68
Pennar Industrie,/company/PENIND/consolidated/,PENIND,8.21,,,,,,,2505.33,184.90
Flair Writing,/company/FLAIR/consolidated/,FLAIR,10.36,,,,,,,2503.98,237.58
Shanti Gold,/company/SHANTIGOLD/,SHANTIGOLD,9.89,,,,,,,2499.25,325.68
EPack PrefabTech,/company/EPACKPEB/consolidated/,EPACKPEB,12.65,,,,,,,2469.28,245.38
Shukra Pharma.,/company/SHUKRAPHAR/,SHUKRAPHAR,46.82,,,,,,,2465.32,55.93
Rossari Biotech,/company/ROSSARI/consolidated/,ROSSARI,8.63,,,,,,,2460.61,444.20
Utkarsh Small F.,/company/UTKARSHBNK/,UTKARSHBNK,38.76,,,,,,,2455.74,13.80
Ujaas Energy,/company/UEL/,UEL,377.84,,,,,,,2450.92,183.73
Bharat Bijlee,/company/BBL/,BBL,12.91,,,,,,,2444.75,2162.90
Siyaram Silk,/company/SIYSIL/consolidated/,SIYSIL,6.58,,,,,,,2441.14,538.05
Hubtown,/company/HUBTOWN/consolidated/,HUBTOWN,10.06,,,,,,,2439.44,171.67
J.G.Chemicals,/company/JGCHEM/consolidated/,JGCHEM,21.62,,,,,,,2429.93,620.10
Veedol Corporat,/company/VEEDOL/consolidated/,VEEDOL,7.15,,,,,,,2427.86,1393.40
S P Apparels,/company/SPAL/consolidated/,SPAL,11.63,,,,,,,2427.41,965.60
Schneider APW,/company/544786/,544786,43.65,,,,,,,2415.03,1996.55
Mukand,/company/MUKANDLTD/consolidated/,MUKANDLTD,5.45,,,,,,,2413.80,167.05
Glass Wall Syst.,/company/GLASSWALL/consolidated/,GLASSWALL,19.75,,,,,,,2411.10,274.19
OBSC Perfection,/company/OBSCP/,OBSCP,48.95,,,,,,,2404.93,930.50
Zaggle Prepaid,/company/ZAGGLE/,ZAGGLE,9.11,,,,,,,2404.65,178.84
Rajratan Global,/company/RAJRATAN/consolidated/,RAJRATAN,16.91,,,,,,,2398.93,472.50
Fischer Medical,/company/FISCHER/consolidated/,FISCHER,48.50,,,,,,,2395.79,34.29
Medi Assist Ser.,/company/MEDIASSIST/consolidated/,MEDIASSIST,11.57,,,,,,,2389.34,319.85
Spice LoungeFood,/company/539895/consolidated/,539895,116.89,,,,,,,2386.25,34.23
Ajmera Realty,/company/AJMERA/consolidated/,AJMERA,9.35,,,,,,,2377.69,120.82
Asian Energy,/company/ASIANENE/consolidated/,ASIANENE,20.05,,,,,,,2373.52,487.75
Thejo Engg.,/company/THEJO/consolidated/,THEJO,23.74,,,,,,,2370.30,2185.00
Concord Control,/company/543619/consolidated/,543619,37.64,,,,,,,2365.34,2278.00
Pix Transmission,/company/PIXTRANS/consolidated/,PIXTRANS,11.30,,,,,,,2364.53,1734.80
Easy Trip Plann.,/company/EASEMYTRIP/consolidated/,EASEMYTRIP,286.99,,,,,,,2358.91,5.92
JNK,/company/JNKINDIA/consolidated/,JNKINDIA,17.80,,,,,,,2352.30,420.40
Indoco Remedies,/company/INDOCO/consolidated/,INDOCO,20.13,,,,,,,2348.76,254.46
Kitex Garments,/company/KITEX/consolidated/,KITEX,53.34,,,,,,,2347.72,117.68
Eveready Inds.,/company/EVEREADY/consolidated/,EVEREADY,14.66,,,,,,,2340.53,322.00
Sirca Paints,/company/SIRCA/,SIRCA,21.82,,,,,,,2330.21,410.30
Arkade,/company/ARKADE/consolidated/,ARKADE,12.63,,,,,,,2329.71,125.48
Venky's (India),/company/VENKEYS/,VENKEYS,8.37,,,,,,,2328.35,1652.80
Beta Drugs Ltd,/company/BETA/consolidated/,BETA,25.24,,,,,,,2326.59,2098.70
CFF Fluid,/company/543920/,543920,38.61,,,,,,,2319.32,1105.80
GSP Crop Science,/company/GSPCROP/consolidated/,GSPCROP,11.76,,,,,,,2317.80,498.25
Mobavenue AI Tech,/company/539682/consolidated/,539682,40.94,,,,,,,2307.73,298.55
Hind.Oil Explor.,/company/HINDOILEXP/consolidated/,HINDOILEXP,19.87,,,,,,,2292.83,173.38
Anantam Highways,/company/ANANTAM/consolidated/,ANANTAM,9.66,,,,,,,2282.45,104.94
Panacea Biotec,/company/PANACEABIO/consolidated/,PANACEABIO,126.92,,,,,,,2282.20,372.60
Windlas Biotech,/company/WINDLAS/,WINDLAS,18.84,,,,,,,2275.25,1102.55
Geojit Fin. Ser.,/company/GEOJITFSL/consolidated/,GEOJITFSL,9.23,,,,,,,2275.12,81.51
Bombay Dyeing,/company/BOMDYEING/consolidated/,BOMDYEING,27.68,,,,,,,2268.37,109.83
Pokarna,/company/POKARNA/consolidated/,POKARNA,12.87,,,,,,,2260.04,728.95
Rane Holdings,/company/RANEHOLDIN/consolidated/,RANEHOLDIN,7.08,,,,,,,2257.10,1580.60
Apollo Pipes,/company/APOLLOPIPE/consolidated/,APOLLOPIPE,39.19,,,,,,,2252.85,511.45
Veranda Learning,/company/VERANDA/consolidated/,VERANDA,12.39,,,,,,,2244.65,232.59
Fredun Pharma,/company/FREDUN/,FREDUN,21.71,,,,,,,2243.55,1356.60
Orissa Minerals,/company/ORISSAMINE/,ORISSAMINE,109.56,,,,,,,2240.82,3734.70
Exicom Tele-Sys.,/company/EXICOM/consolidated/,EXICOM,-42.99,,,,,,,2239.05,160.99
Apeejay Surrend.,/company/PARKHOTELS/consolidated/,PARKHOTELS,11.36,,,,,,,2238.30,104.90
G M Breweries,/company/GMBREW/,GMBREW,9.80,,,,,,,2236.26,978.80
Zelio E-Mobility,/company/544563/,544563,59.73,,,,,,,2235.34,1056.90
Venus Remedies,/company/VENUSREM/consolidated/,VENUSREM,12.44,,,,,,,2230.15,1668.40
Cosmo First,/company/COSMOFIRST/consolidated/,COSMOFIRST,7.46,,,,,,,2229.65,849.40
NELCO,/company/NELCO/consolidated/,NELCO,68.75,,,,,,,2228.37,976.50
Knack Packaging,/company/KNACK/,KNACK,14.43,,,,,,,2226.80,181.98
Sai Parenteral's,/company/SAIPARENT/consolidated/,SAIPARENT,48.18,,,,,,,2226.41,503.95
Mold-Tek Pack.,/company/MOLDTKPAC/,MOLDTKPAC,13.35,,,,,,,2225.84,669.85
MV Electrosystems,/company/MVELECTRO/,MVELECTRO,-244.89,,,,,,,2220.27,813.80
Sika Interplant,/company/SIKA/consolidated/,SIKA,46.63,,,,,,,2216.45,1045.45
Dynamic Cables,/company/DYCL/,DYCL,15.29,,,,,,,2214.32,456.95
ESAF Small Fin,/company/ESAFSFB/,ESAFSFB,15.73,,,,,,,2212.09,42.86
GHV Infra,/company/505504/consolidated/,505504,20.85,,,,,,,2208.41,274.65
Alpex Solar,/company/ALPEXSOLAR/consolidated/,ALPEXSOLAR,7.58,,,,,,,2203.47,862.65
Anondita Medi.,/company/ANONDITA/consolidated/,ANONDITA,42.98,,,,,,,2190.63,1150.25
Quadrant Future,/company/QUADFUTURE/,QUADFUTURE,-74.35,,,,,,,2190.00,547.50
Kalyani Invest.,/company/KICL/consolidated/,KICL,34.87,,,,,,,2189.15,5009.50
Ramco Systems,/company/RAMCOSYS/consolidated/,RAMCOSYS,13.06,,,,,,,2183.45,580.20
HMT,/company/HMT/consolidated/,HMT,-53.45,,,,,,,2180.19,61.31
Euro Pratik Sale,/company/EUROPRATIK/consolidated/,EUROPRATIK,17.21,,,,,,,2178.39,213.15
Repco Home Fin,/company/REPCOHOME/consolidated/,REPCOHOME,8.73,,,,,,,2175.26,347.70
Sanstar,/company/SANSTAR/,SANSTAR,31.47,,,,,,,2171.31,108.42
Bluspring Enter.,/company/BLUSPRING/consolidated/,BLUSPRING,21.14,,,,,,,2169.57,145.12
A C J K Exports,/company/AEROPLANE/consolidated/,AEROPLANE,10.76,,,,,,,2169.09,209.47
Omaxe,/company/OMAXE/consolidated/,OMAXE,-6.56,,,,,,,2167.92,118.53
Kody Technolab,/company/KODYTECH/consolidated/,KODYTECH,73.13,,,,,,,2165.46,1515.00
Ramky Infra,/company/RAMKY/consolidated/,RAMKY,6.38,,,,,,,2160.01,312.15
Brigade Hotel,/company/BRIGHOTEL/consolidated/,BRIGHOTEL,11.18,,,,,,,2132.06,56.13
Prakash Industri,/company/PRAKASH/,PRAKASH,4.43,,,,,,,2127.67,118.81
Modern Insulator,/company/515008/consolidated/,515008,15.58,,,,,,,2123.36,450.40
Nitco,/company/NITCO/consolidated/,NITCO,-109.35,,,,,,,2116.02,87.96
Marsons,/company/MARSONS/,MARSONS,47.81,,,,,,,2114.59,122.87
K C P,/company/KCP/consolidated/,KCP,4.23,,,,,,,2105.15,163.29
Millworks Technologies,/company/544826/,544826,37.23,,,,,,,2093.25,1188.35
Advait Energy,/company/ADVAIT/consolidated/,ADVAIT,19.40,,,,,,,2087.14,1906.00
India Glycols,/company/INDIAGLYCO/consolidated/,INDIAGLYCO,5.15,,,,,,,2077.16,309.90
Elcid Investment,/company/ELCIDIN/consolidated/,ELCIDIN,18.74,,,,,,,2076.00,103800.00
TIL,/company/TIL/consolidated/,TIL,95.57,,,,,,,2073.11,251.11
Shringar House,/company/SHRINGARMS/,SHRINGARMS,12.34,,,,,,,2064.23,214.06
Macpower CNC,/company/MACPOWER/,MACPOWER,33.26,,,,,,,2063.36,2062.50
Delta Corp,/company/DELTACORP/consolidated/,DELTACORP,12.63,,,,,,,2057.55,76.84
Jain Irrigation,/company/JISLJALEQS/consolidated/,JISLJALEQS,7.89,,,,,,,2054.50,28.75
Deepa Jewellers,/company/DEEPA/,DEEPA,14.69,,,,,,,2048.60,213.12
Blue Cloud Soft.,/company/BLUECLOUDS/consolidated/,BLUECLOUDS,14.06,,,,,,,2045.55,22.16
BN Agrochem,/company/BNAGROCHEM/consolidated/,BNAGROCHEM,469.30,,,,,,,2037.59,208.40
TajGVK Hotels,/company/TAJGVK/consolidated/,TAJGVK,11.11,,,,,,,2033.72,324.35
Algoquant Fin,/company/ALGOQUANT/,ALGOQUANT,27.76,,,,,,,2031.76,72.28
Motisons Jewel,/company/MOTISONS/,MOTISONS,21.20,,,,,,,2030.45,17.85
Landmark Cars,/company/LANDMARK/consolidated/,LANDMARK,9.74,,,,,,,2025.77,488.55
Mahamaya Steel,/company/MAHASTEEL/consolidated/,MAHASTEEL,77.34,,,,,,,2024.88,1232.10
Keto Motors,/company/537392/,537392,1597.87,,,,,,,2007.73,285.05
Gaja Alternative Asset,/company/GAJA/consolidated/,GAJA,20.79,,,,,,,2006.01,142.26
Bajel Projects,/company/BAJEL/consolidated/,BAJEL,18.49,,,,,,,2003.18,173.14
Spandana Sphoort,/company/SPANDANA/consolidated/,SPANDANA,62.88,,,,,,,1999.09,225.53
Sagar Cements,/company/SAGCEM/consolidated/,SAGCEM,14.03,,,,,,,1995.12,152.64
Greenpanel Inds.,/company/GREENPANEL/,GREENPANEL,15.57,,,,,,,1994.04,162.61
Aayush Art,/company/540718/,540718,185.08,,,,,,,1994.03,1302.25
Insolation Ener,/company/INA/consolidated/,INA,7.29,,,,,,,1992.88,90.40
Rajesh Exports,/company/RAJESHEXPO/consolidated/,RAJESHEXPO,0.98,,,,,,,1991.23,67.44
Arman Financial,/company/ARMANFIN/consolidated/,ARMANFIN,9.22,,,,,,,1988.62,1885.60
RACL Geartech,/company/RACLGEAR/,RACLGEAR,17.20,,,,,,,1988.06,1686.50
Simplex Infra,/company/SIMPLEXINF/consolidated/,SIMPLEXINF,34.46,,,,,,,1982.92,250.70
Cantabil Retail,/company/CANTABIL/,CANTABIL,8.77,,,,,,,1980.13,236.75
BF Utilities,/company/BFUTILITIE/,BFUTILITIE,-273.59,,,,,,,1975.08,524.45
EMS,/company/EMSLIMITED/consolidated/,EMSLIMITED,16.62,,,,,,,1970.79,354.90
S H Kelkar & Co.,/company/SHK/consolidated/,SHK,11.00,,,,,,,1970.56,142.36
Paramount Comm.,/company/PARACABLES/consolidated/,PARACABLES,16.73,,,,,,,1957.22,59.81
NIBE,/company/NIBE/consolidated/,NIBE,62.54,,,,,,,1955.39,1261.40
Technocraft Ven.,/company/TECHNOCRAF/,TECHNOCRAF,,,,,,,,1944.86,491.05
Honda India,/company/HONDAPOWER/,HONDAPOWER,15.20,,,,,,,1942.01,1915.20
Thirumalai Chem.,/company/TIRUMALCHM/consolidated/,TIRUMALCHM,87.66,,,,,,,1940.06,160.93
Behari Lal Engg.,/company/BLEL/,BLEL,18.75,,,,,,,1932.17,456.75
TCI Express,/company/TCIEXP/,TCIEXP,12.99,,,,,,,1928.17,501.55
Brightcom Group,/company/BCG/consolidated/,BCG,0.28,,,,,,,1927.12,9.55
Vidya Wires,/company/VIDYAWIRES/consolidated/,VIDYAWIRES,19.46,,,,,,,1925.72,90.54
Vinyas Innovativ,/company/VINYAS/,VINYAS,31.41,,,,,,,1922.07,1527.30
Genesys Intl.,/company/GENESYS/consolidated/,GENESYS,15.47,,,,,,,1913.46,286.17
MSP Steel & Pow.,/company/MSPL/consolidated/,MSPL,11.74,,,,,,,1911.81,33.73
GOCL Corpn.,/company/GOCLCORP/consolidated/,GOCLCORP,5.12,,,,,,,1904.08,384.10
Syncom Formul.,/company/SYNCOMF/,SYNCOMF,15.67,,,,,,,1884.70,20.05
Indian Hume Pipe,/company/INDIANHUME/,INDIANHUME,9.55,,,,,,,1883.11,357.45
Saksoft,/company/SAKSOFT/consolidated/,SAKSOFT,8.14,,,,,,,1875.87,141.52
Silver Touch,/company/SILVERTUC/consolidated/,SILVERTUC,26.49,,,,,,,1874.12,147.79
Camlin Fine,/company/CAMLINFINE/consolidated/,CAMLINFINE,20.36,,,,,,,1869.10,97.30
Danish Power,/company/DANISH/,DANISH,18.48,,,,,,,1865.98,947.60
Hester Bios,/company/HESTERBIO/consolidated/,HESTERBIO,19.86,,,,,,,1856.96,2182.90
Reliance Infra.,/company/RELINFRA/consolidated/,RELINFRA,0.69,,,,,,,1847.01,45.20
BGR Energy Sys.,/company/BGRENERGY/consolidated/,BGRENERGY,-16.10,,,,,,,1845.96,255.81
Skyways Air Ser.,/company/SKYWAYS/consolidated/,SKYWAYS,14.83,,,,,,,1845.43,126.97
AWFIS Space,/company/AWFIS/consolidated/,AWFIS,4.76,,,,,,,1840.61,257.20
Huhtamaki India,/company/HUHTAMAKI/,HUHTAMAKI,6.44,,,,,,,1837.07,243.25
One Point One,/company/ONEPOINT/consolidated/,ONEPOINT,18.23,,,,,,,1830.04,69.60
I G Petrochems,/company/IGPL/consolidated/,IGPL,8.71,,,,,,,1826.60,593.15
Bharat Rasayan,/company/BHARATRAS/,BHARATRAS,8.32,,,,,,,1823.00,1096.80
DCX Systems,/company/DCXINDIA/consolidated/,DCXINDIA,95.29,,,,,,,1804.35,161.99
Grand Oak Canyon,/company/GRANDOAK/consolidated/,GRANDOAK,910.86,,,,,,,1804.16,34.77
Khazanchi Jewell,/company/543953/,543953,13.08,,,,,,,1799.10,727.00
Renaiss. Global,/company/RGL/consolidated/,RGL,10.96,,,,,,,1798.76,167.47
NGL Fine Chem,/company/NGLFINE/,NGLFINE,21.74,,,,,,,1795.97,2906.10
Oriental Aromat.,/company/OAL/consolidated/,OAL,27.28,,,,,,,1795.92,533.65
EIH Assoc.Hotels,/company/EIHAHOTELS/,EIHAHOTELS,12.93,,,,,,,1793.36,294.30
Team Lease Serv.,/company/TEAMLEASE/consolidated/,TEAMLEASE,6.80,,,,,,,1792.51,1173.00
SMC Global Sec.,/company/SMCGLOBAL/consolidated/,SMCGLOBAL,2.78,,,,,,,1792.46,85.60
Rico Auto Inds,/company/RICOAUTO/consolidated/,RICOAUTO,11.64,,,,,,,1789.07,132.23
Nucleus Soft.,/company/NUCLEUS/consolidated/,NUCLEUS,10.24,,,,,,,1788.94,679.55
HPL Electric,/company/HPL/consolidated/,HPL,8.42,,,,,,,1788.52,278.15
Suraksha Diagno.,/company/SURAKSHA/consolidated/,SURAKSHA,17.94,,,,,,,1787.93,343.30
La Opala RG,/company/LAOPALA/,LAOPALA,12.02,,,,,,,1784.66,160.78
Krsnaa Diagnost.,/company/KRSNAA/,KRSNAA,7.35,,,,,,,1779.10,548.45
NDR Auto Compon.,/company/NDRAUTO/consolidated/,NDRAUTO,16.47,,,,,,,1775.81,746.60
Tarsons Products,/company/TARSONS/consolidated/,TARSONS,14.64,,,,,,,1770.44,332.75
Tinna Rubber,/company/TINNARUBR/consolidated/,TINNARUBR,17.42,,,,,,,1762.12,978.10
Hathway Cable,/company/HATHWAY/consolidated/,HATHWAY,3.90,,,,,,,1757.71,9.93
Virtuoso Optoel.,/company/VOEPL/,VOEPL,21.46,,,,,,,1754.68,512.30
Insecticid.India,/company/INSECTICID/consolidated/,INSECTICID,8.15,,,,,,,1753.14,602.50
Hinduja Global,/company/HGS/consolidated/,HGS,5.01,,,,,,,1751.95,376.60
Utssav CZ Gold,/company/UTSSAV/,UTSSAV,20.05,,,,,,,1743.73,722.10
AceVector,/company/id/1286205/consolidated/,id,-76.54,,,,,,,1741.40,
Epack Durable,/company/EPACK/consolidated/,EPACK,20.82,,,,,,,1736.06,180.32
Shipping Land,/company/SCILAL/,SCILAL,42.09,,,,,,,1729.98,37.14
Wendt India,/company/WENDT/consolidated/,WENDT,41.39,,,,,,,1729.20,8646.00
AYM Syntex,/company/AYMSYNTEX/,AYMSYNTEX,16.22,,,,,,,1728.07,293.95
Kross Ltd,/company/KROSS/,KROSS,18.14,,,,,,,1728.01,267.87
Vidhi Specialty,/company/VIDHIING/,VIDHIING,20.75,,,,,,,1726.85,345.75
Valiant Commun.,/company/526775/consolidated/,526775,42.25,,,,,,,1726.75,1476.85
Bhageria Indust.,/company/BHAGERIA/,BHAGERIA,12.87,,,,,,,1722.20,394.60
Jindal Drilling,/company/JINDRILL/consolidated/,JINDRILL,4.17,,,,,,,1716.20,592.20
Disa India,/company/DISAQ/consolidated/,DISAQ,19.15,,,,,,,1712.04,11773.00
Indokem,/company/INDOKEM/consolidated/,INDOKEM,206.14,,,,,,,1710.25,613.25
Media Matrix,/company/MMWL/consolidated/,MMWL,65.44,,,,,,,1709.31,15.09
Frontier Springs,/company/FRONTSP/,FRONTSP,19.91,,,,,,,1700.02,1438.80
PTC India Fin,/company/PFS/consolidated/,PFS,4.79,,,,,,,1693.70,26.37
TAAL Tech,/company/TAALTECH/consolidated/,TAALTECH,19.70,,,,,,,1691.24,1085.40
Asian Hotels (N),/company/ASIANHOTNR/,ASIANHOTNR,34.53,,,,,,,1681.24,394.35
Anlon Healthcare,/company/AHCL/consolidated/,AHCL,35.88,,,,,,,1674.80,31.51
Menon Bearings,/company/MENONBE/consolidated/,MENONBE,23.25,,,,,,,1671.39,298.25
GRM Overseas,/company/GRMOVER/consolidated/,GRMOVER,14.96,,,,,,,1670.73,80.63
Go Fashion (I),/company/GOCOLORS/,GOCOLORS,7.92,,,,,,,1669.13,317.35
BF Investment,/company/BFINVEST/consolidated/,BFINVEST,2.11,,,,,,,1666.08,442.40
PNGS Reva Diamo.,/company/PNGSREVA/,PNGSREVA,12.11,,,,,,,1663.69,524.85
Jai Corp,/company/JAICORPLTD/consolidated/,JAICORPLTD,13.85,,,,,,,1657.29,94.43
Accelya Solution,/company/ACCELYA/consolidated/,ACCELYA,8.37,,,,,,,1656.81,1110.00
Creative Newtech,/company/CNL/consolidated/,CNL,17.16,,,,,,,1649.13,1098.20
Titan Biotech,/company/524717/consolidated/,524717,33.79,,,,,,,1647.37,398.70
Astec Lifescienc,/company/ASTEC/consolidated/,ASTEC,188.03,,,,,,,1646.70,739.00
Garuda Cons,/company/GARUDA/,GARUDA,8.81,,,,,,,1645.63,176.87
Paushak,/company/PAUSHAKLTD/,PAUSHAKLTD,21.00,,,,,,,1644.99,667.15
Ruby Mills,/company/RUBYMILLS/,RUBYMILLS,17.89,,,,,,,1644.75,491.85
Hypersoft Tech.,/company/539724/consolidated/,539724,306.96,,,,,,,1640.47,194.25
Sh.Pushkar Chem.,/company/SHREEPUSHK/consolidated/,SHREEPUSHK,15.10,,,,,,,1636.45,506.05
Gretex Corporate,/company/GCSL/consolidated/,GCSL,27.89,,,,,,,1633.98,653.45
Goodyear India,/company/GOODYEAR/,GOODYEAR,10.01,,,,,,,1632.89,707.80
Kapston Services,/company/KAPSTON/,KAPSTON,35.50,,,,,,,1630.25,535.70
Yatra Online,/company/YATRA/consolidated/,YATRA,17.45,,,,,,,1629.42,103.84
Ardee Industries,/company/ARDEE/,ARDEE,12.03,,,,,,,1628.33,51.66
Poojaa Precision Engg.,/company/544844/,544844,31.20,,,,,,,1627.21,815.85
Kothari Indl,/company/KOTIC/consolidated/,KOTIC,-25.01,,,,,,,1624.76,150.41
Accent Microcell,/company/ACCENTMIC/,ACCENTMIC,25.21,,,,,,,1618.90,674.85
Capacit'e Infra.,/company/CAPACITE/consolidated/,CAPACITE,4.29,,,,,,,1617.12,191.14
Studds Accessor.,/company/STUDDS/consolidated/,STUDDS,12.45,,,,,,,1613.49,410.00
PVP Ventures,/company/PVP/consolidated/,PVP,25.20,,,,,,,1612.94,61.94
Diffusion Eng,/company/DIFFNKG/consolidated/,DIFFNKG,19.28,,,,,,,1611.01,430.45
Aurum Proptech,/company/AURUM/consolidated/,AURUM,12.83,,,,,,,1604.17,222.45
Allcargo Logist.,/company/ALLCARGO/consolidated/,ALLCARGO,7.32,,,,,,,1598.13,10.67
Jagsonpal Pharma,/company/JAGSNPHARM/,JAGSNPHARM,20.52,,,,,,,1598.08,242.29
Servotech Renew,/company/SERVOTECH/consolidated/,SERVOTECH,21.45,,,,,,,1598.08,70.76
Avadh Sugar,/company/AVADHSUGAR/,AVADHSUGAR,12.71,,,,,,,1594.47,796.50
Shalby,/company/SHALBY/consolidated/,SHALBY,12.72,,,,,,,1589.04,147.12
IKIO Tech,/company/IKIO/consolidated/,IKIO,15.25,,,,,,,1587.58,205.43
Suryoday Small,/company/SURYODAY/,SURYODAY,12.36,,,,,,,1585.10,149.12
KS Smart Technlogies,/company/516038/consolidated/,516038,12.47,,,,,,,1580.81,96.35
One Mobikwik,/company/MOBIKWIK/consolidated/,MOBIKWIK,23.03,,,,,,,1579.82,200.62
Vivid Electromech,/company/VIVIDEL/,VIVIDEL,34.82,,,,,,,1576.43,1773.70
Panorama Studios,/company/PANORAMA/consolidated/,PANORAMA,36.19,,,,,,,1575.20,60.46
Xtranet Techno.,/company/XTRANET/consolidated/,XTRANET,25.69,,,,,,,1572.70,300.79
Divine Power,/company/DPEL/consolidated/,DPEL,32.57,,,,,,,1562.81,626.00
Q-Line Biotech,/company/QLINE/consolidated/,QLINE,16.47,,,,,,,1559.37,668.45
JOJO,/company/531910/,531910,135.10,,,,,,,1556.46,225.70
Seshasayee Paper,/company/SESHAPAPER/consolidated/,SESHAPAPER,7.75,,,,,,,1553.18,246.27
Som Distilleries,/company/SDBL/consolidated/,SDBL,48.33,,,,,,,1545.95,74.36
Nitta Gelatin,/company/NITTAGELA/consolidated/,NITTAGELA,8.70,,,,,,,1543.51,1699.90
India Pesticides,/company/IPL/consolidated/,IPL,8.54,,,,,,,1542.27,133.92
Guj.Nat.Resour.,/company/GNRL/consolidated/,GNRL,51.65,,,,,,,1536.79,100.18
Dollar Industrie,/company/DOLLAR/,DOLLAR,8.61,,,,,,,1533.89,270.45
Rajputana Stain.,/company/RSL/,RSL,13.87,,,,,,,1533.13,183.46
Yuken India,/company/YUKEN/consolidated/,YUKEN,28.65,,,,,,,1531.73,1127.60
Meghna Infracon,/company/MIIL/consolidated/,MIIL,167.92,,,,,,,1529.35,704.00
Vikran Engg.,/company/VIKRAN/consolidated/,VIKRAN,8.22,,,,,,,1526.32,59.18
Arfin India,/company/ARFIN/,ARFIN,34.85,,,,,,,1523.73,90.31
McNally Bharat,/company/MBECL/consolidated/,MBECL,-7.72,,,,,,,1521.33,456.40
Bharat Global,/company/521238/,521238,-641.08,,,,,,,1509.27,149.05
Summit Securitie,/company/SUMMITSEC/consolidated/,SUMMITSEC,9.87,,,,,,,1509.13,1384.30
K.P. Energy,/company/KPEL/consolidated/,KPEL,5.50,,,,,,,1508.03,222.43
Texmaco Infrast.,/company/TEXINFRA/consolidated/,TEXINFRA,86.06,,,,,,,1506.82,118.25
Krishna Defence,/company/KRISHNADEF/,KRISHNADEF,25.22,,,,,,,1504.94,1006.80
SpiceJet,/company/SPICEJET/,SPICEJET,69.10,,,,,,,1503.21,9.85
Asian Granito,/company/ASIANTILES/consolidated/,ASIANTILES,17.58,,,,,,,1502.83,50.69
RIR Power Electr,/company/RIR/consolidated/,RIR,116.78,,,,,,,1496.04,188.01
Hi-Tech Pipes,/company/HITECH/consolidated/,HITECH,9.10,,,,,,,1494.87,73.60
D-Link India,/company/DLINKINDIA/consolidated/,DLINKINDIA,9.42,,,,,,,1494.40,420.90
Meghmani Organi.,/company/MOL/consolidated/,MOL,7.32,,,,,,,1488.25,58.52
M T N L,/company/MTNL/consolidated/,MTNL,68.15,,,,,,,1487.43,23.61
Inv.& Prec.Cast.,/company/INVPRECQ/consolidated/,INVPRECQ,42.17,,,,,,,1480.60,1480.60
Balmer Law. Inv.,/company/BLIL/consolidated/,BLIL,2.21,,,,,,,1478.56,66.61
Belding India,/company/513307/consolidated/,513307,379.27,,,,,,,1477.13,1020.20
KP Green Engg.,/company/544150/,544150,7.29,,,,,,,1476.00,295.20
M & B Engineer.,/company/MBEL/consolidated/,MBEL,8.02,,,,,,,1473.03,257.70
Andhra Paper,/company/ANDHRAPAP/,ANDHRAPAP,10.51,,,,,,,1472.49,74.05
Gala Precis. Eng,/company/GALAPREC/consolidated/,GALAPREC,24.35,,,,,,,1472.07,1148.60
Chamanlal Setia,/company/CLSEL/,CLSEL,7.82,,,,,,,1465.41,294.70
Amrutanjan Healt,/company/AMRUTANJAN/,AMRUTANJAN,15.84,,,,,,,1463.89,506.35
Shree Refrigerat,/company/544458/consolidated/,544458,41.92,,,,,,,1459.06,407.60
TTK Healthcare,/company/TTKHLTCARE/,TTKHLTCARE,7.76,,,,,,,1456.98,1031.10
Manali Petrochem,/company/MANALIPETC/consolidated/,MANALIPETC,5.06,,,,,,,1455.97,84.65
Hindware Home In,/company/HINDWAREAP/consolidated/,HINDWAREAP,9.95,,,,,,,1452.77,173.68
Elitecon Inter.,/company/ELITECON/consolidated/,ELITECON,7.19,,,,,,,1451.44,9.08
Signpost India,/company/SIGNPOST/,SIGNPOST,10.61,,,,,,,1449.56,271.20
5paisa Capital,/company/5PAISA/consolidated/,5PAISA,4.01,,,,,,,1448.19,308.90
GPT Infraproject,/company/GPTINFRA/consolidated/,GPTINFRA,8.75,,,,,,,1445.99,114.43
Indo Borax & Ch.,/company/INDOBORAX/consolidated/,INDOBORAX,21.45,,,,,,,1443.89,449.95
Modison,/company/MODISONLTD/consolidated/,MODISONLTD,9.81,,,,,,,1440.94,444.05
Steel Exchange,/company/STEELXIND/,STEELXIND,13.45,,,,,,,1440.06,11.29
Magellanic Cloud,/company/MCLOUD/consolidated/,MCLOUD,7.62,,,,,,,1439.68,24.44
Ceinsys Tech,/company/CEINSYS/consolidated/,CEINSYS,6.56,,,,,,,1439.36,687.45
DCW,/company/DCW/,DCW,6.79,,,,,,,1438.00,48.72
GTL Infra.,/company/GTLINFRA/,GTLINFRA,16.25,,,,,,,1434.65,1.12
Walchan. Inds.,/company/WALCHANNAG/,WALCHANNAG,33.11,,,,,,,1432.72,210.99
Bhagyanagar Ind,/company/BHAGYANGR/consolidated/,BHAGYANGR,12.87,,,,,,,1425.44,425.55
IFGL Refractori.,/company/IFGLEXPOR/consolidated/,IFGLEXPOR,10.77,,,,,,,1423.19,197.45
Aeroflex Enter.,/company/AEROENTER/consolidated/,AEROENTER,4.61,,,,,,,1421.80,125.64
InfoBeans Tech.,/company/INFOBEAN/consolidated/,INFOBEAN,9.99,,,,,,,1421.17,146.55
Sobhagya Mercant,/company/512014/,512014,42.41,,,,,,,1410.88,1356.75
AVT Natural Prod,/company/AVTNPL/consolidated/,AVTNPL,11.64,,,,,,,1409.99,92.58
SPML Infra,/company/SPMLINFRA/consolidated/,SPMLINFRA,16.40,,,,,,,1407.22,165.86
Gujarat Kidney,/company/GKSL/consolidated/,GKSL,48.74,,,,,,,1403.57,178.02
Citurgia Biochem,/company/506373/,506373,-2745.82,,,,,,,1393.61,105.50
Updater Services,/company/UDS/consolidated/,UDS,7.52,,,,,,,1391.96,207.90
Shri Venkatesh,/company/543373/,543373,22.85,,,,,,,1391.20,628.95
Manaksia Coated,/company/MANAKCOAT/consolidated/,MANAKCOAT,15.98,,,,,,,1385.28,129.91
Fermenta Biotec.,/company/FERMENTA/consolidated/,FERMENTA,13.47,,,,,,,1378.55,468.40
Kopran,/company/KOPRAN/consolidated/,KOPRAN,23.96,,,,,,,1375.02,284.53
Expleo Solutions,/company/EXPLEOSOL/consolidated/,EXPLEOSOL,4.55,,,,,,,1370.78,883.25
Arrow Greentech,/company/ARROWGREEN/consolidated/,ARROWGREEN,13.86,,,,,,,1366.67,905.80
Jagran Prakashan,/company/JAGRAN/consolidated/,JAGRAN,3.81,,,,,,,1363.60,62.65
Sunshine Picture,/company/SUNSHINE/,SUNSHINE,23.57,,,,,,,1362.60,437.45
Bhartiya Intl.,/company/BIL/consolidated/,BIL,15.21,,,,,,,1355.59,1010.85
S.A.L Steel,/company/SALSTEEL/,SALSTEEL,50.75,,,,,,,1355.02,93.60
IZMO,/company/IZMO/consolidated/,IZMO,18.65,,,,,,,1354.15,903.95
Airfloa Rail,/company/544516/,544516,21.72,,,,,,,1350.83,563.55
Innovassynth Technologies,/company/533315/,533315,214.51,,,,,,,1350.66,145.45
Allcargo Global,/company/AGL/consolidated/,AGL,93.22,,,,,,,1349.36,13.73
Rajesh Power,/company/544291/,544291,6.95,,,,,,,1345.87,747.40
PNB Gilts,/company/PNBGILTS/,PNBGILTS,17.63,,,,,,,1345.22,74.73
Bharat Seats,/company/BHARATSE/,BHARATSE,12.97,,,,,,,1344.49,214.09
Shankesh Jewellers,/company/SHANKESH/,SHANKESH,9.56,,,,,,,1343.28,91.36
Vikram Thermo,/company/530477/,530477,21.23,,,,,,,1341.33,427.75
TGV Sraac,/company/TGVSL/,TGVSL,4.39,,,,,,,1336.27,124.78
Igarashi Motors,/company/IGARASHI/,IGARASHI,16.43,,,,,,,1330.77,422.80
GHCL Textiles,/company/GHCLTEXTIL/,GHCLTEXTIL,7.54,,,,,,,1329.79,139.12
Benares Hotels,/company/BENARAS/,BENARAS,18.57,,,,,,,1329.12,10224.00
India Motor Part,/company/IMPAL/,IMPAL,10.88,,,,,,,1328.12,1064.20
Eimco Elecon(I),/company/EIMCOELECO/,EIMCOELECO,21.62,,,,,,,1328.02,2301.60
Navkar Corporat.,/company/NAVKARCORP/,NAVKARCORP,11.01,,,,,,,1327.73,88.21
GPT Healthcare,/company/GPTHEALTH/,GPTHEALTH,14.47,,,,,,,1323.30,161.27
Punjab Chemicals,/company/PUNJABCHEM/consolidated/,PUNJABCHEM,10.80,,,,,,,1321.14,1077.60
Andrew Yule & Co,/company/ANDREWYU/consolidated/,ANDREWYU,-27.32,,,,,,,1320.17,27.00
S P I C,/company/SPIC/consolidated/,SPIC,5.48,,,,,,,1318.16,64.73
All Time Plastic,/company/ALLTIME/,ALLTIME,13.86,,,,,,,1316.77,201.01
NINtec Systems,/company/NINSYS/consolidated/,NINSYS,27.00,,,,,,,1316.57,708.75
Jay Bharat Maru.,/company/JAYBARMARU/,JAYBARMARU,6.51,,,,,,,1315.78,121.55
Advit Jewels,/company/RAMBHAJO/,RAMBHAJO,28.09,,,,,,,1311.22,286.23
Bharat Parenter.,/company/BPLPHARMA/consolidated/,BPLPHARMA,71.47,,,,,,,1308.09,1898.00
Dynacons Sys.,/company/DSSL/,DSSL,8.89,,,,,,,1300.71,1021.20
Assoc.Alcohols,/company/ASALCBR/,ASALCBR,9.39,,,,,,,1295.01,644.95
Andhra Sugars,/company/ANDHRSUGAR/consolidated/,ANDHRSUGAR,4.82,,,,,,,1293.14,95.41
Capital Small,/company/CAPITALSFB/,CAPITALSFB,15.12,,,,,,,1285.53,282.75
Emkay Tools,/company/ETL/,ETL,15.56,,,,,,,1283.76,1203.00
Mangalam World.,/company/MWL/consolidated/,MWL,13.99,,,,,,,1279.21,43.07
GYFTR,/company/GYFTR/consolidated/,GYFTR,35.47,,,,,,,1277.32,166.30
Ugro Capital,/company/UGROCAP/,UGROCAP,7.60,,,,,,,1273.67,82.02
Iris Clothings,/company/IRISDOREME/,IRISDOREME,40.08,,,,,,,1259.04,66.15
Den Networks,/company/DEN/consolidated/,DEN,-6.68,,,,,,,1258.92,26.38
Pashupati Cotsp.,/company/PASHUPATI/,PASHUPATI,33.06,,,,,,,1257.83,79.69
Fedders Holding,/company/FEDDERSHOL/consolidated/,FEDDERSHOL,14.38,,,,,,,1255.02,62.31
Cosmic CRF,/company/543928/consolidated/,543928,15.09,,,,,,,1254.59,1320.25
Keltech Energies,/company/506528/,506528,26.66,,,,,,,1250.86,12508.60
3B Blackbio,/company/3BBLACKBIO/consolidated/,3BBLACKBIO,14.25,,,,,,,1249.81,1456.20
Century Enka,/company/CENTENKA/,CENTENKA,5.03,,,,,,,1247.53,570.95
Onix Solar,/company/ONIXSOLAR/,ONIXSOLAR,18.45,,,,,,,1245.58,337.85
Onida Electronics,/company/ONIDA/,ONIDA,-32.32,,,,,,,1244.57,33.68
Atul Auto,/company/ATULAUTO/consolidated/,ATULAUTO,14.48,,,,,,,1243.95,448.25
Ultramarine Pig.,/company/ULTRAMAR/,ULTRAMAR,9.39,,,,,,,1241.88,425.30
Everest Kanto,/company/EKC/consolidated/,EKC,6.60,,,,,,,1237.43,110.28
Ivalue Infosolut,/company/IVALUE/consolidated/,IVALUE,7.31,,,,,,,1233.16,225.22
B.L.Kashyap,/company/BLKASHYAP/consolidated/,BLKASHYAP,11.86,,,,,,,1223.24,54.26
Prizor Viztech,/company/PRIZOR/consolidated/,PRIZOR,36.71,,,,,,,1217.92,1128.10
Shriram Properti,/company/SHRIRAMPPS/consolidated/,SHRIRAMPPS,10.13,,,,,,,1215.06,71.20
NIIT,/company/NIITLTD/consolidated/,NIITLTD,20.53,,,,,,,1212.39,88.50
Godavari Bioref.,/company/GODAVARIB/consolidated/,GODAVARIB,12.62,,,,,,,1210.41,236.52
Rhetan TMT Ltd,/company/RHETAN/,RHETAN,70.82,,,,,,,1208.86,15.17
Subex,/company/SUBEXLTD/consolidated/,SUBEXLTD,19.75,,,,,,,1206.84,21.41
TCC Concept,/company/TCC/consolidated/,TCC,9.18,,,,,,,1206.02,50.75
Anawil Wire,/company/ANAWIL/,ANAWIL,21.56,,,,,,,1205.99,482.40
HMA Agro Inds.,/company/HMAAGRO/consolidated/,HMAAGRO,5.18,,,,,,,1200.85,23.98
Alicon Cast.,/company/ALICON/consolidated/,ALICON,7.51,,,,,,,1198.15,730.05
T N Petro Prod.,/company/TNPETRO/consolidated/,TNPETRO,5.57,,,,,,,1195.97,132.93
Armee Infotech,/company/id/1286190/consolidated/,id,14.41,,,,,,,1189.93,
Dolat Algotech,/company/DOLATALGO/,DOLATALGO,6.41,,,,,,,1187.65,67.48
Commerl. Synbags,/company/COMSYN/,COMSYN,23.79,,,,,,,1186.62,282.85
Alldigi Tech,/company/ALLDIGI/consolidated/,ALLDIGI,7.18,,,,,,,1183.94,776.95
Sai Silks,/company/KALAMANDIR/,KALAMANDIR,4.36,,,,,,,1183.83,77.19
Lincoln Pharma.,/company/LINCOLN/consolidated/,LINCOLN,8.04,,,,,,,1183.76,591.00
Roto Pumps,/company/ROTO/consolidated/,ROTO,20.74,,,,,,,1183.44,62.80
Krishival Foods,/company/KRISHIVAL/consolidated/,KRISHIVAL,27.53,,,,,,,1174.07,413.40
Digitide Solutio,/company/DIGITIDE/consolidated/,DIGITIDE,4.24,,,,,,,1172.11,78.57
MMP Industries,/company/MMP/consolidated/,MMP,16.20,,,,,,,1169.16,460.25
Solarworld Ene.,/company/SOLARWORLD/consolidated/,SOLARWORLD,4.56,,,,,,,1167.91,134.75
Excel Industries,/company/EXCELINDUS/consolidated/,EXCELINDUS,8.78,,,,,,,1167.69,928.90
BMW Industries,/company/542669/consolidated/,542669,8.12,,,,,,,1167.30,51.86
M.V.K. Agro,/company/MVKAGRO/consolidated/,MVKAGRO,17.24,,,,,,,1166.14,230.90
Safe Enterprises,/company/SAFEENTP/consolidated/,SAFEENTP,11.88,,,,,,,1166.04,250.20
The Hi-Tech Gear,/company/HITECHGEAR/consolidated/,HITECHGEAR,11.67,,,,,,,1163.74,618.35
Raj Rayon Inds.,/company/RAJRILTD/,RAJRILTD,19.44,,,,,,,1162.21,20.90
SKM Egg Prod.,/company/SKMEGGPROD/consolidated/,SKMEGGPROD,6.93,,,,,,,1160.63,220.40
Macfos,/company/543787/,543787,28.42,,,,,,,1160.15,1120.00
Bajaj Healthcare,/company/BAJAJHCARE/,BAJAJHCARE,11.79,,,,,,,1158.50,344.15
A.K.Capital Serv,/company/AKCAPIT/consolidated/,AKCAPIT,10.26,,,,,,,1157.64,1754.00
Platinum Industr,/company/PLATIND/consolidated/,PLATIND,14.76,,,,,,,1156.94,210.64
Dhanlaxmi Bank,/company/DHANBANK/,DHANBANK,17.45,,,,,,,1156.86,29.31
N R Agarwal Inds,/company/NRAIL/,NRAIL,8.35,,,,,,,1152.62,677.25
Valiant Organics,/company/VALIANTORG/consolidated/,VALIANTORG,11.75,,,,,,,1150.68,410.45
Indo SMC,/company/544681/,544681,23.97,,,,,,,1148.94,502.70
Arisinfra Solu.,/company/ARIS/consolidated/,ARIS,8.69,,,,,,,1147.49,140.29
Precision Camshf,/company/PRECAM/consolidated/,PRECAM,11.41,,,,,,,1146.10,120.66
Balaji Telefilms,/company/BALAJITELE/consolidated/,BALAJITELE,-57.55,,,,,,,1144.05,93.85
STEL Holdings,/company/STEL/consolidated/,STEL,43.73,,,,,,,1142.94,619.30
Haryana Fin. Co.,/company/530927/,530927,133.76,,,,,,,1142.12,55.00
Sula Vineyards,/company/SULA/consolidated/,SULA,13.63,,,,,,,1141.14,135.13
Sunrakshakk Inds,/company/SUNRAKSHAK/consolidated/,SUNRAKSHAK,16.11,,,,,,,1135.47,366.20
Bharat Wire,/company/BHARATWIRE/,BHARATWIRE,12.36,,,,,,,1134.71,164.97
Pranav Construc.,/company/PRANAV/,PRANAV,10.56,,,,,,,1133.44,100.64
Saraswati Commer,/company/ZSARACOM/consolidated/,ZSARACOM,7.05,,,,,,,1129.57,10307.00
Kamdhenu,/company/KAMDHENU/,KAMDHENU,9.18,,,,,,,1126.40,39.96
Sigachi Indust.,/company/SIGACHI/consolidated/,SIGACHI,24.50,,,,,,,1124.57,29.43
Dhampur Sugar,/company/DHAMPURSUG/consolidated/,DHAMPURSUG,9.90,,,,,,,1123.24,174.67
Asian Star Co.,/company/ASTAR/consolidated/,ASTAR,17.17,,,,,,,1118.40,698.70
Uttam Sug.Mills,/company/UTTAMSUGAR/consolidated/,UTTAMSUGAR,8.55,,,,,,,1118.02,293.15
Nupur Recyclers,/company/NRL/consolidated/,NRL,33.11,,,,,,,1116.85,161.70
Remus Pharma.,/company/REMUS/consolidated/,REMUS,17.81,,,,,,,1114.77,946.00
Electrotherm(I),/company/ELECTHERM/consolidated/,ELECTHERM,210.61,,,,,,,1112.89,873.35
FlySBS Aviation,/company/FLYSBS/,FLYSBS,12.73,,,,,,,1107.96,640.30
Matrimony.com,/company/MATRIMONY/consolidated/,MATRIMONY,12.92,,,,,,,1106.85,535.40
IRM Energy,/company/IRMENERGY/consolidated/,IRMENERGY,5.46,,,,,,,1101.43,268.25
Petro Carbon,/company/PCCL/,PCCL,23.02,,,,,,,1099.89,445.30
ADC India,/company/523411/,523411,34.73,,,,,,,1098.25,2387.50
Manoj Vaibhav,/company/MVGJL/,MVGJL,7.12,,,,,,,1096.04,224.38
Laxmi Dental,/company/LAXMIDENTL/consolidated/,LAXMIDENTL,19.99,,,,,,,1095.47,199.07
Gandhi Spl. Tube,/company/GANDHITUBE/,GANDHITUBE,10.46,,,,,,,1090.59,966.50
Munjal Auto Inds,/company/MUNJALAU/consolidated/,MUNJALAU,8.22,,,,,,,1090.20,109.02
Birla Cable,/company/BIRLACABLE/,BIRLACABLE,13.86,,,,,,,1087.35,362.45
Orient Tech.,/company/ORIENTTECH/,ORIENTTECH,23.98,,,,,,,1086.97,237.30
Monte Carlo Fas.,/company/MONTECARLO/,MONTECARLO,6.51,,,,,,,1086.57,524.10
Apex Frozen Food,/company/APEX/,APEX,12.64,,,,,,,1086.25,347.60
Jindal Photo,/company/JINDALPHOT/consolidated/,JINDALPHOT,-21.26,,,,,,,1085.74,1058.40
BirlaNu Ltd,/company/BIRLANU/consolidated/,BIRLANU,25.14,,,,,,,1084.98,1438.80
Rupa & Co,/company/RUPA/consolidated/,RUPA,7.66,,,,,,,1082.09,136.07
Tembo Global,/company/TEMBO/consolidated/,TEMBO,7.36,,,,,,,1080.81,58.28
Foseco Crucible (India),/company/523160/,523160,16.21,,,,,,,1080.02,1928.60
Jyoti Structures,/company/JYOTISTRUC/consolidated/,JYOTISTRUC,35.64,,,,,,,1077.87,9.03
Themis Medicare,/company/THEMISMED/consolidated/,THEMISMED,-73.04,,,,,,,1076.93,116.93
MIC Electronics,/company/MICEL/consolidated/,MICEL,41.61,,,,,,,1075.36,36.10
United Polyfab,/company/UNITEDPOLY/,UNITEDPOLY,22.30,,,,,,,1074.36,46.81
Sacheerome,/company/SACHEEROME/,SACHEEROME,25.35,,,,,,,1074.12,480.10
Antony Waste han,/company/AWHCL/consolidated/,AWHCL,6.43,,,,,,,1073.98,378.35
Sahasra Electro.,/company/SAHASRA/consolidated/,SAHASRA,39.91,,,,,,,1071.81,428.85
Vardhman Hold.,/company/VHL/consolidated/,VHL,4.02,,,,,,,1071.23,3358.10
Asgard Alcobev,/company/512025/consolidated/,512025,103.62,,,,,,,1070.74,34.37
Unitech,/company/UNITECH/consolidated/,UNITECH,122.85,,,,,,,1070.07,4.09
Faze Three,/company/FAZE3Q/consolidated/,FAZE3Q,14.65,,,,,,,1067.67,434.05
Fino Payments,/company/FINOPB/,FINOPB,31.21,,,,,,,1067.28,128.25
Hariom Pipe,/company/HARIOMPIPE/,HARIOMPIPE,6.66,,,,,,,1066.98,344.55
GRP,/company/GRPLTD/consolidated/,GRPLTD,25.76,,,,,,,1066.13,1999.00
India Homes,/company/513361/,513361,50.61,,,,,,,1064.47,26.74
Gayatri Projects,/company/GAYAPROJ/consolidated/,GAYAPROJ,7.16,,,,,,,1063.71,22.91
Gulshan Polyols,/company/GULPOLY/,GULPOLY,4.77,,,,,,,1062.55,170.36
Suraj Estate,/company/SURAJEST/consolidated/,SURAJEST,7.28,,,,,,,1059.37,221.75
Systematix Corp.,/company/SYSTMTXC/consolidated/,SYSTMTXC,49.41,,,,,,,1058.17,77.50
Auto.Corp.of Goa,/company/ACGL/,ACGL,9.72,,,,,,,1058.08,1737.80
One Global Serv,/company/ONEGLOBAL/,ONEGLOBAL,10.43,,,,,,,1052.88,538.75
Orient Green,/company/GREENPOWER/consolidated/,GREENPOWER,7.26,,,,,,,1051.04,8.96
Arihant Super.,/company/ARIHANTSUP/consolidated/,ARIHANTSUP,15.62,,,,,,,1049.68,242.70
T N Newsprint,/company/TNPL/,TNPL,4.63,,,,,,,1049.23,151.60
Rel. Indl. Infra,/company/RIIL/consolidated/,RIIL,63.51,,,,,,,1048.77,694.55
ICE Make Refrig.,/company/ICEMAKE/,ICEMAKE,28.09,,,,,,,1047.46,663.80
German Green Ste,/company/id/1286206/consolidated/,id,7.95,,,,,,,1047.35,
Master Trust,/company/MASTERTR/consolidated/,MASTERTR,-2.24,,,,,,,1044.04,84.87
Indl.& Prud.Inv.,/company/INDPRUD/consolidated/,INDPRUD,16.98,,,,,,,1039.02,6200.00
Centrum Capital,/company/CENTRUM/consolidated/,CENTRUM,11.87,,,,,,,1034.03,21.24
Shri Ahimsa,/company/SHRIAHIMSA/,SHRIAHIMSA,23.36,,,,,,,1033.77,434.20
Hindusthan Insulators &,/company/539984/,539984,10.49,,,,,,,1032.49,477.05
Crest Ventures,/company/CREST/consolidated/,CREST,16.00,,,,,,,1032.44,362.90
Nelcast,/company/NELCAST/consolidated/,NELCAST,10.72,,,,,,,1030.01,118.39
Sathlokhar Sys.,/company/SSEGL/,SSEGL,7.37,,,,,,,1029.53,396.30
Abans Financial,/company/AFSL/consolidated/,AFSL,5.57,,,,,,,1029.42,201.00
RSWM Ltd,/company/RSWM/consolidated/,RSWM,7.73,,,,,,,1028.42,218.34
Borosil Scienti.,/company/BOROSCI/consolidated/,BOROSCI,13.62,,,,,,,1027.83,115.55
Prime Securities,/company/PRIMESECU/consolidated/,PRIMESECU,76.37,,,,,,,1025.72,301.90
Arihant Capital,/company/ARIHANTCAP/consolidated/,ARIHANTCAP,9.10,,,,,,,1023.13,93.34
Sr.Rayala.Hypo,/company/SRHHYPOLTD/consolidated/,SRHHYPOLTD,4.20,,,,,,,1020.96,594.80
Saint-Gob. Sekur,/company/SEKURITIND/,SEKURITIND,16.61,,,,,,,1019.79,111.93
Tirupati Forge,/company/TIRUPATIFL/,TIRUPATIFL,53.37,,,,,,,1017.95,78.28
Unihealth Hosp,/company/UNIHEALTH/consolidated/,UNIHEALTH,17.74,,,,,,,1015.77,638.85
Beezaasan Exp.,/company/544369/consolidated/,544369,46.18,,,,,,,1015.09,669.95
Dhunseri Vent.,/company/DVL/consolidated/,DVL,5.96,,,,,,,1014.70,289.75
Mamata Machinery,/company/MAMATA/consolidated/,MAMATA,49.52,,,,,,,1013.60,411.90
Butterfly Gan Ap,/company/BUTTERFLY/,BUTTERFLY,10.94,,,,,,,1013.26,566.70
Jyoti Resins,/company/JYOTIRES/,JYOTIRES,10.05,,,,,,,1011.90,843.25
R M Drip & Sprin,/company/RMDRIP/,RMDRIP,19.23,,,,,,,1011.48,23.62
Pervasive Comm.,/company/517172/,517172,-11215.22,,,,,,,1009.07,11.20
Jindal Poly Inve,/company/JPOLYINVST/consolidated/,JPOLYINVST,1.07,,,,,,,1005.86,957.05
Sh. Digvijay Cem,/company/SHREDIGCEM/,SHREDIGCEM,18.98,,,,,,,1003.60,67.85
Tejas Cargo,/company/TEJASCARGO/,TEJASCARGO,10.15,,,,,,,1001.11,419.00
Wonder Electric.,/company/WEL/,WEL,33.93,,,,,,,999.97,74.62
Kalyani Cast-Tec,/company/544023/,544023,45.02,,,,,,,999.56,1392.05
Premier Polyfilm,/company/PREMIERPOL/,PREMIERPOL,19.41,,,,,,,999.24,95.40
Synergy Green,/company/SGIL/,SGIL,29.84,,,,,,,998.64,642.50
Dharmaj Crop,/company/DHARMAJ/,DHARMAJ,9.70,,,,,,,997.53,295.15
Excelsoft Tech.,/company/EXCELSOFT/consolidated/,EXCELSOFT,9.04,,,,,,,996.86,86.62
Sunshield Chem.,/company/SUNSHIEL/,SUNSHIEL,15.68,,,,,,,995.93,1132.40
BCL Industries,/company/BCLIND/consolidated/,BCLIND,5.40,,,,,,,995.29,33.72
String Metaverse,/company/534535/consolidated/,534535,6.75,,,,,,,993.01,8.14
Indo Amines,/company/INDOAMIN/consolidated/,INDOAMIN,8.06,,,,,,,990.82,136.50
Jaro Institute,/company/JARO/,JARO,10.68,,,,,,,986.47,442.95
Unified Data,/company/544406/,544406,23.95,,,,,,,983.31,489.45
SEPC,/company/SEPC/consolidated/,SEPC,11.98,,,,,,,980.49,5.12
Dam Capital Advi,/company/DAMCAPITAL/consolidated/,DAMCAPITAL,5.64,,,,,,,976.74,138.18
Nahar Spinning,/company/NAHARSPING/,NAHARSPING,7.90,,,,,,,973.58,269.95
Arih.Found.Hsg.,/company/ARIHANT/consolidated/,ARIHANT,12.32,,,,,,,972.19,895.00
Finkurve Fin.,/company/FINKURVE/,FINKURVE,15.42,,,,,,,971.34,69.31
Madras Fertilize,/company/MADRASFERT/,MADRASFERT,5.55,,,,,,,969.35,60.17
Vilas Transcore,/company/VILAS/,VILAS,15.91,,,,,,,966.96,395.00
Western Carriers,/company/WCIL/consolidated/,WCIL,11.92,,,,,,,966.23,94.77
Freshara Agro,/company/FRESHARA/consolidated/,FRESHARA,18.61,,,,,,,963.47,410.00
Viceroy Hotels,/company/VHLTD/consolidated/,VHLTD,23.42,,,,,,,962.54,125.36
Sudarshan Pharma,/company/543828/consolidated/,543828,19.18,,,,,,,961.19,38.50
Indosolar,/company/WAAREEINDO/,WAAREEINDO,3.62,,,,,,,960.42,230.85
Shree Vasu Logis,/company/SVLL/,SVLL,17.86,,,,,,,959.38,834.70
Salzer Electron.,/company/SALZERELEC/,SALZERELEC,11.31,,,,,,,957.08,541.25
SRM Contractors,/company/SRM/consolidated/,SRM,4.67,,,,,,,955.05,416.25
B-Right Real,/company/543543/consolidated/,543543,16.87,,,,,,,951.71,921.20
Rajoo Engineers,/company/RAJOOENG/consolidated/,RAJOOENG,11.15,,,,,,,948.41,53.08
Uni Abex Alloy,/company/504605/,504605,14.01,,,,,,,948.02,4800.10
Control Print,/company/CONTROLPR/consolidated/,CONTROLPR,10.63,,,,,,,946.54,591.80
Veljan Denison,/company/VELJAN/,VELJAN,21.59,,,,,,,942.62,2094.70
Ganesh Benzopl.,/company/GANESHBE/consolidated/,GANESHBE,8.03,,,,,,,941.91,130.84
Unicommerce,/company/UNIECOM/consolidated/,UNIECOM,25.41,,,,,,,941.51,83.78
TAC Infosec,/company/TAC/consolidated/,TAC,29.52,,,,,,,939.60,446.85
Zuari Agro Chem.,/company/ZUARI/consolidated/,ZUARI,3.08,,,,,,,929.90,221.10
GKW,/company/GKWLIMITED/,GKWLIMITED,70.42,,,,,,,928.93,1556.00
Regaal Resources,/company/REGAAL/,REGAAL,10.96,,,,,,,926.74,89.98
Vision Infra,/company/VIESL/,VIESL,7.48,,,,,,,924.14,372.00
Cons. Finvest,/company/CONSOFINVT/,CONSOFINVT,14.85,,,,,,,922.71,285.10
Health X Platform,/company/HEALTHX/consolidated/,HEALTHX,-43.88,,,,,,,918.21,288.65
Laxmi Goldorna,/company/LGHL/,LGHL,64.54,,,,,,,916.64,182.99
Sahana Systems,/company/SAHANA/consolidated/,SAHANA,8.47,,,,,,,913.37,861.30
Welspun Investme,/company/WELINV/,WELINV,221.25,,,,,,,912.46,2499.90
Bombay Super Hyb,/company/BSHSL/,BSHSL,26.40,,,,,,,911.90,86.90
Sudarshan Colorants,/company/SUDARCOLOR/,SUDARCOLOR,7.83,,,,,,,910.69,394.55
Neetu Yoshi,/company/544434/consolidated/,544434,26.56,,,,,,,908.41,234.05
Likhitha Infra.,/company/LIKHITHA/,LIKHITHA,15.33,,,,,,,908.26,230.23
Anuh Pharma,/company/ANUHPHR/,ANUHPHR,12.51,,,,,,,906.23,90.42
RNIT AI Solution,/company/517286/,517286,39.92,,,,,,,902.78,106.47
Ester Industries,/company/ESTER/consolidated/,ESTER,10.83,,,,,,,898.40,86.14
Amines & Plast.,/company/AMNPLST/consolidated/,AMNPLST,13.93,,,,,,,897.65,163.15
Pudumjee Paper,/company/PDMJEPAPER/,PDMJEPAPER,6.37,,,,,,,896.99,94.47
Hemant Surgical,/company/543916/,543916,32.11,,,,,,,895.81,616.20
Swaraj Suiting,/company/SWARAJ/consolidated/,SWARAJ,9.11,,,,,,,894.52,338.60
Mac Charles(I),/company/MCCHRLS-B/consolidated/,MCCHRLS-B,21.31,,,,,,,892.11,681.00
IIRM Holdings,/company/526530/consolidated/,526530,14.71,,,,,,,890.47,127.75
Swelect Energy,/company/SWELECTES/consolidated/,SWELECTES,8.65,,,,,,,889.82,587.00
Wealth First Por,/company/WEALTH/consolidated/,WEALTH,19.97,,,,,,,889.64,834.95
Ambika Cotton,/company/AMBIKCO/,AMBIKCO,5.05,,,,,,,885.14,1546.10
Vadilal Enterp.,/company/VADILENT/,VADILENT,19.19,,,,,,,882.79,10265.00
Krystal Integrat,/company/KRYSTAL/consolidated/,KRYSTAL,8.93,,,,,,,882.40,631.55
Kirl. Electric,/company/KECL/consolidated/,KECL,21.33,,,,,,,881.70,126.17
Forbes Precision,/company/544186/,544186,13.99,,,,,,,880.20,170.60
Taneja Aerospace,/company/TANAA/consolidated/,TANAA,29.66,,,,,,,880.02,345.10
Tankup Engi.,/company/TANKUP/,TANKUP,113.23,,,,,,,874.89,1652.30
Sterling Tools,/company/STERTOOLS/consolidated/,STERTOOLS,9.74,,,,,,,870.30,239.46
Hexa Tradex,/company/HEXATRADEX/consolidated/,HEXATRADEX,-215.71,,,,,,,869.36,157.35
Kanoria Chem.,/company/KANORICHEM/consolidated/,KANORICHEM,9.02,,,,,,,867.66,198.55
Prozone Realty,/company/PROZONER/consolidated/,PROZONER,36.41,,,,,,,866.01,56.75
Himatsing. Seide,/company/HIMATSEIDE/consolidated/,HIMATSEIDE,6.19,,,,,,,864.98,68.79
Shree Ganesh Rem,/company/SGRL/,SGRL,25.66,,,,,,,864.93,673.75
Zuari Industries,/company/ZUARIIND/consolidated/,ZUARIIND,7.81,,,,,,,864.25,290.20
Capital India,/company/CIFL/consolidated/,CIFL,31.37,,,,,,,861.89,22.04
Vinsys IT Serv.,/company/VINSYS/consolidated/,VINSYS,20.23,,,,,,,858.44,582.00
Sadhana Nitro,/company/SADHNANIQ/consolidated/,SADHNANIQ,-21.17,,,,,,,855.08,2.82
Pradeep Metals,/company/PRADPME/consolidated/,PRADPME,15.18,,,,,,,853.74,494.35
Exhicon Events,/company/543895/consolidated/,543895,14.61,,,,,,,851.91,519.55
RRP Defense,/company/530929/,530929,-351.49,,,,,,,851.87,620.95
Royal Orch.Hotel,/company/ROHLTD/consolidated/,ROHLTD,12.07,,,,,,,846.34,308.60
Sumeet Industrie,/company/SUMEETINDS/consolidated/,SUMEETINDS,17.54,,,,,,,846.21,12.18
Fairchem Organic,/company/FAIRCHEMOR/,FAIRCHEMOR,25.95,,,,,,,845.88,671.55
Sunlite Recycli.,/company/SUNLITE/,SUNLITE,14.30,,,,,,,844.99,612.05
Mafatlal Inds.,/company/MAFATIND/consolidated/,MAFATIND,6.42,,,,,,,843.92,116.92
Panache Digilife,/company/PANACHE/,PANACHE,26.76,,,,,,,840.74,525.00
Gaudium IVF,/company/GAUDIUMIVF/consolidated/,GAUDIUMIVF,23.42,,,,,,,838.65,115.22
OCCL,/company/OCCLLTD/,OCCLLTD,7.19,,,,,,,837.52,167.67
Max India Ltd,/company/MAXIND/consolidated/,MAXIND,-9.60,,,,,,,836.08,148.45
SRIT India,/company/id/1286211/consolidated/,id,11.11,,,,,,,835.53,
Chemcon Special.,/company/CHEMCON/,CHEMCON,13.12,,,,,,,834.59,227.84
Dwarikesh Sugar,/company/DWARKESH/,DWARKESH,17.54,,,,,,,834.04,45.01
Amal,/company/AMAL/consolidated/,AMAL,16.95,,,,,,,833.74,674.40
Prostarm Info,/company/PROSTARM/,PROSTARM,15.57,,,,,,,831.13,141.17
Gem Aromatics,/company/GEMAROMA/consolidated/,GEMAROMA,33.48,,,,,,,830.20,158.93
Bafna Pharma.,/company/BAFNAPH/,BAFNAPH,48.40,,,,,,,828.09,350.05
Radhika Jeweltec,/company/RADHIKAJWE/,RADHIKAJWE,7.90,,,,,,,824.58,69.88
Effwa Infra,/company/EFFWA/,EFFWA,19.46,,,,,,,824.50,356.20
Stanley Lifesty.,/company/STANLEY/consolidated/,STANLEY,10.26,,,,,,,824.44,144.32
SJ Corp,/company/504398/consolidated/,504398,2339.24,,,,,,,823.53,189.95
Jaybharat Text,/company/512233/,512233,-64.92,,,,,,,823.10,21.50
Mukka Proteins,/company/MUKKA/consolidated/,MUKKA,8.69,,,,,,,822.00,27.40
Salasar Techno,/company/SALASAR/consolidated/,SALASAR,10.40,,,,,,,821.54,4.70
Beekay Steel Ind,/company/BEEKAY/consolidated/,BEEKAY,8.68,,,,,,,820.38,430.15
Parin Enterpris.,/company/PARIN/consolidated/,PARIN,40.51,,,,,,,819.17,736.80
Scoda Tubes,/company/SCODATUBES/,SCODATUBES,10.53,,,,,,,818.42,136.61
Ritco Logistics,/company/RITCO/consolidated/,RITCO,12.52,,,,,,,817.75,285.70
Neueon Corporation,/company/NEUEON/consolidated/,NEUEON,-4.38,,,,,,,813.68,14.39
Oriental Rail,/company/ORIRAIL/consolidated/,ORIRAIL,10.66,,,,,,,812.22,121.12
Dhampur Bio,/company/DBOL/consolidated/,DBOL,11.88,,,,,,,811.59,122.25
NCL Industries,/company/NCLIND/,NCLIND,5.00,,,,,,,810.84,179.26
U P Hotels,/company/UPHOT/,UPHOT,16.13,,,,,,,810.00,1500.00
Shah Foods,/company/519031/consolidated/,519031,180.56,,,,,,,808.45,346.75
Eco Recyc.,/company/ECORECO/consolidated/,ECORECO,22.21,,,,,,,808.15,418.80
Oricon Enterpris,/company/ORICONENT/consolidated/,ORICONENT,26.10,,,,,,,807.23,51.40
RNFI Services,/company/RNFI/consolidated/,RNFI,11.89,,,,,,,805.62,317.25
Vascon Engineers,/company/VASCONEQ/consolidated/,VASCONEQ,14.22,,,,,,,805.38,34.76
IFB Agro Inds.,/company/IFBAGRO/,IFBAGRO,5.27,,,,,,,804.51,858.60
Yamuna Syndicate,/company/540980/consolidated/,540980,8.34,,,,,,,804.37,26170.00
A B Infrabuild,/company/ABINFRA/,ABINFRA,20.70,,,,,,,803.60,12.58
Hexagon Nutri.,/company/HEXAGON/,HEXAGON,14.31,,,,,,,800.20,65.10
Quick Heal Tech,/company/QUICKHEAL/consolidated/,QUICKHEAL,-130.17,,,,,,,798.04,147.04
Sarla Performanc,/company/SARLAPOLY/consolidated/,SARLAPOLY,9.14,,,,,,,797.34,100.29
Baheti Recycling,/company/BAHETI/,BAHETI,16.69,,,,,,,795.43,761.40
Supreme Infra.,/company/SUPREMEINF/consolidated/,SUPREMEINF,487.04,,,,,,,792.60,81.29
Advance Agrolife,/company/ADVANCE/,ADVANCE,9.55,,,,,,,791.49,123.12
NDTV,/company/NDTV/consolidated/,NDTV,-3.95,,,,,,,790.68,70.08
Visaka Industrie,/company/VISAKAIND/,VISAKAIND,5.72,,,,,,,786.11,90.98
Kothari Petroche,/company/KOTHARIPET/,KOTHARIPET,7.28,,,,,,,785.72,133.52
Kilitch Drugs,/company/KILITCH/consolidated/,KILITCH,17.89,,,,,,,784.08,224.27
Wanbury,/company/WANBURY/,WANBURY,10.08,,,,,,,783.78,224.15
Sandesh,/company/SANDESH/consolidated/,SANDESH,5.01,,,,,,,783.04,1034.40
JTL Defence,/company/537254/consolidated/,537254,82.54,,,,,,,782.74,743.60
Haldyn Glass,/company/HALDYNGL/consolidated/,HALDYNGL,10.69,,,,,,,781.87,145.46
Sejal Glass,/company/SEJALLTD/consolidated/,SEJALLTD,13.14,,,,,,,778.28,682.70
ABS Marine,/company/ABSMARINE/consolidated/,ABSMARINE,7.32,,,,,,,778.24,317.00
Magadh Sugar,/company/MAGADSUGAR/,MAGADSUGAR,11.04,,,,,,,777.08,551.45
Deccan Cements,/company/DECCANCE/consolidated/,DECCANCE,18.51,,,,,,,775.39,553.55
Tandhan Industries,/company/512062/consolidated/,512062,44.33,,,,,,,770.23,154.75
IST,/company/ISTLTD/consolidated/,ISTLTD,3.54,,,,,,,769.83,660.00
Precot,/company/PRECOT/consolidated/,PRECOT,8.11,,,,,,,768.84,640.70
Patil Automation,/company/PATILAUTOM/consolidated/,PATILAUTOM,25.06,,,,,,,768.20,352.05
20 Microns,/company/20MICRONS/consolidated/,20MICRONS,6.49,,,,,,,767.76,217.58
Borana Weaves,/company/BORANA/,BORANA,7.73,,,,,,,767.38,288.00
Kronox Lab,/company/KRONOX/,KRONOX,17.63,,,,,,,766.49,206.58
Merritronix,/company/544773/,544773,28.40,,,,,,,765.40,437.75
Kokuyo Camlin,/company/KOKUYOCMLN/,KOKUYOCMLN,14.45,,,,,,,762.61,76.03
Karnika Industri,/company/KARNIKA/consolidated/,KARNIKA,18.23,,,,,,,762.57,123.00
Suyog Telematics,/company/SUYOG/,SUYOG,6.68,,,,,,,762.08,650.40
Solex Energy,/company/SOLEX/,SOLEX,5.81,,,,,,,761.79,705.20
DMCC Speciality,/company/DMCC/,DMCC,10.54,,,,,,,761.54,305.35
Om Infra,/company/OMINFRAL/consolidated/,OMINFRAL,13.99,,,,,,,761.09,79.03
Bright Outdoor,/company/543831/,543831,20.82,,,,,,,759.56,348.05
Emk.Global Fin.,/company/EMKAY/consolidated/,EMKAY,-0.95,,,,,,,754.97,270.35
GeeCee Vent.,/company/GEECEE/consolidated/,GEECEE,8.71,,,,,,,754.08,360.60
Mercury EV-Tech,/company/MERCURYEV/consolidated/,MERCURYEV,62.77,,,,,,,753.24,39.65
Eldeco Housing,/company/ELDEHSG/consolidated/,ELDEHSG,11.80,,,,,,,752.72,765.50
VLS Finance,/company/VLSFINANCE/consolidated/,VLSFINANCE,13.28,,,,,,,752.27,239.74
Heranba Inds,/company/HERANBA/consolidated/,HERANBA,14.69,,,,,,,750.65,187.60
Namo eWaste,/company/NAMOEWASTE/consolidated/,NAMOEWASTE,32.54,,,,,,,750.05,328.00
Mangal Electrica,/company/MEIL/,MEIL,8.96,,,,,,,748.22,270.80
Allcargo Termi,/company/ATL/consolidated/,ATL,8.00,,,,,,,747.16,25.60
Aryaman Fin.Serv,/company/ARYAMAN/consolidated/,ARYAMAN,13.75,,,,,,,747.07,610.00
Danlaw Tech.,/company/532329/,532329,17.28,,,,,,,743.43,1526.35
Zim Laboratories,/company/ZIMLAB/consolidated/,ZIMLAB,21.13,,,,,,,743.06,138.48
Lokesh Mach.,/company/LOKESHMACH/,LOKESHMACH,22.33,,,,,,,741.53,340.20
GIC Housing Fin,/company/GICHSGFIN/,GICHSGFIN,10.95,,,,,,,739.47,137.32
Denta Water,/company/DENTA/consolidated/,DENTA,8.92,,,,,,,738.79,276.70
Apsis Aerocom,/company/APSISAERO/,APSISAERO,60.74,,,,,,,737.22,611.70
Speciality Rest.,/company/SPECIALITY/,SPECIALITY,8.26,,,,,,,736.85,152.76
Transpek Inds.,/company/TRANSPEK/consolidated/,TRANSPEK,6.51,,,,,,,733.16,1312.60
Permanent Magnet,/company/PERMAGN/consolidated/,PERMAGN,18.02,,,,,,,733.11,852.45
Sical Logistics,/company/SICALLOG/consolidated/,SICALLOG,9.95,,,,,,,733.06,91.88
Rama Steel Tubes,/company/RAMASTEEL/consolidated/,RAMASTEEL,27.46,,,,,,,732.95,4.48
DCM Shriram Intl,/company/DCMSIL/consolidated/,DCMSIL,26.00,,,,,,,730.56,83.98
Viviana Power,/company/VIVIANA/,VIVIANA,9.70,,,,,,,728.53,719.55
Yogi Ltd,/company/YOGI/consolidated/,YOGI,33.11,,,,,,,724.95,161.10
Credent Connect N Care,/company/CREDENT/consolidated/,CREDENT,25.56,,,,,,,724.18,397.40
Qualitek Labs,/company/544091/consolidated/,544091,26.90,,,,,,,723.59,621.00
RBZ Jewellers Lt,/company/RBZJEWEL/,RBZJEWEL,9.14,,,,,,,723.48,180.87
Bajaj Steel Inds,/company/BAJAJST/consolidated/,BAJAJST,10.54,,,,,,,722.28,347.25
Amanta Healthcar,/company/AMANTA/,AMANTA,13.97,,,,,,,722.23,186.00
Axtel Industries,/company/AXTEL/,AXTEL,14.98,,,,,,,720.67,446.10
Ugar Sugar Works,/company/UGARSUGAR/,UGARSUGAR,10.29,,,,,,,720.34,64.03
Saakshi Medtech,/company/SAAKSHI/,SAAKSHI,32.64,,,,,,,719.20,365.70
Vasa Denticity,/company/DENTALKART/,DENTALKART,40.12,,,,,,,718.02,414.00
Parth Electrical,/company/PARTH/,PARTH,29.07,,,,,,,718.02,514.05
JITF Infra Logis,/company/JITFINFRA/consolidated/,JITFINFRA,6.82,,,,,,,717.52,279.15
B C C Fuba India,/company/517246/,517246,49.04,,,,,,,716.07,294.25
Kellton Tech,/company/KELLTONTEC/consolidated/,KELLTONTEC,6.07,,,,,,,715.27,13.46
India Finsec,/company/535667/consolidated/,535667,14.13,,,,,,,715.20,245.00
TVS Elec.,/company/TVSELECT/,TVSELECT,37.06,,,,,,,714.87,383.30
Lotus Chocolate,/company/LOTUSCHO/,LOTUSCHO,52.36,,,,,,,714.67,556.60
L. T. Elevator,/company/544518/consolidated/,544518,26.13,,,,,,,712.74,335.20
Modi's Navnirman,/company/MODIS/,MODIS,17.78,,,,,,,711.36,363.10
Sunita Tools Ltd,/company/544001/,544001,72.82,,,,,,,711.04,1132.15
Jindal Supreme,/company/JSIPL/,JSIPL,19.73,,,,,,,708.77,138.91
Jayant Agro Org.,/company/JAYAGROGN/consolidated/,JAYAGROGN,7.09,,,,,,,704.52,234.84
Popular Vehicles,/company/PVSL/consolidated/,PVSL,8.60,,,,,,,702.51,98.67
Rajapalayam Mill,/company/RAJPALAYAM/consolidated/,RAJPALAYAM,11.87,,,,,,,702.35,761.75
Manba Finance,/company/MANBA/,MANBA,8.53,,,,,,,700.09,139.35
Kamat Hotels,/company/KAMATHOTEL/consolidated/,KAMATHOTEL,7.48,,,,,,,699.06,237.13
Indef Manufactur,/company/BAJAJINDEF/consolidated/,BAJAJINDEF,22.97,,,,,,,697.89,218.09
Enkei Wheels,/company/ENKEIWHEL/,ENKEIWHEL,7.94,,,,,,,697.79,388.20
Apis India,/company/506166/consolidated/,506166,18.42,,,,,,,697.71,50.65
TransIndia Real,/company/TREL/consolidated/,TREL,10.52,,,,,,,695.81,28.32
Automotive Stamp,/company/ASAL/,ASAL,12.60,,,,,,,695.46,438.50
Kuantum Papers,/company/KUANTUM/,KUANTUM,8.95,,,,,,,694.53,79.59
Shiv Aum Steels,/company/SHIVAUM/,SHIVAUM,37.19,,,,,,,693.82,510.15
Veefin Solutions,/company/543931/consolidated/,543931,9.39,,,,,,,692.50,271.15
Sreeleathers,/company/SREEL/,SREEL,15.11,,,,,,,691.20,298.51
Cheviot Company,/company/CHEVIOT/,CHEVIOT,7.13,,,,,,,690.98,1182.80
Global Education,/company/GLOBAL/,GLOBAL,18.54,,,,,,,689.21,135.40
Patel Retail,/company/PATELRMART/,PATELRMART,9.53,,,,,,,688.99,206.28
Manaksia Steels,/company/MANAKSTEEL/,MANAKSTEEL,8.34,,,,,,,688.63,105.08
Veegaland Developers,/company/VEEGALAND/,VEEGALAND,17.36,,,,,,,688.16,141.16
OSEL Devices,/company/OSELDEVICE/,OSELDEVICE,14.10,,,,,,,686.69,385.90
Chembond Chemic.,/company/CHEMBONDCH/consolidated/,CHEMBONDCH,11.96,,,,,,,685.73,254.95
Advent Hotels,/company/ADVENTHTL/consolidated/,ADVENTHTL,9.83,,,,,,,684.80,126.95
Xchanging Sol.,/company/XCHANGING/consolidated/,XCHANGING,5.31,,,,,,,684.24,61.42
Technocrats Plasma,/company/544877/,544877,26.43,,,,,,,683.55,390.60
Exato Technologies,/company/544626/,544626,23.12,,,,,,,681.53,677.10
Z F Steering,/company/ZFSTEERING/consolidated/,ZFSTEERING,8.76,,,,,,,681.02,750.85
India Power Corp,/company/DPSCLTD/consolidated/,DPSCLTD,10.79,,,,,,,678.73,6.97
Jagatjit Inds.,/company/507155/consolidated/,507155,14.99,,,,,,,678.58,145.05
Valiant Laborato,/company/VALIANTLAB/consolidated/,VALIANTLAB,20.04,,,,,,,678.20,124.87
Praveg,/company/PRAVEG/consolidated/,PRAVEG,14.27,,,,,,,677.70,259.25
Emami Paper,/company/EMAMIPAP/,EMAMIPAP,6.02,,,,,,,676.81,111.87
Tuticorin Alkali,/company/TUTIALKA/,TUTIALKA,12.55,,,,,,,676.31,55.51
Pasupati Acrylon,/company/PASUPTAC/,PASUPTAC,4.71,,,,,,,676.23,75.87
Everest Inds.,/company/EVERESTIND/consolidated/,EVERESTIND,1340.31,,,,,,,675.93,426.30
BEML Land Assets,/company/BLAL/,BLAL,624.49,,,,,,,674.47,161.96
Euro India Fresh,/company/EIFFL/,EIFFL,42.42,,,,,,,673.82,271.70
GEE,/company/504028/,504028,19.12,,,,,,,672.84,129.45
Adit.Birla Money,/company/BIRLAMONEY/,BIRLAMONEY,7.18,,,,,,,671.72,118.87
Satia Industries,/company/SATIA/,SATIA,5.18,,,,,,,670.00,67.00
Maxgrow India,/company/521167/consolidated/,521167,1.13,,,,,,,668.08,167.25
CWD,/company/543378/consolidated/,543378,25.39,,,,,,,666.41,292.80
Softtech Enginee,/company/SOFTTECH/consolidated/,SOFTTECH,18.09,,,,,,,664.15,479.80
Indo Farm Equip.,/company/INDOFARM/consolidated/,INDOFARM,11.31,,,,,,,663.88,138.16
Sheetal Cool,/company/SCPL/,SCPL,15.70,,,,,,,663.71,632.10
Proventus Agro.,/company/PROV/consolidated/,PROV,33.37,,,,,,,663.23,1920.50
Cellecor Gadgets,/company/CELLECOR/,CELLECOR,10.73,,,,,,,658.09,29.60
Bizotic Commer.,/company/543926/,543926,25.27,,,,,,,657.60,113.67
Z-Tech (India),/company/ZTECH/,ZTECH,13.77,,,,,,,656.72,441.60
S T C,/company/STCINDIA/consolidated/,STCINDIA,35.80,,,,,,,656.10,109.35
Shivalik Rasayan,/company/SHIVALIK/consolidated/,SHIVALIK,14.74,,,,,,,654.84,408.45
Allied Digital,/company/ADSL/consolidated/,ADSL,7.97,,,,,,,654.43,115.52
Influx Health.,/company/INFLUX/,INFLUX,20.08,,,,,,,651.57,281.45
Ecos (India),/company/ECOSMOBLTY/consolidated/,ECOSMOBLTY,5.91,,,,,,,650.52,108.42
Fabtech Tech.,/company/FABTECH/consolidated/,FABTECH,7.44,,,,,,,648.23,145.83
Best Agrolife,/company/BESTAGRO/consolidated/,BESTAGRO,7.38,,,,,,,646.92,18.24
Ganesh Consumer,/company/GANESHCP/,GANESHCP,5.93,,,,,,,646.36,159.94
Foce India,/company/FOCE/consolidated/,FOCE,33.73,,,,,,,644.69,549.00
Shalimar Paints,/company/SHALPAINTS/consolidated/,SHALPAINTS,-36.08,,,,,,,643.32,76.85
PNGS Gargi FJ,/company/543709/,543709,12.86,,,,,,,643.19,614.30
Onward Technolog,/company/ONWARDTEC/consolidated/,ONWARDTEC,7.17,,,,,,,640.00,287.65
Coffee Day Enter,/company/COFFEEDAY/consolidated/,COFFEEDAY,6.95,,,,,,,639.88,30.29
Laxmi India Fin.,/company/LAXMIINDIA/,LAXMIINDIA,8.37,,,,,,,639.51,122.06
True Green,/company/533407/,533407,9.83,,,,,,,637.89,193.55
Voith Paper,/company/VOITHPAPR/,VOITHPAPR,5.19,,,,,,,636.55,1450.00
Bai-Kakaji Poly.,/company/544670/,544670,11.66,,,,,,,636.46,297.35
GTPL Hathway,/company/GTPL/consolidated/,GTPL,2.49,,,,,,,636.20,56.57
Hy-Tech Engineer,/company/HTEL/,HTEL,14.10,,,,,,,635.80,67.03
KRM Ayurveda,/company/KRMAYURVED/,KRMAYURVED,20.10,,,,,,,635.06,298.70
T.V. Today Netw.,/company/TVTODAY/consolidated/,TVTODAY,8.06,,,,,,,634.64,106.36
Hardwyn India,/company/HARDWYN/,HARDWYN,32.57,,,,,,,633.88,9.27
Kanpur Plastipa.,/company/KANPRPLA/,KANPRPLA,9.10,,,,,,,632.62,257.45
Sharat Industrie,/company/SHINDL/,SHINDL,18.22,,,,,,,631.98,161.16
Swastika Infra,/company/id/1286193/,id,9.81,,,,,,,631.22,
GFL,/company/GFLLIMITED/consolidated/,GFLLIMITED,8.87,,,,,,,629.33,57.29
Prakash Pipes,/company/PPL/,PPL,7.02,,,,,,,629.17,263.05
Magna Electrocas,/company/517449/,517449,19.16,,,,,,,628.00,1483.90
Systematic Inds.,/company/544541/,544541,15.44,,,,,,,627.51,281.00
Uniphos Enter.,/company/UNIENTER/,UNIENTER,29.03,,,,,,,626.65,90.10
Kinetic Engg.,/company/500240/consolidated/,500240,278.94,,,,,,,624.47,232.05
Fabtech Cleanrooms,/company/544332/consolidated/,544332,26.48,,,,,,,622.68,505.45
Empire Inds.,/company/EMPIND/,EMPIND,6.02,,,,,,,622.44,1037.40
Innovana Think.,/company/INNOVANA/consolidated/,INNOVANA,13.19,,,,,,,621.87,301.00
Integra Engg.,/company/505358/consolidated/,505358,23.01,,,,,,,621.37,180.50
Saurashtra Cem.,/company/SAURASHCEM/consolidated/,SAURASHCEM,8.80,,,,,,,620.09,55.72
Subam Papers,/company/544267/consolidated/,544267,18.21,,,,,,,618.28,225.00
Sugs Lloyd,/company/544501/,544501,13.70,,,,,,,616.45,265.55
Aries Agro,/company/ARIES/consolidated/,ARIES,6.81,,,,,,,615.50,473.30
Delton Cables,/company/504240/,504240,9.97,,,,,,,613.83,710.45
Prabhatam Infra Venture Venture,/company/531647/,531647,-6841.00,,,,,,,613.66,27.70
Primo Chemicals,/company/PRIMO/consolidated/,PRIMO,8.36,,,,,,,612.64,25.28
SMT Engineering,/company/538563/consolidated/,538563,15.54,,,,,,,612.57,339.00
Arvaya Healthcare,/company/524723/consolidated/,524723,,,,,,,,611.56,127.35
Sutlej Textiles,/company/SUTLEJTEX/consolidated/,SUTLEJTEX,13.20,,,,,,,611.24,37.31
South West Pinn.,/company/SOUTHWEST/consolidated/,SOUTHWEST,9.30,,,,,,,609.63,186.71
TIPCO Engineering,/company/544740/,544740,15.14,,,,,,,608.59,293.05
Glottis,/company/GLOTTIS/,GLOTTIS,9.66,,,,,,,606.35,65.62
Spel Semiconduct,/company/SPELS/,SPELS,720.87,,,,,,,606.29,131.46
Asian Hotels (W),/company/AHLWEST/consolidated/,AHLWEST,6.47,,,,,,,606.21,520.30
Gloster Ltd,/company/GLOSTERLTD/consolidated/,GLOSTERLTD,9.10,,,,,,,604.83,552.70
Innovision,/company/INNOVISION/consolidated/,INNOVISION,13.64,,,,,,,604.02,253.65
DIC India,/company/DICIND/,DICIND,9.57,,,,,,,602.60,656.50
Shish Industries,/company/540693/consolidated/,540693,48.27,,,,,,,601.28,14.25
Orient Bell,/company/ORIENTBELL/,ORIENTBELL,11.15,,,,,,,601.16,407.55
Sh. Rama Multi.,/company/SHREERAMA/,SHREERAMA,13.56,,,,,,,601.14,45.04
Maan Aluminium,/company/MAANALU/,MAANALU,20.07,,,,,,,600.93,100.18
Adroit Industries,/company/id/1286192/consolidated/,id,15.56,,,,,,,600.43,
Dhunseri Invest.,/company/DHUNINV/consolidated/,DHUNINV,5.03,,,,,,,599.23,982.80
Universus Photo,/company/UNIVPHOTO/consolidated/,UNIVPHOTO,-36.34,,,,,,,599.05,547.25
Susan Electrical,/company/544793/,544793,20.34,,,,,,,598.74,294.50
Pyramid Technopl,/company/PYRAMID/,PYRAMID,11.74,,,,,,,596.98,162.29
Artson,/company/522134/,522134,-91.28,,,,,,,596.81,161.65
Agarwal Indl.,/company/AGARIND/consolidated/,AGARIND,6.66,,,,,,,595.17,397.90
Aptus Pharma,/company/544529/,544529,79.32,,,,,,,595.11,347.00
C C C L,/company/CCCL/consolidated/,CCCL,80.21,,,,,,,595.08,13.32
Anlon Tech,/company/ANLON/,ANLON,27.72,,,,,,,594.03,791.00
Shraddha Prime,/company/SHRADDHA/,SHRADDHA,8.85,,,,,,,593.77,146.97
Cryogenic OGS,/company/544440/,544440,43.26,,,,,,,592.55,414.95
FratelliVineyard,/company/541741/consolidated/,541741,-522.99,,,,,,,591.01,135.95
Mallcom (India),/company/MALLCOM/consolidated/,MALLCOM,12.37,,,,,,,590.83,946.85
Black Rose Indus,/company/BLACKROSE/consolidated/,BLACKROSE,13.23,,,,,,,590.68,115.82
Chandan Healthca,/company/CHANDAN/consolidated/,CHANDAN,10.34,,,,,,,589.78,241.20
Ksolves India,/company/KSOLVES/,KSOLVES,11.75,,,,,,,589.45,248.50
Axentra Corp,/company/511634/consolidated/,511634,,,,,,,,588.24,298.60
Blue Water,/company/BLUEWATER/,BLUEWATER,11.07,,,,,,,588.23,534.75
SK Minerals & Additives,/company/544584/,544584,20.48,,,,,,,587.52,480.00
ACS Tech,/company/ACSTECH/consolidated/,ACSTECH,25.29,,,,,,,585.91,84.38
Mawana Sugars,/company/MAWANASUG/consolidated/,MAWANASUG,10.45,,,,,,,585.39,149.64
Snowman Logistic,/company/SNOWMAN/,SNOWMAN,8.93,,,,,,,583.30,34.91
Orbit Exports,/company/ORBTEXP/consolidated/,ORBTEXP,8.22,,,,,,,582.21,226.90
Satani Bearings,/company/505703/,505703,3876.53,,,,,,,581.60,290.80
Vishal Nirmiti,/company/id/1286230/,id,11.81,,,,,,,580.60,
Sonaselection India,/company/SONA/,SONA,9.25,,,,,,,579.94,102.05
KSE,/company/KSE/,KSE,7.63,,,,,,,578.43,180.76
Sh. Jagdamba Pol,/company/SHRJAGP/,SHRJAGP,7.62,,,,,,,578.25,660.25
Om Power Transmission,/company/OMPOWER/,OMPOWER,10.36,,,,,,,578.19,168.84
Aerpace Indus,/company/534733/consolidated/,534733,-41.11,,,,,,,576.66,37.48
Mold-Tek Technol,/company/MOLDTECH/consolidated/,MOLDTECH,17.87,,,,,,,576.33,200.08
Nahar Indl. Ent.,/company/NAHARINDUS/consolidated/,NAHARINDUS,6.58,,,,,,,574.20,132.90
Sancode Tech.,/company/543897/consolidated/,543897,955.03,,,,,,,574.08,770.00
Sayaji Hotels,/company/SAYAJIHOTL/consolidated/,SAYAJIHOTL,24.02,,,,,,,572.84,327.00
Raksan Transformers,/company/544924/,544924,12.51,,,,,,,572.79,274.15
Hind.Composites,/company/HINDCOMPOS/consolidated/,HINDCOMPOS,18.84,,,,,,,572.08,387.35
Orient Ceratech,/company/ORIENTCER/consolidated/,ORIENTCER,9.68,,,,,,,571.88,47.80
Vakrangee,/company/VAKRANGEE/consolidated/,VAKRANGEE,15.44,,,,,,,571.06,5.27
NBI Indl. Fin.,/company/NBIFIN/,NBIFIN,30.65,,,,,,,569.22,1926.40
Msafe Equipments,/company/544695/,544695,12.69,,,,,,,568.75,278.80
Triton Valves,/company/TRITONV/consolidated/,TRITONV,15.72,,,,,,,568.04,1109.00
Hitech Corp.,/company/HITECHCORP/consolidated/,HITECHCORP,8.46,,,,,,,567.06,330.15
BIGBLOC Const.,/company/BIGBLOC/consolidated/,BIGBLOC,27.35,,,,,,,566.44,40.01
Megamont,/company/523888/consolidated/,523888,41.00,,,,,,,566.08,196.00
Niyogin Fintech,/company/538772/consolidated/,538772,17.29,,,,,,,565.69,50.85
Goel Construct.,/company/544504/,544504,6.09,,,,,,,563.61,390.05
Stellant Secu.,/company/526071/,526071,10.59,,,,,,,562.74,989.70
OnMobile Global,/company/ONMOBILE/consolidated/,ONMOBILE,64.66,,,,,,,561.66,52.81
Simplex Castings,/company/513472/,513472,14.47,,,,,,,561.65,137.00
Grover Jewells,/company/GJL/,GJL,19.33,,,,,,,561.36,386.95
Priority Jewels,/company/PRIORITY/,PRIORITY,19.19,,,,,,,561.11,311.73
Mazda,/company/MAZDA/,MAZDA,12.32,,,,,,,560.80,280.05
Cospower Engine.,/company/543172/,543172,25.22,,,,,,,560.13,3050.00
H T Media,/company/HTMEDIA/consolidated/,HTMEDIA,4.05,,,,,,,560.05,24.06
Nahar Poly,/company/NAHARPOLY/consolidated/,NAHARPOLY,5.32,,,,,,,559.82,227.68
E to E Transportation,/company/E2ERAIL/consolidated/,E2ERAIL,14.54,,,,,,,556.21,322.30
Uday Jewellery,/company/UDAYJEW/,UDAYJEW,13.01,,,,,,,554.76,162.91
Linc,/company/LINC/,LINC,8.81,,,,,,,554.62,93.23
Peninsula Land,/company/PENINLAND/consolidated/,PENINLAND,55.12,,,,,,,553.99,16.70
Panchmahal Steel,/company/PANCHMAHQ/,PANCHMAHQ,26.58,,,,,,,553.51,290.10
Kiran Vyapar,/company/KIRANVYPAR/consolidated/,KIRANVYPAR,16.08,,,,,,,548.82,201.15
Concord Enviro,/company/CEWATER/consolidated/,CEWATER,18.75,,,,,,,547.31,264.45
Bhatia Communic.,/company/540956/,540956,16.50,,,,,,,542.07,38.54
HP Telecom,/company/HPTL/,HPTL,13.38,,,,,,,540.93,454.00
Lakshmi Mills,/company/LAKSHMIMIL/,LAKSHMIMIL,17.61,,,,,,,537.94,7729.00
Workmates Core2,/company/544610/,544610,20.33,,,,,,,535.42,414.45
High Energy Bat.,/company/504176/,504176,25.51,,,,,,,534.47,596.25
Hindustan Media,/company/HMVL/consolidated/,HMVL,2.77,,,,,,,532.20,72.24
Virat Industries,/company/VIRAT/,VIRAT,47.18,,,,,,,529.67,364.70
Riddhi Siddhi Gl,/company/524480/consolidated/,524480,14.14,,,,,,,529.67,742.90
Captain Techno.,/company/540652/consolidated/,540652,26.48,,,,,,,529.42,228.00
Aptech,/company/APTECHT/consolidated/,APTECHT,10.42,,,,,,,529.10,91.22
CSM Technologies,/company/CSM/consolidated/,CSM,12.33,,,,,,,528.16,102.35
Plastiblends (I),/company/PLASTIBLEN/,PLASTIBLEN,7.32,,,,,,,527.55,202.99
Mangalam Global,/company/MGEL/consolidated/,MGEL,8.76,,,,,,,526.96,15.99
Committed Cargo,/company/COMMITTED/consolidated/,COMMITTED,28.60,,,,,,,526.07,322.55
Supreme Power,/company/SUPREMEPWR/,SUPREMEPWR,18.14,,,,,,,526.06,210.50
IL&FS Engg.,/company/IL&FSENGG/consolidated/,IL&FSENGG,135.31,,,,,,,524.48,40.00
Dhabriya Poly.,/company/DHABRIYA/consolidated/,DHABRIYA,9.99,,,,,,,524.11,484.20
Haz.Multi Proj.,/company/HAZOOR/consolidated/,HAZOOR,3.44,,,,,,,523.94,19.36
CLN Energy,/company/544347/,544347,13.80,,,,,,,523.44,496.00
Taurian MPS,/company/TAURIAN/,TAURIAN,21.82,,,,,,,523.22,589.00
Ganesh Green,/company/GGBL/,GGBL,4.87,,,,,,,521.69,210.35
Pajson Agro,/company/544657/,544657,13.22,,,,,,,521.43,219.00
Intl. Conveyors,/company/INTLCONV/consolidated/,INTLCONV,3.14,,,,,,,517.71,81.17
Munjal Showa,/company/MUNJALSHOW/,MUNJALSHOW,11.34,,,,,,,516.74,129.20
Optivalue Tek,/company/OPTIVALUE/,OPTIVALUE,27.02,,,,,,,515.87,220.35
Urja Global,/company/URJA/consolidated/,URJA,212.82,,,,,,,515.03,8.95
TPL Plastech,/company/TPLPLASTEH/,TPLPLASTEH,10.60,,,,,,,513.65,65.85
Oswal Green Tech,/company/OSWALGREEN/,OSWALGREEN,10.72,,,,,,,513.36,19.99
Vipul Organics,/company/530627/consolidated/,530627,27.16,,,,,,,512.38,268.90
S Chand & Compan,/company/SCHAND/consolidated/,SCHAND,3.34,,,,,,,512.08,145.18
KN Agri Resource,/company/KNAGRI/consolidated/,KNAGRI,8.49,,,,,,,511.88,204.76
KD Green Industries,/company/KDGREEN/consolidated/,KDGREEN,32.11,,,,,,,508.57,50.10
Chemfab Alka.,/company/CHEMFAB/consolidated/,CHEMFAB,17.82,,,,,,,506.89,352.65
PTL Enterprises,/company/PTL/,PTL,7.47,,,,,,,506.21,38.24
Pansari Develop.,/company/PANSARI/consolidated/,PANSARI,18.57,,,,,,,505.87,289.95
3i Infotech,/company/3IINFOLTD/consolidated/,3IINFOLTD,7.44,,,,,,,505.03,24.35
VISA Chrome,/company/VISACHROME/consolidated/,VISACHROME,136.19,,,,,,,503.56,34.54
Transchem,/company/500422/,500422,52.95,,,,,,,501.53,409.75
Mindteck (India),/company/MINDTECK/consolidated/,MINDTECK,7.89,,,,,,,500.24,156.55
S J Logistics (I,/company/SJLOGISTIC/consolidated/,SJLOGISTIC,5.10,,,,,,,500.09,316.05
Sukhjit Starch,/company/SUKHJITS/consolidated/,SUKHJITS,7.54,,,,,,,499.47,159.86
HRS Aluglaze,/company/544656/,544656,29.58,,,,,,,499.02,258.80
Albert David,/company/ALBERTDAVD/,ALBERTDAVD,12.35,,,,,,,498.94,873.80
Univastu India,/company/UNIVASTU/consolidated/,UNIVASTU,10.43,,,,,,,496.91,138.08
GP Eco Solutions,/company/GPECO/consolidated/,GPECO,9.35,,,,,,,495.72,402.05
DC Infotech,/company/DCI/,DCI,14.20,,,,,,,495.28,302.00
Kavveri Defence,/company/KAVDEFENCE/consolidated/,KAVDEFENCE,-633.86,,,,,,,495.06,82.34
Digilogic Systems,/company/544684/,544684,28.09,,,,,,,494.48,170.80
Manika Plastech,/company/MANIKA/consolidated/,MANIKA,9.89,,,,,,,493.08,42.32
Zee Media,/company/ZEEMEDIA/consolidated/,ZEEMEDIA,4.71,,,,,,,492.88,7.52
Goodricke Group,/company/500166/,500166,7.16,,,,,,,492.48,228.00
Parmeshwar Metal,/company/544330/,544330,11.11,,,,,,,491.32,321.00
United Drilling,/company/UNIDT/,UNIDT,14.24,,,,,,,490.75,241.71
The Invest.Trust,/company/THEINVEST/consolidated/,THEINVEST,3.70,,,,,,,490.35,93.86
CSL Finance,/company/CSLFINANCE/,CSLFINANCE,6.09,,,,,,,490.26,215.19
Connplex Cinemas,/company/CONNPLEX/,CONNPLEX,12.79,,,,,,,489.92,256.50
Trident Lifeline,/company/543616/consolidated/,543616,13.92,,,,,,,487.49,407.70
Sotefin Bharat,/company/544832/,544832,17.11,,,,,,,486.79,268.05
Rays of Belief,/company/MOMSBELIEF/consolidated/,MOMSBELIEF,38.38,,,,,,,486.70,232.85
IRIS Regtech Solutions,/company/IRIS/consolidated/,IRIS,23.03,,,,,,,485.29,235.94
Shardul Sec.,/company/SHARDUL/consolidated/,SHARDUL,14.82,,,,,,,484.71,55.40
Singer India,/company/SINGERIND/,SINGERIND,13.42,,,,,,,482.82,77.60
Aryaman Capital,/company/538716/,538716,15.09,,,,,,,481.48,402.00
Kaya Ltd,/company/KAYA/consolidated/,KAYA,-51.07,,,,,,,481.14,316.80
Khaitan Chemical,/company/KHAICHEM/,KHAICHEM,7.23,,,,,,,480.97,49.59
SIL Investments,/company/SILINV/consolidated/,SILINV,7.15,,,,,,,480.13,452.95
Purple Finance,/company/544191/,544191,43.37,,,,,,,479.10,71.36
Chavda Infra Ltd,/company/CHAVDA/,CHAVDA,10.25,,,,,,,478.74,73.30
Paradeep Pari.,/company/544383/,544383,9.53,,,,,,,475.95,299.00
Asahi Songwon,/company/ASAHISONG/consolidated/,ASAHISONG,7.95,,,,,,,474.73,402.75
Australian Prem,/company/APS/,APS,5.19,,,,,,,474.47,235.35
Azad India,/company/AZADIND/consolidated/,AZADIND,112.56,,,,,,,473.82,87.03
Purple United,/company/PURPLEUTED/,PURPLEUTED,15.57,,,,,,,473.43,492.65
PropshareTitania,/company/544462/consolidated/,544462,17.14,,,,,,,472.97,1060000.00
Rushil Decor,/company/RUSHIL/,RUSHIL,7.48,,,,,,,472.40,16.10
Ent.Network,/company/ENIL/consolidated/,ENIL,7.57,,,,,,,472.27,99.07
Credo Brands,/company/MUFTI/,MUFTI,3.90,,,,,,,471.75,72.14
Aqylon Nexus,/company/AQYLON/,AQYLON,77.95,,,,,,,470.92,18.56
B&B Triplewall,/company/BBTCL/,BBTCL,6.52,,,,,,,469.75,229.02
Sigma Solve,/company/SIGMA/consolidated/,SIGMA,10.89,,,,,,,468.76,45.61
Mangal Credit,/company/MANCREDIT/,MANCREDIT,12.21,,,,,,,468.58,221.93
Nurture Well Industries,/company/531889/consolidated/,531889,6.08,,,,,,,468.01,20.10
Maxvolt Energy,/company/MAXVOLT/,MAXVOLT,13.82,,,,,,,464.62,426.10
Recode Studios,/company/544755/,544755,28.02,,,,,,,462.28,434.30
Megatherm Indu.,/company/MEGATHERM/,MEGATHERM,11.34,,,,,,,461.50,244.95
Arham Tech,/company/ARHAM/consolidated/,ARHAM,25.50,,,,,,,460.45,211.10
Acme India,/company/id/1286225/consolidated/,id,14.54,,,,,,,460.06,
Sar Televenture,/company/SARTELE/consolidated/,SARTELE,4.48,,,,,,,459.60,91.65
Shree Rama News.,/company/RAMANEWS/,RAMANEWS,136.89,,,,,,,458.79,31.10
R K Swamy,/company/RKSWAMY/consolidated/,RKSWAMY,6.43,,,,,,,457.40,90.59
Filtron Engineer,/company/531191/consolidated/,531191,68.00,,,,,,,457.32,72.00
Oswal Agro Mills,/company/OSWALAGRO/consolidated/,OSWALAGRO,188.73,,,,,,,456.38,34.00
Shiva Cement,/company/SHIVACEM/,SHIVACEM,55.70,,,,,,,456.37,15.47
Prevest Denpro,/company/543363/,543363,11.97,,,,,,,456.17,380.05
Haleos Labs Limited,/company/HALEOSLABS/consolidated/,HALEOSLABS,12.78,,,,,,,454.04,1501.80
Emerald Leisures,/company/507265/,507265,82.08,,,,,,,453.56,302.00
Akiko,/company/AKIKO/consolidated/,AKIKO,14.67,,,,,,,453.40,421.00
BMW Ventures,/company/BMWVENTLTD/,BMWVENTLTD,8.05,,,,,,,452.39,52.17
Rajasthan Securities,/company/526873/,526873,4.95,,,,,,,452.02,58.80
Cords Cable,/company/CORDSCABLE/,CORDSCABLE,7.87,,,,,,,450.92,348.80
Modi Naturals,/company/MODINATUR/consolidated/,MODINATUR,7.68,,,,,,,450.69,338.70
Mcleod Russel,/company/MCLEODRUSS/consolidated/,MCLEODRUSS,506.12,,,,,,,450.00,43.08
Pune e-Stock Broking,/company/544141/consolidated/,544141,10.40,,,,,,,447.55,255.00
B.R.Goyal Infra.,/company/544335/,544335,6.11,,,,,,,447.43,187.80
POCL Enterprises,/company/POEL/,POEL,8.23,,,,,,,447.15,145.34
Unifinz Capital,/company/541358/,541358,3.93,,,,,,,447.11,101.00
Vishal Fabrics,/company/VISHAL/,VISHAL,5.90,,,,,,,446.44,18.03
Devson Catalyst,/company/544823/,544823,25.36,,,,,,,446.23,328.40
AB Cotspin,/company/ABCOTS/,ABCOTS,12.96,,,,,,,446.02,203.07
Shriram AMC,/company/531359/,531359,-18.64,,,,,,,444.54,259.40
Advani Hotels.,/company/ADVANIHOTR/,ADVANIHOTR,12.39,,,,,,,443.15,47.94
Alufluoride,/company/ALUFLUOR/,ALUFLUOR,10.54,,,,,,,442.17,565.40
Bemco Hydraulics,/company/522650/consolidated/,522650,17.27,,,,,,,440.40,100.70
Elin Electronics,/company/ELIN/consolidated/,ELIN,9.20,,,,,,,440.27,88.57
Iware Supplych.,/company/IWARE/,IWARE,16.95,,,,,,,439.90,382.30
Mardia Samyoung,/company/513544/,513544,85.45,,,,,,,438.47,55.18
Agastya Energy,/company/AGASTYAEN/,AGASTYAEN,-25.44,,,,,,,437.03,72.42
Aarti Surfactant,/company/AARTISURF/consolidated/,AARTISURF,9.42,,,,,,,436.84,515.70
Dish TV India,/company/DISHTV/consolidated/,DISHTV,-2.03,,,,,,,436.39,2.37
Nila Spaces,/company/NILASPACES/consolidated/,NILASPACES,6.58,,,,,,,435.64,11.06
Sarveshwar Foods,/company/SARVESHWAR/consolidated/,SARVESHWAR,9.58,,,,,,,435.13,3.53
Vashu Bhagnani,/company/532011/consolidated/,532011,128.77,,,,,,,434.88,68.00
Shera Energy,/company/SHERA/consolidated/,SHERA,6.39,,,,,,,434.78,177.90
Sealmatic India,/company/543782/,543782,22.95,,,,,,,434.40,400.00
Rama Phosphates,/company/RAMAPHO/,RAMAPHO,6.18,,,,,,,432.60,122.25
Metalic Technoforge,/company/METALIC/,METALIC,19.04,,,,,,,432.32,180.25
Lancer Containe.,/company/LANCER/consolidated/,LANCER,10.54,,,,,,,432.01,11.62
Nityas Gems & Jewellery,/company/id/1286227/consolidated/,id,14.18,,,,,,,431.95,
HLV,/company/HLVLTD/,HLVLTD,10.84,,,,,,,430.50,6.53
Atvo Enterprises,/company/532090/,532090,1534.21,,,,,,,430.40,40.23
Donear Inds.,/company/DONEAR/,DONEAR,7.89,,,,,,,429.73,82.64
HCP Plastene,/company/526717/consolidated/,526717,7.67,,,,,,,429.70,401.90
Brahmaputra Inf.,/company/BRAHMINFRA/consolidated/,BRAHMINFRA,5.94,,,,,,,428.89,147.80
Omax Autos,/company/OMAXAUTO/,OMAXAUTO,4.69,,,,,,,428.31,200.24
Mahamaya Lifesc.,/company/544611/consolidated/,544611,14.00,,,,,,,428.31,183.00
Medicamen Biotec,/company/MEDICAMEQ/consolidated/,MEDICAMEQ,19.54,,,,,,,427.64,315.30
JD Cables,/company/544524/,544524,10.05,,,,,,,427.57,189.60
Guj Apollo Inds,/company/GUJAPOLLO/consolidated/,GUJAPOLLO,30.36,,,,,,,426.84,329.10
Shreeji Global,/company/SHETHJI/,SHETHJI,14.75,,,,,,,426.75,187.50
Marble City,/company/531281/consolidated/,531281,18.08,,,,,,,426.37,163.80
Lords Chloro,/company/LORDSCHLO/,LORDSCHLO,8.30,,,,,,,424.65,148.20
W S Inds.,/company/WSI/consolidated/,WSI,29.20,,,,,,,424.56,55.94
Adisoft Technol.,/company/ADISOFT/consolidated/,ADISOFT,12.58,,,,,,,423.45,259.50
Indo Thai Sec.,/company/INDOTHAI/consolidated/,INDOTHAI,3.48,,,,,,,423.22,31.86
Meenakshi (I),/company/544831/,544831,19.95,,,,,,,423.00,376.00
Balgopal Commer.,/company/539834/,539834,-69.41,,,,,,,422.76,181.85
Basilic Fly Stud,/company/BASILIC/consolidated/,BASILIC,4.99,,,,,,,422.68,167.30
Manaksia,/company/MANAKSIA/consolidated/,MANAKSIA,1.97,,,,,,,420.14,64.11
Frog Innovations,/company/FROG/consolidated/,FROG,231.34,,,,,,,419.42,269.65
Cybertech Sys.,/company/CYBERTECH/consolidated/,CYBERTECH,7.92,,,,,,,418.89,137.88
Jenburkt Pharma,/company/JENBURPH/,JENBURPH,7.27,,,,,,,418.38,948.00
Complete Sports and Management,/company/544900/,544900,16.59,,,,,,,417.78,203.20
VTM,/company/VTMLTD/,VTMLTD,17.27,,,,,,,417.66,41.53
Nahar Capital,/company/NAHARCAP/consolidated/,NAHARCAP,4.03,,,,,,,416.48,248.70
Vraj Iron,/company/VRAJ/consolidated/,VRAJ,6.00,,,,,,,416.37,126.24
Chandrima Mercan,/company/540829/,540829,90.72,,,,,,,415.80,12.48
Forbes & Co,/company/502865/consolidated/,502865,20.02,,,,,,,415.70,322.25
GVK Power Infra.,/company/GVKPIL/consolidated/,GVKPIL,-196.36,,,,,,,415.33,2.63
Neptune Pet.,/company/NEPTUNE/,NEPTUNE,9.86,,,,,,,414.79,183.10
Manomay Tex Indi,/company/MANOMAY/,MANOMAY,8.93,,,,,,,413.53,229.12
Repro India,/company/REPRO/consolidated/,REPRO,15.55,,,,,,,413.50,288.25
Veritas (India),/company/512229/consolidated/,512229,11.73,,,,,,,412.34,153.80
ANB Metal,/company/AMCL/,AMCL,13.79,,,,,,,411.26,347.50
Sheetal Univer.,/company/SHEETAL/consolidated/,SHEETAL,21.40,,,,,,,411.04,358.80
NILE,/company/NILE/,NILE,5.34,,,,,,,410.91,1369.70
TechD Cybersec.,/company/TECHD/,TECHD,18.20,,,,,,,409.93,548.05
Infinium Pharma,/company/INFINIUM/consolidated/,INFINIUM,15.98,,,,,,,408.43,262.10
Suratwwala Busi.,/company/SBGLP/consolidated/,SBGLP,8.11,,,,,,,408.40,23.55
Blue Pearl Agri,/company/514440/,514440,297.55,,,,,,,407.93,6.77
Modern Malleable,/company/517336/,517336,12.16,,,,,,,407.84,35.00
Remsons Ind,/company/REMSONSIND/consolidated/,REMSONSIND,8.92,,,,,,,407.38,116.80
DE Nora India,/company/DENORA/,DENORA,21.04,,,,,,,407.01,766.50
Davangere Sugar,/company/DAVANGERE/,DAVANGERE,12.82,,,,,,,407.01,2.40
Pelatro,/company/PELATRO/consolidated/,PELATRO,12.97,,,,,,,406.41,383.50
Kothari Products,/company/KOTHARIPRO/consolidated/,KOTHARIPRO,18.84,,,,,,,405.70,67.97
Vishnu Prakash R,/company/VPRPL/,VPRPL,-7.26,,,,,,,405.09,32.50
Sinclairs Hotels,/company/SINCLAIR/,SINCLAIR,17.30,,,,,,,404.75,78.96
Teamtech Formwork,/company/TEAMTECH/,TEAMTECH,23.29,,,,,,,404.68,135.00
Mach Travel Solutions,/company/544248/,544248,16.37,,,,,,,404.12,192.10
Sattrix Infor.,/company/544189/consolidated/,544189,29.99,,,,,,,403.21,355.30
Vinyl Chemicals,/company/VINYLINDIA/,VINYLINDIA,15.57,,,,,,,403.14,219.85
NDL Ventures,/company/NDLVENTURE/,NDLVENTURE,389.70,,,,,,,403.02,119.69
Kalind,/company/526935/,526935,7.39,,,,,,,402.24,4.40
Sayaji (Indore),/company/544080/,544080,21.91,,,,,,,402.15,1320.00
Trishakti Indus,/company/531279/,531279,16.97,,,,,,,402.09,238.00
Liberty Shoes,/company/LIBERTSHOE/,LIBERTSHOE,9.04,,,,,,,402.01,235.92
Ganesh Infra.,/company/GANESHIN/consolidated/,GANESHIN,5.87,,,,,,,401.38,91.70
Regency Fincorp,/company/540175/,540175,13.61,,,,,,,401.32,45.17
Focus Lighting,/company/FOCUS/,FOCUS,19.40,,,,,,,400.89,59.44
Mirza Internatio,/company/MIRZAINT/,MIRZAINT,30.96,,,,,,,399.68,28.92
Artemis Electri.,/company/AEPL/,AEPL,29.52,,,,,,,399.15,15.90
Quint Digital,/company/QUINT/consolidated/,QUINT,95.31,,,,,,,398.25,84.36
Sahyadri Industr,/company/SAHYADRI/,SAHYADRI,4.66,,,,,,,396.91,362.60
Nisus Finance,/company/544296/consolidated/,544296,4.16,,,,,,,396.50,166.05
Vegorama Punjabi,/company/544765/,544765,22.95,,,,,,,395.34,238.00
XT Global Infot.,/company/XTGLOBAL/consolidated/,XTGLOBAL,15.37,,,,,,,394.86,29.44
Batliboi,/company/BATLIBOI/consolidated/,BATLIBOI,13.78,,,,,,,394.77,83.59
Mangalam Organic,/company/MANORG/consolidated/,MANORG,8.40,,,,,,,393.02,458.90
Andhra Cements,/company/ACL/,ACL,65.20,,,,,,,392.93,42.63
Gokul Refoils,/company/GOKUL/consolidated/,GOKUL,9.32,,,,,,,392.91,39.69
Nikhil Adhesives,/company/526159/,526159,10.79,,,,,,,392.58,85.45
Forcas Studio,/company/FORCAS/,FORCAS,20.33,,,,,,,390.28,222.00
Sizemasters Tech,/company/513496/consolidated/,513496,63.55,,,,,,,390.00,390.00
Foods & Inns,/company/FOODSIN/consolidated/,FOODSIN,7.52,,,,,,,389.50,52.97
Kriti Nutrients,/company/KRITINUT/,KRITINUT,6.57,,,,,,,388.25,77.49
Emrock Corporation,/company/531676/,531676,186.38,,,,,,,387.51,244.95
Nicco Parks,/company/NICCOPAR/consolidated/,NICCOPAR,32.25,,,,,,,386.01,82.48
MKVentures Cap.,/company/514238/consolidated/,514238,35.13,,,,,,,384.10,999.35
Vishnusurya Pro.,/company/VISHNUINFR/consolidated/,VISHNUINFR,6.50,,,,,,,383.18,147.80
Divine Hira Jew.,/company/DIVINEHIRA/,DIVINEHIRA,36.54,,,,,,,382.02,97.60
Tara Chand Infra,/company/TARACHAND/,TARACHAND,4.72,,,,,,,381.99,48.46
Majestic Auto,/company/MAJESAUT/consolidated/,MAJESAUT,6.09,,,,,,,380.74,366.10
Nimbus Projects,/company/NIMBSPROJ/consolidated/,NIMBSPROJ,-31.92,,,,,,,380.71,197.07
Radiant Cash,/company/RADIANTCMS/consolidated/,RADIANTCMS,6.43,,,,,,,380.63,35.67
Captain Polyplas,/company/CPL/consolidated/,CPL,9.61,,,,,,,380.51,63.23
QMS Medical,/company/QMSMEDI/consolidated/,QMSMEDI,15.61,,,,,,,380.25,196.64
S & S Power Swit,/company/S&SPOWER/consolidated/,S&SPOWER,35.68,,,,,,,380.00,307.90
Madhusudan Masa,/company/MADHUSUDAN/,MADHUSUDAN,13.43,,,,,,,379.98,235.50
Suditi Industrie,/company/521113/consolidated/,521113,24.12,,,,,,,379.71,69.79
United Heat,/company/UHTL/,UHTL,34.75,,,,,,,379.41,199.65
Viji Finance,/company/VIJIFIN/,VIJIFIN,71.99,,,,,,,379.07,16.41
Indogulf Cropsci,/company/IGCL/consolidated/,IGCL,6.79,,,,,,,378.96,59.94
DigiSpice Tech.,/company/DIGISPICE/consolidated/,DIGISPICE,2.52,,,,,,,377.35,16.08
Markolines Pavem,/company/MARKOLINES/,MARKOLINES,9.36,,,,,,,376.97,169.78
Avonmore Capital,/company/AVONMORE/consolidated/,AVONMORE,8.70,,,,,,,376.43,13.34
Birla Precision,/company/BIRLAPREC/,BIRLAPREC,13.99,,,,,,,376.34,55.03
Nandan Denim,/company/NDL/,NDL,4.85,,,,,,,376.22,2.61
Oil Country,/company/OILCOUNTUB/,OILCOUNTUB,-264.01,,,,,,,375.36,72.20
Ebix,/company/EBIX/consolidated/,EBIX,5.10,,,,,,,374.59,17.48
P S Raj Steels,/company/PSRAJ/,PSRAJ,28.56,,,,,,,374.28,99.30
Almondz Global,/company/ALMONDZ/consolidated/,ALMONDZ,8.75,,,,,,,373.94,21.38
Hoac Foods,/company/HOACFOODS/,HOACFOODS,50.40,,,,,,,372.67,858.60
Banswara Syntex,/company/BANSWRAS/consolidated/,BANSWRAS,5.44,,,,,,,372.21,108.73
Muthoot Cap.Serv,/company/MUTHOOTCAP/,MUTHOOTCAP,8.80,,,,,,,371.98,226.16
Emmforce Auto.,/company/544166/consolidated/,544166,17.96,,,,,,,371.15,181.05
Autoline Industr,/company/AUTOIND/consolidated/,AUTOIND,7.62,,,,,,,370.85,81.73
Kwick Forensic,/company/544895/,544895,18.69,,,,,,,370.70,172.93
Innomet Advanced,/company/INNOMET/,INNOMET,64.66,,,,,,,370.61,286.40
Sera Investments,/company/512399/,512399,2.78,,,,,,,370.23,56.53
PropsharePlatina,/company/544295/consolidated/,544295,12.05,,,,,,,369.71,1100000.00
Jinkushal Indus.,/company/JKIPL/consolidated/,JKIPL,23.21,,,,,,,369.58,96.28
Thomas Scott,/company/THOMASCOTT/,THOMASCOTT,11.50,,,,,,,369.33,248.65
Euro Panel,/company/EUROBOND/,EUROBOND,9.12,,,,,,,368.87,150.56
Ace Soft. Exp.,/company/531525/consolidated/,531525,40.02,,,,,,,368.48,202.05
Bella Casa Fashi,/company/BELLACASA/,BELLACASA,11.90,,,,,,,368.13,274.98
Monarch Surve.,/company/544453/,544453,6.28,,,,,,,368.06,260.00
Tejassvi Aaharam,/company/531628/,531628,-1042.89,,,,,,,367.93,63.26
Naperol Invest.,/company/500298/,500298,32.56,,,,,,,367.92,640.20
Goa Carbon,/company/GOACARBON/,GOACARBON,-50.36,,,,,,,367.65,401.80
U. Y. Fincorp,/company/UYFINCORP/,UYFINCORP,4.27,,,,,,,367.54,19.32
Lehar Footwears,/company/532829/,532829,12.51,,,,,,,365.77,206.90
Transworld Shipp,/company/TRANSWORLD/consolidated/,TRANSWORLD,7.34,,,,,,,364.76,166.10
Shreedhar Spinners,/company/SHREEDHAR/,SHREEDHAR,26.73,,,,,,,364.55,170.05
Ecoline Exim,/company/ECOLINE/,ECOLINE,11.24,,,,,,,364.15,177.50
Menon Pistons,/company/MENNPIS/consolidated/,MENNPIS,7.06,,,,,,,364.09,71.39
Fluidomat,/company/522017/,522017,13.24,,,,,,,364.03,738.40
Capital Trade Lk,/company/538476/consolidated/,538476,30.11,,,,,,,364.00,28.27
Ginni Filaments,/company/GINNIFILA/,GINNIFILA,6.22,,,,,,,363.93,42.49
Hercules Investments,/company/505720/,505720,44.42,,,,,,,363.84,113.70
Suraj,/company/SURAJLTD/,SURAJLTD,18.22,,,,,,,363.76,198.08
Birla Cotsyn,/company/533006/,533006,-37.08,,,,,,,363.47,13.75
Starlineps Enter,/company/540492/,540492,35.80,,,,,,,362.44,8.41
RDB Infrastruc.,/company/533285/,533285,19.08,,,,,,,361.43,16.16
Andhra Petrochem,/company/500012/,500012,16.22,,,,,,,360.96,42.48
Virtual Galaxy,/company/VGINFOTECH/,VGINFOTECH,4.41,,,,,,,360.10,144.80
Kesoram Inds.,/company/KESORAMIND/consolidated/,KESORAMIND,-45.99,,,,,,,359.49,11.57
True Colors,/company/544531/,544531,8.44,,,,,,,359.46,145.80
Pakka,/company/PAKKA/consolidated/,PAKKA,15.26,,,,,,,357.80,75.06
Shemaroo Entert.,/company/SHEMAROO/consolidated/,SHEMAROO,-3.15,,,,,,,357.72,124.51
Moneyboxx Fin.,/company/MONEYBOXX/,MONEYBOXX,9.33,,,,,,,357.49,51.21
Bedmutha Indus.,/company/BEDMUTHA/consolidated/,BEDMUTHA,6.38,,,,,,,357.19,110.71
Emami Realty Ltd,/company/EMAMIREAL/consolidated/,EMAMIREAL,-26.94,,,,,,,355.91,68.40
Orient Paper,/company/ORIENTPPR/,ORIENTPPR,-44.46,,,,,,,355.62,16.76
Astonea Labs,/company/544409/,544409,28.40,,,,,,,355.27,338.00
Vardhman Acrylic,/company/VARDHACRLC/,VARDHACRLC,6.90,,,,,,,355.13,44.19
Kalyani Forge,/company/KALYANIFRG/,KALYANIFRG,12.68,,,,,,,354.63,974.25
Novus Loyalty,/company/544735/,544735,23.14,,,,,,,354.08,227.70
Akme Fintrade,/company/AFIL/,AFIL,6.33,,,,,,,353.56,8.04
Apex Ecotech,/company/APEXECO/,APEXECO,13.81,,,,,,,353.56,268.15
Shah Investor,/company/id/1286212/,id,8.69,,,,,,,353.26,
Kotyark Indust.,/company/KOTYARK/consolidated/,KOTYARK,8.68,,,,,,,352.78,31.20
Clay Craft India,/company/CLAYCRAFT/,CLAYCRAFT,7.89,,,,,,,352.16,171.20
P. H. Capital,/company/500143/,500143,-64.38,,,,,,,350.71,1169.00
Inspirisys Sol.,/company/INSPIRISYS/consolidated/,INSPIRISYS,8.33,,,,,,,350.53,88.48
Trejhara Solutio,/company/TREJHARA/consolidated/,TREJHARA,16.50,,,,,,,349.19,144.79
Evexia Lifecare,/company/524444/consolidated/,524444,535.82,,,,,,,349.18,1.86
Asarfi Hospital,/company/543943/,543943,9.93,,,,,,,349.08,177.40
Tracxn Technolo.,/company/TRACXN/,TRACXN,-75.96,,,,,,,348.99,32.63
Ashutosh Fibre,/company/ASHUTOSH/,ASHUTOSH,12.73,,,,,,,348.79,159.45
PPAP Automotive,/company/PPAP/consolidated/,PPAP,9.53,,,,,,,348.52,246.25
Felix Industries,/company/FELIX/consolidated/,FELIX,10.43,,,,,,,348.34,202.45
ABM Knowledge,/company/ABMKNO/consolidated/,ABMKNO,16.41,,,,,,,348.18,174.07
Tolins Tyres,/company/TOLINS/consolidated/,TOLINS,7.76,,,,,,,348.11,88.11
HCL Infosystems,/company/HCL-INSYS/consolidated/,HCL-INSYS,-15.52,,,,,,,347.97,10.57
Varvee Global,/company/VGL/,VGL,26.20,,,,,,,346.68,67.28
DCM Shriram Inds,/company/DCMSRIND/,DCMSRIND,8.32,,,,,,,345.45,39.71
KCP Sugar &Inds.,/company/KCPSUGIND/consolidated/,KCPSUGIND,7.19,,,,,,,343.90,30.33
Geekay Wires,/company/GEEKAYWIRE/,GEEKAYWIRE,8.79,,,,,,,343.87,32.90
Ponni Sug.Erode,/company/PONNIERODE/,PONNIERODE,5.20,,,,,,,343.76,399.80
Fundviser Capit.,/company/530197/consolidated/,530197,46.15,,,,,,,343.65,435.00
Rubfila Intl.,/company/RUBFILA/,RUBFILA,6.91,,,,,,,343.57,63.31
Gayatri Rubbers,/company/GRCL/,GRCL,39.53,,,,,,,343.08,597.90
iStreet Network,/company/524622/,524622,63.27,,,,,,,343.07,47.67
Ludlow Jute,/company/526179/,526179,11.91,,,,,,,342.43,317.95
GRE Renew,/company/544682/,544682,18.44,,,,,,,342.41,239.65
Super Sales Ind.,/company/512527/,512527,8.34,,,,,,,342.37,1115.20
VVIP Infratech,/company/544219/consolidated/,544219,6.49,,,,,,,342.33,137.10
C K K Retail,/company/CKKRETAIL/,CKKRETAIL,20.96,,,,,,,342.23,176.70
Mishtann Foods,/company/539594/consolidated/,539594,2.23,,,,,,,341.60,3.17
Dev Accele.,/company/DEVX/consolidated/,DEVX,5.30,,,,,,,340.39,35.97
Swiss Military,/company/SWISSMLTRY/,SWISSMLTRY,27.20,,,,,,,340.28,14.41
National Perox.,/company/544205/,544205,7.28,,,,,,,340.22,592.00
Encompass Design,/company/ENCOMPAS/,ENCOMPAS,16.09,,,,,,,340.12,239.80
Cineline India,/company/CINELINE/,CINELINE,7.15,,,,,,,339.93,89.19
Zodiac Energy,/company/ZODIAC/,ZODIAC,8.10,,,,,,,337.96,223.04
Simca Advertis.,/company/SIMCA/,SIMCA,13.85,,,,,,,337.42,281.85
Dreamfolks Servi,/company/DREAMFOLKS/consolidated/,DREAMFOLKS,-12.25,,,,,,,337.25,63.31
Stovec Inds.,/company/504959/,504959,24.11,,,,,,,337.19,1613.35
Agribio Spirits,/company/539546/consolidated/,539546,74.46,,,,,,,336.54,309.20
Kataria Indust.,/company/KATARIA/,KATARIA,15.76,,,,,,,335.46,155.80
Nureca,/company/NURECA/consolidated/,NURECA,25.74,,,,,,,335.40,351.50
DCM Nouvelle,/company/DCMNVL/consolidated/,DCMNVL,7.24,,,,,,,334.61,179.15
Essar Shipping,/company/ESSARSHPNG/consolidated/,ESSARSHPNG,56.64,,,,,,,333.65,16.12
Raghuvir Synth,/company/514316/consolidated/,514316,43.43,,,,,,,333.25,86.00
Covance Softsol,/company/544361/consolidated/,544361,6.90,,,,,,,333.07,150.40
Yash Optics,/company/YASHOPTICS/,YASHOPTICS,20.66,,,,,,,332.97,134.45
UVS Hospitality,/company/531652/consolidated/,531652,10.73,,,,,,,332.40,81.59
Remi Edelstahl,/company/513043/,513043,39.48,,,,,,,331.83,246.75
Gretex Industrie,/company/GRETEX/consolidated/,GRETEX,146.79,,,,,,,331.83,214.00
Silkflex Polymer,/company/SILKFLEX/,SILKFLEX,17.29,,,,,,,331.55,285.65
Smaart Tech Services,/company/523449/,523449,-58.52,,,,,,,331.38,127.75
Vega Jewellers,/company/512026/consolidated/,512026,5.12,,,,,,,330.93,65.04
Krishca Strapp.,/company/KRISHCA/,KRISHCA,13.31,,,,,,,329.47,206.85
Dynamic Services,/company/DYNAMIC/consolidated/,DYNAMIC,6.06,,,,,,,329.14,139.95
SBEC Sugar,/company/532102/consolidated/,532102,4.93,,,,,,,328.57,68.95
Systango Tech,/company/SYSTANGO/consolidated/,SYSTANGO,8.06,,,,,,,326.89,222.85
Hindustan Motors,/company/500500/,500500,72.04,,,,,,,326.76,15.66
Talbros Engg.,/company/538987/,538987,7.30,,,,,,,326.70,643.55
Jay Ushin,/company/513252/,513252,9.46,,,,,,,326.32,845.40
MBL Infrast,/company/MBLINFRA/consolidated/,MBLINFRA,10.32,,,,,,,326.15,21.12
Creative Graphic,/company/CGRAPHICS/consolidated/,CGRAPHICS,11.08,,,,,,,325.55,134.05
RDB Real Estate,/company/RRECL/consolidated/,RRECL,39.56,,,,,,,324.65,123.40
Pipan Oils,/company/538537/,538537,-212.59,,,,,,,324.53,185.15
Hi-Green Carbon,/company/HIGREEN/consolidated/,HIGREEN,15.17,,,,,,,323.62,129.50
Annu Projects,/company/ANNU/,ANNU,6.80,,,,,,,323.08,49.33
Kriti Industries,/company/KRITI/consolidated/,KRITI,13.81,,,,,,,322.55,61.21
Shankara Building,/company/SHANKARA/consolidated/,SHANKARA,15.26,,,,,,,322.47,132.98
Career Point Edu,/company/CPEDU/,CPEDU,9.91,,,,,,,322.27,177.14
Scan Steels,/company/SCANSTL/,SCANSTL,7.07,,,,,,,322.02,53.01
Admach Systems,/company/544669/,544669,23.15,,,,,,,321.71,475.00
Supershakti Met.,/company/541701/consolidated/,541701,8.12,,,,,,,321.56,279.00
HP Adhesives,/company/HPAL/,HPAL,32.71,,,,,,,321.19,34.96
Aastha Spintex,/company/AASTHA/,AASTHA,7.76,,,,,,,321.00,72.72
Shah Metacorp,/company/SHAH/consolidated/,SHAH,23.34,,,,,,,319.54,3.22
Harri. Malayalam,/company/HARRMALAYA/consolidated/,HARRMALAYA,9.13,,,,,,,318.60,172.59
Agarwal Toughene,/company/AGARWALTUF/,AGARWALTUF,10.00,,,,,,,318.02,164.55
Rotographics (I),/company/539922/,539922,190.57,,,,,,,317.74,48.32
Shanti Inorgan.,/company/SHANTIINOR/,SHANTIINOR,20.33,,,,,,,317.01,183.80
AksharChem (I),/company/AKSHARCHEM/,AKSHARCHEM,12.68,,,,,,,316.83,394.40
Hind.Organ.Chem.,/company/500449/consolidated/,500449,18.43,,,,,,,315.83,47.02
Bhavik Enterpris,/company/544551/,544551,11.48,,,,,,,315.55,155.00
Ucal,/company/UCAL/consolidated/,UCAL,7.20,,,,,,,315.20,142.56
Ambalal Sarabhai,/company/AMBALALSA/consolidated/,AMBALALSA,14.34,,,,,,,314.89,41.09
Astal Lab,/company/512600/consolidated/,512600,17.25,,,,,,,313.69,71.62
Aarey Drugs,/company/AAREYDRUGS/,AAREYDRUGS,27.75,,,,,,,313.59,101.57
GTV Engineering,/company/539479/,539479,13.88,,,,,,,313.59,61.73
Prime Cable Ind.,/company/PRIMECAB/,PRIMECAB,14.31,,,,,,,313.52,171.10
Ruchira Papers,/company/RUCHIRA/,RUCHIRA,6.69,,,,,,,313.25,104.96
Apollo Sindoori,/company/APOLSINHOT/consolidated/,APOLSINHOT,7.68,,,,,,,312.67,1202.40
Omnitex Industri,/company/514324/,514324,-543.70,,,,,,,311.68,742.10
GP Petroleums,/company/GULFPETRO/,GULFPETRO,5.12,,,,,,,310.39,60.88
Lyka Labs,/company/LYKALABS/consolidated/,LYKALABS,730.37,,,,,,,310.37,85.85
The Peria Karamalai Tea,/company/PKTEA/,PKTEA,60.97,,,,,,,310.01,1001.35
Vertoz,/company/VERTOZ/consolidated/,VERTOZ,6.63,,,,,,,309.30,36.29
Atmastco Ltd,/company/ATMASTCO/consolidated/,ATMASTCO,7.86,,,,,,,309.19,118.20
Deepak Builders,/company/DBEIL/,DBEIL,6.70,,,,,,,308.83,6.63
Brandman Retail,/company/BRANDMAN/,BRANDMAN,8.15,,,,,,,308.42,167.10
Optimystix Entertainment,/company/OPTIMYSTIX/consolidated/,OPTIMYSTIX,9.33,,,,,,,308.20,132.45
Organic Recyclin,/company/543997/consolidated/,543997,11.35,,,,,,,308.00,197.45
Grand Continent,/company/GCHOTELS/consolidated/,GCHOTELS,15.27,,,,,,,307.75,123.50
Ushanti Colour,/company/UCL/consolidated/,UCL,166.89,,,,,,,307.45,221.40
Highway Infra,/company/HILINFRA/consolidated/,HILINFRA,8.97,,,,,,,307.39,42.86
AVG Logistics,/company/AVG/,AVG,5.97,,,,,,,306.92,164.06
Ashima,/company/ASHIMASYN/consolidated/,ASHIMASYN,63.69,,,,,,,305.89,15.96
Avana Electrosystems,/company/AVANA/,AVANA,16.13,,,,,,,305.71,135.00
Om Freight Forwa,/company/OMFREIGHT/,OMFREIGHT,8.08,,,,,,,305.27,90.65
Goldstar Power,/company/GOLDSTAR/consolidated/,GOLDSTAR,6.40,,,,,,,304.80,10.65
Modi Rubber,/company/MODIRUBBER/consolidated/,MODIRUBBER,35.03,,,,,,,304.54,121.62
Om Galaxy,/company/544922/consolidated/,544922,10.07,,,,,,,304.33,89.83
Axita Cotton,/company/AXITA/,AXITA,37.27,,,,,,,304.23,7.95
Sayaji Industr,/company/SAYAJIIND/consolidated/,SAYAJIIND,8.43,,,,,,,303.36,120.00
Essen Speciality,/company/ESFL/,ESFL,-327.47,,,,,,,302.54,121.80
Aelea Commoditi.,/company/544213/consolidated/,544213,10.10,,,,,,,302.27,148.40
Monika Alcobev,/company/544451/,544451,8.21,,,,,,,302.23,140.90
Purple Wave Info,/company/544627/,544627,15.61,,,,,,,302.11,326.75
Thaai,/company/TCL/consolidated/,TCL,11.18,,,,,,,301.83,124.00
GLEN Industries,/company/544444/consolidated/,544444,9.93,,,,,,,300.77,125.00
Halder Venture,/company/HALDER/consolidated/,HALDER,8.38,,,,,,,300.32,241.45
Akanksha Power,/company/AKANKSHA/consolidated/,AKANKSHA,26.62,,,,,,,299.78,153.10
Nutricircle,/company/530219/,530219,970.32,,,,,,,299.70,270.00
Ekansh Concept,/company/531364/consolidated/,531364,120.99,,,,,,,299.60,198.05
Silverstorm Parks,/company/544840/consolidated/,544840,11.84,,,,,,,298.77,131.75
KM Sugar Mills,/company/KMSUGAR/consolidated/,KMSUGAR,5.54,,,,,,,298.63,32.46
Tamboli Industri,/company/TAMBOLIIN/consolidated/,TAMBOLIIN,14.13,,,,,,,298.39,300.80
Mahickra Chem.,/company/MAHICKRA/,MAHICKRA,33.75,,,,,,,297.97,304.80
Kaka Industries,/company/543939/,543939,10.91,,,,,,,297.79,218.00
Leapfrog Engg.,/company/544797/,544797,9.24,,,,,,,297.76,21.00
CL Educate,/company/CLEDUCATE/consolidated/,CLEDUCATE,4.10,,,,,,,297.74,54.84
Vardhman Polytex,/company/VARDMNPOLY/,VARDMNPOLY,14.18,,,,,,,297.43,5.85
Likhami Consult.,/company/539927/,539927,900.73,,,,,,,297.41,298.90
Corporate Merch,/company/540199/,540199,169.39,,,,,,,297.37,46.90
Swastika Investm,/company/530585/consolidated/,530585,-1.87,,,,,,,297.36,147.95
Sat Kartar Life,/company/SATKARTAR/,SATKARTAR,10.63,,,,,,,296.48,187.70
Robust Hotels,/company/RHL/,RHL,6.57,,,,,,,296.40,171.41
Shree Tirupati,/company/TIRUPATI/,TIRUPATI,24.65,,,,,,,296.30,292.50
Nilachal Carbo,/company/544510/consolidated/,544510,14.94,,,,,,,296.01,118.75
Infinity Infoway,/company/544567/consolidated/,544567,22.73,,,,,,,294.46,540.00
Jainik Power,/company/JAINIK/,JAINIK,14.04,,,,,,,294.13,205.00
California Soft.,/company/CALSOFT/consolidated/,CALSOFT,14.34,,,,,,,294.04,36.12
Rudra Ecovation,/company/514010/,514010,-154.94,,,,,,,293.90,24.63
Tierra Agrotech,/company/543531/consolidated/,543531,-36.61,,,,,,,292.68,44.62
OneClick Logisti,/company/OLIL/consolidated/,OLIL,43.34,,,,,,,291.89,426.45
Atlantaa,/company/ATLANTAA/consolidated/,ATLANTAA,9.05,,,,,,,291.20,35.73
Indus Finance,/company/531841/,531841,48.26,,,,,,,291.13,314.40
Suraj Products,/company/518075/,518075,7.89,,,,,,,290.81,255.10
Saraswati Saree,/company/SSDL/,SSDL,5.95,,,,,,,290.31,73.31
Galaxy Bearings,/company/526073/,526073,34.73,,,,,,,289.52,910.45
Poddar Pigments,/company/PODDARMENT/,PODDARMENT,9.00,,,,,,,287.96,271.40
Annapurna Swadi.,/company/ANNAPURNA/consolidated/,ANNAPURNA,7.08,,,,,,,287.96,131.97
Esconet,/company/ESCONET/consolidated/,ESCONET,22.52,,,,,,,287.81,218.10
Cool Caps,/company/COOLCAPS/consolidated/,COOLCAPS,11.94,,,,,,,287.59,24.45
Veto Switchgears,/company/VETO/consolidated/,VETO,7.13,,,,,,,287.34,150.32
Indl. Inv. Trust,/company/IITL/consolidated/,IITL,-45.65,,,,,,,287.23,137.27
RDB Rasayans,/company/533608/,533608,5.51,,,,,,,287.16,162.10
Logica Infoway,/company/543746/,543746,12.49,,,,,,,286.63,161.05
Megastar Foods,/company/MEGASTAR/,MEGASTAR,11.24,,,,,,,286.41,253.60
Pritika Auto,/company/PRITIKAUTO/consolidated/,PRITIKAUTO,6.20,,,,,,,285.74,17.16
Baroda Rayon,/company/500270/,500270,23.23,,,,,,,285.02,124.40
Dynemic Products,/company/DYNPRO/consolidated/,DYNPRO,6.79,,,,,,,284.88,229.22
Arihant Academy,/company/ARIHANTACA/,ARIHANTACA,17.56,,,,,,,284.62,470.05
Sikko Industries,/company/SIKKO/,SIKKO,32.15,,,,,,,284.36,6.51
Narmada Gelatine,/company/526739/,526739,6.21,,,,,,,284.33,470.00
Nath Bio-Genes,/company/NATHBIOGEN/consolidated/,NATHBIOGEN,6.05,,,,,,,283.82,149.35
C2C Advanced,/company/C2C/,C2C,8.59,,,,,,,283.63,167.15
Chemkart India,/company/544442/consolidated/,544442,8.64,,,,,,,283.00,233.90
Riddhi Steel,/company/540082/,540082,12.67,,,,,,,282.28,227.00
BDH Industries,/company/524828/,524828,14.68,,,,,,,282.24,490.00
Chaman Metallics,/company/CMNL/,CMNL,17.63,,,,,,,282.14,116.90
M K Exim India,/company/MKEXIM/consolidated/,MKEXIM,9.16,,,,,,,281.92,69.84
Savy Infra,/company/SAVY/,SAVY,5.04,,,,,,,281.12,135.10
Anjani Portland,/company/APCL/consolidated/,APCL,23.12,,,,,,,280.59,95.52
Suraj Industries,/company/526211/consolidated/,526211,30.75,,,,,,,280.21,58.00
CP Capital,/company/CPCAP/consolidated/,CPCAP,5.18,,,,,,,280.04,153.93
EKI Energy,/company/EKI/consolidated/,EKI,-51.46,,,,,,,279.61,100.99
RBM Infracon,/company/RBMINFRA/,RBMINFRA,5.60,,,,,,,279.49,262.85
Indag Rubber,/company/509162/consolidated/,509162,11.83,,,,,,,278.78,106.20
Spice IslandsInd,/company/526827/,526827,39.95,,,,,,,278.63,89.40
Genus Paper & Bo,/company/GENUSPAPER/,GENUSPAPER,9.17,,,,,,,278.47,10.83
Tiger Logistics,/company/TIGERLOGS/,TIGERLOGS,9.08,,,,,,,278.37,26.33
Shree Karni,/company/SHREEKARNI/consolidated/,SHREEKARNI,10.47,,,,,,,278.31,385.00
Hi-Klass Trading,/company/542332/,542332,27.97,,,,,,,278.00,92.00
National Fitting,/company/531289/,531289,13.21,,,,,,,277.90,305.95
Exxaro Tiles,/company/EXXARO/consolidated/,EXXARO,13.42,,,,,,,277.84,6.21
Sonam,/company/SONAMLTD/,SONAMLTD,17.13,,,,,,,277.70,69.37
Pushpa Jewellers,/company/PUSHPA/,PUSHPA,7.32,,,,,,,276.99,114.35
Mahindra EPC,/company/MAHEPC/,MAHEPC,15.00,,,,,,,276.77,99.02
Ameenji Rubber,/company/544555/,544555,16.32,,,,,,,276.36,245.00
EPW India,/company/EPWINDIA/consolidated/,EPWINDIA,16.88,,,,,,,276.08,240.50
Elgi Rubber Co,/company/ELGIRUBCO/consolidated/,ELGIRUBCO,-16.21,,,,,,,275.35,54.96
Kisan Mouldings,/company/530145/consolidated/,530145,-53.96,,,,,,,274.77,23.00
Him Teknoforg.,/company/505712/,505712,8.95,,,,,,,274.08,265.30
Tera Software,/company/TERASOFT/,TERASOFT,7.60,,,,,,,273.88,218.90
Magson Retail,/company/MAGSON/consolidated/,MAGSON,62.91,,,,,,,272.97,180.00
Solarium Green,/company/544354/,544354,9.61,,,,,,,272.77,130.70
Aveer Foods,/company/543737/,543737,29.57,,,,,,,272.19,607.50
Active Infra.,/company/ACTIVEINFR/consolidated/,ACTIVEINFR,15.65,,,,,,,272.15,181.25
Polo Queen Ind.,/company/540717/consolidated/,540717,57.20,,,,,,,270.95,8.07
Dove Soft,/company/id/1286221/consolidated/,id,8.27,,,,,,,270.69,
Nila Infrastruct,/company/NILAINFRA/consolidated/,NILAINFRA,6.42,,,,,,,270.60,6.87
Mason Infratech,/company/MASON/consolidated/,MASON,10.27,,,,,,,270.52,113.00
DCM Shriram Fine Chemicals,/company/DSFCL/consolidated/,DSFCL,52.34,,,,,,,270.46,31.09
Jattashankar Ind,/company/514318/,514318,114.56,,,,,,,270.42,616.00
Bombay Oxygen,/company/509470/,509470,246.89,,,,,,,269.28,17952.00
A-1,/company/542012/,542012,18.51,,,,,,,267.72,5.82
Horizon Reclaim,/company/544794/,544794,18.50,,,,,,,267.65,137.15
Prec. Electronic,/company/517258/,517258,53.39,,,,,,,267.37,193.05
Patel Chem,/company/544460/,544460,13.01,,,,,,,267.35,107.50
RPP Infra Proj.,/company/RPPINFRA/consolidated/,RPPINFRA,13.28,,,,,,,265.93,53.63
C P S Shapers,/company/CPS/,CPS,125.32,,,,,,,265.57,1150.00
Kaycee Inds.,/company/504084/,504084,31.33,,,,,,,265.29,835.95
India Gelatine,/company/531253/,531253,6.57,,,,,,,265.00,373.65
Shiv Texchem,/company/544272/,544272,5.57,,,,,,,264.74,114.25
Madala Holdings,/company/532344/,532344,30.89,,,,,,,264.64,179.25
Soma Textiles,/company/SOMATEX/consolidated/,SOMATEX,52.93,,,,,,,264.40,80.04
SKP Bearing,/company/SKP/consolidated/,SKP,20.78,,,,,,,264.36,159.25
Telge Projects,/company/544544/consolidated/,544544,19.70,,,,,,,264.33,270.00
ACE Alpha Tech,/company/544431/,544431,12.03,,,,,,,264.08,150.40
Sundaram Brake,/company/SUNDRMBRAK/,SUNDRMBRAK,23.12,,,,,,,263.66,670.10
S V Global Mill,/company/SVGLOBAL/consolidated/,SVGLOBAL,-199.67,,,,,,,263.63,145.79
Le Merite Export,/company/LEMERITE/consolidated/,LEMERITE,25.31,,,,,,,263.60,21.06
Josts Engg. Co.,/company/505750/,505750,21.70,,,,,,,263.20,222.55
Globe Intl. Car.,/company/GICL/consolidated/,GICL,14.18,,,,,,,262.53,23.45
Plaza Wires,/company/PLAZACABLE/,PLAZACABLE,13.93,,,,,,,262.25,59.94
Ovobel Foods,/company/530741/,530741,4.83,,,,,,,262.08,275.85
Sayaji Hot. Pune,/company/544090/consolidated/,544090,8.55,,,,,,,262.01,860.00
Sakuma Exports,/company/SAKUMA/consolidated/,SAKUMA,13.54,,,,,,,261.81,1.67
Balaji Phos.,/company/BALAJIPHOS/consolidated/,BALAJIPHOS,15.34,,,,,,,261.67,110.05
A2Z Infra Engg.,/company/A2ZINFRA/consolidated/,A2ZINFRA,16.46,,,,,,,261.31,14.72
All E Tech,/company/ALLETEC/consolidated/,ALLETEC,3.26,,,,,,,260.81,129.15
Starteck Fin.,/company/STARTECK/consolidated/,STARTECK,11.98,,,,,,,260.15,262.50
Aaron Industries,/company/AARON/,AARON,14.84,,,,,,,259.97,124.11
Laxmipati Engg,/company/537669/,537669,21.21,,,,,,,258.75,450.00
SAB Industries,/company/SAB/consolidated/,SAB,-25.20,,,,,,,258.57,170.00
Simm. Marshall,/company/507998/consolidated/,507998,9.50,,,,,,,258.33,230.65
Chembond Materi.,/company/CHEMBOND/consolidated/,CHEMBOND,11.46,,,,,,,258.19,191.99
DJ Mediaprint,/company/DJML/,DJML,11.99,,,,,,,258.15,71.85
Jay Shree Tea,/company/JAYSREETEA/consolidated/,JAYSREETEA,18.75,,,,,,,258.10,89.37
Voler Car,/company/VOLERCAR/,VOLERCAR,51.00,,,,,,,257.97,231.50
Yaap Digital,/company/YAAP/consolidated/,YAAP,8.35,,,,,,,257.89,123.20
Naga Dhunseri,/company/NDGL/consolidated/,NDGL,21.40,,,,,,,257.56,2575.60
Globe Civil,/company/GLOBECIVIL/,GLOBECIVIL,6.32,,,,,,,257.51,43.12
Zenotech Lab.,/company/532039/,532039,23.26,,,,,,,257.24,42.15
Reliance Communi,/company/RCOM/consolidated/,RCOM,-345.80,,,,,,,257.19,0.93
Marc Technocrats,/company/MARC/,MARC,13.84,,,,,,,256.32,148.05
Ashwini Contain.,/company/ASHWINI/,ASHWINI,9.37,,,,,,,255.75,170.50
Ahm. Steelcraft,/company/522273/,522273,11.25,,,,,,,255.66,169.40
Dhariwalcorp,/company/DHARIWAL/,DHARIWAL,22.36,,,,,,,254.78,27.10
Mercantile Vent.,/company/MERCANTILE/consolidated/,MERCANTILE,40.92,,,,,,,254.63,22.72
ITCONS E-Soluti.,/company/543806/,543806,34.67,,,,,,,254.17,282.15
Alphalogic Tech.,/company/542770/consolidated/,542770,26.42,,,,,,,254.01,40.57
Gamco Ltd,/company/540097/,540097,-79.15,,,,,,,253.95,47.00
Pramodini Medicare,/company/PRAMODINI/consolidated/,PRAMODINI,8.29,,,,,,,253.74,115.10
Aion-Tech Soluti,/company/GOLDTECH/consolidated/,GOLDTECH,17.04,,,,,,,253.52,48.51
D P Wires,/company/DPWIRES/,DPWIRES,7.81,,,,,,,253.32,163.43
Genus Prime,/company/532425/consolidated/,532425,33.06,,,,,,,253.04,32.45
Spencer's Retail,/company/SPENCERS/consolidated/,SPENCERS,107.26,,,,,,,253.00,28.07
Citizen Solar,/company/538786/,538786,14.14,,,,,,,252.64,179.90
United Van Der,/company/522091/,522091,24.93,,,,,,,251.67,36.50
Qualiance International,/company/QUALIANCE/,QUALIANCE,13.23,,,,,,,251.55,187.00
Techera Enginee.,/company/TECHERA/,TECHERA,31.31,,,,,,,251.12,152.00
Shankar Lal Ram.,/company/SRD/,SRD,10.62,,,,,,,250.69,39.19
Diamines & Chem.,/company/DIAMINESQ/consolidated/,DIAMINESQ,-32.57,,,,,,,249.63,248.25
FCS Software,/company/FCSSOFT/consolidated/,FCSSOFT,13.55,,,,,,,249.59,1.46
BharatRohan Air.,/company/544535/,544535,16.09,,,,,,,249.04,125.00
Jasch Gauging,/company/544112/,544112,7.55,,,,,,,248.94,549.30
Integ. Proteins,/company/519606/,519606,319.12,,,,,,,248.89,13.30
Gujjubhai Industries,/company/532070/,532070,30.68,,,,,,,248.23,118.65
Bimetal Bearings,/company/BIMETAL/consolidated/,BIMETAL,10.72,,,,,,,248.18,648.00
Cochin Minerals,/company/513353/,513353,5.58,,,,,,,248.02,316.75
Veer Global Inf.,/company/543241/,543241,64.86,,,,,,,247.56,145.25
Setco Automotive,/company/SETCO/consolidated/,SETCO,11.55,,,,,,,247.07,18.47
Lancor Holdings,/company/LANCORHOL/consolidated/,LANCORHOL,3.52,,,,,,,247.06,33.59
Srivari Spices &,/company/SSFL/,SSFL,9.42,,,,,,,246.91,288.10
Indian Toners,/company/523586/,523586,5.85,,,,,,,246.65,47.47
Sh. Ajit Pulp,/company/SAPPL/consolidated/,SAPPL,4.53,,,,,,,246.31,276.90
Gennex Lab.,/company/531739/consolidated/,531739,9.16,,,,,,,245.38,10.10
Hannah Joseph,/company/544687/,544687,8.91,,,,,,,245.14,108.00
IL&FS Inv.Manag.,/company/IVC/consolidated/,IVC,17.63,,,,,,,244.95,7.80
Jainam Ferro,/company/JAINAM/,JAINAM,17.03,,,,,,,244.76,209.00
Dai-ichi Karkari,/company/DAICHI/consolidated/,DAICHI,18.89,,,,,,,244.70,328.45
Chatha Foods,/company/544151/,544151,20.56,,,,,,,244.67,101.10
R&B Denims,/company/RNBDENIMS/consolidated/,RNBDENIMS,6.03,,,,,,,244.01,9.04
Quest Capital,/company/500069/,500069,8.02,,,,,,,243.95,243.95
Ascom Leasing &,/company/ASCOM/,ASCOM,31.01,,,,,,,243.54,207.90
Maral Overseas,/company/MARALOVER/,MARALOVER,6.94,,,,,,,243.29,58.61
Mitsu Chem Plast,/company/540078/,540078,6.66,,,,,,,242.64,178.70
IC Electricals,/company/ICELCO/consolidated/,ICELCO,11.45,,,,,,,242.24,132.65
Star Paper Mills,/company/STARPAPER/,STARPAPER,5.76,,,,,,,242.05,155.06
Coastal Corporat,/company/COASTCORP/consolidated/,COASTCORP,6.75,,,,,,,241.99,36.13
Nitin Castings,/company/508875/,508875,18.71,,,,,,,241.54,469.80
Ravinder Heights,/company/RVHL/consolidated/,RVHL,3.52,,,,,,,241.13,39.32
Spunweb Nonwoven,/company/SPUNWEB/consolidated/,SPUNWEB,5.47,,,,,,,241.03,100.00
Shradha Realty,/company/SHRADHA/consolidated/,SHRADHA,6.85,,,,,,,240.97,29.75
Indo National,/company/NIPPOBATRY/consolidated/,NIPPOBATRY,-18.50,,,,,,,240.11,320.15
Nagpur Power,/company/532362/consolidated/,532362,71.63,,,,,,,239.99,183.20
Ratnabhumi Dev.,/company/540796/consolidated/,540796,17.11,,,,,,,239.75,175.00
Shalibhadra Fin.,/company/SAHLIBHFI/,SAHLIBHFI,8.95,,,,,,,239.54,77.55
Lotus Eye Hospit,/company/LOTUSEYE/,LOTUSEYE,41.47,,,,,,,239.30,115.07
PG Foils,/company/526747/,526747,22.01,,,,,,,238.20,201.95
RFBL Flexi Pack,/company/RFBL/,RFBL,19.00,,,,,,,237.81,102.00
Asian Hotels (E),/company/AHLEAST/consolidated/,AHLEAST,16.94,,,,,,,237.62,137.42
Acetech E-Commerce,/company/ACETEC/consolidated/,ACETEC,15.56,,,,,,,237.56,145.00
SC Agrotech,/company/526081/,526081,13.62,,,,,,,237.41,31.24
TRF,/company/TRF/consolidated/,TRF,31.24,,,,,,,237.22,215.65
Bilcare,/company/BI/consolidated/,BI,8.87,,,,,,,237.15,100.72
Cropster Agro,/company/523105/,523105,15.23,,,,,,,236.88,2.82
Bhilwara Tech,/company/BTTL/consolidated/,BTTL,-32.73,,,,,,,236.41,40.50
IVP,/company/IVP/,IVP,5.39,,,,,,,236.16,228.62
Equippp Social,/company/EQUIPPP/consolidated/,EQUIPPP,68.37,,,,,,,235.68,22.86
Ducol Organics,/company/DUCOL/consolidated/,DUCOL,15.18,,,,,,,235.67,130.50
Bhadora Indust.,/company/BHADORA/,BHADORA,14.80,,,,,,,235.66,126.70
Alacrity Sec.,/company/535916/,535916,16.17,,,,,,,235.59,50.49
Sumit Woods,/company/SUMIT/consolidated/,SUMIT,17.58,,,,,,,235.42,49.19
Intl. Travel Hse,/company/500213/,500213,5.66,,,,,,,235.12,294.10
Arvee Laborat.,/company/ARVEE/,ARVEE,38.82,,,,,,,234.94,213.19
Usha Financial,/company/USHAFIN/,USHAFIN,6.90,,,,,,,234.77,54.00
Shree Salasar,/company/503635/consolidated/,503635,8.86,,,,,,,233.91,335.50
Paramount Syntex,/company/id/1286222/,id,11.02,,,,,,,233.67,
Manaksia Alumi.,/company/MANAKALUCO/,MANAKALUCO,9.02,,,,,,,233.50,35.63
Propshare Celestia,/company/544752/consolidated/,544752,,,,,,,,233.23,1001000.00
RMC Switchgears,/company/RMC/consolidated/,RMC,6.66,,,,,,,232.68,219.89
National Standar,/company/NATIONSTD/,NATIONSTD,14.53,,,,,,,232.30,116.15
Expo Engineering,/company/526614/,526614,42.10,,,,,,,232.18,89.50
Gillanders Arbut,/company/GILLANDERS/consolidated/,GILLANDERS,8.82,,,,,,,231.97,108.69
UFO Moviez,/company/UFO/consolidated/,UFO,2.47,,,,,,,231.90,59.73
Fidel Softech,/company/FIDEL/consolidated/,FIDEL,13.22,,,,,,,231.01,168.00
VMS TMT,/company/VMSTMT/,VMSTMT,8.38,,,,,,,230.69,46.48
SRG Housing,/company/SRGHFL/,SRGHFL,8.05,,,,,,,230.59,146.80
AJC Jewel,/company/544425/,544425,15.25,,,,,,,230.02,379.05
Pratham EPC,/company/PRATHAM/consolidated/,PRATHAM,18.04,,,,,,,229.48,126.00
Take,/company/TAKE/consolidated/,TAKE,36.78,,,,,,,229.45,15.51
Wise Travel,/company/WTICAB/consolidated/,WTICAB,3.10,,,,,,,228.59,96.00
Vikas Lifecare,/company/VIKASLIFE/consolidated/,VIKASLIFE,16.99,,,,,,,228.49,1.23
Shivam Autotech,/company/SHIVAMAUTO/,SHIVAMAUTO,16.43,,,,,,,228.41,17.37
Everest Organics,/company/524790/,524790,13.34,,,,,,,228.40,229.00
Worth Peripheral,/company/WORTHPERI/consolidated/,WORTHPERI,6.25,,,,,,,228.29,144.94
Graviss Hospital,/company/GRAVISSHO/consolidated/,GRAVISSHO,22.80,,,,,,,228.13,32.35
Kothari Sugars,/company/KOTARISUG/,KOTARISUG,-23.26,,,,,,,228.11,27.52
Himalayan Solar,/company/id/1286202/,id,8.00,,,,,,,227.73,
Shivam Chemicals,/company/544165/consolidated/,544165,23.13,,,,,,,227.63,134.00
Zee Learn,/company/ZEELEARN/consolidated/,ZEELEARN,4.40,,,,,,,227.45,6.94
Praruh Tech,/company/544538/,544538,15.16,,,,,,,227.27,163.15
Ecoplast,/company/526703/consolidated/,526703,9.79,,,,,,,226.79,477.00
Accretion Pha.,/company/ACCPL/,ACCPL,15.45,,,,,,,225.99,203.30
Affordable Robo.,/company/AFFORDABLE/,AFFORDABLE,18.57,,,,,,,225.86,178.25
Sakthi Sugars,/company/SAKHTISUG/,SAKHTISUG,5.44,,,,,,,225.81,19.00
Jay Bee Laminati,/company/JAYBEE/,JAYBEE,7.08,,,,,,,224.77,99.60
E Factor Experie,/company/EFACTOR/consolidated/,EFACTOR,8.45,,,,,,,224.74,171.15
Jaysynth Orgo,/company/524592/,524592,8.54,,,,,,,224.62,16.65
Competent Auto,/company/COMPEAU/,COMPEAU,5.82,,,,,,,224.48,365.00
Wardwizard Foods,/company/539132/,539132,20.11,,,,,,,224.48,8.73
7Seas Enter.,/company/540874/,540874,60.50,,,,,,,224.24,97.02
Indian Wood Prod,/company/IWP/consolidated/,IWP,16.33,,,,,,,223.71,34.97
Samor Reality,/company/543376/,543376,-193.88,,,,,,,223.63,98.95
Maruti Interior,/company/543464/consolidated/,543464,17.87,,,,,,,223.36,36.98
Nitiraj Engineer,/company/NITIRAJ/,NITIRAJ,32.04,,,,,,,223.31,217.84
Patels Airtemp,/company/517417/,517417,12.41,,,,,,,222.75,407.20
Silgo Retail,/company/SILGO/,SILGO,21.34,,,,,,,222.69,69.79
Hampton Sky,/company/HAMPTON/consolidated/,HAMPTON,-18.12,,,,,,,222.11,8.10
Rana Sugars,/company/RANASUG/,RANASUG,10.77,,,,,,,221.29,14.41
Resonance Speci.,/company/524218/,524218,10.69,,,,,,,221.28,191.75
Finbud Financial,/company/FINBUD/consolidated/,FINBUD,8.68,,,,,,,220.97,116.00
Sh. Hari Chem.,/company/524336/,524336,12.40,,,,,,,220.67,349.55
Suba Hotels,/company/SUBAHOTELS/consolidated/,SUBAHOTELS,9.91,,,,,,,220.61,91.00
BPL,/company/BPL/,BPL,-34.71,,,,,,,220.29,44.98
Bansal Roofing,/company/538546/,538546,13.10,,,,,,,220.29,167.10
Integrated Perso,/company/IPSL/consolidated/,IPSL,13.82,,,,,,,219.58,215.00
Waaree Tech.,/company/539337/,539337,-73.72,,,,,,,219.29,203.65
Espire Hospi,/company/532016/,532016,10.49,,,,,,,218.62,146.50
Golkunda Diamond,/company/523676/,523676,9.04,,,,,,,218.54,314.00
Jay Jalaram Tech,/company/KORE/,KORE,10.98,,,,,,,218.43,180.15
Multibase India,/company/526169/,526169,9.35,,,,,,,218.26,172.95
B.A.G. Converge.,/company/BAGDIGITAL/,BAGDIGITAL,8.93,,,,,,,218.02,102.75
Cubex Tubings,/company/CUBEXTUB/,CUBEXTUB,17.06,,,,,,,217.99,152.24
Emerald Finance,/company/538882/consolidated/,538882,8.94,,,,,,,217.67,63.02
Empower India,/company/EMPOWER/consolidated/,EMPOWER,12.65,,,,,,,217.63,1.87
Rikhav Securitie,/company/544340/,544340,-0.34,,,,,,,217.61,56.83
Generic Engineer,/company/GENCON/,GENCON,7.07,,,,,,,217.52,38.17
S I Paper Mills,/company/516108/,516108,6.59,,,,,,,217.50,116.00
Shiva Texyarn,/company/SHIVATEX/,SHIVATEX,7.42,,,,,,,217.42,167.73
Maheshwari Logi.,/company/MAHESHWARI/,MAHESHWARI,6.67,,,,,,,217.24,73.40
Prime Fresh,/company/540404/consolidated/,540404,9.97,,,,,,,217.12,156.30
AMPL Capital,/company/539598/consolidated/,539598,8.01,,,,,,,217.08,35.32
Team India Guar.,/company/TEAMGTY/,TEAMGTY,154.93,,,,,,,217.06,241.45
Khadim India,/company/KHADIM/,KHADIM,7.77,,,,,,,217.05,118.10
Vaarad Ventures,/company/532320/consolidated/,532320,-122.68,,,,,,,216.92,8.68
Innovators,/company/541353/consolidated/,541353,7.00,,,,,,,216.70,114.85
Munish Forge,/company/MUNISH/,MUNISH,11.36,,,,,,,216.51,89.95
Surana Telecom,/company/SURANAT&P/consolidated/,SURANAT&P,6.11,,,,,,,216.13,15.92
Medico Remedies,/company/MEDICO/,MEDICO,9.72,,,,,,,215.76,26.00
Vibhor Steel,/company/VSTL/,VSTL,8.09,,,,,,,215.72,113.76
Jhaveri Credits,/company/531550/,531550,-142.56,,,,,,,215.71,194.30
Pavna Industries,/company/PAVNAIND/consolidated/,PAVNAIND,9.57,,,,,,,215.71,15.46
Smartlink Hold.,/company/SMARTLINK/consolidated/,SMARTLINK,7.52,,,,,,,214.89,215.43
Country Club Hos,/company/CCHHL/consolidated/,CCHHL,11.95,,,,,,,214.79,13.14
Sintercom India,/company/SINTERCOM/,SINTERCOM,14.70,,,,,,,214.52,77.93
Transteel Seatin,/company/TRANSTEEL/,TRANSTEEL,7.32,,,,,,,214.24,85.70
D & H India,/company/517514/consolidated/,517514,12.33,,,,,,,213.81,208.90
Cosmo Ferrites,/company/523100/,523100,28.35,,,,,,,213.41,177.40
Airan,/company/AIRAN/,AIRAN,8.92,,,,,,,212.91,17.03
Alankit,/company/ALANKIT/consolidated/,ALANKIT,4.67,,,,,,,212.86,7.85
Power & Instrum.,/company/PIGL/,PIGL,10.54,,,,,,,212.68,100.47
United Nilgiri,/company/UNITEDTEA/,UNITEDTEA,7.31,,,,,,,212.40,425.10
Bhagwati Auto,/company/504646/,504646,8.43,,,,,,,212.33,737.25
Nova Agritech,/company/NOVAAGRI/consolidated/,NOVAAGRI,9.21,,,,,,,211.87,22.90
Alfred Herbert,/company/ALFREDHE/consolidated/,ALFREDHE,3.57,,,,,,,211.79,2750.50
Dhara Rail Pro.,/company/DHARARAIL/consolidated/,DHARARAIL,8.63,,,,,,,211.78,140.40
Asi Industries,/company/502015/,502015,5.98,,,,,,,211.68,23.50
Suyog Gurbaxani,/company/543391/consolidated/,543391,15.33,,,,,,,211.33,85.00
Milkfood,/company/MLKFOOD/,MLKFOOD,4.12,,,,,,,211.32,82.56
Archidply Inds.,/company/ARCHIDPLY/consolidated/,ARCHIDPLY,8.02,,,,,,,211.09,106.26
Anya Polytech &,/company/ANYA/consolidated/,ANYA,11.59,,,,,,,210.60,17.55
Nectar Lifesci.,/company/NECLIFE/consolidated/,NECLIFE,-1.30,,,,,,,210.58,10.84
Sicagen India,/company/SICAGEN/consolidated/,SICAGEN,5.49,,,,,,,210.24,53.13
ZR2 Bioenergy,/company/506640/consolidated/,506640,170.79,,,,,,,210.13,132.00
P.E. Analytics,/company/PROPEQUITY/consolidated/,PROPEQUITY,5.29,,,,,,,209.82,192.85
Music Broadcast,/company/RADIOCITY/,RADIOCITY,-24.73,,,,,,,209.14,6.05
Radix Industries,/company/531412/,531412,45.45,,,,,,,208.60,139.00
Shree TirupatiBa,/company/BALAJEE/consolidated/,BALAJEE,10.48,,,,,,,208.58,25.57
CCME Global,/company/514336/,514336,-206.27,,,,,,,208.56,46.09
Black Opal,/company/id/1286215/,id,13.35,,,,,,,208.37,
Comfort Intech,/company/COMFINTE/consolidated/,COMFINTE,34.06,,,,,,,208.28,6.51
Sh. Dinesh Mills,/company/503804/consolidated/,503804,10.70,,,,,,,208.12,371.60
Caprihans India,/company/509486/,509486,10.74,,,,,,,207.90,118.00
Sanjiv.Parant.,/company/531569/,531569,18.73,,,,,,,207.67,169.05
Sumax Engineering,/company/SUMAX/,SUMAX,12.25,,,,,,,207.63,109.15
Adon Agro,/company/544809/,544809,6.43,,,,,,,207.27,90.05
Aashka Hospitals,/company/543346/,543346,28.13,,,,,,,207.09,88.50
Aeroflex Neu,/company/AERONEU/consolidated/,AERONEU,26.79,,,,,,,206.94,80.22
Bio Medica Lab,/company/BMLL/consolidated/,BMLL,12.54,,,,,,,206.86,164.50
Mother Nutri,/company/544623/,544623,14.43,,,,,,,206.83,165.00
Shivashrit Foods,/company/SHIVASHRIT/,SHIVASHRIT,8.69,,,,,,,206.81,113.20
Maximus Interna.,/company/540401/consolidated/,540401,13.23,,,,,,,206.09,15.15
MOS Utility,/company/MOS/consolidated/,MOS,6.76,,,,,,,205.95,8.00
Bambino Agro Ind,/company/519295/,519295,9.65,,,,,,,205.62,256.70
Shahlon Silk,/company/542862/,542862,13.65,,,,,,,205.57,23.02
G G Automotive,/company/531399/,531399,11.65,,,,,,,205.44,205.65
Kerala Ayurveda,/company/530163/consolidated/,530163,-23.09,,,,,,,205.39,158.05
Neelamalai Agro,/company/NEAGI/consolidated/,NEAGI,5.10,,,,,,,205.34,3301.00
Artificial Elect,/company/526443/consolidated/,526443,4.55,,,,,,,204.98,74.08
Last Mile Enter.,/company/526961/consolidated/,526961,11.48,,,,,,,204.92,5.76
SPEB Adhesives,/company/SPEB/,SPEB,17.63,,,,,,,204.43,91.00
Century Extrus.,/company/CENTEXT/,CENTEXT,7.17,,,,,,,204.16,18.56
Vijay Solvex,/company/VIJSOLX/consolidated/,VIJSOLX,5.02,,,,,,,203.70,636.05
Trident Techlabs,/company/TECHLABS/consolidated/,TECHLABS,14.53,,,,,,,203.66,117.85
Race Eco,/company/RACE/consolidated/,RACE,13.53,,,,,,,203.46,117.90
Syschem (India),/company/531173/,531173,10.11,,,,,,,203.42,37.94
Aarvi Encon,/company/AARVI/consolidated/,AARVI,8.11,,,,,,,203.23,136.91
NTC Industries,/company/NTCIND/consolidated/,NTCIND,8.23,,,,,,,202.98,139.80
Madhav Infra,/company/MADHAVIPL/consolidated/,MADHAVIPL,3.94,,,,,,,202.73,7.52
Atharva Poly-Plast,/company/544812/,544812,18.59,,,,,,,202.45,120.15
Macobs Technolo.,/company/MACOBSTECH/consolidated/,MACOBSTECH,43.00,,,,,,,201.78,206.00
Nidhi Granites,/company/512103/consolidated/,512103,14.47,,,,,,,201.60,252.00
Jullundur Motor,/company/JMA/consolidated/,JMA,4.06,,,,,,,201.44,88.19
Intense Tech.,/company/INTENTECH/consolidated/,INTENTECH,9.71,,,,,,,200.99,85.07
Coral Labs.,/company/524506/,524506,4.65,,,,,,,200.90,562.75
Landmarc Leisur.,/company/532275/,532275,-480.48,,,,,,,200.90,2.05
Revathi Equip,/company/RVTH/consolidated/,RVTH,7.99,,,,,,,200.76,654.60
Ramdevbaba Sol.,/company/RBS/consolidated/,RBS,17.83,,,,,,,200.63,83.60
North Eastn.Car.,/company/NECCLTD/,NECCLTD,13.18,,,,,,,200.43,19.18
Northern Spirits,/company/542628/,542628,6.46,,,,,,,200.40,124.85
Focus Business,/company/543312/,543312,118.28,,,,,,,200.40,275.00
Novelix Pharma.,/company/536565/,536565,42.64,,,,,,,200.37,70.38
Signet Industrie,/company/SIGIND/,SIGIND,6.22,,,,,,,200.23,68.02
Interiors & More,/company/INM/,INM,12.61,,,,,,,200.07,143.00
Injecto Polymers,/company/544930/,544930,9.34,,,,,,,199.52,95.97
Glittek Granites,/company/513528/,513528,-332.41,,,,,,,199.39,76.81
Aspinwall & Co,/company/ASPINWALL/consolidated/,ASPINWALL,10.11,,,,,,,198.39,253.75
Hind.Adhesive,/company/HINDADH/,HINDADH,5.39,,,,,,,197.79,386.30
Sahaj Solar,/company/SAHAJSOLAR/consolidated/,SAHAJSOLAR,6.76,,,,,,,197.75,90.00
Aviva Industries,/company/512109/,512109,55.75,,,,,,,197.59,60.80
Accretion Nutraveda,/company/544694/,544694,27.32,,,,,,,196.75,271.75
JUJHAR LOGISTICS,/company/534796/consolidated/,534796,8.16,,,,,,,196.58,212.85
ARCL Organics,/company/ARCL/consolidated/,ARCL,6.47,,,,,,,196.42,245.53
Bannari Amm Spg.,/company/BASML/consolidated/,BASML,6.63,,,,,,,195.89,24.51
Tainwala Chem.,/company/TAINWALCHM/,TAINWALCHM,18.00,,,,,,,195.81,209.20
Jasch Industries,/company/500220/,500220,9.42,,,,,,,195.75,287.95
AVATAR Industries,/company/AVATAR/consolidated/,AVATAR,405.46,,,,,,,195.27,187.45
Rudra Global,/company/RUDRA/,RUDRA,8.54,,,,,,,195.17,19.45
VIP Clothing,/company/VIPCLOTHNG/,VIPCLOTHNG,11.60,,,,,,,194.95,21.63
Lak. Electrical,/company/504258/,504258,30.57,,,,,,,194.94,792.45
Ausom Enter.,/company/AUSOMENT/consolidated/,AUSOMENT,5.18,,,,,,,194.93,143.12
Rossell India,/company/ROSSELLIND/,ROSSELLIND,10.36,,,,,,,194.63,51.63
Panasonic Carbon,/company/508941/,508941,6.87,,,,,,,194.57,405.35
Avio Smart Market,/company/ASMS/consolidated/,ASMS,35.59,,,,,,,194.32,6.38
Aprameya Enginee,/company/APRAMEYA/,APRAMEYA,17.96,,,,,,,194.21,102.00
RRIL,/company/RRIL/consolidated/,RRIL,13.94,,,,,,,194.06,16.01
Emergent Indust.,/company/506180/consolidated/,506180,31.63,,,,,,,193.77,424.00
CapitalNumbers,/company/544343/consolidated/,544343,3.38,,,,,,,193.66,79.28
Justo Realfin,/company/544542/,544542,5.73,,,,,,,193.62,103.00
Amrapali Inds.,/company/526241/,526241,9.51,,,,,,,193.10,37.56
Zodiac Cloth. Co,/company/ZODIACLOTH/consolidated/,ZODIACLOTH,576.55,,,,,,,192.95,70.27
Eleganz Interior,/company/ELGNZ/consolidated/,ELGNZ,5.40,,,,,,,192.32,85.10
Aaradhya Dis.,/company/AARADHYA/,AARADHYA,15.77,,,,,,,192.28,136.00
Green Asia,/company/id/1286203/consolidated/,id,8.13,,,,,,,192.23,
Peshwa Wheat,/company/id/1286201/,id,8.71,,,,,,,192.18,
Kratikal Tech,/company/544811/consolidated/,544811,20.53,,,,,,,192.15,173.10
Coromandel Engg.,/company/533167/,533167,41.51,,,,,,,192.07,55.06
Axiom Gas Engi.,/company/AXIOMGAS/,AXIOMGAS,12.90,,,,,,,191.03,54.05
EMA Partners,/company/EMAPARTNER/consolidated/,EMAPARTNER,7.03,,,,,,,190.62,82.00
Spacenet Enterpr,/company/SPCENET/consolidated/,SPCENET,5.86,,,,,,,190.39,3.35
Kartik Invest.,/company/501151/,501151,30.55,,,,,,,190.32,7800.00
Durlax Top,/company/DURLAX/,DURLAX,8.65,,,,,,,190.23,65.75
Nanta Tech,/company/544668/,544668,16.40,,,,,,,189.76,369.90
Panasonic Energy,/company/504093/,504093,13.32,,,,,,,189.71,252.95
ABans Enterprise,/company/ABANSENT/consolidated/,ABANSENT,5.69,,,,,,,189.58,27.18
Baroda Extrusion,/company/513502/,513502,14.74,,,,,,,189.13,9.73
Global Pet Indus,/company/GLOBALPET/,GLOBALPET,22.08,,,,,,,188.60,160.00
Rathi Steel,/company/504903/,504903,7.87,,,,,,,188.36,21.81
Waterbase,/company/WATERBASE/,WATERBASE,-169.31,,,,,,,188.20,45.43
HVAX Technolog.,/company/HVAX/,HVAX,9.37,,,,,,,187.91,676.70
Parshva Enterpr.,/company/542694/,542694,347.93,,,,,,,187.80,184.30
Global Vectra,/company/GLOBALVECT/,GLOBALVECT,9.46,,,,,,,187.68,134.06
Alpine Texworld,/company/ALPINETEX/consolidated/,ALPINETEX,6.64,,,,,,,187.64,49.06
Avience Biomedi.,/company/AVIENCE/consolidated/,AVIENCE,13.88,,,,,,,187.62,342.05
Savera Industrie,/company/512634/,512634,7.34,,,,,,,187.60,157.25
Rama Vision,/company/523289/,523289,14.96,,,,,,,187.31,179.65
Game Changers,/company/544594/,544594,7.14,,,,,,,186.71,104.35
Alan Scott Ente.,/company/539115/consolidated/,539115,147.20,,,,,,,186.27,279.25
On Door Concepts,/company/ONDOOR/,ONDOOR,12.17,,,,,,,185.83,265.45
Smruthi Organic,/company/540686/,540686,10.20,,,,,,,185.49,162.05
Brand Concepts,/company/BCONCEPTS/consolidated/,BCONCEPTS,11.12,,,,,,,184.93,148.16
Aplab,/company/517096/,517096,102.09,,,,,,,184.65,73.45
Rockingdeals Cir,/company/ROCKINGDCE/consolidated/,ROCKINGDCE,11.61,,,,,,,184.65,222.50
T T,/company/TTL/,TTL,20.18,,,,,,,184.18,7.13
Cupid Breweries,/company/512361/consolidated/,512361,-46.95,,,,,,,184.15,20.16
Vikas Ecotech,/company/VIKASECO/consolidated/,VIKASECO,13.73,,,,,,,183.95,1.04
EverestIMS Tech.,/company/id/1286213/consolidated/,id,8.19,,,,,,,183.92,
Shah Alloys,/company/SHAHALLOYS/consolidated/,SHAHALLOYS,34.32,,,,,,,183.80,92.83
Oxygenta Pharma,/company/524636/,524636,-37.06,,,,,,,183.48,49.61
Gabion Technol.,/company/544675/,544675,12.55,,,,,,,183.00,134.80
Apollo Finvest,/company/512437/,512437,13.09,,,,,,,182.90,490.00
DRC Systems,/company/DRCSYSTEMS/consolidated/,DRCSYSTEMS,5.93,,,,,,,182.84,12.69
Rappid Valves,/company/RAPPID/,RAPPID,18.62,,,,,,,182.60,351.70
Goyal Salt,/company/GOYALSALT/,GOYALSALT,9.26,,,,,,,182.58,102.00
Clear Secured,/company/CSSL/consolidated/,CSSL,4.22,,,,,,,182.16,75.75
Neochem Bio,/company/NEOCHEM/,NEOCHEM,8.82,,,,,,,181.82,106.20
Adcounty Media.,/company/544435/,544435,5.78,,,,,,,181.81,80.80
Umiya Buildcon,/company/UMIYA-MRO/consolidated/,UMIYA-MRO,9.57,,,,,,,181.71,97.25
Superhouse Ltd,/company/SUPERHOUSE/consolidated/,SUPERHOUSE,5.76,,,,,,,181.59,164.71
Mahalaxmi Rubtec,/company/MHLXMIRU/,MHLXMIRU,4.21,,,,,,,181.40,170.81
Current Infra.,/company/CURRENT/consolidated/,CURRENT,8.48,,,,,,,181.33,94.70
Pil Italica Life,/company/PILITA/,PILITA,25.18,,,,,,,181.19,7.71
Shubhshree Bio.,/company/SHUBHSHREE/consolidated/,SHUBHSHREE,11.90,,,,,,,181.06,345.40
IP Rings,/company/IPRINGLTD/,IPRINGLTD,7.83,,,,,,,180.85,142.67
Curis Lifescien.,/company/CURIS/,CURIS,17.46,,,,,,,180.81,223.65
Machino Plastics,/company/523248/,523248,10.85,,,,,,,180.67,294.25
Alphageo (India),/company/ALPHAGEO/consolidated/,ALPHAGEO,4.25,,,,,,,180.22,283.15
Shreyans Inds.,/company/SHREYANIND/,SHREYANIND,115.19,,,,,,,179.87,130.15
Exim Routes,/company/EXIMROUTES/consolidated/,EXIMROUTES,12.04,,,,,,,179.83,95.90
Goldkart Jewels,/company/GOLDKART/,GOLDKART,29.98,,,,,,,179.77,107.10
Mahendra Realtor,/company/MRIL/,MRIL,5.53,,,,,,,179.37,81.15
Naapbooks,/company/543351/,543351,15.27,,,,,,,179.06,151.20
Integra Essentia,/company/ESSENTIA/consolidated/,ESSENTIA,36.73,,,,,,,179.04,1.02
Earkart,/company/544549/,544549,18.57,,,,,,,178.80,130.00
Swadeshi Inds,/company/506863/,506863,77.90,,,,,,,178.71,77.27
Positron Energy,/company/POSITRON/,POSITRON,3.61,,,,,,,178.61,235.00
Flywings Simula.,/company/FWSTC/,FWSTC,9.75,,,,,,,178.56,175.45
Cash UR Drive,/company/CUDML/,CUDML,4.03,,,,,,,178.49,101.15
Canarys Automa.,/company/CANARYS/consolidated/,CANARYS,7.56,,,,,,,178.29,30.35
Kings Infra,/company/530215/,530215,8.35,,,,,,,178.18,72.71
Elfin Agro India,/company/544724/,544724,18.08,,,,,,,178.13,91.70
Ajanta Soya,/company/519216/,519216,6.16,,,,,,,178.11,22.13
Inflame Applian.,/company/541083/,541083,11.63,,,,,,,177.42,236.85
Accord Transformer,/company/544710/,544710,22.62,,,,,,,177.01,86.04
Amba Auto Sales,/company/AMBAAUTO/,AMBAAUTO,8.36,,,,,,,176.92,96.55
Infrax Renewable,/company/544919/,544919,12.45,,,,,,,176.67,124.10
Natural Capsules,/company/NATCAPSUQ/consolidated/,NATCAPSUQ,112.77,,,,,,,176.49,169.52
Indian Phosphate,/company/IPHL/consolidated/,IPHL,5.10,,,,,,,176.05,70.45
Kreon Finnancial,/company/530139/,530139,14.69,,,,,,,175.71,86.89
Karbonsteel Eng.,/company/544511/,544511,6.09,,,,,,,175.57,124.15
SMR Jewels,/company/544774/,544774,5.38,,,,,,,175.35,94.00
Alpine Housing,/company/526519/,526519,13.34,,,,,,,174.95,101.00
Murudesh.Ceramic,/company/MURUDCERA/,MURUDCERA,7.32,,,,,,,174.92,28.89
Crescentis Capital,/company/511571/,511571,67.86,,,,,,,174.90,102.80
K. V. Toys India,/company/544641/,544641,13.29,,,,,,,174.62,278.05
Trigyn Techno.,/company/TRIGYN/consolidated/,TRIGYN,-10.87,,,,,,,174.31,56.62
Brooks Lab.,/company/BROOKS/consolidated/,BROOKS,11.23,,,,,,,173.83,59.01
Candour Techtex,/company/522292/,522292,26.75,,,,,,,173.32,71.00
Baid Finserv,/company/BAIDFIN/,BAIDFIN,8.43,,,,,,,173.28,10.69
Dhanashree Elect,/company/542679/,542679,19.44,,,,,,,173.19,122.05
Royal Arc Ele.,/company/ROYALARC/,ROYALARC,9.14,,,,,,,173.16,156.00
Fonebox Retail,/company/FONEBOX/,FONEBOX,7.81,,,,,,,172.01,167.65
Sangam Finserv,/company/538714/,538714,13.60,,,,,,,171.95,36.89
Dolfin Rubbers,/company/542013/,542013,17.74,,,,,,,171.76,171.25
Quest Flow,/company/543982/consolidated/,543982,21.40,,,,,,,171.61,167.30
Bal Pharma,/company/BALPHARMA/consolidated/,BALPHARMA,9.13,,,,,,,171.48,107.71
Eppeltone Ene.,/company/EEPL/,EEPL,10.26,,,,,,,171.13,132.05
Dhaval Packaging,/company/544854/,544854,13.43,,,,,,,170.54,124.15
Golden Crest,/company/540062/,540062,680.64,,,,,,,170.36,324.80
Nikita Greentech Recycling,/company/NIKITA/,NIKITA,9.25,,,,,,,169.96,68.90
KPT Industries,/company/505299/,505299,8.35,,,,,,,169.83,499.50
Kanchi Karpooram,/company/KANCHI/,KANCHI,10.05,,,,,,,169.63,390.50
Vaidya Sane,/company/MADHAVBAUG/consolidated/,MADHAVBAUG,9.65,,,,,,,169.53,161.25
Lakshmi Engg.,/company/505302/,505302,29.64,,,,,,,169.12,2528.95
Dhoot Indl.Fin,/company/526971/,526971,2.42,,,,,,,168.69,267.00
Shri Keshav,/company/530977/,530977,10.77,,,,,,,168.30,96.10
Vaxfab Enterp.,/company/542803/consolidated/,542803,-18.96,,,,,,,167.87,65.00
Niraj Cement,/company/NIRAJ/,NIRAJ,5.02,,,,,,,167.80,28.11
Sadhav Shipping,/company/SADHAV/,SADHAV,8.86,,,,,,,167.78,104.00
Wardwizard Inno.,/company/WARDINMOBI/,WARDINMOBI,13.93,,,,,,,167.56,5.57
Atal Realtech,/company/ATALREAL/,ATALREAL,14.79,,,,,,,167.51,13.52
Emmbi Industries,/company/EMMBI/,EMMBI,7.71,,,,,,,167.41,87.01
Sakthi Finance,/company/511066/,511066,7.47,,,,,,,167.07,25.82
Standard Surfact,/company/526231/,526231,9.29,,,,,,,166.95,202.08
FX Multitech,/company/544941/,544941,10.61,,,,,,,166.57,
Suryalata Spg.,/company/SURYALA/consolidated/,SURYALA,3.65,,,,,,,166.41,390.00
Fractal Industries,/company/544707/,544707,8.11,,,,,,,166.36,211.95
Texmo Pipes,/company/TEXMOPIPES/consolidated/,TEXMOPIPES,5.41,,,,,,,166.15,56.91
Prajay Engineers,/company/PRAENG/consolidated/,PRAENG,-22.37,,,,,,,165.76,23.70
Pritika Engineer,/company/PRITIKA/consolidated/,PRITIKA,11.24,,,,,,,165.57,62.80
B. D. Industries,/company/544468/consolidated/,544468,9.57,,,,,,,165.48,116.45
Greenchef Appli.,/company/GREENCHEF/,GREENCHEF,344.09,,,,,,,165.23,71.00
NHC Foods,/company/517554/consolidated/,517554,5.17,,,,,,,165.17,1.75
Supra Pacific,/company/540168/,540168,8.22,,,,,,,164.77,33.53
Modern Threads,/company/MODTHREAD/,MODTHREAD,5.41,,,,,,,164.56,47.32
Tilak Ventures,/company/503663/,503663,8.31,,,,,,,164.46,1.23
Pooja Logistics,/company/id/1286194/consolidated/,id,7.14,,,,,,,164.27,
Achyut Healthcar,/company/543499/,543499,265.70,,,,,,,163.88,6.79
Gourmet Gateway,/company/506134/consolidated/,506134,6.81,,,,,,,163.84,10.80
SNL Bearings,/company/505827/,505827,8.91,,,,,,,163.42,452.70
Ecoboard Inds.,/company/523732/,523732,-18.73,,,,,,,163.17,61.79
N R Vandana,/company/NRVANDANA/,NRVANDANA,10.34,,,,,,,162.83,69.90
Lippi Systems,/company/526604/,526604,27.36,,,,,,,162.12,231.60
De Neers Tools,/company/DENEERS/consolidated/,DENEERS,6.01,,,,,,,161.71,182.80
Par Drugs & Che.,/company/PAR/,PAR,5.20,,,,,,,161.70,131.41
Polysil Irrigati,/company/POLYSIL/,POLYSIL,29.79,,,,,,,161.42,60.90
DRS Dilip Road,/company/DRSDILIP/,DRSDILIP,15.99,,,,,,,161.17,107.00
Intrasoft Tech.,/company/ISFT/consolidated/,ISFT,9.93,,,,,,,161.14,98.79
M Tek Copper,/company/MCL/,MCL,15.71,,,,,,,161.12,59.36
Giriraj Civil,/company/GIRIRAJ/,GIRIRAJ,7.11,,,,,,,160.87,67.25
Avance Tech.,/company/AVANCE/consolidated/,AVANCE,19.40,,,,,,,160.54,0.81
Modulex Const.,/company/504273/consolidated/,504273,-18.21,,,,,,,160.39,15.28
Jeevan Scienti.,/company/538837/consolidated/,538837,11.21,,,,,,,160.18,79.77
Prime Industries,/company/519299/consolidated/,519299,8.04,,,,,,,160.11,76.23
Winsome Textile,/company/514470/,514470,3.88,,,,,,,159.65,80.55
Aartech Solonics,/company/AARTECH/consolidated/,AARTECH,18.63,,,,,,,159.20,50.11
Beacon Trust.,/company/BEACON/consolidated/,BEACON,12.56,,,,,,,159.13,87.95
Active Clothing,/company/541144/,541144,9.47,,,,,,,158.61,102.25
Stratmont Indus.,/company/530495/,530495,31.13,,,,,,,158.45,55.60
Shivalic Power,/company/SPCL/consolidated/,SPCL,8.76,,,,,,,158.32,65.65
Master Component,/company/MASTER/,MASTER,13.18,,,,,,,158.00,395.00
Kheria Autocomp,/company/KHERIAAUTO/,KHERIAAUTO,8.20,,,,,,,157.85,99.60
Metroglobal,/company/METROGLOBL/consolidated/,METROGLOBL,2.67,,,,,,,157.39,127.60
Bench Mark Infotech Services,/company/id/1286199/,id,10.71,,,,,,,157.00,
Bikewo Green,/company/BIKEWO/consolidated/,BIKEWO,28.83,,,,,,,156.98,120.35
Loyal Equipments,/company/539227/,539227,12.17,,,,,,,156.40,144.95
Refex Renewables,/company/531260/consolidated/,531260,16.98,,,,,,,156.30,347.50
HB Estate Devel.,/company/HBESD/consolidated/,HBESD,8.98,,,,,,,156.22,68.04
Raaj Medisafe,/company/524502/,524502,14.93,,,,,,,156.03,95.00
Prima Plastics,/company/530589/consolidated/,530589,3.87,,,,,,,155.99,141.80
Bharat Gears,/company/BHARATGEAR/,BHARATGEAR,3.98,,,,,,,155.87,101.51
Garg Furnace,/company/530615/,530615,11.12,,,,,,,155.85,228.90
Virinchi,/company/VIRINCHI/consolidated/,VIRINCHI,7.64,,,,,,,155.65,13.81
Indo US Bio-Tech,/company/INDOUS/,INDOUS,11.89,,,,,,,155.60,77.60
The Byke Hospi.,/company/BYKE/,BYKE,5.19,,,,,,,155.58,29.76
Emerald Tyre,/company/ETML/consolidated/,ETML,8.14,,,,,,,155.52,79.85
Fusion Klassroom Edutech,/company/544856/,544856,11.98,,,,,,,155.17,166.55
H. R. Hygiene,/company/544848/,544848,9.27,,,,,,,155.01,68.25
Sawaliya Food,/company/SAWALIYA/,SAWALIYA,12.77,,,,,,,154.72,156.00
Shri Techtex,/company/SHRITECH/,SHRITECH,5.40,,,,,,,154.69,62.00
AMJ Land Holdin.,/company/AMJLAND/consolidated/,AMJLAND,6.46,,,,,,,154.57,37.70
KVS Castings,/company/544554/,544554,15.75,,,,,,,154.38,82.32
Nephro Care,/company/NEPHROCARE/,NEPHROCARE,15.68,,,,,,,154.23,93.55
Mena Mani Inds.,/company/531127/,531127,134.26,,,,,,,154.09,13.26
DU Digital,/company/DUGLOBAL/consolidated/,DUGLOBAL,12.66,,,,,,,153.96,21.40
Galaxy Agrico,/company/531911/,531911,-1280.00,,,,,,,153.82,96.80
Globus Power,/company/526025/,526025,-294.90,,,,,,,153.37,15.50
IBL Finance,/company/IBLFL/,IBLFL,20.81,,,,,,,153.33,62.00
Incredible Indus,/company/INCREDIBLE/,INCREDIBLE,6.96,,,,,,,153.10,32.74
Gallard Steel,/company/544616/consolidated/,544616,8.68,,,,,,,152.95,161.00
Dachepalli Pub.,/company/544667/,544667,7.54,,,,,,,152.76,102.00
S D Retail,/company/SDREAMS/,SDREAMS,8.80,,,,,,,152.59,81.50
Lorenzini Appar.,/company/LAL/,LAL,17.54,,,,,,,152.53,8.83
Shree Ram Twist.,/company/SRTL/,SRTL,4.01,,,,,,,152.50,38.15
Reliable Data,/company/RELIABLE/consolidated/,RELIABLE,10.03,,,,,,,152.43,147.70
Aarnav Fashions,/company/AARNAV/,AARNAV,8.32,,,,,,,152.27,36.05
Delphi World,/company/DELPHIFX/consolidated/,DELPHIFX,7.65,,,,,,,152.07,6.20
Lloyds Luxuries,/company/LLOYDS/,LLOYDS,72.09,,,,,,,152.05,63.00
Rishi Laser,/company/526861/,526861,14.09,,,,,,,151.70,151.85
Indian Terrain,/company/INDTERRAIN/,INDTERRAIN,5.26,,,,,,,151.65,29.93
M K Proteins,/company/MKPL/,MKPL,21.63,,,,,,,151.27,4.03
Mitcon Consult.,/company/MITCON/consolidated/,MITCON,6.73,,,,,,,151.14,86.77
Amba Enterprises,/company/539196/,539196,10.86,,,,,,,150.98,119.25
Oswal Overseas,/company/531065/,531065,-47.64,,,,,,,150.28,116.30
Auro Labs.,/company/530233/,530233,14.15,,,,,,,150.20,241.00
Atishay,/company/538713/,538713,14.70,,,,,,,150.14,136.10
Lambodhara Text.,/company/LAMBODHARA/,LAMBODHARA,5.72,,,,,,,150.03,144.57
Meta Infotech,/company/544441/,544441,8.15,,,,,,,150.03,79.46
Filatex Fash.,/company/FILATFASH/consolidated/,FILATFASH,44.88,,,,,,,150.01,0.18
DHP India,/company/531306/,531306,7.94,,,,,,,149.99,499.95
Krishanveer Forg,/company/513369/,513369,10.75,,,,,,,149.88,137.00
Vaswani Industri,/company/VASWANI/,VASWANI,8.99,,,,,,,149.41,45.35
MANGALAM SEEDS,/company/MSL/consolidated/,MSL,7.49,,,,,,,149.33,136.00
J A Finance,/company/543860/,543860,89.63,,,,,,,149.08,140.00
GTT Data,/company/530457/consolidated/,530457,2046.22,,,,,,,149.04,39.02
Rainbow Foundat.,/company/531694/,531694,15.83,,,,,,,148.85,30.00
Infollion Resea.,/company/INFOLLION/,INFOLLION,6.22,,,,,,,148.85,153.35
Rapicut Carbides,/company/500360/,500360,9.65,,,,,,,148.80,277.10
Sh. Bajrang All.,/company/SHBAJRG/consolidated/,SHBAJRG,28.37,,,,,,,148.79,165.32
CHL,/company/532992/consolidated/,532992,6.97,,,,,,,148.34,27.06
Rapid Fleet,/company/RAPIDFLEET/,RAPIDFLEET,5.33,,,,,,,147.88,198.90
Rajputana Indu.,/company/RAJINDLTD/,RAJINDLTD,6.71,,,,,,,147.84,66.55
Brady & Morris,/company/505690/,505690,18.00,,,,,,,147.71,656.50
Kanoria Energy,/company/539620/,539620,10.84,,,,,,,147.64,17.31
Tips Films,/company/TIPSFILMS/,TIPSFILMS,-6.53,,,,,,,147.60,341.45
Ace Men,/company/539661/consolidated/,539661,410.59,,,,,,,147.55,114.25
Dhunseri Tea,/company/DTIL/consolidated/,DTIL,13.12,,,,,,,147.47,140.35
Tunwal E-Motors,/company/TUNWAL/,TUNWAL,7.84,,,,,,,146.83,25.45
Global Ocean,/company/544665/,544665,9.26,,,,,,,146.59,101.50
Paul Merchants,/company/PML/consolidated/,PML,1.66,,,,,,,146.54,475.15
Sharvaya Metals,/company/544506/,544506,8.36,,,,,,,146.54,146.10
Oneindig Technologies,/company/544852/consolidated/,544852,14.73,,,,,,,146.38,134.00
Vipul Ltd,/company/VIPULLTD/consolidated/,VIPULLTD,-10.24,,,,,,,146.03,10.36
G V Electricals,/company/544859/,544859,8.57,,,,,,,145.95,129.40
Kimia Bioscien.,/company/530313/,530313,12.01,,,,,,,145.58,30.77
Maha Rashtra Apx,/company/MAHAPEXLTD/consolidated/,MAHAPEXLTD,-5.31,,,,,,,145.37,51.58
GVP Infotech,/company/GVPTECH/,GVPTECH,-1.26,,,,,,,145.02,7.94
Harshdeep Horti.,/company/544105/,544105,7.48,,,,,,,144.85,90.00
Rollatainers,/company/ROLLT/consolidated/,ROLLT,-210.85,,,,,,,144.83,5.79
HBG Hotels,/company/537839/consolidated/,537839,67.01,,,,,,,144.76,70.55
Surani Steel Tub,/company/SURANI/,SURANI,64.64,,,,,,,144.75,93.10
Pro Fin Capital,/company/511557/,511557,-653.74,,,,,,,144.59,2.44
Salona Cotspin,/company/SALONA/,SALONA,9.24,,,,,,,144.58,274.75
Vama Wovenfab,/company/544931/,544931,9.43,,,,,,,144.18,277.85
Dollex Agrotech,/company/DOLLEX/,DOLLEX,17.86,,,,,,,144.02,36.05
Eventions,/company/id/1286228/,id,17.46,,,,,,,143.77,
Gujarat Intrux,/company/517372/,517372,8.74,,,,,,,143.49,417.70
Maiden Forgings,/company/543874/,543874,12.20,,,,,,,143.47,100.95
Phantom Digital,/company/PHANTOMFX/consolidated/,PHANTOMFX,2.74,,,,,,,143.31,90.00
Kesar Petroprod.,/company/524174/,524174,11.56,,,,,,,143.28,12.83
Secmark Consult.,/company/SECMARK/,SECMARK,13.12,,,,,,,143.25,137.12
Pramara Promotio,/company/PRAMARA/consolidated/,PRAMARA,8.56,,,,,,,143.07,102.60
VIRAT LEASING,/company/539167/,539167,-228.97,,,,,,,143.05,55.10
W I Plywoods,/company/WIPL/consolidated/,WIPL,41.23,,,,,,,142.98,168.46
Indowind Energy,/company/INDOWIND/consolidated/,INDOWIND,10.46,,,,,,,142.97,8.88
Jyoti,/company/504076/consolidated/,504076,10.91,,,,,,,142.90,61.88
TNA Solutions,/company/id/1286229/,id,,,,,,,,142.86,
Quest Laborato.,/company/QUESTLAB/,QUESTLAB,7.29,,,,,,,142.65,87.05
Speciality Medi.,/company/544738/,544738,8.59,,,,,,,142.51,162.20
Teja Engineering,/company/TEJA/,TEJA,14.86,,,,,,,142.46,222.00
Yaashvi Jewellers,/company/544770/,544770,6.54,,,,,,,142.28,80.74
Vijaypd Ceutical,/company/VIJAYPD/,VIJAYPD,18.15,,,,,,,142.27,72.85
Available Fin.,/company/531310/consolidated/,531310,394.89,,,,,,,142.19,139.35
Modern Dairies,/company/519287/,519287,11.88,,,,,,,142.11,44.52
Rajputana Bio.,/company/RAJPUTANA/consolidated/,RAJPUTANA,10.43,,,,,,,141.90,201.75
FRESITA PROTEINS,/company/519242/,519242,40.34,,,,,,,141.85,158.03
Alphalogic Indu,/company/543937/,543937,18.34,,,,,,,141.68,139.05
Lactose (India),/company/524202/,524202,9.60,,,,,,,141.63,112.50
Energy-Mission,/company/EMMIL/consolidated/,EMMIL,7.27,,,,,,,141.52,124.95
Hindcon Chemical,/company/HINDCON/consolidated/,HINDCON,17.87,,,,,,,141.29,27.60
Omega Interactiv,/company/511644/,511644,8.64,,,,,,,141.09,17.85
Rajshree Polypac,/company/RPPL/,RPPL,4.68,,,,,,,141.06,19.00
East India Drums,/company/523874/,523874,10.15,,,,,,,140.50,95.10
IKOMA Technologies,/company/531997/,531997,-174.74,,,,,,,140.42,60.52
National Plastic,/company/531287/,531287,7.19,,,,,,,140.29,230.80
AVP Infracon,/company/AVPINFRA/,AVPINFRA,4.25,,,,,,,140.13,56.10
Methodhub Software,/company/544637/consolidated/,544637,2.90,,,,,,,140.12,74.32
Bharat Road,/company/BRNL/consolidated/,BRNL,-2.40,,,,,,,140.11,16.69
DCM,/company/DCM/consolidated/,DCM,13.15,,,,,,,140.08,75.00
Tarmat,/company/TARMAT/consolidated/,TARMAT,14.11,,,,,,,139.96,55.84
Esprit Stones,/company/ESPRIT/consolidated/,ESPRIT,20.62,,,,,,,139.90,63.75
Panch.Organics,/company/531726/,531726,8.59,,,,,,,139.88,106.20
Avi Ansh,/company/AVIANSH/,AVIANSH,25.42,,,,,,,139.77,100.00
Sampark India,/company/544810/,544810,8.60,,,,,,,139.75,114.00
Aeron Composites,/company/AERON/,AERON,7.58,,,,,,,139.65,82.05
Spectrum Talent,/company/SPECTSTM/consolidated/,SPECTSTM,6.52,,,,,,,139.37,60.35
Digicontent,/company/DGCONTENT/consolidated/,DGCONTENT,5.65,,,,,,,139.07,23.90
Desco Infra.,/company/544387/,544387,6.34,,,,,,,138.48,180.40
Rexnord Electr.,/company/531888/,531888,7.62,,,,,,,138.46,104.42
Airo Lam,/company/AIROLAM/consolidated/,AIROLAM,10.57,,,,,,,138.45,92.29
Guj. Inject(Ker),/company/524238/,524238,33.60,,,,,,,138.43,9.45
Party Cruisers,/company/PARTYCRUS/consolidated/,PARTYCRUS,6.10,,,,,,,138.43,98.95
Crown Lifters,/company/CROWN/,CROWN,7.88,,,,,,,138.34,119.36
Steelco Gujarat,/company/500399/,500399,-17.74,,,,,,,138.32,219.70
Popees Baby Care India,/company/531971/,531971,233.73,,,,,,,138.11,162.00
Ashapuri Gold,/company/542579/,542579,4.65,,,,,,,137.99,4.14
Kamdhenu Venture,/company/KAMOPAINTS/consolidated/,KAMOPAINTS,30.50,,,,,,,137.85,4.19
ENS Enterprises,/company/544876/,544876,11.25,,,,,,,137.65,101.25
Star Delta Trans,/company/539255/,539255,7.97,,,,,,,137.42,458.05
Ishan Dyes,/company/ISHANCH/,ISHANCH,24.25,,,,,,,137.12,50.22
Godavari Drugs,/company/530317/,530317,18.74,,,,,,,136.62,125.18
Bright Brothers,/company/BRIGHTBR/consolidated/,BRIGHTBR,6.74,,,,,,,136.52,240.35
Autofurnish,/company/544767/consolidated/,544767,22.12,,,,,,,136.37,100.90
Cranes Software,/company/512093/consolidated/,512093,-465.21,,,,,,,135.91,7.08
Garware Offshore Services,/company/501848/consolidated/,501848,13.51,,,,,,,135.88,44.16
Raama Finance,/company/538540/,538540,12.19,,,,,,,135.84,14.95
Parnax Lab,/company/PARNAXLAB/consolidated/,PARNAXLAB,7.76,,,,,,,135.78,118.22
Acme Universal Safezone 9,/company/id/1286216/,id,9.40,,,,,,,135.56,
Bodhi Tree,/company/BTML/consolidated/,BTML,8.59,,,,,,,135.55,7.46
DCG Cables,/company/DCG/,DCG,7.50,,,,,,,135.40,74.60
Star Imaging,/company/544482/consolidated/,544482,3.05,,,,,,,135.35,77.70
PMC Fincorp,/company/534060/,534060,11.79,,,,,,,135.30,1.90
Siddhika Coatins,/company/SIDDHIKA/,SIDDHIKA,9.60,,,,,,,134.92,218.35
Onelife Capital,/company/ONELIFECAP/consolidated/,ONELIFECAP,9.37,,,,,,,134.68,36.05
Barflex Polyfilm,/company/BARFLEX/consolidated/,BARFLEX,21.39,,,,,,,134.51,54.35
JK Agri Genetics,/company/536493/consolidated/,536493,14.20,,,,,,,134.22,289.45
Kritika Wires,/company/KRITIKA/,KRITIKA,10.62,,,,,,,134.21,5.04
Aspira Pathlab,/company/540788/,540788,92.37,,,,,,,133.83,130.02
Envirotech Sys.,/company/ENVIRO/,ENVIRO,7.51,,,,,,,133.60,71.10
WEP Solutions,/company/532373/,532373,8.36,,,,,,,133.26,36.06
Upsurge Invest.,/company/531390/,531390,7.67,,,,,,,133.08,60.71
Xelpmoc Design,/company/XELPMOC/consolidated/,XELPMOC,-20.99,,,,,,,132.73,89.50
Indian Sucrose,/company/500319/,500319,2.50,,,,,,,132.53,76.27
Lagnam Spintex,/company/LAGNAM/,LAGNAM,6.74,,,,,,,132.50,74.99
La Tim Metal & I,/company/505693/,505693,8.72,,,,,,,132.45,10.13
Choksi Laborator,/company/526546/,526546,13.06,,,,,,,132.37,190.05
Owais Metal,/company/OWAIS/,OWAIS,18.78,,,,,,,132.10,72.65
Enser,/company/ENSER/,ENSER,8.82,,,,,,,132.05,15.15
Polson,/company/507645/,507645,9.88,,,,,,,132.00,10999.95
Global Surfaces,/company/GSLSU/consolidated/,GSLSU,31.32,,,,,,,131.93,31.13
Hindprakash Indu,/company/HPIL/,HPIL,19.75,,,,,,,131.83,115.40
Callista Indus.,/company/539335/,539335,-1343.40,,,,,,,131.75,131.75
Zeal Aqua,/company/539963/,539963,6.62,,,,,,,131.23,10.41
Jocil,/company/JOCIL/,JOCIL,6.79,,,,,,,131.07,147.60
Harmony Capital,/company/530055/,530055,77.32,,,,,,,130.73,107.80
Premco Global,/company/PREMCO/consolidated/,PREMCO,11.39,,,,,,,130.66,395.35
Abate As Indust,/company/531658/consolidated/,531658,8.43,,,,,,,130.66,8.29
TBI Corn,/company/TBI/,TBI,5.11,,,,,,,130.65,71.95
Srinibas Pradhan,/company/SPCON/consolidated/,SPCON,9.21,,,,,,,130.61,166.15
AAA Technologies,/company/AAATECH/,AAATECH,40.52,,,,,,,130.19,101.50
LAPL Automotive,/company/544863/,544863,9.45,,,,,,,130.19,103.85
Magnum Ventures,/company/MAGNUM/,MAGNUM,5.08,,,,,,,130.12,19.02
Dhampur.Spl.Sug.,/company/531923/consolidated/,531923,13.77,,,,,,,129.79,148.65
Aztec Fluids,/company/544177/consolidated/,544177,10.44,,,,,,,129.61,95.30
Trade-Wings,/company/509953/consolidated/,509953,21.24,,,,,,,129.59,431.95
Sonal Mercantile,/company/SONAL/consolidated/,SONAL,11.90,,,,,,,129.26,87.70
Crazy Snacks,/company/544807/consolidated/,544807,9.86,,,,,,,129.17,53.96
Alliance Integ.,/company/534064/,534064,62.18,,,,,,,129.15,3.27
Sheel Bio.,/company/SHEEL/,SHEEL,7.96,,,,,,,128.83,63.30
Kanishk Steel,/company/513456/,513456,9.21,,,,,,,128.75,45.27
Swadeshi Polytex,/company/503816/,503816,14.77,,,,,,,128.51,32.95
Enfuse Solutions,/company/ENFUSE/,ENFUSE,-29.39,,,,,,,128.29,145.00
GenXAI Analytics,/company/GENXAI/consolidated/,GENXAI,5.57,,,,,,,128.12,71.40
Coral India Fin.,/company/CORALFINAC/,CORALFINAC,6.52,,,,,,,128.04,31.77
Kesar Enterprise,/company/507180/,507180,-16.91,,,,,,,128.01,12.70
Sadbhav Engg.,/company/SADBHAV/consolidated/,SADBHAV,5.20,,,,,,,127.99,7.46
Archit Organosys,/company/524640/,524640,8.31,,,,,,,127.84,62.30
Rishiroop,/company/526492/,526492,8.55,,,,,,,127.79,139.45
Pro FX,/company/PROFX/,PROFX,4.52,,,,,,,127.34,72.75
Sh. Krishna Pap.,/company/500388/,500388,12.36,,,,,,,127.31,94.15
Sanco Trans,/company/523116/,523116,8.86,,,,,,,127.21,706.70
Dev Information,/company/DEVIT/consolidated/,DEVIT,21.47,,,,,,,126.97,22.28
Mukta Arts,/company/MUKTAARTS/consolidated/,MUKTAARTS,6.49,,,,,,,126.95,56.21
Vital Chemtech,/company/VITAL/consolidated/,VITAL,16.76,,,,,,,126.94,53.00
Unitec Fibres,/company/id/1286196/,id,12.31,,,,,,,126.88,
Safety Controls,/company/544746/,544746,6.40,,,,,,,126.87,63.99
Aluwind Infra,/company/ALUWIND/,ALUWIND,9.43,,,,,,,126.85,51.05
Keynote Finan.,/company/KEYFINSERV/consolidated/,KEYFINSERV,8.33,,,,,,,126.56,227.35
Balaxi Pharma,/company/BALAXI/consolidated/,BALAXI,13.37,,,,,,,125.98,22.82
Pee Cee Cosma,/company/524136/,524136,9.12,,,,,,,125.56,473.80
Sampann Utpadan,/company/SAMPANN/consolidated/,SAMPANN,12.94,,,,,,,125.53,24.56
Duncan Engg.,/company/504908/,504908,13.10,,,,,,,125.41,338.95
APM Industries,/company/523537/,523537,9.82,,,,,,,125.35,58.00
LGB Forge,/company/533007/,533007,36.90,,,,,,,125.29,5.26
W H Brady,/company/WHBRADY/consolidated/,WHBRADY,10.75,,,,,,,125.21,491.00
HEC Infra Proj.,/company/HECPROJECT/,HECPROJECT,6.96,,,,,,,125.16,115.48
Fynx Capital,/company/507962/,507962,-44.03,,,,,,,124.60,6.23
Surana Solar,/company/SURANASOL/,SURANASOL,12.25,,,,,,,124.49,25.30
Osiajee Texfab,/company/540198/consolidated/,540198,21.03,,,,,,,124.47,230.50
Alpa Laboratorie,/company/ALPA/consolidated/,ALPA,14.63,,,,,,,124.35,59.10
LKP Securities,/company/LKPSEC/consolidated/,LKPSEC,2.50,,,,,,,124.27,15.02
Umiya Mobile,/company/544464/,544464,8.38,,,,,,,124.18,87.33
BSL,/company/BSL/,BSL,10.91,,,,,,,124.16,120.64
Binayaka Tex Pr,/company/523054/,523054,11.76,,,,,,,124.05,1747.25
Captain Pipes,/company/538817/consolidated/,538817,12.66,,,,,,,123.99,8.07
Rukmani Devi Gar,/company/544552/consolidated/,544552,9.19,,,,,,,123.78,139.45
Winsol Engineers,/company/WINSOL/,WINSOL,7.64,,,,,,,123.77,107.30
Raja Bahadur Int,/company/503127/consolidated/,503127,19.56,,,,,,,123.75,4950.00
Bengal Tea & Fab,/company/532230/,532230,9.24,,,,,,,123.52,137.15
Shradha AI Tech,/company/543976/,543976,9.81,,,,,,,123.43,20.25
Escorp Asset Mgt,/company/540455/,540455,13.63,,,,,,,123.39,111.00
AG Ventures,/company/506579/consolidated/,506579,4.11,,,,,,,123.03,123.15
Holmarc Opto,/company/HOLMARC/,HOLMARC,16.33,,,,,,,123.01,122.40
VJTF Eduservices,/company/509026/consolidated/,509026,-83.09,,,,,,,122.85,69.80
Trustedgecapital,/company/532056/,532056,84.50,,,,,,,122.78,133.05
Krebs Biochem,/company/KREBSBIO/,KREBSBIO,-939.14,,,,,,,122.77,56.94
Puretrop Fruits,/company/530077/,530077,5.83,,,,,,,122.73,178.65
Highness Microelectronics,/company/544741/,544741,14.39,,,,,,,122.64,237.50
Smarten Power,/company/SMARTEN/consolidated/,SMARTEN,9.22,,,,,,,122.56,64.50
Hind.Tin Works,/company/530315/,530315,5.68,,,,,,,122.35,117.65
RSD Finance,/company/RSDFIN/consolidated/,RSDFIN,5.43,,,,,,,122.33,94.49
Yashhtej Industries,/company/544708/,544708,9.39,,,,,,,122.30,52.99
Steel City Sec.,/company/STEELCITY/consolidated/,STEELCITY,2.80,,,,,,,122.10,80.82
Kaira Can,/company/504840/,504840,16.06,,,,,,,122.00,1323.00
Srivasavi Adhes.,/company/SRIVASAVI/,SRIVASAVI,15.12,,,,,,,121.83,85.95
Elnet Technolog,/company/517477/,517477,1.25,,,,,,,121.62,304.05
Worth Investment,/company/538451/,538451,26.63,,,,,,,121.60,3.28
Thakkers Develp.,/company/THAKDEV/consolidated/,THAKDEV,6.89,,,,,,,121.49,134.99
OBCL,/company/OBCL/consolidated/,OBCL,41.88,,,,,,,121.44,57.60
Supreme Holdings,/company/SUPREME/consolidated/,SUPREME,84.13,,,,,,,121.31,31.39
OK Play India,/company/526415/consolidated/,526415,6.49,,,,,,,121.22,3.34
iSERA Lifesciences,/company/534920/,534920,5990.00,,,,,,,121.01,143.90
B & A,/company/BNALTD/consolidated/,BNALTD,8.59,,,,,,,120.90,390.00
NSB BPO,/company/544571/consolidated/,544571,6.15,,,,,,,120.77,60.47
Tirupati Starch,/company/524582/,524582,8.85,,,,,,,120.63,125.80
Panafic Industri,/company/538860/,538860,65.30,,,,,,,120.23,2.44
Liqvd Digital,/company/id/1286191/consolidated/,id,10.57,,,,,,,120.22,
Ruchi Infrastr.,/company/RUCHINFRA/consolidated/,RUCHINFRA,6.58,,,,,,,120.14,5.09
Anik Industries,/company/ANIKINDS/consolidated/,ANIKINDS,90.60,,,,,,,120.10,43.28
Mega Flex Plast.,/company/MEGAFLEX/,MEGAFLEX,11.89,,,,,,,120.10,99.00
Shreeoswal Seeds,/company/OSWALSEEDS/consolidated/,OSWALSEEDS,5.67,,,,,,,119.64,13.08
Vishwaraj Sugar,/company/VISHWARAJ/,VISHWARAJ,-91.90,,,,,,,119.37,5.48
KIFS Financial,/company/535566/,535566,12.87,,,,,,,119.24,110.20
Indian CardCloth,/company/INDIANCARD/consolidated/,INDIANCARD,7.97,,,,,,,119.17,200.59
Apollo Techno,/company/544671/consolidated/,544671,8.51,,,,,,,119.16,87.05
Shri Balaji,/company/544074/,544074,8.01,,,,,,,119.14,146.00
Valencia Nutrit.,/company/542910/consolidated/,542910,71.97,,,,,,,119.04,60.00
Shigan Quantum,/company/SHIGAN/,SHIGAN,8.33,,,,,,,119.02,58.55
Latteys Industri,/company/LATTEYS/,LATTEYS,18.30,,,,,,,118.84,20.67
Mayank Cattle Fo,/company/544106/,544106,11.33,,,,,,,118.80,110.00
Garnet Intl.,/company/512493/consolidated/,512493,38.36,,,,,,,118.75,60.48
Kshitij Polyline,/company/KSHITIJPOL/consolidated/,KSHITIJPOL,15.79,,,,,,,118.71,4.81
Kemp & Co.,/company/506530/,506530,3944.00,,,,,,,118.61,1098.20
City Pulse Multi,/company/542727/,542727,32.71,,,,,,,118.40,79.25
Chemcrux Enterp.,/company/CHEMCRUX/consolidated/,CHEMCRUX,10.80,,,,,,,118.28,79.87
Mehul Telecom,/company/544751/,544751,8.65,,,,,,,118.10,113.00
Hindustan Hardy,/company/505893/,505893,11.36,,,,,,,118.07,787.15
Ambar Protein,/company/519471/,519471,8.69,,,,,,,117.96,205.15
Aayush Wellness,/company/539528/consolidated/,539528,25.62,,,,,,,117.69,24.18
Confidence Fut.,/company/CFEL/consolidated/,CFEL,13.04,,,,,,,117.67,47.03
Shyam Dhani Ind.,/company/SHYAMDHANI/,SHYAMDHANI,8.32,,,,,,,117.53,56.90
Emiac Technologies,/company/544747/,544747,20.06,,,,,,,117.53,96.00
Uravi Defence &,/company/URAVIDEF/consolidated/,URAVIDEF,27.23,,,,,,,117.42,103.00
Choksi Asia,/company/530427/,530427,14.44,,,,,,,117.39,205.90
Kanel Indust.,/company/500236/,500236,-510.78,,,,,,,117.34,74.50
Jolly Plastic,/company/507968/,507968,-307.37,,,,,,,116.95,47.97
Shri Gang Indus,/company/523309/,523309,4.56,,,,,,,116.92,55.05
Mega Nirman,/company/539767/,539767,105.86,,,,,,,116.88,45.57
Lahoti Overseas,/company/LAHOTIOV/consolidated/,LAHOTIOV,6.00,,,,,,,116.39,39.90
Happy Steels,/company/HAPPY/,HAPPY,10.58,,,,,,,116.29,81.40
NCL Res. & Finl.,/company/530557/,530557,-33.33,,,,,,,116.17,0.74
Indbank Merchant,/company/INDBANK/,INDBANK,2.84,,,,,,,116.05,26.15
Virya Resources,/company/512479/consolidated/,512479,-307.13,,,,,,,115.94,772.95
Bhilwara Spinner,/company/514272/,514272,11.95,,,,,,,115.71,127.80
Jay Ambe Super.,/company/544514/,544514,11.59,,,,,,,115.48,130.05
Aesthetik Engi.,/company/AESTHETIK/consolidated/,AESTHETIK,10.65,,,,,,,115.46,67.05
Chart.Logistics,/company/531977/,531977,38.50,,,,,,,115.19,9.06
Marvel Decor,/company/MDL/consolidated/,MDL,15.78,,,,,,,115.13,64.90
Kohinoor Foods,/company/KOHINOOR/consolidated/,KOHINOOR,39.06,,,,,,,115.11,31.05
Robokidz Eduventures,/company/544940/consolidated/,544940,8.46,,,,,,,115.11,
ITL Industries,/company/ITL/consolidated/,ITL,8.18,,,,,,,115.03,359.00
VL E-Governance,/company/VLEGOV/,VLEGOV,-49.92,,,,,,,114.85,10.59
Ganges Securitie,/company/GANGESSECU/consolidated/,GANGESSECU,19.40,,,,,,,114.65,114.61
Aksh Optifibre,/company/AKSHOPTFBR/consolidated/,AKSHOPTFBR,13.24,,,,,,,114.54,7.04
Modern Diagnost.,/company/544673/,544673,10.27,,,,,,,114.38,75.75
Total Transport,/company/TOTAL/consolidated/,TOTAL,6.00,,,,,,,114.28,70.86
Lakshya Powertec,/company/LAKSHYA/,LAKSHYA,8.71,,,,,,,114.10,113.15
Crop Life Scienc,/company/CLSL/,CLSL,8.97,,,,,,,113.98,66.50
Bharat Agri Fert,/company/531862/,531862,28.58,,,,,,,113.85,21.54
Intl. Combustion,/company/505737/,505737,32.90,,,,,,,113.74,475.90
Viaz Tyres,/company/VIAZ/consolidated/,VIAZ,12.62,,,,,,,113.70,75.50
Auto Pins (I),/company/531994/,531994,79.77,,,,,,,113.57,199.00
BCPL Railway,/company/BCPL/consolidated/,BCPL,7.51,,,,,,,113.22,67.70
ATV Projects,/company/500028/,500028,17.04,,,,,,,113.19,21.31
Sambhaav Media,/company/SAMBHAAV/consolidated/,SAMBHAAV,24.67,,,,,,,113.14,5.92
Shree TNB Polymers,/company/id/1286217/,id,7.86,,,,,,,113.13,
Nag. Agri Tech.,/company/531832/consolidated/,531832,60.82,,,,,,,113.12,36.90
Weizmann,/company/WEIZMANIND/consolidated/,WEIZMANIND,7.97,,,,,,,113.11,73.00
Duroply Indust.,/company/516003/,516003,8.34,,,,,,,113.01,104.17
Tuni Text. Mills,/company/531411/,531411,32.72,,,,,,,112.93,1.82
AMD Industries,/company/AMDIND/,AMDIND,6.07,,,,,,,112.70,58.80
Dharni Capital,/company/543753/consolidated/,543753,18.69,,,,,,,112.54,55.25
Vaishali Pharma,/company/VAISHALI/,VAISHALI,16.64,,,,,,,112.46,8.62
Assam Entrade,/company/ASSAMENT/,ASSAMENT,34.67,,,,,,,112.30,780.00
Optimus Finance,/company/OPTIFIN/consolidated/,OPTIFIN,7.72,,,,,,,112.01,14.99
Samkrg Pistons,/company/520075/,520075,4.31,,,,,,,111.85,113.90
GACM Tech,/company/GATECH/,GATECH,9.67,,,,,,,111.84,0.70
Rudrabhish. Ent.,/company/REPL/consolidated/,REPL,-14.62,,,,,,,111.44,61.49
Viram Suvarn,/company/540252/,540252,11.31,,,,,,,111.31,9.81
Makers Labs.,/company/MAKERSL/consolidated/,MAKERSL,5.75,,,,,,,111.16,188.40
Grovy India,/company/539522/,539522,22.46,,,,,,,110.69,63.23
GTL,/company/GTL/,GTL,-124.72,,,,,,,110.58,7.03
Forge Auto,/company/FORGEAUTO/consolidated/,FORGEAUTO,6.24,,,,,,,110.29,101.00
Retaggio Indust.,/company/544391/,544391,10.74,,,,,,,110.23,53.80
Gravity (India),/company/532015/,532015,4.38,,,,,,,110.08,14.11
Deep Polymers,/company/DEEP/,DEEP,6.82,,,,,,,110.02,45.50
DSM Fresh,/company/544568/,544568,5.07,,,,,,,110.01,49.36
Udayshivakumar,/company/USK/,USK,4.86,,,,,,,109.94,19.86
Chemtech Indust.,/company/537326/,537326,8.64,,,,,,,109.87,59.59
Vibrant Glo. Cap,/company/VGCL/consolidated/,VGCL,4.08,,,,,,,109.70,47.89
Ameya Precision,/company/AMEYA/,AMEYA,11.98,,,,,,,109.65,146.20
Zenith Exports,/company/ZENITHEXPO/,ZENITHEXPO,53.25,,,,,,,109.62,203.00
Zeal Global Serv,/company/ZEAL/consolidated/,ZEAL,4.97,,,,,,,109.54,82.30
GSM Foils,/company/GSMFOILS/,GSMFOILS,4.26,,,,,,,109.29,77.55
Globalspace Tech,/company/540654/consolidated/,540654,14.88,,,,,,,109.23,31.78
Indsil Hydro,/company/522165/,522165,5.98,,,,,,,109.08,39.25
Tyche Industries,/company/532384/,532384,4.06,,,,,,,109.06,106.40
Norben Tea,/company/NORBTEAEXP/,NORBTEAEXP,84.58,,,,,,,109.00,70.12
DB Intl.Stock,/company/DBSTOCKBRO/consolidated/,DBSTOCKBRO,2.23,,,,,,,108.96,31.13
Asston Pharmaceu,/company/544445/,544445,20.14,,,,,,,108.95,99.75
KIC Metaliks,/company/513693/,513693,6.71,,,,,,,108.94,30.69
Rama Telecom,/company/RTL/,RTL,23.64,,,,,,,108.89,82.50
Digjam,/company/DIGJAMLMTD/,DIGJAMLMTD,39.41,,,,,,,108.80,54.40
MRC Agrotech,/company/540809/consolidated/,540809,49.89,,,,,,,108.77,34.72
Bihar Sponge,/company/500058/,500058,14.26,,,,,,,108.70,12.05
Jayesh Logistics,/company/JAYESH/,JAYESH,7.49,,,,,,,108.64,125.00
Standard Inds.,/company/SIL/consolidated/,SIL,1.47,,,,,,,107.69,16.74
Richa Info,/company/RICHA/,RICHA,10.46,,,,,,,107.35,78.00
Pharmaids Pharma,/company/524572/,524572,-12.97,,,,,,,107.21,30.40
Suryalak. Cott.,/company/SURYALAXMI/,SURYALAXMI,6.51,,,,,,,107.19,57.00
Prodocs Solution,/company/544643/consolidated/,544643,6.58,,,,,,,107.16,152.00
Loyal Textile,/company/LOYALTEX/consolidated/,LOYALTEX,64.94,,,,,,,107.10,222.19
Samrat Forgings,/company/543229/,543229,10.75,,,,,,,107.03,214.05
Diensten Tech,/company/DTL/consolidated/,DTL,11.63,,,,,,,106.98,129.50
Lexora Global,/company/512345/consolidated/,512345,147.84,,,,,,,106.95,106.95
Eyantra Ventures,/company/512099/consolidated/,512099,175.87,,,,,,,106.57,531.00
Diksha Polymers,/company/544798/,544798,16.12,,,,,,,106.53,205.00
Vinod Texworld,/company/VINOD/,VINOD,7.53,,,,,,,106.32,65.80
TCI Industries,/company/532262/,532262,124.13,,,,,,,106.29,1181.00
Shyam Century,/company/SHYAMCENT/,SHYAMCENT,-18.95,,,,,,,106.09,5.00
Thacker & Co.,/company/THACKER/consolidated/,THACKER,20.46,,,,,,,106.05,975.00
Iconik Sports,/company/511260/,511260,16.66,,,,,,,105.99,31.32
Nagarjuna Fert.,/company/NAGAFERT/consolidated/,NAGAFERT,-15.47,,,,,,,105.86,1.77
ROX Hi-Tech,/company/ROXHITECH/,ROXHITECH,4.84,,,,,,,105.74,46.10
Leo Dryfruits,/company/544329/consolidated/,544329,7.02,,,,,,,105.58,59.01
Somi Conv.Belt.,/company/SOMICONVEY/,SOMICONVEY,11.14,,,,,,,105.53,89.59
Rajshree Sugars,/company/RAJSREESUG/,RAJSREESUG,13.02,,,,,,,105.40,31.81
Aegeus Technolog,/company/544858/consolidated/,544858,16.42,,,,,,,105.31,125.75
Sham Foam,/company/544869/,544869,9.02,,,,,,,105.31,91.65
Vippy Spinpro,/company/514302/,514302,5.54,,,,,,,105.07,179.00
Premier Roadline,/company/PRLIND/,PRLIND,6.33,,,,,,,105.05,45.95
Ken Enter.,/company/KEN/consolidated/,KEN,3.04,,,,,,,105.02,42.75
Propshop Events,/company/PROPSHOP/,PROPSHOP,9.23,,,,,,,104.98,71.75
Scoobee Garments,/company/531234/,531234,-32.81,,,,,,,104.89,61.99
Technichem Org.,/company/544327/,544327,20.76,,,,,,,104.50,60.33
Compucom Soft.,/company/COMPUSOFT/consolidated/,COMPUSOFT,13.22,,,,,,,104.37,13.19
Naturite Agro,/company/538926/,538926,216.92,,,,,,,104.07,98.25
Grob Tea Co,/company/GROBTEA/,GROBTEA,9.08,,,,,,,103.95,894.35
Super Tannery,/company/SUPTANERY/consolidated/,SUPTANERY,7.89,,,,,,,103.87,9.62
Saptarishi Agro,/company/519238/,519238,56.48,,,,,,,103.77,30.50
Surat Trade,/company/530185/,530185,6.03,,,,,,,103.70,4.67
Vistar Amar,/company/538565/,538565,4.74,,,,,,,103.68,180.00
Manoj Ceramic,/company/544073/,544073,6.96,,,,,,,103.55,75.00
Vigor Plast,/company/VIGOR/,VIGOR,5.53,,,,,,,103.52,100.00
MRP Agro,/company/543262/consolidated/,543262,11.16,,,,,,,103.50,90.00
Concord Drugs,/company/538965/,538965,20.61,,,,,,,103.20,78.33
Lovable Lingerie,/company/LOVABLE/,LOVABLE,23.60,,,,,,,103.13,69.68
Mangalam Alloys,/company/MAL/,MAL,6.80,,,,,,,103.06,41.75
Urban Enviro,/company/URBAN/,URBAN,4.78,,,,,,,102.92,118.85
Farm Peace,/company/544905/,544905,9.13,,,,,,,102.88,49.99
Narmadesh Brass,/company/544680/,544680,17.20,,,,,,,102.81,331.55
Sattva Eng.,/company/SATTVAENGG/,SATTVAENGG,5.44,,,,,,,102.80,58.85
Anka India,/company/531673/consolidated/,531673,62.46,,,,,,,102.36,19.86
Porwal Auto Comp,/company/532933/,532933,5.76,,,,,,,102.15,60.61
Matrix Geo Sol.,/company/MGSL/,MGSL,6.55,,,,,,,102.07,70.00
Thrive Future Habitats,/company/523120/consolidated/,523120,-67.11,,,,,,,101.75,89.89
B & A Packaging,/company/523186/,523186,8.18,,,,,,,101.66,204.95
Narmada Agrobase,/company/NARMADA/,NARMADA,17.35,,,,,,,101.44,13.37
Emkay Taps & Cut,/company/EMKAYTOOLS/,EMKAYTOOLS,180.55,,,,,,,101.38,95.00
Basant Agro Tech,/company/524687/,524687,8.89,,,,,,,101.32,11.18
Amarjothi Spg.,/company/AMARJOTHI/consolidated/,AMARJOTHI,4.75,,,,,,,101.13,149.82
Globe Enterprises,/company/GLOBE/consolidated/,GLOBE,7.25,,,,,,,100.89,2.24
Sylvan Plyboard,/company/SYLVANPLY/,SYLVANPLY,6.82,,,,,,,100.75,52.00
Parvati Sweetner,/company/541347/,541347,-31.04,,,,,,,100.67,6.75
Parmeshwari Silk,/company/540467/consolidated/,540467,8.93,,,,,,,100.54,335.00
Shri Krishna,/company/SHRIKRISH/consolidated/,SHRIKRISH,16.27,,,,,,,100.49,35.89
Titan Securities,/company/530045/consolidated/,530045,87.24,,,,,,,100.48,40.16
Techknowgreen,/company/543991/,543991,7.22,,,,,,,100.48,136.10
Motor & Gen Fin,/company/MOTOGENFIN/consolidated/,MOTOGENFIN,-17.01,,,,,,,100.38,25.92
S. V. J. Enterp.,/company/543799/,543799,74.76,,,,,,,100.28,180.00
Variman Global,/company/540570/consolidated/,540570,15.80,,,,,,,100.27,5.14
Kabra Jewels,/company/KKJEWELS/,KKJEWELS,5.10,,,,,,,100.03,95.40
Mercury Labs,/company/538964/,538964,10.54,,,,,,,99.96,833.00
Marushika Tech.,/company/MARUSHIKA/,MARUSHIKA,6.47,,,,,,,99.88,117.00
Navkar Urban.,/company/NAVKARURB/,NAVKARURB,20.04,,,,,,,99.87,0.89
JSL Industries,/company/504080/,504080,16.41,,,,,,,99.83,850.45
Art Nirman Ltd,/company/ARTNIRMAN/,ARTNIRMAN,31.57,,,,,,,99.75,39.97
Cressanda Railwa,/company/CRSL/,CRSL,-7.62,,,,,,,99.58,2.40
Twamev Constr.,/company/TICL/consolidated/,TICL,48.44,,,,,,,99.51,6.42
Acknit Indus.,/company/530043/,530043,9.00,,,,,,,99.48,327.25
Jet Freight,/company/JETFREIGHT/,JETFREIGHT,6.99,,,,,,,99.44,21.43
Ambani Orgochem,/company/AMBANIORGO/,AMBANIORGO,9.76,,,,,,,99.34,115.00
Aakaar Medical,/company/AAKAAR/,AAKAAR,9.13,,,,,,,99.21,70.00
KG Petrochem,/company/531609/,531609,7.06,,,,,,,99.20,190.00
Ultracab India,/company/538706/,538706,11.78,,,,,,,99.10,8.06
Paragon Fine,/company/PARAGON/,PARAGON,7.13,,,,,,,99.00,50.60
Amtech Esters,/company/544920/consolidated/,544920,13.36,,,,,,,98.97,112.09
Deepak Spinners,/company/514030/,514030,3.89,,,,,,,98.93,137.60
Veerhealth Care,/company/511523/,511523,21.78,,,,,,,98.91,49.46
Mauria Udyog,/company/539219/consolidated/,539219,5.05,,,,,,,98.83,7.42
Grand Foundry,/company/GFSTEELS/,GFSTEELS,34.80,,,,,,,98.75,32.45
Newtime Infra.,/company/531959/consolidated/,531959,-50.75,,,,,,,98.67,1.88
Shining Tools,/company/544607/,544607,14.62,,,,,,,98.64,174.32
Lykis,/company/530689/consolidated/,530689,10.06,,,,,,,98.46,50.82
Mobilise App,/company/MOBILISE/,MOBILISE,9.17,,,,,,,98.40,103.45
Mini Diamonds(I),/company/523373/consolidated/,523373,34.86,,,,,,,98.28,4.17
Supreme Engg.,/company/SUPREMEENG/,SUPREMEENG,206.89,,,,,,,98.23,3.93
Indian Infotech,/company/509051/,509051,150.66,,,,,,,97.98,0.58
Swastika Castal,/company/544452/,544452,17.41,,,,,,,97.97,120.00
Maruti Infra.,/company/531540/,531540,35.01,,,,,,,97.88,10.44
Pacific Inds,/company/PACIFICI/consolidated/,PACIFICI,7.67,,,,,,,97.83,141.94
Gem Enviro,/company/544199/,544199,15.32,,,,,,,97.82,43.38
M P K Steels,/company/544553/,544553,8.88,,,,,,,97.74,96.00
Oval Projects,/company/544498/consolidated/,544498,4.80,,,,,,,97.62,47.00
Bhandari Hosiery,/company/BHANDARI/,BHANDARI,6.70,,,,,,,97.56,2.93
KHFM Hospitality,/company/KHFM/,KHFM,14.02,,,,,,,97.48,42.25
Photon Capital,/company/509084/,509084,54.48,,,,,,,97.42,358.55
Jeyyam Global,/company/JEYYAM/,JEYYAM,5.23,,,,,,,97.13,20.45
Rachit Prints,/company/544503/,544503,12.25,,,,,,,97.04,196.60
Paluck Technol.,/company/544897/,544897,4.54,,,,,,,96.89,46.53
S. K. Offset,/company/id/1286183/,id,8.93,,,,,,,96.79,
M E T S,/company/538401/,538401,6.47,,,,,,,96.76,175.60
Beardsell,/company/BEARDSELL/consolidated/,BEARDSELL,4.25,,,,,,,96.50,24.47
Value 360 Commu.,/company/VALUE360/consolidated/,VALUE360,5.91,,,,,,,96.46,59.95
Resgen,/company/543805/consolidated/,543805,6.16,,,,,,,96.46,45.99
Denis Chem Lab,/company/537536/,537536,3.81,,,,,,,96.28,69.38
Kay Cee,/company/KCEIL/,KCEIL,4.62,,,,,,,96.26,78.75
Pioneer Invest,/company/PIONRINV/consolidated/,PIONRINV,6.98,,,,,,,96.25,78.27
Nath Industries,/company/502587/,502587,7.14,,,,,,,96.12,50.59
Shakti Polytarp,/company/544933/,544933,8.53,,,,,,,96.12,56.12
Guj. Containers,/company/513507/,513507,6.34,,,,,,,96.08,170.05
RTS Power Corpn.,/company/RTSPOWR/consolidated/,RTSPOWR,12.60,,,,,,,95.89,104.59
Rungta Irrigatn.,/company/530449/,530449,11.24,,,,,,,95.86,48.12
Arabian Petrol.,/company/ARABIAN/,ARABIAN,6.96,,,,,,,95.85,88.00
Utkal Speciality,/company/UTKAL/,UTKAL,9.39,,,,,,,95.72,49.00
Alkali Metals,/company/ALKALI/,ALKALI,16.11,,,,,,,95.64,93.93
Nexome Cap. Mkt.,/company/508905/consolidated/,508905,4.97,,,,,,,95.55,89.00
Visdem Technosys,/company/VISDEM/,VISDEM,7.54,,,,,,,95.53,93.00
Cravatex,/company/CRAVATEX/consolidated/,CRAVATEX,1.51,,,,,,,95.40,369.75
Akar Auto Indust,/company/530621/,530621,8.34,,,,,,,94.72,87.80
James Warren Tea,/company/538564/,538564,8.03,,,,,,,94.65,255.80
Patel Integrated,/company/PATINTLOG/,PATINTLOG,5.26,,,,,,,94.57,13.59
Shekhawati Inds,/company/SHEKHAWATI/,SHEKHAWATI,6.72,,,,,,,94.41,27.39
Dev Labtech,/company/543848/consolidated/,543848,8.58,,,,,,,93.96,19.80
Apollo Ingredie.,/company/503639/,503639,38.41,,,,,,,93.89,90.28
Parmax Pharma,/company/540359/,540359,-276.95,,,,,,,93.83,136.40
Ganga Papers,/company/531813/,531813,16.76,,,,,,,93.68,86.83
Indian Emuls,/company/IEML/,IEML,5.40,,,,,,,93.59,51.05
Striders Impex,/company/STRIDERS/consolidated/,STRIDERS,9.88,,,,,,,93.55,50.25
Classic Electrod,/company/CLASSICEIL/,CLASSICEIL,4.54,,,,,,,93.42,52.00
Himalaya Nutravedics,/company/id/1286186/,id,11.89,,,,,,,93.35,
Sadbhav Infra.,/company/SADBHIN/consolidated/,SADBHIN,4.77,,,,,,,93.34,2.65
BAG Films,/company/BAGFILMS/consolidated/,BAGFILMS,9.68,,,,,,,93.27,4.28
Tomorrow Tech.,/company/512018/consolidated/,512018,-220.26,,,,,,,92.65,8.07
MILGREY FIN.&INV,/company/511018/,511018,-63.03,,,,,,,92.56,42.97
SAL Automotive,/company/539353/,539353,8.53,,,,,,,92.55,193.00
Abhinav Capital,/company/532057/,532057,26.71,,,,,,,92.44,133.50
Avro India,/company/AVROIND/,AVROIND,10.31,,,,,,,92.44,6.89
Galaxy Supermarket,/company/506186/,506186,45.05,,,,,,,92.19,18.52
Dynavision,/company/517238/consolidated/,517238,8.09,,,,,,,92.16,240.00
Calcom Vision,/company/517236/consolidated/,517236,9.82,,,,,,,92.12,65.87
Shilp Gravures,/company/SHILGRAVQ/consolidated/,SHILGRAVQ,5.40,,,,,,,91.94,149.50
Esaar (India),/company/531502/,531502,3.02,,,,,,,91.91,11.43
Ideal Technopl.,/company/IDEALTECHO/,IDEALTECHO,16.90,,,,,,,91.70,91.70
Mukesh Babu Fin.,/company/MUKESHB/consolidated/,MUKESHB,12.74,,,,,,,91.67,131.50
Barak Valley,/company/BVCL/consolidated/,BVCL,8.47,,,,,,,91.43,41.26
Inventure Grow.,/company/INVENTURE/consolidated/,INVENTURE,0.56,,,,,,,91.35,0.87
Titan Intech,/company/521005/,521005,8.01,,,,,,,91.30,0.97
Cubical Finan,/company/511710/,511710,163.87,,,,,,,91.17,6.28
Purv Flexi,/company/PURVFLEXI/consolidated/,PURVFLEXI,7.78,,,,,,,90.96,43.35
Yajur Fibres,/company/544676/consolidated/,544676,4.89,,,,,,,90.73,40.00
Sharp Chucks and,/company/SCML/,SCML,5.85,,,,,,,90.64,75.00
Classic Filament,/company/540310/consolidated/,540310,,,,,,,,90.53,102.78
Slone Infosys.,/company/SLONE/,SLONE,5.55,,,,,,,90.52,171.80
Ceenik Exports,/company/531119/,531119,-44.16,,,,,,,90.51,225.15
Jagsonpal Services,/company/530601/,530601,-16.05,,,,,,,90.50,49.71
BLB,/company/BLBLIMITED/,BLBLIMITED,2.07,,,,,,,90.40,17.10
Konstelec Engg.,/company/KONSTELEC/consolidated/,KONSTELEC,6.91,,,,,,,90.37,59.85
Aakash Explor.,/company/AAKASH/,AAKASH,6.90,,,,,,,90.32,8.92
Upsurge Seeds,/company/USASEEDS/,USASEEDS,9.99,,,,,,,90.26,89.50
Moxsh Overseas,/company/MOXSH/,MOXSH,19.00,,,,,,,90.26,95.00
Deepak Chemtex,/company/544036/consolidated/,544036,6.05,,,,,,,89.95,82.80
T & I Global,/company/522294/,522294,7.73,,,,,,,89.93,177.45
Sanrhea Tech.,/company/514280/,514280,7.26,,,,,,,89.93,158.05
Asit C Mehta Fin,/company/530723/consolidated/,530723,14.51,,,,,,,89.88,109.00
SPL Industries,/company/SPLIL/,SPLIL,6.29,,,,,,,89.87,30.99
Minal Industries,/company/MINALIND/consolidated/,MINALIND,29.24,,,,,,,89.81,4.68
Ducon Tech,/company/DUCON/consolidated/,DUCON,6.33,,,,,,,89.68,1.56
Madhur Knit,/company/MADHURKNIT/,MADHURKNIT,5.64,,,,,,,89.63,47.15
Capricorn System,/company/512169/,512169,261.29,,,,,,,89.48,31.99
V R Infraspace,/company/VR/consolidated/,VR,8.71,,,,,,,89.24,100.50
Rel. Chemotex,/company/RELCHEMQ/,RELCHEMQ,7.63,,,,,,,89.18,118.22
Sellowrap Indus.,/company/SELLOWRAP/consolidated/,SELLOWRAP,5.66,,,,,,,89.06,64.80
KCK Industries,/company/KCK/,KCK,253.22,,,,,,,89.04,14.00
Palash Securi.,/company/PALASHSECU/consolidated/,PALASHSECU,4.99,,,,,,,88.95,88.92
Jyoti Global,/company/JYOTIGLOBL/,JYOTIGLOBL,8.17,,,,,,,88.79,44.80
Hiliks Technolog,/company/539697/,539697,33.85,,,,,,,88.75,68.01
Shetron,/company/526137/,526137,6.31,,,,,,,88.74,98.60
Shervani Indl Sy,/company/SHERVANI/consolidated/,SHERVANI,18.19,,,,,,,88.74,344.90
BEW Engg,/company/BEWLTD/,BEWLTD,14.61,,,,,,,88.44,67.65
Service Care Ltd,/company/SERVICE/,SERVICE,11.79,,,,,,,88.43,66.35
Cella Space,/company/532701/consolidated/,532701,14.80,,,,,,,88.40,43.87
Regency Ceramics,/company/REGENCERAM/,REGENCERAM,-9.72,,,,,,,88.28,33.39
Silicon Rental,/company/543615/,543615,2.13,,,,,,,88.27,77.30
Prithvi Exchange,/company/531688/,531688,14.43,,,,,,,88.19,106.90
Maxposure,/company/MAXPOSURE/consolidated/,MAXPOSURE,6.19,,,,,,,88.12,38.75
Invicta Diagnos.,/company/INVICTA/consolidated/,INVICTA,6.86,,,,,,,88.00,70.00
G M Polyplast,/company/543239/,543239,6.54,,,,,,,87.89,65.30
Guj. State Fin.,/company/532160/,532160,53.47,,,,,,,87.87,9.86
Texel Industries,/company/526638/,526638,8.12,,,,,,,87.82,62.32
Super Iron,/company/544381/consolidated/,544381,5.57,,,,,,,87.73,37.50
New Markets Advi,/company/508867/,508867,-129.98,,,,,,,87.61,85.56
Moksh Ornaments,/company/MOKSH/,MOKSH,5.57,,,,,,,87.54,9.92
SEL Mfg. Co,/company/SELMC/,SELMC,-172.55,,,,,,,87.51,26.41
Landsmill Green,/company/LANDSMILL/consolidated/,LANDSMILL,32.49,,,,,,,87.46,0.62
Landmark Prop.,/company/LPDC/,LPDC,7.47,,,,,,,87.33,6.51
SwarnsaritaJewel,/company/SWARNSAR/consolidated/,SWARNSAR,5.32,,,,,,,87.03,41.68
Munoth Capital,/company/511200/,511200,-620.71,,,,,,,86.87,94.77
Inter Globe Fin,/company/511391/,511391,40.97,,,,,,,86.78,63.98
Praxis Home,/company/PRAXIS/,PRAXIS,-19.26,,,,,,,86.77,4.67
Hilton Met.Forg.,/company/HILTON/,HILTON,9.00,,,,,,,86.72,16.85
Smiths & Founder,/company/513418/,513418,69.93,,,,,,,86.70,8.50
SJP Ultrasonics,/company/id/1286226/,id,10.55,,,,,,,86.70,
Sai Urja Indo,/company/id/1286188/consolidated/,id,12.97,,,,,,,86.32,
Excellent Wires,/company/EXCELLENT/,EXCELLENT,36.30,,,,,,,86.23,192.90
Anand Seamless,/company/id/1286189/,id,10.93,,,,,,,86.18,
Parsvnath Devl.,/company/PARSVNATH/consolidated/,PARSVNATH,372.41,,,,,,,86.17,1.98
Mehai Technology,/company/540730/,540730,7.46,,,,,,,86.09,1.15
Autoriders Intl.,/company/512277/,512277,3.95,,,,,,,86.08,247.30
Amwill Health,/company/544353/,544353,2.43,,,,,,,86.02,43.00
Rajnandini Metal,/company/RAJMET/,RAJMET,14.04,,,,,,,85.99,3.11
Shalimar Wires,/company/532455/,532455,4.76,,,,,,,85.94,20.10
Sharika Enterpr.,/company/540786/consolidated/,540786,-22.24,,,,,,,85.91,19.84
Narmada Macplast,/company/517431/,517431,36.59,,,,,,,85.65,23.64
Simran Farms,/company/519566/consolidated/,519566,8.51,,,,,,,85.55,177.85
Chetana Educa.,/company/CHETANA/consolidated/,CHETANA,5.11,,,,,,,85.37,41.85
Cambridge Tech.,/company/CTE/consolidated/,CTE,6.52,,,,,,,85.36,43.48
Panyam Cement,/company/500322/,500322,19.64,,,,,,,85.27,106.30
Eco Hotels,/company/514402/consolidated/,514402,-16.55,,,,,,,85.07,11.37
Mysore Petro,/company/MYSORPETRO/consolidated/,MYSORPETRO,5.86,,,,,,,84.92,128.99
Universal Starch,/company/524408/,524408,3.70,,,,,,,84.69,201.65
Goyal Aluminiums,/company/GOYALALUM/consolidated/,GOYALALUM,19.92,,,,,,,84.36,5.91
WOL 3D India,/company/WOL3D/,WOL3D,9.06,,,,,,,84.33,130.70
Prerna Infra.,/company/531802/consolidated/,531802,18.99,,,,,,,84.21,23.31
Premium Plast,/company/PREMIUM/,PREMIUM,5.87,,,,,,,84.12,44.05
Fascinate Textiles,/company/FASCINATE/,FASCINATE,4.50,,,,,,,83.87,60.95
Sanmit Infra,/company/532435/consolidated/,532435,,,,,,,,83.74,53.00
Delaplex,/company/DELAPLEX/consolidated/,DELAPLEX,4.52,,,,,,,83.72,91.90
Piccadily Sugar,/company/507498/,507498,45.21,,,,,,,83.49,35.91
Addi Industries,/company/ADDIND/consolidated/,ADDIND,15.44,,,,,,,83.35,77.20
Kaytex Fabrics,/company/KAYTEX/,KAYTEX,3.19,,,,,,,83.20,56.60
Manilam Industries,/company/MANILAM/consolidated/,MANILAM,10.27,,,,,,,83.02,38.00
Kakatiya Cement,/company/KAKATCEM/,KAKATCEM,-3.66,,,,,,,82.96,106.72
WSFX Global,/company/511147/,511147,2.13,,,,,,,82.95,65.38
Cenlub Industrie,/company/522251/,522251,7.62,,,,,,,82.88,177.75
Hind.Appliances,/company/531918/consolidated/,531918,-578.63,,,,,,,82.82,82.61
Shri Vasuprada,/company/VASUPRADA/consolidated/,VASUPRADA,19.29,,,,,,,82.76,99.90
Refractory Shap.,/company/REFRACTORY/consolidated/,REFRACTORY,10.05,,,,,,,82.62,37.90
Hisar Met.Inds.,/company/HISARMETAL/,HISARMETAL,10.27,,,,,,,82.56,152.88
Ritesh Intl.,/company/519097/,519097,9.87,,,,,,,82.47,87.99
Kaushalya,/company/KLL/consolidated/,KLL,6.12,,,,,,,82.37,44.45
Vivekanand Cots.,/company/544939/,544939,7.74,,,,,,,82.33,
Banaras Beads,/company/BANARBEADS/,BANARBEADS,16.24,,,,,,,82.20,123.86
Binny Mills,/company/535620/,535620,99.37,,,,,,,82.12,317.90
Ashapura Logi.,/company/ASHALOG/consolidated/,ASHALOG,5.20,,,,,,,82.01,60.50
Eforu Entertainment,/company/531190/,531190,79.62,,,,,,,81.98,108.91
Clara Industries,/company/543435/,543435,26.14,,,,,,,81.97,31.93
Victoria Mills,/company/503349/,503349,8.05,,,,,,,81.84,8267.00
Womancart,/company/WOMANCART/consolidated/,WOMANCART,4.89,,,,,,,81.80,99.60
Coreintegra Con.,/company/id/1286198/consolidated/,id,9.78,,,,,,,81.80,
Drone Destinatio,/company/DRONE/,DRONE,7.59,,,,,,,81.62,33.45
Rajgor Castor,/company/RCDL/,RCDL,5.51,,,,,,,81.55,17.05
Sharda Ispat,/company/513548/,513548,8.24,,,,,,,81.51,160.45
Duke Offshore,/company/531471/,531471,-677.83,,,,,,,81.27,82.45
Sarthak Metals,/company/SMLT/,SMLT,8.21,,,,,,,81.25,59.35
Gujarat Peanut,/company/544548/,544548,7.75,,,,,,,81.24,79.17
Terai Tea Co,/company/TERAI/consolidated/,TERAI,10.41,,,,,,,81.08,117.86
Std. Capital Mkt,/company/511700/,511700,9.11,,,,,,,81.00,0.33
Indrayani Biotec,/company/526445/consolidated/,526445,14.43,,,,,,,80.87,10.36
Aban Offshore,/company/ABAN/consolidated/,ABAN,66.12,,,,,,,80.84,13.85
Ashnoor Textile,/company/507872/,507872,5.57,,,,,,,80.82,50.73
Lead Reclaim,/company/LRRPL/,LRRPL,10.63,,,,,,,80.79,93.50
Anand Rayons,/company/542721/,542721,5.96,,,,,,,80.69,36.83
Cinevista,/company/CINEVISTA/consolidated/,CINEVISTA,8.49,,,,,,,80.64,14.04
Orient Press,/company/ORIENTLTD/,ORIENTLTD,17.01,,,,,,,80.48,80.48
Banka Bioloo,/company/BANKA/consolidated/,BANKA,15.68,,,,,,,80.26,73.42
Radhe Develop.,/company/531273/,531273,-255.56,,,,,,,80.14,1.46
TPI India,/company/500421/,500421,20.27,,,,,,,80.13,18.65
Reliance Home,/company/RHFL/,RHFL,-37.14,,,,,,,80.03,1.65
Presstonic Engi.,/company/PRESSTONIC/,PRESSTONIC,11.84,,,,,,,80.02,52.50
Shree OSFM,/company/SHREEOSFM/,SHREEOSFM,2.17,,,,,,,80.02,51.95
Droneacharya Aer,/company/543713/,543713,11.37,,,,,,,79.95,33.33
Nukleus Office,/company/544370/,544370,9.83,,,,,,,79.83,198.00
Flomic Global,/company/504380/,504380,3.56,,,,,,,79.81,43.93
Sungarner Energ.,/company/SEL/consolidated/,SEL,12.71,,,,,,,79.59,343.25
Semac Construct,/company/SEMAC/consolidated/,SEMAC,3.87,,,,,,,79.49,255.00
NIS Management,/company/544495/consolidated/,544495,2.64,,,,,,,79.20,40.00
NRB Indl Bearing,/company/NIBL/consolidated/,NIBL,-43.48,,,,,,,79.18,32.65
Mizzen Ventures,/company/531537/consolidated/,531537,71.91,,,,,,,79.18,36.00
Indian Acrylics,/company/514165/consolidated/,514165,46.49,,,,,,,79.16,5.85
Apt Packaging,/company/506979/,506979,16.65,,,,,,,79.09,66.95
Yuvraaj Hygiene,/company/531663/,531663,12.67,,,,,,,79.05,8.72
R S Software (I),/company/RSSOFTWARE/consolidated/,RSSOFTWARE,-3.66,,,,,,,78.94,30.56
Jetking Infotrai,/company/517063/consolidated/,517063,-114.77,,,,,,,78.83,125.05
Vilin Bio Med,/company/VILINBIO/,VILINBIO,24.15,,,,,,,78.54,51.50
Brace Port,/company/BRACEPORT/consolidated/,BRACEPORT,7.73,,,,,,,78.49,69.45
Steelman Telecom,/company/543622/consolidated/,543622,9.27,,,,,,,78.38,81.00
7NR Retail Ltd,/company/540615/,540615,41.31,,,,,,,78.00,6.61
Jayant Infratech,/company/543544/,543544,6.86,,,,,,,77.99,75.45
G S Auto Intl.,/company/513059/,513059,8.33,,,,,,,77.81,17.87
My Mudra Fin.,/company/MYMUDRA/,MYMUDRA,3.88,,,,,,,77.69,68.20
CG-VAK Software,/company/CGVAK/consolidated/,CGVAK,4.53,,,,,,,77.48,153.41
Sky Industries,/company/526479/,526479,8.95,,,,,,,77.45,97.49
Fortis Malar,/company/523696/consolidated/,523696,82.41,,,,,,,77.44,41.32
Athena Global,/company/517429/consolidated/,517429,-19.02,,,,,,,77.34,55.00
Siyaram Recycli.,/company/544047/,544047,10.61,,,,,,,77.29,35.47
Transcorp Intl.,/company/TRANSCOR/consolidated/,TRANSCOR,1.84,,,,,,,76.99,24.05
BITS,/company/526709/,526709,78.59,,,,,,,76.97,6.88
Nilachal Refract,/company/502294/,502294,-28.85,,,,,,,76.96,37.80
Fervent Synerg.,/company/533896/,533896,20.59,,,,,,,76.80,15.36
Charter. Capital,/company/511696/,511696,7.94,,,,,,,76.74,254.95
Kati patang Life,/company/531126/consolidated/,531126,-9.48,,,,,,,76.70,12.69
Wallfort Fin.,/company/532053/,532053,57.18,,,,,,,76.60,79.07
Betex India,/company/512477/,512477,8.31,,,,,,,76.50,510.00
Fiberweb (India),/company/FIBERWEB/,FIBERWEB,6.19,,,,,,,76.41,26.54
Essex Marine,/company/544475/,544475,8.28,,,,,,,76.31,50.00
City Crops Agro,/company/544000/,544000,6.10,,,,,,,76.30,46.76
Chowgule Steam,/company/501833/,501833,43.99,,,,,,,76.21,20.99
Arunjyoti Bio,/company/530881/,530881,65.02,,,,,,,76.04,4.08
Acme Resources,/company/539391/consolidated/,539391,39.09,,,,,,,75.92,29.49
Maitreya Medica.,/company/MAITREYA/consolidated/,MAITREYA,139.88,,,,,,,75.89,112.00
Identixweb,/company/544388/consolidated/,544388,8.27,,,,,,,75.81,72.60
Restile Ceramics,/company/515085/,515085,416.93,,,,,,,75.77,7.71
Ironwood Educa,/company/508918/consolidated/,508918,9.74,,,,,,,75.70,45.11
Polychem,/company/506605/consolidated/,506605,2.23,,,,,,,75.67,1891.85
Mangalam Industr,/company/537800/,537800,251.03,,,,,,,75.53,0.53
COSCO (India),/company/530545/,530545,17.11,,,,,,,75.50,181.45
Anmol India,/company/ANMOL/,ANMOL,5.07,,,,,,,75.41,13.25
Jumbo Bag,/company/516078/,516078,5.97,,,,,,,75.29,89.95
Comfort Fincap,/company/535267/,535267,7.15,,,,,,,75.11,7.66
Eiko Lifescience,/company/540204/consolidated/,540204,7.29,,,,,,,75.04,51.22
Haryana Capfin,/company/532855/,532855,8.23,,,,,,,75.01,144.00
Valplast Technol,/company/544565/,544565,4.36,,,,,,,74.88,38.15
Zenith Steel,/company/ZENITHSTL/consolidated/,ZENITHSTL,40.93,,,,,,,74.84,5.26
Riyaasat Life,/company/544804/,544804,11.04,,,,,,,74.65,69.48
Suntech Infra.,/company/SUNTECH/,SUNTECH,3.98,,,,,,,74.55,38.50
Mayasheel Vent.,/company/MAYASHEEL/,MAYASHEEL,3.67,,,,,,,74.42,33.75
Softrak Venture,/company/531529/,531529,229.35,,,,,,,74.38,1.65
Amrapali Capital,/company/536737/,536737,9.08,,,,,,,74.24,75.91
ICDS,/company/ICDSLTD/consolidated/,ICDSLTD,53.90,,,,,,,74.24,56.99
New Swan,/company/544082/,544082,5.32,,,,,,,74.18,39.01
TSC India,/company/TSC/consolidated/,TSC,10.88,,,,,,,74.05,51.00
Sangani Hospital,/company/SANGANI/consolidated/,SANGANI,7.36,,,,,,,73.91,53.65
Source Industrie,/company/521036/,521036,410.44,,,,,,,73.74,64.68
Creative Casting,/company/539527/,539527,8.74,,,,,,,73.74,567.20
Noida Tollbridg.,/company/NOIDATOLL/consolidated/,NOIDATOLL,1.07,,,,,,,73.73,3.96
JHS Sven.Lab.,/company/JHS/consolidated/,JHS,12.49,,,,,,,73.68,8.43
Addictive Learn,/company/ADDICTIVE/consolidated/,ADDICTIVE,5.00,,,,,,,73.66,46.30
Zenith Drugs,/company/ZENITHDRUG/,ZENITHDRUG,7.44,,,,,,,73.40,42.80
Nagreeka Exports,/company/NAGREEKEXP/,NAGREEKEXP,11.91,,,,,,,73.34,23.47
Samay Project,/company/SAMAY/,SAMAY,7.01,,,,,,,73.29,47.75
Dharan Infra-EPC,/company/DHARAN/consolidated/,DHARAN,18.24,,,,,,,73.20,0.14
B N Rathi Sec.,/company/523019/consolidated/,523019,-0.56,,,,,,,73.06,17.50
R R Fin. Cons.,/company/511626/consolidated/,511626,7.34,,,,,,,73.00,66.00
Integrity Infra.,/company/INTEGRITY/,INTEGRITY,5.42,,,,,,,72.99,169.75
Accord Synergy,/company/ACCORD/,ACCORD,48.75,,,,,,,72.97,188.45
Kovil. Lak. Rol.,/company/507598/,507598,7.36,,,,,,,72.87,80.59
Taylormade Renew,/company/541228/consolidated/,541228,35.33,,,,,,,72.80,58.72
G V Films,/company/523277/consolidated/,523277,25.71,,,,,,,72.72,0.39
Sunil Healthcare,/company/SUNLOC/consolidated/,SUNLOC,9.03,,,,,,,72.71,70.90
Dhansa Labs,/company/DHANSA/consolidated/,DHANSA,8.99,,,,,,,72.64,27.00
Jakharia Fabric,/company/JAKHARIA/,JAKHARIA,11.73,,,,,,,72.54,59.50
Baba Arts,/company/532380/,532380,74.80,,,,,,,72.45,13.80
Energy Devl.Co.,/company/ENERGYDEV/consolidated/,ENERGYDEV,7.46,,,,,,,72.44,15.25
K&R Rail Engine.,/company/514360/,514360,-4.50,,,,,,,72.29,18.97
Super Crop Safe,/company/530883/,530883,28.88,,,,,,,72.12,13.88
Renol Polychem,/company/RNPL/consolidated/,RNPL,6.50,,,,,,,72.08,59.65
Aristo Bio-Tech,/company/ARISTO/,ARISTO,6.35,,,,,,,72.06,105.85
Adroit Info.,/company/ADROITINFO/consolidated/,ADROITINFO,6.61,,,,,,,72.00,13.18
Accel,/company/517494/,517494,9.05,,,,,,,71.85,12.35
Uma Exports,/company/UMAEXPORTS/consolidated/,UMAEXPORTS,6.21,,,,,,,71.74,21.22
Panchatv Bharat,/company/544926/,544926,12.80,,,,,,,71.70,122.55
Samrat Pharma,/company/530125/,530125,-332.13,,,,,,,71.68,232.00
LCC Infotech,/company/LCCINFOTEC/,LCCINFOTEC,-160.04,,,,,,,71.31,4.23
Cura Tech.,/company/CURAA/,CURAA,-167.51,,,,,,,71.28,72.00
Cont. Securities,/company/538868/,538868,21.37,,,,,,,71.06,22.38
Malpani Pipes,/company/544351/,544351,5.35,,,,,,,71.02,65.90
Virat Crane Inds,/company/519457/,519457,-22.73,,,,,,,71.00,34.77
Digidrive Dist.,/company/DIGIDRIVE/consolidated/,DIGIDRIVE,7.02,,,,,,,70.92,18.39
Repono,/company/544463/,544463,7.15,,,,,,,70.83,68.91
Roopa Screen,/company/id/1286204/,id,7.31,,,,,,,70.83,
KSR Footwear,/company/KSR/,KSR,57.04,,,,,,,70.74,38.49
Tokyo Plast Intl,/company/TOKYOPLAST/consolidated/,TOKYOPLAST,17.28,,,,,,,70.30,74.00
IEL,/company/524614/,524614,38.44,,,,,,,70.28,5.39
Pankaj Polymers,/company/531280/,531280,22.23,,,,,,,70.19,126.60
Saumya Cons,/company/539218/,539218,-104.88,,,,,,,70.17,101.60
Source Natural,/company/531398/,531398,11.59,,,,,,,70.13,108.95
Yash Innoventure,/company/523650/,523650,-30.58,,,,,,,69.95,43.64
Ansal Buildwell,/company/ANSALBU/consolidated/,ANSALBU,8.18,,,,,,,69.88,94.69
Shree Pacetronix,/company/527005/consolidated/,527005,13.13,,,,,,,69.82,186.20
Pentagon Rubber,/company/PENTAGON/,PENTAGON,17.32,,,,,,,69.78,90.50
Team24 Consumer,/company/500458/,500458,-722.38,,,,,,,69.77,27.20
Gowra Leasing,/company/530709/,530709,7.19,,,,,,,69.72,89.99
Punjab Commun.,/company/500346/,500346,1.86,,,,,,,69.60,57.90
Kore Digital,/company/KDL/consolidated/,KDL,1.11,,,,,,,69.56,57.85
Paras Petrofils,/company/PARASPETRO/,PARASPETRO,-169.42,,,,,,,69.52,2.08
Khaitan (India),/company/KHAITANLTD/,KHAITANLTD,7.99,,,,,,,69.35,146.01
Nakoda Group,/company/NGIL/,NGIL,16.56,,,,,,,69.28,39.50
Indian Link Ch.,/company/504746/,504746,-238.72,,,,,,,69.26,258.90
Readymix Cons.,/company/READYMIX/,READYMIX,5.58,,,,,,,69.04,63.00
Signoria Creatio,/company/SIGNORIA/,SIGNORIA,10.81,,,,,,,68.99,145.00
Anirit Ventures,/company/530705/consolidated/,530705,-25.50,,,,,,,68.74,38.19
H D I L,/company/HDIL/,HDIL,1695.65,,,,,,,68.73,1.45
SHRI NIWAS L& F.,/company/538897/,538897,113.77,,,,,,,68.71,15.13
Oasis Securities,/company/512489/,512489,63.79,,,,,,,68.68,14.85
Arman Holdings,/company/538556/,538556,30.51,,,,,,,68.62,131.70
AKI India,/company/AKI/consolidated/,AKI,11.20,,,,,,,68.43,6.63
Raj Oil Mills,/company/ROML/,ROML,13.97,,,,,,,68.42,42.79
MKP Mobility,/company/521244/,521244,23.20,,,,,,,68.36,200.40
Sodhani Academy,/company/544257/,544257,30.46,,,,,,,68.34,120.00
Cont. Petroleums,/company/523232/,523232,11.93,,,,,,,68.28,72.10
Riddhi Corporate,/company/540590/,540590,3.35,,,,,,,68.24,57.50
Everlon Fin.,/company/514358/,514358,-23.60,,,,,,,68.23,110.05
Paramount Specia,/company/PSFL/,PSFL,9.69,,,,,,,68.00,34.55
Filtra Consult.,/company/539098/,539098,13.90,,,,,,,67.98,62.00
Kesar Terminals,/company/533289/,533289,7.03,,,,,,,67.96,62.20
Shantai Indust.,/company/512297/,512297,-51.72,,,,,,,67.94,90.59
Paramatrix Tech.,/company/PARAMATRIX/consolidated/,PARAMATRIX,11.85,,,,,,,67.90,59.00
Ravelcare,/company/544629/,544629,9.10,,,,,,,67.90,99.00
Papadmalji Agro,/company/id/1286220/,id,9.07,,,,,,,67.63,
Ashnisha Indus.,/company/541702/consolidated/,541702,86.37,,,,,,,67.61,2.55
Gujarat Hotels,/company/507960/,507960,9.19,,,,,,,67.46,178.00
Jungle Camps,/company/544304/consolidated/,544304,7.71,,,,,,,67.39,43.48
Bonlon Industrie,/company/BONLON/consolidated/,BONLON,10.95,,,,,,,67.34,41.10
Himalaya Food,/company/526899/,526899,8.54,,,,,,,67.24,7.93
Shlokka Dyes,/company/544582/,544582,7.44,,,,,,,67.20,31.39
Ascensive Educa.,/company/543443/,543443,10.57,,,,,,,67.00,16.40
Tahmar Enterp.,/company/516032/,516032,-96.54,,,,,,,66.99,4.30
Vineet Laborator,/company/VINEETLAB/,VINEETLAB,11.08,,,,,,,66.93,34.85
Apoorva Leasing,/company/APOORVA/consolidated/,APOORVA,175.16,,,,,,,66.82,33.45
Touchwood Enter.,/company/TOUCHWOOD/,TOUCHWOOD,8.83,,,,,,,66.64,60.14
Alcokraft Dist.,/company/ALCODIS/,ALCODIS,6.09,,,,,,,66.63,65.00
Consecutive Commodities,/company/539091/,539091,15.94,,,,,,,66.62,1.04
Palco Metals Ltd,/company/539121/consolidated/,539121,6.21,,,,,,,66.60,166.50
Kasturi Metal,/company/544688/consolidated/,544688,8.19,,,,,,,66.53,64.00
Chrome Silicon,/company/513005/,513005,-34.38,,,,,,,66.40,40.50
Damodar Indust.,/company/DAMODARIND/,DAMODARIND,5.54,,,,,,,66.29,28.45
Apana Logistics,/company/544910/,544910,6.22,,,,,,,66.26,37.84
Joindre Capital,/company/531861/consolidated/,531861,-2.96,,,,,,,66.24,47.87
Teesta Agro Ind.,/company/524204/,524204,5.78,,,,,,,66.20,118.00
Dindigul Farm,/company/544201/,544201,10.04,,,,,,,66.13,27.07
Facor Alloys,/company/532656/consolidated/,532656,-5.60,,,,,,,66.10,3.38
Minolta Finance,/company/532164/,532164,23.88,,,,,,,66.00,1.32
SKP Securities,/company/531169/,531169,3.05,,,,,,,65.98,96.90
Garment Mantra,/company/539216/consolidated/,539216,8.86,,,,,,,65.92,1.14
Chandni Machines,/company/542627/,542627,-30.97,,,,,,,65.82,93.51
Pion. Embroider.,/company/PIONEEREMB/consolidated/,PIONEEREMB,6.91,,,,,,,65.79,21.35
Dhanlaxmi Cotex,/company/512485/,512485,99.83,,,,,,,65.76,135.00
Kandarp Digi,/company/KANDARP/,KANDARP,16.86,,,,,,,65.64,73.15
Odigma Consultan,/company/ODIGMA/,ODIGMA,-147.32,,,,,,,65.64,21.00
Divyashakti,/company/526315/,526315,25.58,,,,,,,65.52,63.80
Sunrise Efficie.,/company/543515/,543515,4.53,,,,,,,65.47,34.17
Atam Valves,/company/ATAM/,ATAM,19.15,,,,,,,65.42,57.07
Onyx Biotec,/company/ONYX/,ONYX,19.85,,,,,,,65.28,36.00
HB Portfolio,/company/HBPOR/consolidated/,HBPOR,11.74,,,,,,,65.23,60.60
Gemstone Invest.,/company/531137/,531137,37.22,,,,,,,65.10,1.39
Odyssey Tech.,/company/530175/,530175,3.25,,,,,,,65.00,40.77
Edvenswa Enter,/company/517170/consolidated/,517170,13.25,,,,,,,64.95,22.23
Siddhi Cotspin,/company/SIDDHICOTS/,SIDDHICOTS,3.41,,,,,,,64.92,26.60
KKalpana Inds.,/company/526409/,526409,20.19,,,,,,,64.91,6.90
Shri Hare-Krish.,/company/SHKSIL/,SHKSIL,5.64,,,,,,,64.87,33.80
Transwar.Fin.,/company/TFL/consolidated/,TFL,260.56,,,,,,,64.82,11.76
Kothari Ferment.,/company/507474/,507474,13.50,,,,,,,64.79,43.19
Riba Textiles,/company/531952/,531952,5.61,,,,,,,64.51,66.83
Accuracy Shippi.,/company/ACCURACY/consolidated/,ACCURACY,6.28,,,,,,,64.44,4.28
Garnet Construct,/company/526727/,526727,2.54,,,,,,,64.40,46.33
ANI Integrated,/company/AISL/consolidated/,AISL,10.65,,,,,,,64.40,55.10
H.M. Electro,/company/544349/,544349,4.72,,,,,,,64.39,47.00
Shristi Infra,/company/511411/consolidated/,511411,-34.88,,,,,,,64.36,28.99
Advance Petroch.,/company/506947/,506947,16.20,,,,,,,64.35,714.95
Royal India Corp,/company/512047/,512047,0.84,,,,,,,64.29,5.45
Gensol Engineer.,/company/GENSOL/consolidated/,GENSOL,3.54,,,,,,,64.24,16.71
Innovative Tyres,/company/ITTL/,ITTL,25.82,,,,,,,64.15,64.15
Mishka Exim,/company/539220/consolidated/,539220,23.29,,,,,,,64.10,44.36
Chiraharit,/company/544561/consolidated/,544561,35.60,,,,,,,63.84,11.65
AVSL Industries,/company/AVSL/,AVSL,9.74,,,,,,,63.81,119.70
Ultra Wiring,/company/UWCSL/,UWCSL,10.36,,,,,,,63.72,122.45
Capital Trust,/company/CAPTRUST/,CAPTRUST,-6.31,,,,,,,63.68,18.72
Genpharmasec,/company/531592/consolidated/,531592,21.71,,,,,,,63.68,1.15
Ampvolts,/company/535719/,535719,9.74,,,,,,,63.51,24.70
Naman Industries Proxima,/company/NAMAN/,NAMAN,24.36,,,,,,,63.50,48.60
Prakash Steelage,/company/PRAKASHSTL/,PRAKASHSTL,32.84,,,,,,,63.35,3.62
Cranex,/company/522001/,522001,16.28,,,,,,,63.33,78.97
Century Business,/company/544928/,544928,6.99,,,,,,,63.29,72.24
Trust Fintech,/company/TRUST/,TRUST,4.07,,,,,,,63.26,26.55
Shreeji Translog,/company/540738/,540738,7.32,,,,,,,63.17,9.04
Newjaisa Tech,/company/NEWJAISA/,NEWJAISA,-3.84,,,,,,,63.14,17.65
Odyssey Corpn.,/company/ODYCORP/consolidated/,ODYCORP,3.44,,,,,,,62.92,7.03
Greenleaf Envi.,/company/GREENLEAF/,GREENLEAF,6.51,,,,,,,62.91,106.10
Desi Farms India,/company/507984/,507984,-298.52,,,,,,,62.89,635.30
IL&FS Transport,/company/IL&FSTRANS/,IL&FSTRANS,-88.71,,,,,,,62.83,1.91
Shelter Pharma,/company/543963/,543963,4.90,,,,,,,62.72,37.25
Banas Finance,/company/509053/consolidated/,509053,2.51,,,,,,,62.70,7.00
Constronics,/company/523844/consolidated/,523844,21.76,,,,,,,62.70,50.04
RKEC Projects,/company/RKEC/,RKEC,-6.69,,,,,,,62.64,24.26
Shanmuga Hos.,/company/544365/,544365,7.57,,,,,,,62.62,46.00
Universal Auto.,/company/539314/,539314,12.85,,,,,,,62.61,50.35
Ravi Leela Gran,/company/526095/,526095,7.24,,,,,,,62.47,59.01
Alkosign,/company/543453/,543453,7.07,,,,,,,62.46,57.87
Omfurn India,/company/OMFURN/,OMFURN,5.01,,,,,,,62.35,52.95
Harikanta Overseas,/company/544769/,544769,6.44,,,,,,,62.15,63.00
Starbeam Ventures,/company/539175/,539175,7.11,,,,,,,62.09,0.95
Panth Infinity,/company/539143/consolidated/,539143,2.59,,,,,,,62.05,11.25
Delta Manufact.,/company/DELTAMAGNT/consolidated/,DELTAMAGNT,27.41,,,,,,,62.03,57.16
Bombay Cycle,/company/501430/,501430,18.44,,,,,,,62.00,1550.00
Ansal Properties,/company/ANSALAPI/,ANSALAPI,-0.17,,,,,,,61.86,3.93
Marg Techno-Proj,/company/540254/,540254,15.39,,,,,,,61.70,7.90
Dutron Polymers,/company/517437/,517437,12.81,,,,,,,61.56,102.60
Divyadhan Recy.,/company/DIVYADHAN/,DIVYADHAN,15.48,,,,,,,61.52,43.00
Bulkcorp Inter.,/company/BULKCORP/,BULKCORP,8.88,,,,,,,61.47,81.80
SPA CAPT SER,/company/542376/,542376,28.68,,,,,,,61.45,199.90
Starlog Enterp.,/company/520155/consolidated/,520155,-11.02,,,,,,,61.36,41.00
Atlas Cycles,/company/ATLASCYCLE/,ATLASCYCLE,-9.89,,,,,,,61.34,94.32
Advance Techno.,/company/544843/,544843,9.29,,,,,,,61.28,67.86
Mantra Capital,/company/511577/,511577,-24.94,,,,,,,61.20,16.37
Phaarmasia,/company/523620/,523620,18.45,,,,,,,61.16,89.55
Waa Solar,/company/541445/consolidated/,541445,10.88,,,,,,,61.03,46.00
Rachana Infra.,/company/RILINFRA/,RILINFRA,2.82,,,,,,,61.02,32.80
Luxury Time,/company/544635/,544635,8.03,,,,,,,60.94,73.82
BAMPSL Sec.,/company/531591/,531591,99.80,,,,,,,60.89,17.89
Grill Splendour,/company/BIRDYS/,BIRDYS,-10.11,,,,,,,60.68,85.45
Visaman Global,/company/VISAMAN/,VISAMAN,8.54,,,,,,,60.51,30.20
PVV Infra Ltd,/company/536659/,536659,7.81,,,,,,,60.32,2.43
Manugraph India,/company/MANUGRAPH/,MANUGRAPH,-47.76,,,,,,,60.28,19.82
Rudra Gas,/company/544121/,544121,6.04,,,,,,,60.12,72.10
SagarSoft (India,/company/540143/consolidated/,540143,-22.68,,,,,,,60.02,93.89
India Cem. Cap.,/company/511355/consolidated/,511355,-162.73,,,,,,,60.01,27.64
Flex Foods,/company/523672/,523672,22.31,,,,,,,59.92,48.13
SGL Resources,/company/SGLRES/,SGLRES,15.95,,,,,,,59.86,2.39
Hariyana Ship,/company/HRYNSHP/,HRYNSHP,2.76,,,,,,,59.86,97.01
Crayons Advertis,/company/CRAYONS/consolidated/,CRAYONS,4.76,,,,,,,59.85,24.50
VSF Projects,/company/519331/,519331,-1594.78,,,,,,,59.84,36.60
Dar Credit & Cap,/company/DCCL/,DCCL,6.23,,,,,,,59.75,41.85
Milton Industri.,/company/MILTON/,MILTON,13.47,,,,,,,59.65,35.10
Advik Capital,/company/ADVIKCA/consolidated/,ADVIKCA,-13.01,,,,,,,59.64,0.98
Meera Industries,/company/540519/,540519,17.18,,,,,,,59.63,27.92
Kamadgiri Fash.,/company/514322/,514322,9.45,,,,,,,59.60,101.55
Aris Interna.,/company/531677/,531677,-222.00,,,,,,,59.57,397.15
AI Champ.Inds.,/company/532806/,532806,13.35,,,,,,,59.48,19.34
Icodex Publish.,/company/544483/,544483,4.71,,,,,,,59.42,38.00
Lakhotia Poly.,/company/535387/,535387,9.56,,,,,,,59.39,56.70
Pind Hospitality,/company/id/1286210/,id,16.28,,,,,,,59.39,
Dhansafal Fin,/company/512048/,512048,14.48,,,,,,,59.29,2.50
Ganesha Ecoverse,/company/539041/consolidated/,539041,-5.85,,,,,,,59.05,24.01
Gayatri BioOrga.,/company/524564/,524564,-171.23,,,,,,,58.93,7.48
Manas Polymers,/company/MPEL/,MPEL,5.39,,,,,,,58.90,25.25
My Money Sec.,/company/538862/,538862,7.17,,,,,,,58.87,35.04
Classic Leasing,/company/540481/,540481,46.01,,,,,,,58.80,48.00
Elixir Capital,/company/531278/consolidated/,531278,5.08,,,,,,,58.69,100.98
Aureate Tradde,/company/544772/,544772,8.61,,,,,,,58.67,45.18
EMA India,/company/522027/,522027,-46.38,,,,,,,58.48,579.05
Guj. Toolroom,/company/513337/consolidated/,513337,14.40,,,,,,,58.48,0.42
Growington Vent,/company/539222/,539222,10.43,,,,,,,58.44,0.91
Salem Erode Inv.,/company/540181/,540181,-31.27,,,,,,,58.43,25.48
Mohini Health,/company/MHHL/,MHHL,92.44,,,,,,,58.35,32.00
Vikram Kamats,/company/539659/consolidated/,539659,7.95,,,,,,,58.24,32.00
Hind Aluminium,/company/HINDALUMI/consolidated/,HINDALUMI,10.04,,,,,,,58.23,92.43
Yash Chemex,/company/539939/consolidated/,539939,14.08,,,,,,,58.18,56.80
Kranti Industrie,/company/542459/consolidated/,542459,7.95,,,,,,,58.11,45.54
Retina Paints,/company/543902/,543902,24.42,,,,,,,58.06,37.85
Leading Lea. Fin,/company/540360/,540360,15.53,,,,,,,58.05,1.03
Arvind Port &,/company/ARVINDPORT/consolidated/,ARVINDPORT,6.94,,,,,,,58.02,34.00
RSC Internl.,/company/530179/,530179,-131.82,,,,,,,57.88,100.66
Mangal Compuso.,/company/544287/,544287,4.71,,,,,,,57.83,42.50
Sodhani Capital,/company/544560/,544560,17.23,,,,,,,57.52,72.40
Guru Krupa Gems,/company/540545/,540545,68.79,,,,,,,57.38,38.15
Vishal Bearings,/company/539398/,539398,10.29,,,,,,,57.36,53.16
Palred Technolog,/company/PALREDTEC/consolidated/,PALREDTEC,39.07,,,,,,,57.30,46.84
Sampre Nutrition,/company/530617/,530617,11.35,,,,,,,57.20,6.02
SecureKloud Tech,/company/SECURKLOUD/consolidated/,SECURKLOUD,-20.82,,,,,,,57.13,17.10
Aditya Ultra,/company/AUSL/,AUSL,8.86,,,,,,,57.12,23.00
Veekayem Fash.,/company/VEEKAYEM/,VEEKAYEM,6.44,,,,,,,57.08,97.15
Agri-Tech India,/company/AGRITECH/,AGRITECH,-58.73,,,,,,,57.04,96.03
Vivid Mercantile,/company/542046/,542046,4.45,,,,,,,56.95,5.68
Fortune Interntl,/company/530213/consolidated/,530213,-346.63,,,,,,,56.95,80.89
Popular Found.,/company/544259/,544259,27.08,,,,,,,56.85,27.90
Oceanic Foods,/company/540405/,540405,6.28,,,,,,,56.75,50.44
Telogica,/company/532975/,532975,19.82,,,,,,,56.57,8.66
Gayatri Sugars,/company/532183/,532183,8.07,,,,,,,56.55,7.61
Cian Healthcare,/company/542678/consolidated/,542678,-15.39,,,,,,,56.55,22.62
Hardcast.& Waud,/company/509597/,509597,8.56,,,,,,,56.41,829.55
Ceeta Industries,/company/514171/,514171,24.76,,,,,,,56.41,38.90
Shine Fashions,/company/543244/consolidated/,543244,5.47,,,,,,,56.41,21.00
Austin Engg Co,/company/AUSTENG/consolidated/,AUSTENG,5.45,,,,,,,56.30,161.78
Fly-Hi Maritime,/company/544904/,544904,5.05,,,,,,,56.30,39.70
Bharat Immunolog,/company/524663/,524663,-7.21,,,,,,,56.18,13.01
Marco Cables,/company/MARCO/,MARCO,8.59,,,,,,,56.10,30.00
Gautam Exim,/company/540613/,540613,73.66,,,,,,,55.95,22.70
Teamo Production,/company/TPHQ/,TPHQ,6.85,,,,,,,55.91,0.51
Dhruva Cap.Serv.,/company/531237/,531237,62.27,,,,,,,55.88,77.72
Raj Television,/company/RAJTV/,RAJTV,27.17,,,,,,,55.86,10.76
3P Land Hold.,/company/3PLAND/consolidated/,3PLAND,17.81,,,,,,,55.78,30.99
Bhaskar Agrochem,/company/524534/,524534,6.66,,,,,,,55.61,106.75
Malu Paper,/company/MALUPAPER/,MALUPAPER,50.46,,,,,,,55.60,32.59
Reganto Enterprises,/company/517393/,517393,7.64,,,,,,,55.59,3.80
Shentracon Chem.,/company/530757/,530757,5884.00,,,,,,,55.52,125.10
Rekvina Labs,/company/526075/,526075,-172.48,,,,,,,55.47,49.90
Kiaasa Retail,/company/544711/,544711,4.51,,,,,,,55.16,30.26
Ladderup Finance,/company/LADDERUP/consolidated/,LADDERUP,5.99,,,,,,,55.13,52.00
Sri KPR Inds.,/company/SRIKPRIND/consolidated/,SRIKPRIND,5.41,,,,,,,55.03,27.31
Vedavaag Systems,/company/VEDAVAAG/consolidated/,VEDAVAAG,4.88,,,,,,,55.02,23.45
Vdeal System,/company/VDEAL/,VDEAL,9.52,,,,,,,55.02,112.50
Sollfege Smart Electronics,/company/id/1286224/,id,16.36,,,,,,,55.00,
Ajooni Biotech,/company/AJOONI/,AJOONI,7.82,,,,,,,54.95,3.19
Camex,/company/524440/,524440,8.62,,,,,,,54.94,53.82
Share Samadhan,/company/544251/consolidated/,544251,43.16,,,,,,,54.81,44.67
Dhanalaxmi Roto,/company/521216/,521216,1.87,,,,,,,54.64,70.05
Capfin India,/company/539198/,539198,-81.94,,,,,,,54.62,120.10
Shayona Eng.,/company/544686/,544686,9.69,,,,,,,54.51,140.05
Quadrant Tele.,/company/511116/,511116,62.38,,,,,,,54.49,0.89
Amkay Products,/company/544169/,544169,12.77,,,,,,,54.31,62.75
Moving Media,/company/MMEL/,MMEL,2.07,,,,,,,54.16,28.80
Warren Tea,/company/508494/consolidated/,508494,-38.44,,,,,,,54.13,45.30
Conart Engineers,/company/522231/,522231,9.31,,,,,,,54.11,86.17
Jigar Cables,/company/540651/consolidated/,540651,18.00,,,,,,,54.03,59.95
Sundaram Multi.,/company/SUNDARAM/,SUNDARAM,9.35,,,,,,,54.02,1.14
Impex Ferro Tech,/company/IMPEXFERRO/,IMPEXFERRO,820.62,,,,,,,53.99,6.14
DHVIJA FINANCE,/company/539552/,539552,7.61,,,,,,,53.99,11.04
Royale Manor,/company/526640/,526640,7.62,,,,,,,53.94,27.20
K2 Infragen,/company/K2INFRA/consolidated/,K2INFRA,5.21,,,,,,,53.94,42.75
Tulsyan NEC,/company/513629/consolidated/,513629,19.39,,,,,,,53.83,32.70
Mehul Colours,/company/544472/,544472,5.88,,,,,,,53.80,51.00
E-Land Apparel,/company/532820/,532820,-12.57,,,,,,,53.75,11.20
Ind Bank Housing,/company/523465/,523465,65.10,,,,,,,53.66,53.66
Adtech Systems,/company/544185/,544185,10.79,,,,,,,53.64,45.02
Manav Infra,/company/MANAV/,MANAV,8.46,,,,,,,53.63,40.75
Elegant Marbles,/company/526705/,526705,8.24,,,,,,,53.33,180.00
Unisem Agritech,/company/544648/,544648,6.47,,,,,,,53.26,47.00
Tanvi Foods,/company/540332/consolidated/,540332,9.81,,,,,,,53.18,40.74
Handson Global,/company/HGM/consolidated/,HGM,-53.89,,,,,,,53.13,42.18
Hira Automobile,/company/531743/,531743,17.59,,,,,,,53.08,193.00
Delta Auto.,/company/DELTIC/,DELTIC,1.92,,,,,,,53.06,34.70
Regis Industries,/company/543208/,543208,43.69,,,,,,,52.91,2.05
Shanti Spintex,/company/544059/consolidated/,544059,5.47,,,,,,,52.89,31.32
Rapid Multimodal,/company/544237/,544237,17.82,,,,,,,52.88,138.75
Biofil Chemicals,/company/BIOFILCHEM/,BIOFILCHEM,48.14,,,,,,,52.78,32.44
Vivaa Tradecom,/company/544002/,544002,39.74,,,,,,,52.76,134.00
Saj Hotels,/company/SAJHOTELS/consolidated/,SAJHOTELS,7.18,,,,,,,52.73,32.70
ANG Lifesciences,/company/540694/consolidated/,540694,-97.85,,,,,,,52.59,40.27
D.K. Enterprises,/company/DKEGL/consolidated/,DKEGL,6.05,,,,,,,52.52,69.95
Aeonx Digital,/company/524594/consolidated/,524594,133.11,,,,,,,52.51,113.30
Kemistar Corp.,/company/531163/consolidated/,531163,32.42,,,,,,,52.50,48.79
Auro Impex,/company/AUROIMPEX/consolidated/,AUROIMPEX,7.80,,,,,,,52.40,42.95
Modipon,/company/503776/,503776,-178.29,,,,,,,52.27,45.15
PCS Technology,/company/517119/consolidated/,517119,6.53,,,,,,,52.27,24.95
Phychem Technologies,/company/544902/,544902,8.04,,,,,,,52.22,51.00
Cyber Media Ind,/company/CYBERMEDIA/consolidated/,CYBERMEDIA,7.72,,,,,,,52.11,20.18
Diligent Indust.,/company/531153/,531153,11.65,,,,,,,51.98,2.18
Phosphate Co,/company/542123/,542123,6.68,,,,,,,51.95,144.00
Winsome Brew.,/company/526471/,526471,77.94,,,,,,,51.94,18.77
Satchmo Holdings,/company/533202/consolidated/,533202,4.69,,,,,,,51.92,3.56
ABH Healthcare,/company/ABH/consolidated/,ABH,6.96,,,,,,,51.89,45.40
Mefcom Capital,/company/531176/consolidated/,531176,63.81,,,,,,,51.82,11.34
Unique Organics,/company/530997/,530997,4.06,,,,,,,51.78,86.98
Ceejay Finance,/company/530789/,530789,6.34,,,,,,,51.77,150.05
Sonu Infratech,/company/SONUINFRA/consolidated/,SONUINFRA,3.24,,,,,,,51.76,44.00
Wires & Fabriks,/company/507817/,507817,7.18,,,,,,,51.71,169.00
Balkrishna Paper,/company/BALKRISHNA/,BALKRISHNA,-285.88,,,,,,,51.55,16.00
Shree Balaji (Mala),/company/544835/,544835,7.30,,,,,,,51.51,52.00
Jamshri Realty,/company/502901/,502901,26.91,,,,,,,51.32,73.45
Neptune Logitek,/company/544663/,544663,5.81,,,,,,,51.29,37.44
Supreme Facility,/company/SFML/consolidated/,SFML,4.30,,,,,,,51.27,20.65
M R Maniveni,/company/544768/,544768,9.11,,,,,,,51.14,26.13
Nova Iron &Steel,/company/513566/,513566,109.87,,,,,,,51.10,14.14
Acrow India,/company/513149/,513149,53.76,,,,,,,51.07,798.00
Bombay Metrics,/company/BMETRICS/,BMETRICS,13.22,,,,,,,50.98,41.40
Mapro Industries,/company/509762/,509762,89.26,,,,,,,50.97,60.76
Chatterbox Tech,/company/544546/,544546,1.78,,,,,,,50.86,35.96
Icon Facil.,/company/544426/,544426,6.73,,,,,,,50.66,64.45
Ahlada Engineers,/company/AHLADA/,AHLADA,6.63,,,,,,,50.60,39.16
Shiva Mills,/company/SHIVAMILLS/,SHIVAMILLS,4.23,,,,,,,50.56,58.51
Vasundhara Rasy.,/company/538634/,538634,5.69,,,,,,,50.52,158.95
Polylink Poly.,/company/531454/,531454,15.46,,,,,,,50.50,22.84
Biopol Chemicals,/company/BIOPOL/,BIOPOL,4.27,,,,,,,50.46,46.70
Lamosaic India,/company/LAMOSAIC/,LAMOSAIC,14.05,,,,,,,50.40,48.75
Mangalam Drugs,/company/MANGALAM/,MANGALAM,-18.43,,,,,,,50.38,31.83
Rulka,/company/RULKA/,RULKA,9.60,,,,,,,50.36,102.60
Gujarat Poly,/company/517288/,517288,1.65,,,,,,,50.31,58.84
SSMD Agrotech,/company/544621/,544621,4.40,,,,,,,50.26,58.00
Dangee Dums,/company/DANGEE/,DANGEE,13.02,,,,,,,50.20,3.26
Country Condo,/company/COUNCODOS/,COUNCODOS,47.44,,,,,,,50.13,6.46
Safa Systems,/company/543461/consolidated/,543461,13.76,,,,,,,50.08,20.05
Ganga Bath Fitt.,/company/GANGABATH/,GANGABATH,11.04,,,,,,,49.97,22.50
TruCap Finance,/company/TRU/,TRU,-5.10,,,,,,,49.92,4.20
Crestchem,/company/526269/,526269,10.46,,,,,,,49.88,166.25
Saboo Sodium,/company/530461/,530461,11.46,,,,,,,49.74,11.85
Krishna Vent.,/company/504392/,504392,102.71,,,,,,,49.70,46.02
Deccan Transcon,/company/DECCANTRAN/consolidated/,DECCANTRAN,7.77,,,,,,,49.42,21.75
Yaan Enterprises,/company/538521/,538521,32.77,,,,,,,49.23,158.80
Ganga Forging,/company/GANGAFORGE/,GANGAFORGE,-64.66,,,,,,,49.20,1.46
Trom Industries,/company/TROM/,TROM,4.48,,,,,,,49.19,53.50
Hybrid Financial,/company/HYBRIDFIN/consolidated/,HYBRIDFIN,10.08,,,,,,,49.16,16.70
AastamangalamFin,/company/511764/,511764,4.74,,,,,,,49.10,31.60
Agro Phos India,/company/AGROPHOS/consolidated/,AGROPHOS,4.63,,,,,,,49.06,24.20
We Win Ltd,/company/WEWIN/consolidated/,WEWIN,6.58,,,,,,,49.04,48.26
Gabriel Pet,/company/544108/consolidated/,544108,8.34,,,,,,,49.01,65.52
Eighty Jewellers,/company/543518/,543518,4.92,,,,,,,48.96,48.00
Arnold Holdings,/company/537069/,537069,6.24,,,,,,,48.88,20.56
Kaizen Agro,/company/538833/,538833,131.92,,,,,,,48.84,9.50
Perfectpac,/company/526435/,526435,8.34,,,,,,,48.78,73.25
Baweja Studios L,/company/BAWEJA/,BAWEJA,7.06,,,,,,,48.74,26.45
Ecofinity Atomix,/company/539455/consolidated/,539455,10.84,,,,,,,48.60,69.80
Krypton Industri,/company/523550/,523550,8.48,,,,,,,48.54,33.02
Future Market,/company/FMNL/consolidated/,FMNL,3.35,,,,,,,48.52,8.00
Manoj Jewellers,/company/544400/,544400,4.66,,,,,,,48.52,27.00
Dhanwel Hybrid,/company/544884/,544884,5.99,,,,,,,48.52,53.30
EL Forge,/company/531144/,531144,7.73,,,,,,,48.33,23.78
Shipwaves Online,/company/544646/consolidated/,544646,6.54,,,,,,,48.25,3.41
Real Touch Fin,/company/538611/,538611,10.32,,,,,,,48.23,38.00
Phoenix Intl.,/company/PHOENXINTL/consolidated/,PHOENXINTL,6.50,,,,,,,48.15,28.68
Futuristic Solu,/company/534063/,534063,10.51,,,,,,,48.00,45.85
Mega Corp.,/company/531417/,531417,16.40,,,,,,,48.00,2.40
Nandani Creation,/company/JAIPURKURT/,JAIPURKURT,10.02,,,,,,,47.97,25.13
Trescon,/company/532159/consolidated/,532159,15.24,,,,,,,47.85,6.73
Orchasp Ltd,/company/ORCHASP/consolidated/,ORCHASP,84.35,,,,,,,47.81,1.38
Srestha Finvest,/company/539217/,539217,-1.85,,,,,,,47.75,0.25
Supertech EV,/company/544428/,544428,7.99,,,,,,,47.66,38.56
Mohite Industrie,/company/MOHITE/consolidated/,MOHITE,8.06,,,,,,,47.64,2.37
Sambandam Spg.,/company/SAMBANDAM/consolidated/,SAMBANDAM,14.34,,,,,,,47.64,111.83
GTN Industries,/company/500170/,500170,-21.27,,,,,,,47.60,23.80
Spectrum Foods,/company/531982/,531982,27.83,,,,,,,47.59,19.80
Evans Electric,/company/542668/,542668,58.87,,,,,,,47.47,86.50
Axel Polymers,/company/513642/,513642,28.19,,,,,,,47.34,43.03
Defrail Technologies,/company/544677/,544677,6.52,,,,,,,47.24,67.25
AccelerateBS Ind,/company/543938/consolidated/,543938,31.76,,,,,,,47.10,137.00
CLC Industries,/company/CLCIND/,CLCIND,22.52,,,,,,,47.09,45.30
Amrapali Fincap,/company/539265/,539265,65.19,,,,,,,47.00,34.97
Studio LSD,/company/STUDIOLSD/,STUDIOLSD,-12.39,,,,,,,46.96,9.05
S A Tech Soft.,/company/SATECH/,SATECH,10.03,,,,,,,46.94,35.95
Hilltone Softwar,/company/544308/,544308,-502.44,,,,,,,46.94,35.62
Aditya Consumer,/company/540146/,540146,-150.33,,,,,,,46.83,32.00
Nirmitee Robotic,/company/543194/,543194,36.43,,,,,,,46.82,130.00
Toyam Sports,/company/TOYAMSL/consolidated/,TOYAMSL,-2.46,,,,,,,46.80,0.81
Royal Sense,/company/544143/consolidated/,544143,5.12,,,,,,,46.76,87.40
Greenhitech Ven.,/company/544163/consolidated/,544163,17.04,,,,,,,46.75,35.99
Sunsky Logistics,/company/544566/,544566,11.11,,,,,,,46.71,37.56
Shivchem Agro,/company/id/1286214/,id,8.89,,,,,,,46.70,
Sacheta Metals,/company/531869/,531869,11.45,,,,,,,46.63,3.73
Rodium Realty,/company/531822/consolidated/,531822,12.50,,,,,,,46.48,143.10
Vruddhi Engineer,/company/544157/,544157,9.27,,,,,,,46.43,184.00
Nexxus Petro,/company/544265/,544265,5.25,,,,,,,46.43,66.80
Suvidhaa Info.,/company/SUVIDHAA/consolidated/,SUVIDHAA,-6.62,,,,,,,46.37,2.21
Starcom Info.,/company/531616/,531616,-11.68,,,,,,,46.34,92.67
Aatmaj Health,/company/AATMAJ/,AATMAJ,16.55,,,,,,,46.10,20.40
Chamunda Ele.,/company/CHAMUNDA/,CHAMUNDA,9.13,,,,,,,46.05,41.85
Vertex Secur.,/company/531950/consolidated/,531950,-19.71,,,,,,,46.04,3.11
Vivimed Labs.,/company/VIVIMEDLAB/consolidated/,VIVIMEDLAB,-3.02,,,,,,,46.02,5.55
Kiduja India,/company/507946/,507946,-10.64,,,,,,,45.94,19.14
Integra Switch,/company/517423/consolidated/,517423,-155.48,,,,,,,45.82,159.00
Italian Edibles,/company/ITALIANE/,ITALIANE,9.89,,,,,,,45.81,31.00
Sri Ramakr. Mill,/company/521178/,521178,2.89,,,,,,,45.75,64.26
Arex Industries,/company/526851/,526851,6.26,,,,,,,45.70,127.00
Dhanlaxmi Fabric,/company/521151/consolidated/,521151,-19.73,,,,,,,45.51,53.04
T N Telecom.,/company/TNTELE/,TNTELE,-25.46,,,,,,,45.27,9.91
Happy Square,/company/WHITEFORCE/,WHITEFORCE,6.51,,,,,,,45.24,39.00
Three M Paper,/company/544214/,544214,5.70,,,,,,,45.21,23.50
Simandhar Impex,/company/544662/,544662,-907.20,,,,,,,45.21,147.90
Shreyas Interm.,/company/526335/,526335,138.73,,,,,,,45.20,6.38
Sai Capital,/company/SAICAPI/consolidated/,SAICAPI,2.29,,,,,,,45.20,156.99
Ramgopal Polytex,/company/514223/,514223,-133.77,,,,,,,45.18,31.16
Priti Internati.,/company/PRITI/,PRITI,27.52,,,,,,,45.11,33.78
Karma Energy Ltd,/company/KARMAENG/,KARMAENG,54.71,,,,,,,45.09,38.97
ATC Energies,/company/ATCENERGY/,ATCENERGY,20.67,,,,,,,45.06,22.10
Digikore Studios,/company/DIGIKORE/consolidated/,DIGIKORE,3.76,,,,,,,45.03,35.55
Dhatre Udyog,/company/DHATRE/consolidated/,DHATRE,-20.43,,,,,,,45.00,4.13
Pruden. Sugar,/company/PRUDMOULI/consolidated/,PRUDMOULI,7.77,,,,,,,44.93,13.93
Anjani Foods,/company/511153/consolidated/,511153,10.74,,,,,,,44.83,16.04
Netlink Solns(I),/company/509040/,509040,67.08,,,,,,,44.77,177.00
Storage Tech,/company/544171/consolidated/,544171,-497.27,,,,,,,44.75,34.85
Ravikumar Distll,/company/RKDL/,RKDL,46.55,,,,,,,44.64,18.60
Real Eco-Energy,/company/530053/,530053,39.50,,,,,,,44.60,4.46
Pulz Electronics,/company/PULZ/consolidated/,PULZ,4.02,,,,,,,44.60,20.45
Anubhav Plast,/company/544800/,544800,5.67,,,,,,,44.55,40.50
TAVEXIA LIFECARE,/company/539519/consolidated/,539519,-332.86,,,,,,,44.50,1.16
Kabra Drugs,/company/524322/,524322,3.77,,,,,,,44.48,18.76
Clenon Enterpri,/company/517564/,517564,-23.20,,,,,,,44.40,40.58
Gayatri Highways,/company/GAYAHWS/consolidated/,GAYAHWS,585.46,,,,,,,44.34,1.85
MASK INVESTMENTS,/company/MASKINVEST/,MASKINVEST,405.91,,,,,,,44.27,145.06
Tirupati Innovar,/company/539040/,539040,56.57,,,,,,,44.16,6.23
Future Consumer,/company/FCONSUMER/consolidated/,FCONSUMER,18.93,,,,,,,43.93,0.22
Bang Overseas,/company/BANG/consolidated/,BANG,7.72,,,,,,,43.88,32.36
Graphisads,/company/GRAPHISAD/consolidated/,GRAPHISAD,6.25,,,,,,,43.86,24.00
Gurunanak Agri.,/company/GURUNANAK/,GURUNANAK,3.08,,,,,,,43.80,36.50
Caspian Corporat,/company/534732/consolidated/,534732,50.48,,,,,,,43.77,34.57
Snehaa Organics,/company/SNEHAA/,SNEHAA,2.32,,,,,,,43.77,43.00
Cadsys (India),/company/CADSYS/consolidated/,CADSYS,-3.57,,,,,,,43.71,43.70
Jagan Lamps,/company/530711/,530711,8.68,,,,,,,43.70,59.86
VMS Industries,/company/533427/,533427,8.71,,,,,,,43.69,17.85
Super Spinning,/company/SUPERSPIN/,SUPERSPIN,11.17,,,,,,,43.62,7.93
Abha Power,/company/ABHAPOWER/,ABHAPOWER,9.71,,,,,,,43.59,23.45
Unilex Colour &C,/company/UNILEX/consolidated/,UNILEX,2.86,,,,,,,43.57,32.00
Gokak Textiles,/company/532957/consolidated/,532957,16.66,,,,,,,43.48,66.90
Guj. Craft Inds,/company/526965/,526965,8.65,,,,,,,43.38,88.74
Pranik Logistics,/company/PRANIK/,PRANIK,4.69,,,,,,,43.38,39.40
Prime Property,/company/530695/consolidated/,530695,0.69,,,,,,,43.36,25.55
Golden Tobacco,/company/GOLDENTOBC/consolidated/,GOLDENTOBC,4.22,,,,,,,43.34,24.61
Ambica Agarbat.,/company/AMBICAAGAR/,AMBICAAGAR,7.33,,,,,,,43.32,25.22
Vikram Aroma,/company/544371/,544371,20.44,,,,,,,43.32,138.15
India Home Loans,/company/530979/,530979,12.39,,,,,,,43.29,30.31
Royal Cush. Vin.,/company/526193/,526193,-33.94,,,,,,,43.28,11.83
Vinny Overseas,/company/VINNY/,VINNY,5.75,,,,,,,43.27,0.93
Silky Overseas,/company/SILKY/,SILKY,5.64,,,,,,,43.27,67.95
Swastik Pipe,/company/SWASTIK/,SWASTIK,-3.18,,,,,,,43.21,18.60
Anjani Synth.,/company/531223/,531223,7.47,,,,,,,43.10,29.22
Jainex Aamcol,/company/505212/,505212,14.00,,,,,,,43.03,191.70
CCL Internationa,/company/531900/,531900,13.05,,,,,,,42.99,22.40
Times Green Ener,/company/543310/,543310,56.51,,,,,,,42.90,76.95
Incap,/company/517370/,517370,41.27,,,,,,,42.84,83.50
Celebrity Fash.,/company/CELEBRITY/,CELEBRITY,-50.68,,,,,,,42.80,6.63
Jindal Hotels,/company/507981/,507981,6.31,,,,,,,42.78,61.12
Danube Industrie,/company/540361/,540361,16.23,,,,,,,42.77,4.70
ARC Finance,/company/540135/,540135,33.09,,,,,,,42.70,0.49
Glance Finance,/company/531199/,531199,4.85,,,,,,,42.64,189.00
Morgan Ventures,/company/526237/,526237,10.83,,,,,,,42.63,43.06
Aimco Pesticides,/company/524288/consolidated/,524288,-7.41,,,,,,,42.62,43.57
Sona Machinery,/company/SONAMAC/,SONAMAC,-18.32,,,,,,,42.54,31.00
Liotech Ind.,/company/544796/,544796,4.63,,,,,,,42.54,109.06
A B M Internatl.,/company/ABMINTLLTD/consolidated/,ABMINTLLTD,-38.31,,,,,,,42.52,45.20
Lee & Nee Soft.,/company/LEENEE/consolidated/,LEENEE,51.88,,,,,,,42.44,7.61
Sainik Finance,/company/530265/,530265,9.23,,,,,,,42.30,38.88
Electro Force,/company/EFORCE/,EFORCE,29.88,,,,,,,42.24,18.05
Akash InfraProj.,/company/AKASH/consolidated/,AKASH,16.42,,,,,,,42.22,25.04
Infonative Solu.,/company/544393/,544393,9.80,,,,,,,42.21,35.63
Diana Tea Co,/company/530959/,530959,7.67,,,,,,,42.12,28.10
Synoptics Techno,/company/SYNOPTICS/consolidated/,SYNOPTICS,6.47,,,,,,,41.93,49.45
Srigee DLM,/company/544399/,544399,6.17,,,,,,,41.91,70.16
21st Cent. Mgmt.,/company/21STCENMGM/consolidated/,21STCENMGM,-2.24,,,,,,,41.86,39.87
Superior Indus.,/company/SIEL/consolidated/,SIEL,13.74,,,,,,,41.84,30.21
Gothi Plascon,/company/531111/,531111,12.05,,,,,,,41.82,41.00
Solitaire Mach.,/company/522152/,522152,13.75,,,,,,,41.81,92.09
Modern Engineer.,/company/539762/,539762,5.59,,,,,,,41.78,27.04
Cargotrans Marit,/company/543618/consolidated/,543618,4.17,,,,,,,41.75,70.50
Nam Securities,/company/538395/,538395,117.00,,,,,,,41.73,77.40
Archies,/company/ARCHIES/,ARCHIES,48.62,,,,,,,41.55,12.30
Vahh Chemicals,/company/544778/consolidated/,544778,6.22,,,,,,,41.53,50.00
IEC Education,/company/531840/consolidated/,531840,-21.47,,,,,,,41.51,27.20
Rajas. Tube Mfg,/company/530253/,530253,13.88,,,,,,,41.47,9.20
Blu.Coast Hotel.,/company/BLUECOAST/consolidated/,BLUECOAST,47.80,,,,,,,41.45,21.06
SVP Global,/company/SVPGLOB/consolidated/,SVPGLOB,-13.93,,,,,,,41.37,3.27
Sugal & Damani,/company/511654/,511654,11.95,,,,,,,41.34,66.15
Dhanlaxmi Crop,/company/DHANLAXMI/,DHANLAXMI,48.55,,,,,,,41.31,25.30
PBM Polytex,/company/PBMPOLY/consolidated/,PBMPOLY,5.12,,,,,,,41.21,59.91
Rasi Electrodes,/company/531233/,531233,5.48,,,,,,,41.06,13.19
Sam Industries,/company/532005/,532005,7.50,,,,,,,41.03,37.00
Sudal Industries,/company/506003/,506003,3.42,,,,,,,40.99,48.99
Helloji Holidays,/company/544630/,544630,16.91,,,,,,,40.82,119.00
Swati Projects,/company/543914/consolidated/,543914,3.31,,,,,,,40.81,40.41
Dhruv Consultanc,/company/DHRUV/,DHRUV,-1.51,,,,,,,40.78,21.50
Dynamic Industri,/company/524818/,524818,8.95,,,,,,,40.77,134.55
Key Corp,/company/507948/,507948,-31.63,,,,,,,40.72,67.87
Chordia Food,/company/519475/,519475,19.90,,,,,,,40.69,101.00
Swashthik Plas.,/company/544035/consolidated/,544035,5.29,,,,,,,40.67,20.89
Vishwas Agri,/company/VISHWAS/,VISHWAS,9.84,,,,,,,40.40,40.40
Newmalayalam St.,/company/NMSTEEL/,NMSTEEL,3.88,,,,,,,40.28,23.30
Alfavision Overs,/company/531156/,531156,1265.23,,,,,,,40.23,12.76
Shoora Designs,/company/543970/,543970,448.22,,,,,,,40.23,87.00
Roni Households,/company/542145/,542145,841.60,,,,,,,40.21,34.99
Vista Pharma.,/company/524711/,524711,-3.58,,,,,,,40.13,6.52
SVC Industries,/company/524488/,524488,-399.20,,,,,,,40.12,2.46
Rose Merc.,/company/512115/consolidated/,512115,1.96,,,,,,,40.04,50.77
Austere Sys.,/company/544505/,544505,4.95,,,,,,,40.04,38.21
HB Stockholdings,/company/HBSL/consolidated/,HBSL,-4.44,,,,,,,40.03,56.08
Shubham Polyspin,/company/542019/,542019,13.72,,,,,,,39.99,32.99
Faalcon Concepts,/company/FAALCON/consolidated/,FAALCON,7.10,,,,,,,39.95,41.00
Lak. Fin. & Indl,/company/LFIC/,LFIC,22.70,,,,,,,39.92,133.06
Harig Crankshaft,/company/500178/,500178,5.83,,,,,,,39.91,38.01
Indobell Insul.,/company/544334/,544334,26.36,,,,,,,39.75,63.10
Rolcon Engg. Co.,/company/505807/,505807,5.73,,,,,,,39.67,522.00
B2B Soft.Tech.,/company/531268/consolidated/,531268,7.40,,,,,,,39.67,22.83
Rajnish Wellness,/company/541601/,541601,-3.97,,,,,,,39.60,0.39
Cybele Industrie,/company/531472/consolidated/,531472,1.75,,,,,,,39.57,37.00
Sagardeep Alloys,/company/SAGARDEEP/consolidated/,SAGARDEEP,8.84,,,,,,,39.56,23.19
Deem Roll-Tech,/company/DEEM/,DEEM,5.39,,,,,,,39.52,47.40
Shiva Global,/company/SHIVAAGRO/consolidated/,SHIVAAGRO,8.24,,,,,,,39.47,39.50
Sanchay Finvest,/company/511563/,511563,-51.22,,,,,,,39.44,49.30
Rexpro Enter.,/company/REXPRO/,REXPRO,5.66,,,,,,,39.22,35.00
Ashoka Metcast,/company/ASHOKAMET/consolidated/,ASHOKAMET,5.19,,,,,,,39.17,15.67
Relic Tech.,/company/511712/consolidated/,511712,-10.61,,,,,,,39.14,70.00
Grameva,/company/539120/,539120,8.15,,,,,,,39.12,81.50
Sofcom Systems,/company/538923/consolidated/,538923,55.21,,,,,,,39.11,16.16
Prism Medico,/company/512217/,512217,-144.59,,,,,,,39.10,28.83
RR Metalmakers,/company/531667/,531667,-50.81,,,,,,,39.03,43.32
Advance Multi.,/company/526331/,526331,5.83,,,,,,,38.98,95.62
IB Infotech,/company/519463/,519463,20.12,,,,,,,38.88,30.36
Archidply Decor,/company/ADL/,ADL,18.22,,,,,,,38.86,69.81
Sundrex Oil,/company/SOCL/,SOCL,4.00,,,,,,,38.84,29.00
Welcast Steels,/company/504988/,504988,-29.25,,,,,,,38.80,606.20
Picturehouse,/company/532355/consolidated/,532355,15.02,,,,,,,38.77,7.42
Osia Hyper Reta.,/company/OSIAHYPER/,OSIAHYPER,3.32,,,,,,,38.75,2.19
MSL Global,/company/511000/consolidated/,511000,7.37,,,,,,,38.73,18.08
Baba Food,/company/BABAFP/consolidated/,BABAFP,25.76,,,,,,,38.69,23.70
TCM,/company/524156/consolidated/,524156,-23.45,,,,,,,38.66,51.70
IFL Enterprises,/company/540377/,540377,-11.74,,,,,,,38.60,0.31
V.L.Infraproject,/company/VLINFRA/,VLINFRA,3.75,,,,,,,38.57,24.55
Nanavati Venture,/company/543522/,543522,213.94,,,,,,,38.53,82.50
Jupiter Info.,/company/534623/consolidated/,534623,-22.01,,,,,,,38.40,38.32
Jaihind Industries,/company/514312/,514312,494.00,,,,,,,38.38,44.91
Bhatia Colour,/company/543497/,543497,3.74,,,,,,,38.38,26.77
Jain Irrigat-DVR,/company/JISLDVREQS/,JISLDVREQS,,,,,,,,38.30,19.85
SM Auto Stamping,/company/543065/consolidated/,543065,7.75,,,,,,,38.28,27.97
Shaival Reality,/company/SHAIVAL/consolidated/,SHAIVAL,3.35,,,,,,,38.19,33.00
Zodiac-JRD MKJ,/company/512587/consolidated/,512587,4.67,,,,,,,38.13,34.74
Vertexplus Tech.,/company/VERTEXPLUS/consolidated/,VERTEXPLUS,-13.48,,,,,,,38.00,69.35
AD Manum Finance,/company/511359/,511359,4.06,,,,,,,37.95,50.60
Artefact Project,/company/531297/,531297,5.78,,,,,,,37.90,52.10
Panjon,/company/526345/,526345,31.33,,,,,,,37.76,22.00
Amalgamated Elec,/company/501622/,501622,-82.33,,,,,,,37.72,135.85
Bacil Pharma,/company/524516/,524516,218.47,,,,,,,37.71,26.27
Spenta Intl.,/company/526161/,526161,201.92,,,,,,,37.55,135.85
Pace E-Commerce,/company/543637/,543637,6.86,,,,,,,37.54,16.66
Simplex Realty,/company/SIMPLXREA/consolidated/,SIMPLXREA,-29.93,,,,,,,37.49,125.40
Homesfy Realty,/company/HOMESFY/,HOMESFY,-1.10,,,,,,,37.42,116.00
Natl. Plastic,/company/526616/,526616,5.53,,,,,,,37.41,40.98
Samtel (India),/company/500371/,500371,338.82,,,,,,,37.39,52.75
Chandra Bhagat,/company/542934/,542934,7.04,,,,,,,37.31,49.45
Metal Coatings,/company/531810/,531810,9.91,,,,,,,37.29,50.89
Vivo Bio Tech,/company/VIVOBIOT/consolidated/,VIVOBIOT,4.97,,,,,,,37.26,16.79
Asia Capital,/company/538777/,538777,151.61,,,,,,,37.23,120.40
Mac Hotels,/company/541973/,541973,19.20,,,,,,,37.19,58.50
Saven Tech.,/company/532404/,532404,6.90,,,,,,,37.13,34.13
Inland Printers,/company/530787/,530787,-146.69,,,,,,,37.10,75.05
Skyline Millars,/company/505650/,505650,-33.39,,,,,,,37.09,9.22
Aro Granite Inds,/company/AROGRANITE/,AROGRANITE,33.78,,,,,,,36.93,24.14
Yug Decor,/company/540550/,540550,18.69,,,,,,,36.90,22.80
Seya Industries,/company/SEYAIND/,SEYAIND,64.01,,,,,,,36.85,13.87
Kanishk Alumin.,/company/544693/,544693,7.77,,,,,,,36.83,27.40
Bandaram Pharma,/company/524602/consolidated/,524602,15.64,,,,,,,36.82,20.49
Oriental Trimex,/company/ORIENTALTL/,ORIENTALTL,7.01,,,,,,,36.68,4.99
Ram Info,/company/530951/consolidated/,530951,2.68,,,,,,,36.63,44.72
3B Films,/company/544412/,544412,10.50,,,,,,,36.61,14.78
Walchand People,/company/501370/,501370,3.58,,,,,,,36.59,126.00
N G Industries,/company/530897/,530897,12.25,,,,,,,36.52,109.00
Spright Agro,/company/531205/,531205,-1.76,,,,,,,36.43,0.34
Centenial Surgic,/company/531380/,531380,10.23,,,,,,,36.40,99.76
Jivial Industrie,/company/544805/,544805,7.23,,,,,,,36.31,77.75
JMJ Fintech,/company/538834/,538834,4.08,,,,,,,36.28,9.64
K G Denim,/company/500239/consolidated/,500239,6.27,,,,,,,36.28,14.15
N K Industries,/company/NKIND/consolidated/,NKIND,-35.39,,,,,,,36.28,60.36
M M Rubber,/company/509196/,509196,27.20,,,,,,,36.14,58.00
Invigorated Bus.,/company/511716/,511716,-302.47,,,,,,,36.10,8.97
ESI,/company/EASTSILK/,EASTSILK,-17.11,,,,,,,36.00,72.00
Shri Kanha Stain,/company/SHRIKANHA/,SHRIKANHA,4.77,,,,,,,36.00,23.10
Roopa Industries,/company/530991/,530991,7.79,,,,,,,35.95,45.70
Mohit Paper Mill,/company/530169/,530169,4.80,,,,,,,35.94,25.67
Medicamen Organ.,/company/MEDIORG/consolidated/,MEDIORG,-13.34,,,,,,,35.94,24.15
Kontor Space,/company/KONTOR/,KONTOR,5.51,,,,,,,35.81,57.95
Sandu Pharma.,/company/524703/,524703,8.41,,,,,,,35.75,37.00
Carnation Inds.,/company/530609/,530609,55.81,,,,,,,35.67,103.17
DMR Engineering,/company/543410/consolidated/,543410,11.76,,,,,,,35.64,34.29
Uma Converter,/company/UMA/,UMA,6.98,,,,,,,35.48,17.50
Rasandik Engg.,/company/522207/,522207,39.29,,,,,,,35.40,59.24
Nagreeka Cap.,/company/NAGREEKCAP/,NAGREEKCAP,7.20,,,,,,,35.40,28.06
Informed Techn.,/company/504810/consolidated/,504810,17.47,,,,,,,35.40,84.89
Relicab Cable,/company/539760/,539760,8.50,,,,,,,35.26,34.93
Orient Beverages,/company/507690/consolidated/,507690,7.88,,,,,,,35.24,163.15
Galactico Corpo.,/company/542802/consolidated/,542802,6.23,,,,,,,35.19,1.92
Gogia Capital,/company/531600/,531600,-6.28,,,,,,,35.11,55.55
Sarup Industries,/company/514412/,514412,37.48,,,,,,,35.10,108.00
Rishi Techtex,/company/523021/,523021,5.96,,,,,,,35.08,47.46
Vinit Mobile,/company/VMOBILE/,VMOBILE,4.58,,,,,,,35.01,56.75
Sita Enterprises,/company/512589/,512589,9.99,,,,,,,34.98,116.60
Kabsons Industri,/company/524675/,524675,17.17,,,,,,,34.91,19.99
Suryaamba Spinni,/company/533101/,533101,5.54,,,,,,,34.89,119.00
Swojas Foods,/company/530217/,530217,26.44,,,,,,,34.82,7.21
Falcon,/company/FALCONTECH/,FALCONTECH,14.03,,,,,,,34.82,13.00
LGT Global Hospitality,/company/544489/,544489,3.21,,,,,,,34.77,37.10
Healthy Life,/company/543546/consolidated/,543546,6.26,,,,,,,34.59,6.97
GKB Ophthalmics,/company/GKB/consolidated/,GKB,3.14,,,,,,,34.55,68.54
Star Housing Fin,/company/539017/,539017,6.14,,,,,,,34.51,4.37
Rex Sealing,/company/543744/,543744,9.34,,,,,,,34.42,133.15
Sumedha Fiscal,/company/SUMEDHA/consolidated/,SUMEDHA,5.78,,,,,,,34.29,42.95
Sunil Industries,/company/521232/,521232,5.41,,,,,,,34.27,81.60
Sh. Rajas. Synt.,/company/503837/,503837,-12.37,,,,,,,34.22,8.40
JFL Life,/company/JFLLIFE/,JFLLIFE,4.56,,,,,,,34.15,10.35
Supra Trends,/company/511539/consolidated/,511539,-62.92,,,,,,,34.07,14.40
BSEL ALGO,/company/532123/consolidated/,532123,-0.98,,,,,,,34.04,3.93
Armour Security,/company/ARMOUR/,ARMOUR,3.29,,,,,,,33.91,20.10
Bohra Industries,/company/BOHRAIND/,BOHRAIND,-10.80,,,,,,,33.81,15.97
Kapil Raj Financ,/company/539679/,539679,49.86,,,,,,,33.80,3.09
Switching Tech.,/company/517201/,517201,-3.50,,,,,,,33.71,137.60
Poona Dal & Oil,/company/519359/,519359,-0.53,,,,,,,33.69,59.00
Swasti Vinayaka,/company/510245/,510245,6.48,,,,,,,33.66,3.74
Ajcon Global,/company/511692/consolidated/,511692,25.92,,,,,,,33.64,5.50
Stanbik Agro,/company/544659/,544659,5.23,,,,,,,33.62,25.23
Tusaldah,/company/531301/,531301,-56.75,,,,,,,33.59,143.35
Mahip Industries,/company/542503/,542503,22.51,,,,,,,33.48,17.40
Cerebra Integr.,/company/CEREBRAINT/consolidated/,CEREBRAINT,-1.10,,,,,,,33.45,2.76
Victory Ele.,/company/VICTORYEV/,VICTORYEV,6.03,,,,,,,33.36,13.85
G G Dandekar,/company/505250/consolidated/,505250,15.41,,,,,,,33.35,70.05
Reliable Ventur.,/company/532124/,532124,317.60,,,,,,,33.29,30.24
Jhandewala Foods,/company/540850/,540850,4.87,,,,,,,33.26,21.80
Kalyan Capitals,/company/538778/consolidated/,538778,8.19,,,,,,,33.24,6.33
Keerthi Indus,/company/518011/,518011,-3.97,,,,,,,33.15,41.34
Containe Tech.,/company/543606/,543606,18.48,,,,,,,33.09,15.77
H P Cotton Tex,/company/502873/,502873,5.21,,,,,,,33.08,84.35
S P Capital Fin.,/company/530289/consolidated/,530289,12.92,,,,,,,33.06,55.00
Kay Power &Paper,/company/530255/,530255,10.17,,,,,,,33.05,9.46
ARC Insulation,/company/ARCIIL/,ARCIIL,2.97,,,,,,,33.00,32.05
Shreenath Paper,/company/544372/,544372,8.22,,,,,,,32.98,16.78
Rajnish Retail,/company/530525/,530525,38.24,,,,,,,32.92,2.10
Neelkanth Rock,/company/531049/,531049,81.95,,,,,,,32.80,65.08
Bridge Securitie,/company/530249/,530249,20.88,,,,,,,32.77,8.43
Prolife Indust.,/company/PROLIFE/,PROLIFE,2.43,,,,,,,32.75,80.00
Associated Cera.,/company/531168/,531168,6.29,,,,,,,32.73,160.05
Innovative Tech,/company/523840/,523840,4.93,,,,,,,32.71,14.56
Pasupati Spinng.,/company/503092/,503092,7.14,,,,,,,32.68,34.99
Mittal Sections,/company/544575/,544575,6.59,,,,,,,32.62,28.20
Libas Consumer,/company/LIBAS/consolidated/,LIBAS,10.75,,,,,,,32.61,12.38
Mohit Industries,/company/MOHITIND/consolidated/,MOHITIND,18.41,,,,,,,32.56,23.00
Yuranus Infrast.,/company/536846/,536846,20.93,,,,,,,32.54,92.97
ABC India,/company/520123/,520123,67.20,,,,,,,32.53,60.05
Bhanderi Infra.,/company/538576/consolidated/,538576,118.62,,,,,,,32.46,125.00
Anupam Finserv,/company/530109/,530109,11.13,,,,,,,32.45,1.71
Tatia Global,/company/521228/consolidated/,521228,4.71,,,,,,,32.30,2.13
Akshar Spintex,/company/AKSHAR/,AKSHAR,18.48,,,,,,,32.29,0.41
Shyamkamal Inv,/company/505515/,505515,25.76,,,,,,,32.28,12.22
Trident Texofab,/company/540726/,540726,11.37,,,,,,,32.24,21.50
Abhishek Finle.,/company/538935/,538935,226.38,,,,,,,32.20,69.80
Alfa Transformer,/company/517546/,517546,36.23,,,,,,,32.11,35.09
HRH Next,/company/HRHNEXT/,HRHNEXT,3.69,,,,,,,32.09,24.30
Munoth Fin.Serv.,/company/531821/,531821,-25.40,,,,,,,32.03,62.37
Madhav Marbles,/company/MADHAV/consolidated/,MADHAV,20.81,,,,,,,32.01,35.77
Esha Media,/company/531259/,531259,-11.61,,,,,,,31.98,40.97
Sri Chakra Cem.,/company/518053/consolidated/,518053,-4.31,,,,,,,31.95,35.50
Gini Silk Mills,/company/531744/,531744,9.24,,,,,,,31.88,57.00
Fine Line Cir.,/company/517264/,517264,22.37,,,,,,,31.76,66.03
Ansal Housing,/company/507828/consolidated/,507828,-209.52,,,,,,,31.75,4.56
Shreeshay Engi.,/company/541112/,541112,129.76,,,,,,,31.65,23.97
Citadel Realty,/company/502445/,502445,12.33,,,,,,,31.63,35.14
The Ravalgaon,/company/507300/,507300,-15.99,,,,,,,31.58,928.90
Duropack,/company/526355/,526355,6.95,,,,,,,31.54,59.85
Mittal Life Styl,/company/MITTAL/consolidated/,MITTAL,5.18,,,,,,,31.52,0.71
RKD Agri,/company/511169/,511169,-85.74,,,,,,,31.50,5.39
Skytech Infinite Platform,/company/SKYTECH/,SKYTECH,5.40,,,,,,,31.48,32.05
Premier Energy,/company/533100/consolidated/,533100,-43.71,,,,,,,31.47,7.61
Homre,/company/523387/consolidated/,523387,18.03,,,,,,,31.38,1.57
Umiya Tubes,/company/539798/,539798,6.53,,,,,,,31.36,24.20
Medi Caps,/company/MEDICAPQ/consolidated/,MEDICAPQ,439.57,,,,,,,31.27,25.08
Agni Green,/company/AGNI/,AGNI,11.15,,,,,,,31.26,16.00
BYLD Capital Finance,/company/511730/,511730,-13.78,,,,,,,31.19,20.79
Goldline Pharmaceutical,/company/544759/,544759,5.86,,,,,,,31.19,32.49
Alfa Ica (I),/company/530973/,530973,7.53,,,,,,,31.17,77.15
USG Tech,/company/532402/consolidated/,532402,-193.63,,,,,,,31.14,7.90
Datiware Mari.,/company/519413/,519413,190.14,,,,,,,31.13,62.25
PAN HR Solution,/company/544698/,544698,0.79,,,,,,,31.08,43.10
Jai Mata Glass,/company/523467/,523467,-97.43,,,,,,,31.00,3.10
Valson Industrie,/company/530459/,530459,11.19,,,,,,,30.95,40.40
Phoenix Overseas,/company/PHOGLOBAL/consolidated/,PHOGLOBAL,7.91,,,,,,,30.95,16.00
Madhucon Project,/company/MADHUCON/consolidated/,MADHUCON,61.06,,,,,,,30.92,4.19
Maris Spinners,/company/531503/,531503,5.07,,,,,,,30.89,37.80
AGS Transact,/company/AGSTRA/consolidated/,AGSTRA,10.21,,,,,,,30.82,2.40
Koura Fine Diamo,/company/544139/,544139,23.29,,,,,,,30.79,51.00
Khyati Global,/company/544270/consolidated/,544270,6.31,,,,,,,30.70,43.99
KK Shah Hospital,/company/544013/,544013,31.44,,,,,,,30.64,45.00
Toss The Coin,/company/544303/,544303,5.39,,,,,,,30.63,162.05
East WestFreight,/company/EASTWEST/consolidated/,EASTWEST,17.93,,,,,,,30.62,2.40
Guj. Terce Labs.,/company/524314/,524314,7.23,,,,,,,30.61,39.29
June Industries,/company/531960/,531960,-104.62,,,,,,,30.59,6.41
Surbhi Industrie,/company/514260/,514260,7.36,,,,,,,30.59,88.98
Guj. Petrosynth.,/company/506858/,506858,7.64,,,,,,,30.54,51.16
Yamini Invest,/company/511012/,511012,379.27,,,,,,,30.49,0.58
Prima Innovation,/company/544855/,544855,61.79,,,,,,,30.49,27.72
Kretto Syscon,/company/531328/,531328,145.90,,,,,,,30.48,0.45
CRESTO TECHNO,/company/CRESTO/consolidated/,CRESTO,-19.43,,,,,,,30.48,22.03
AKG Exim,/company/AKG/consolidated/,AKG,28.75,,,,,,,30.47,9.59
Vivo Collaborat.,/company/VIVO/,VIVO,-33.72,,,,,,,30.44,151.05
MCON Rasayan,/company/MCON/,MCON,6.19,,,,,,,30.44,41.50
Kaiser Corporat.,/company/531780/consolidated/,531780,-63.92,,,,,,,30.41,5.78
Vadivarhe Speci.,/company/VSCL/,VSCL,42.39,,,,,,,30.38,20.25
Promax Power,/company/543375/,543375,14.97,,,,,,,30.38,12.15
Contil India,/company/531067/,531067,9.52,,,,,,,30.37,19.63
Sihora Indust.,/company/544585/,544585,12.31,,,,,,,30.37,57.00
Tirupati Foam,/company/540904/,540904,8.44,,,,,,,30.36,68.90
Pearl Polymers,/company/PEARLPOLY/,PEARLPOLY,-6.09,,,,,,,30.34,18.03
Chemiesynth(Vapi,/company/539230/,539230,37.05,,,,,,,30.30,98.71
Morarjee Text.,/company/MORARJEE/,MORARJEE,-41.09,,,,,,,30.26,8.33
Pearl Green Club,/company/543540/,543540,28.22,,,,,,,30.17,112.70
Mopshop Distribution,/company/544883/,544883,5.16,,,,,,,30.17,41.90
Margo Finance,/company/500206/,500206,16.54,,,,,,,30.16,65.99
Mindpool Tech.,/company/MINDPOOL/consolidated/,MINDPOOL,28.34,,,,,,,30.13,71.10
Dudani Retail,/company/id/1286208/,id,11.75,,,,,,,30.12,
Kkalpana Plastic,/company/523652/,523652,-3003.00,,,,,,,30.08,54.40
Scan Projects,/company/531797/,531797,28.80,,,,,,,29.97,104.30
Diligent Media,/company/DNAMEDIA/,DNAMEDIA,3880.75,,,,,,,29.78,2.53
Parshwanath Corp,/company/511176/,511176,-331.33,,,,,,,29.75,95.00
Bodhtree Consul.,/company/539122/,539122,228.40,,,,,,,29.67,13.57
GDL Leasing,/company/530855/,530855,30.37,,,,,,,29.56,59.01
Lasa Supergeneri,/company/LASA/,LASA,-4.77,,,,,,,29.51,5.89
Biogen Pharma,/company/531752/,531752,-171.59,,,,,,,29.49,0.28
Sparkle GoldRock,/company/530037/,530037,5.65,,,,,,,29.39,65.64
Paos Industries,/company/530291/,530291,16.64,,,,,,,29.30,48.00
Yarn Syndicate,/company/514378/consolidated/,514378,-7.58,,,,,,,29.24,12.63
Prabhhans Inds,/company/530361/,530361,16.18,,,,,,,29.14,46.63
Blue Pebble,/company/BLUEPEBBLE/,BLUEPEBBLE,13.83,,,,,,,29.07,71.25
Nettlinx,/company/511658/consolidated/,511658,20.79,,,,,,,29.01,12.00
Envair Electrody,/company/500246/,500246,1137.00,,,,,,,29.00,62.50
Swasti Vin. Art,/company/512257/,512257,3.83,,,,,,,28.98,3.22
Shakti Press,/company/526841/,526841,10.46,,,,,,,28.98,10.29
Polyspin Exports,/company/POLYSPIN/consolidated/,POLYSPIN,5.74,,,,,,,28.98,28.98
Jay Kailash,/company/544160/,544160,10.65,,,,,,,28.96,57.95
Kaushalya Infra.,/company/KAUSHALYA/consolidated/,KAUSHALYA,-78.58,,,,,,,28.94,835.70
Timescan Logist.,/company/TIMESCAN/,TIMESCAN,3.11,,,,,,,28.93,41.40
Deccan Healthcar,/company/542248/,542248,6.19,,,,,,,28.83,11.65
Chandra Pr. Intl,/company/530309/,530309,5.04,,,,,,,28.82,10.39
DSJ Keep Learn,/company/KEEPLEARN/,KEEPLEARN,-30.47,,,,,,,28.81,1.85
Intec Capital,/company/526871/consolidated/,526871,6.05,,,,,,,28.80,15.68
Katare Spinning,/company/502933/,502933,233.93,,,,,,,28.79,101.00
Easun Capital Ma,/company/542906/,542906,29.78,,,,,,,28.76,55.00
GSB Finance,/company/511543/,511543,38.35,,,,,,,28.74,47.90
KJMC Financial,/company/KJMCFIN/consolidated/,KJMCFIN,7.87,,,,,,,28.74,60.05
Daikaffil Chem,/company/530825/,530825,-9.54,,,,,,,28.68,47.80
Chennai Meena,/company/523489/,523489,22.38,,,,,,,28.63,38.32
ERP Soft Systems,/company/530909/consolidated/,530909,115.76,,,,,,,28.51,72.00
Chambal Brewer,/company/512301/,512301,-140.95,,,,,,,28.46,38.00
TGIF Agribusines,/company/544175/,544175,10.94,,,,,,,28.46,110.00
NFP Sampoorna,/company/NFPSAMPOOR/consolidated/,NFPSAMPOOR,6.01,,,,,,,28.43,22.50
MPIL Corporation,/company/500450/,500450,-10.13,,,,,,,28.41,498.40
Newtrac Foods,/company/514060/,514060,-4.70,,,,,,,28.36,4.22
Orosil Smiths,/company/531626/,531626,0.90,,,,,,,28.34,6.86
Salasar Exterior,/company/SECL/,SECL,-27.97,,,,,,,28.31,2.75
NAPS Global,/company/544373/,544373,10.39,,,,,,,28.30,63.88
Sonal Adhesives,/company/526901/,526901,10.67,,,,,,,28.25,46.61
Samsrita Labs,/company/539267/consolidated/,539267,-3.24,,,,,,,28.23,12.41
Sharma E I Hosp.,/company/524548/,524548,9.40,,,,,,,28.21,86.00
Hawa Engineers,/company/539176/,539176,4.00,,,,,,,28.21,80.00
Natl. Oxygen,/company/507813/,507813,-21.90,,,,,,,28.20,55.92
Parle Industries,/company/532911/,532911,61.06,,,,,,,28.18,5.77
Tyroon Tea Co.,/company/526945/,526945,-142.50,,,,,,,28.16,82.82
Le Lavoir,/company/539814/consolidated/,539814,10.45,,,,,,,28.14,81.15
Nirav Commercial,/company/512425/,512425,65.30,,,,,,,28.13,721.20
Sungold Media,/company/541799/,541799,464.83,,,,,,,28.13,25.57
Pan India Corpor,/company/511525/,511525,-62.27,,,,,,,28.07,1.31
Morarka Finance,/company/511549/,511549,14.11,,,,,,,28.06,62.35
TGB Banquets,/company/TGBHOTELS/,TGBHOTELS,4.96,,,,,,,28.06,9.58
Tirupati Sarjan,/company/531814/,531814,5.29,,,,,,,28.05,8.50
Vapi Enterprise,/company/502589/,502589,14.59,,,,,,,28.04,123.00
GSS Infotech,/company/GSS/consolidated/,GSS,22.55,,,,,,,28.04,10.72
ACI Infocom,/company/517356/,517356,344.88,,,,,,,27.95,2.53
Amco India,/company/530133/,530133,9.45,,,,,,,27.88,67.84
Haryana Leather,/company/524080/,524080,4.80,,,,,,,27.87,56.78
Olatech Solution,/company/543578/,543578,7.77,,,,,,,27.82,62.50
Stanrose Mafat.,/company/506105/consolidated/,506105,-10.15,,,,,,,27.77,69.95
Gita Renewable,/company/539013/,539013,-2753.00,,,,,,,27.75,67.48
Medistep Health.,/company/MEDISTEP/,MEDISTEP,3.90,,,,,,,27.71,19.50
Kanani Industrie,/company/KANANIIND/consolidated/,KANANIIND,11.42,,,,,,,27.70,1.40
Marc Loire,/company/544437/,544437,8.34,,,,,,,27.69,39.00
Silver Oak (I),/company/531635/consolidated/,531635,177.05,,,,,,,27.67,73.00
Kanco Tea,/company/KANCOTEA/consolidated/,KANCOTEA,864.25,,,,,,,27.66,54.00
Bhudevi Infra,/company/526488/,526488,73.38,,,,,,,27.65,60.25
Aanchal Ispat,/company/538812/,538812,6.03,,,,,,,27.64,65.28
Annvrridhhi Ven,/company/538539/,538539,24.01,,,,,,,27.55,11.90
Machhar Industri,/company/543934/,543934,15.91,,,,,,,27.49,371.00
Rajnandini Fashion,/company/544771/,544771,3.98,,,,,,,27.48,26.50
Hindoo. Mills,/company/509895/,509895,-44.41,,,,,,,27.46,165.45
Bervin Invest.,/company/531340/,531340,14.70,,,,,,,27.43,46.50
Hipolin,/company/530853/,530853,185.67,,,,,,,27.38,87.47
Cell Point,/company/CELLPOINT/,CELLPOINT,9.05,,,,,,,27.37,14.65
Ashirwad Steels,/company/526847/,526847,9.16,,,,,,,27.29,21.83
Welcure Drugs,/company/524661/,524661,-4.86,,,,,,,27.19,0.22
Khandwala Sec.,/company/KHANDSE/consolidated/,KHANDSE,-596.40,,,,,,,27.18,17.82
ECS Biztech,/company/540063/,540063,638.40,,,,,,,27.13,13.20
Impera Worldwide,/company/514177/,514177,-162.18,,,,,,,27.06,75.99
ISL Consulting,/company/511609/,511609,-89.13,,,,,,,27.05,11.27
Advance Meter.,/company/534612/consolidated/,534612,-11.09,,,,,,,27.05,16.84
Sinnar Bidi Udy.,/company/509887/consolidated/,509887,-252.20,,,,,,,27.04,676.00
Thinkink Picture,/company/539310/,539310,31.14,,,,,,,27.02,0.19
G-Tec Janix,/company/GTECJAINX/consolidated/,GTECJAINX,-47.29,,,,,,,27.02,26.52
Ranjeet Mechatr.,/company/541945/,541945,20.50,,,,,,,27.00,6.75
Qgo Finance,/company/538646/,538646,7.45,,,,,,,26.87,38.65
Tejnaksh Health.,/company/539428/consolidated/,539428,7.67,,,,,,,26.79,13.19
Epic Energy,/company/530407/consolidated/,530407,33.70,,,,,,,26.77,32.88
Amit Securities,/company/531557/consolidated/,531557,189.86,,,,,,,26.75,37.67
Shreevatsaa Fin.,/company/532007/,532007,45.81,,,,,,,26.72,26.46
Infomedia Press,/company/INFOMEDIA/,INFOMEDIA,105.89,,,,,,,26.65,5.31
Lerthai Finance,/company/502250/,502250,-39.70,,,,,,,26.60,380.00
Ankit Met.Power,/company/ANKITMETAL/,ANKITMETAL,-5.11,,,,,,,26.53,1.88
Gem Spinners,/company/521133/,521133,-154.96,,,,,,,26.52,4.32
Chennai Ferrous,/company/539011/,539011,-15.30,,,,,,,26.49,73.50
Burnpur Cement,/company/BURNPUR/,BURNPUR,-328.82,,,,,,,26.39,15.32
Sahara Housing,/company/511533/,511533,15.30,,,,,,,26.33,37.62
Challani Capital,/company/530747/,530747,52.34,,,,,,,26.30,17.53
Spinaroo Comm.,/company/544392/,544392,22.37,,,,,,,26.30,37.60
TCFC Finance,/company/532284/,532284,-11.19,,,,,,,26.19,24.99
IndiaNivesh,/company/501700/consolidated/,501700,78.63,,,,,,,26.12,6.92
Swarna Securitie,/company/531003/,531003,26.82,,,,,,,26.11,87.03
R G F Capital,/company/539669/,539669,43.76,,,,,,,26.10,1.74
Micropro Softwar,/company/MICROPRO/consolidated/,MICROPRO,7.49,,,,,,,26.10,18.25
Benchmark Comp.,/company/544052/,544052,1.50,,,,,,,26.08,38.00
Disha Resources,/company/531553/,531553,-518.40,,,,,,,26.06,35.62
Comrade Applian.,/company/543921/,543921,-21.06,,,,,,,26.06,33.50
Simbhaoli Sugar,/company/SIMBHALS/consolidated/,SIMBHALS,-74.71,,,,,,,26.05,6.31
Virtual Global,/company/VIRTUALG/consolidated/,VIRTUALG,-161.06,,,,,,,26.04,0.46
Adarsh Plant,/company/526711/,526711,42.25,,,,,,,26.01,26.25
Sampat Aluminium,/company/544520/,544520,5.01,,,,,,,25.99,30.65
Vantage Knowledg,/company/539761/,539761,36.40,,,,,,,25.95,0.76
Avax Apparels,/company/544337/,544337,6.16,,,,,,,25.90,31.15
Misquita Engg.,/company/542801/,542801,47.08,,,,,,,25.89,55.23
Inter State Oil,/company/530259/,530259,5.07,,,,,,,25.86,51.80
Walpar Nutrition,/company/WALPAR/consolidated/,WALPAR,5.44,,,,,,,25.78,27.45
Unison Metals,/company/538610/consolidated/,538610,4.60,,,,,,,25.77,0.87
Sharpline Broadc,/company/543341/consolidated/,543341,2.91,,,,,,,25.77,9.00
Galaxy Medicare,/company/GML/,GML,2.97,,,,,,,25.72,16.95
Purshottam Inves,/company/538647/,538647,11.53,,,,,,,25.61,34.50
Megri Soft,/company/539012/consolidated/,539012,23.76,,,,,,,25.60,81.50
Tree House Edu.,/company/TREEHOUSE/consolidated/,TREEHOUSE,-2.36,,,,,,,25.60,6.05
Q&T Foods,/company/544872/,544872,4.25,,,,,,,25.55,36.10
Sulabh Engineers,/company/508969/consolidated/,508969,9.95,,,,,,,25.52,2.54
Rathi Bars,/company/532918/,532918,-6.23,,,,,,,25.51,15.62
Polymechplast Ma,/company/526043/,526043,5.78,,,,,,,25.47,45.46
Best Eastern Hot,/company/508664/,508664,91.29,,,,,,,25.46,15.11
Mudunuru,/company/538743/,538743,-26.78,,,,,,,25.44,8.05
Boss Packaging,/company/BOSS/,BOSS,8.39,,,,,,,25.43,57.20
Riddhi Display,/company/544640/,544640,4.58,,,,,,,25.43,29.43
Vaxtex Cotfab,/company/VCL/,VCL,6.05,,,,,,,25.36,1.38
Lexus Granito,/company/LEXUS/,LEXUS,17.60,,,,,,,25.32,12.18
Sameera Agro,/company/SAIFL/,SAIFL,1.34,,,,,,,25.31,4.25
Ruparel Food,/company/511740/consolidated/,511740,-148.53,,,,,,,25.27,82.00
Paramount Dye,/company/PARAMOUNT/,PARAMOUNT,4.80,,,,,,,25.27,36.40
Jindal Capital,/company/530405/,530405,13.81,,,,,,,25.23,35.00
Deco-Mica,/company/531227/,531227,9.40,,,,,,,25.20,60.00
Sangal Papers,/company/516096/,516096,5.29,,,,,,,25.15,192.00
Sprayking Ltd,/company/540079/consolidated/,540079,4.71,,,,,,,25.15,1.19
Seemax Resources,/company/544813/,544813,7.66,,,,,,,25.12,57.10
Aditya Spinners,/company/521141/,521141,12.89,,,,,,,25.11,15.00
Identical Brains,/company/IDENTICAL/,IDENTICAL,6.06,,,,,,,25.11,17.90
A G Universal,/company/AGUL/,AGUL,11.29,,,,,,,25.09,45.75
Next Mediaworks,/company/NEXTMEDIA/,NEXTMEDIA,914.14,,,,,,,25.08,3.75
QVC Exports,/company/QVCEL/consolidated/,QVCEL,6.98,,,,,,,25.08,24.00
Takyon Networks,/company/544471/consolidated/,544471,4.58,,,,,,,25.06,17.50
Angel Fibers,/company/541006/,541006,4.74,,,,,,,25.00,10.00
Konark Synth,/company/514128/,514128,38.50,,,,,,,24.98,42.99
Libord Finance,/company/511593/,511593,59.74,,,,,,,24.96,15.90
Pratik Panels,/company/526490/,526490,11.08,,,,,,,24.92,3.90
Naturewings Hol.,/company/544245/,544245,7.89,,,,,,,24.91,70.00
Narendra Prop.,/company/531416/,531416,7.36,,,,,,,24.87,34.99
Nalin Lease Fin.,/company/531212/,531212,6.58,,,,,,,24.86,37.90
STL Global,/company/SGL/,SGL,115.78,,,,,,,24.79,9.03
Smart Finsec,/company/539494/,539494,14.12,,,,,,,24.78,8.26
Kenvi Jewels,/company/540953/,540953,15.43,,,,,,,24.77,1.96
Pro CLB,/company/540703/,540703,19.63,,,,,,,24.75,48.50
Johnson Pharma,/company/532154/,532154,-1.12,,,,,,,24.75,0.45
Globtier Infotec,/company/544494/consolidated/,544494,3.04,,,,,,,24.71,16.34
Cochin Malabar,/company/508571/,508571,-141.75,,,,,,,24.70,139.55
Aritas Vinyl,/company/544683/,544683,5.69,,,,,,,24.67,12.53
Sylph Industries,/company/511447/consolidated/,511447,4.36,,,,,,,24.66,0.20
Abril Paper,/company/544500/,544500,10.85,,,,,,,24.66,30.89
Deep Health AI,/company/539559/consolidated/,539559,3.23,,,,,,,24.65,1.71
SRM Energy Ltd,/company/523222/,523222,5.18,,,,,,,24.62,27.17
Shalimar Prod.,/company/512499/,512499,-80.85,,,,,,,24.61,0.25
Williamson Magor,/company/WILLAMAGOR/consolidated/,WILLAMAGOR,462.60,,,,,,,24.59,22.44
Ajwa Fun World,/company/526628/,526628,0.45,,,,,,,24.56,38.43
Arunaya Organics,/company/ARUNAYA/,ARUNAYA,4.64,,,,,,,24.55,14.00
Shricon Indus.,/company/508961/,508961,9.76,,,,,,,24.54,197.90
PNC Media,/company/PNC/consolidated/,PNC,-22.50,,,,,,,24.43,16.89
Siti Networks,/company/SITINET/consolidated/,SITINET,65.23,,,,,,,24.42,0.28
Nacdac Infra.,/company/544313/,544313,4.25,,,,,,,24.42,23.20
Platinumone Bus.,/company/543352/,543352,4.38,,,,,,,24.41,154.25
United Cotfab,/company/544195/,544195,6.63,,,,,,,24.39,14.19
Medico Intercon.,/company/539938/consolidated/,539938,30.99,,,,,,,24.37,24.37
Adeshwar Meditex,/company/543309/,543309,10.58,,,,,,,24.37,16.89
Aruna Hotels,/company/500016/,500016,7.08,,,,,,,24.34,7.18
Inducto Steel,/company/532001/,532001,1.39,,,,,,,24.22,60.30
Accedere,/company/531533/consolidated/,531533,20.34,,,,,,,24.18,48.98
UHM Vacation,/company/544779/consolidated/,544779,3.13,,,,,,,24.16,36.36
Iykot Hitech,/company/522245/,522245,-20.91,,,,,,,24.14,23.26
D S Kulkarni Dev,/company/DSKULKARNI/,DSKULKARNI,10.13,,,,,,,24.09,24.09
South. Magnesium,/company/513498/,513498,88.31,,,,,,,24.00,80.00
Samyak Internati,/company/530025/consolidated/,530025,4.92,,,,,,,23.99,20.00
Vani Commercials,/company/538918/consolidated/,538918,25.20,,,,,,,23.97,8.15
Kamanwala Housin,/company/KAMANWALA/consolidated/,KAMANWALA,-9.76,,,,,,,23.94,16.99
Franklin Indust.,/company/540190/,540190,-1.12,,,,,,,23.91,0.31
Ramsons Projects,/company/530925/,530925,3.26,,,,,,,23.83,79.16
Tarapur Trans,/company/TARAPUR/,TARAPUR,641.60,,,,,,,23.77,12.19
Natl. Gen. Inds.,/company/531651/,531651,98.88,,,,,,,23.75,52.98
Yudiz Solutions,/company/YUDIZ/consolidated/,YUDIZ,14.53,,,,,,,23.73,23.00
Logiciel Soluti.,/company/544625/,544625,-0.60,,,,,,,23.64,31.65
Vrundavan Planta,/company/544011/,544011,9.85,,,,,,,23.52,38.00
Valencia India,/company/544433/,544433,7.49,,,,,,,23.52,18.09
IITL Projects,/company/531968/,531968,-1.80,,,,,,,23.49,47.06
Triliance Poly,/company/509046/,509046,60.60,,,,,,,23.38,45.75
Harshil Agrotech,/company/505336/,505336,-10.11,,,,,,,23.34,0.25
Kalana Ispat,/company/KALANA/,KALANA,10.38,,,,,,,23.34,17.90
Helpage Finlease,/company/539174/,539174,10.35,,,,,,,23.31,23.43
Laffans Petroch,/company/524522/,524522,-29.26,,,,,,,23.21,29.01
Gujarat Cotex,/company/514386/,514386,334.29,,,,,,,23.16,2.44
Ashirwad Cap.,/company/512247/,512247,13.93,,,,,,,23.13,2.57
Sunil Agro Foods,/company/530953/,530953,9.90,,,,,,,23.12,76.98
Asian Tea & Exp,/company/ASIANTNE/consolidated/,ASIANTNE,20.84,,,,,,,23.10,9.26
TeleCanor Global,/company/530595/,530595,3.42,,,,,,,23.07,13.99
Standard Battery,/company/504180/,504180,-45.98,,,,,,,23.06,44.60
Asian Petroprod.,/company/524434/,524434,12.71,,,,,,,23.06,9.39
Vivanta Indust.,/company/541735/consolidated/,541735,23.24,,,,,,,23.06,1.79
Lesha Industries,/company/533602/,533602,95.17,,,,,,,23.05,0.81
Balurghat Tech,/company/520127/,520127,9.72,,,,,,,23.02,12.65
Rish.Digh.Steel,/company/531539/,531539,37.99,,,,,,,22.98,41.89
Unick Fix-A-Form,/company/541503/,541503,5.50,,,,,,,22.93,41.80
Transvoy Logist.,/company/543754/,543754,8.01,,,,,,,22.90,86.00
Prismx Global,/company/PRISMX/,PRISMX,3.55,,,,,,,22.83,0.52
Laxmi Cotspin,/company/LAXMICOT/,LAXMICOT,27.65,,,,,,,22.82,13.31
Om Metallogic,/company/544559/,544559,3.47,,,,,,,22.80,29.00
Jindal Leasefin,/company/539947/,539947,7.93,,,,,,,22.79,75.73
GSL Securities,/company/530469/,530469,-59.13,,,,,,,22.75,53.22
Southern Latex,/company/514454/,514454,66.74,,,,,,,22.72,30.87
Manglam Infra,/company/MIEL/,MIEL,3.93,,,,,,,22.70,12.90
Greencrest Finan,/company/531737/,531737,13.90,,,,,,,22.66,0.62
Safecure Service,/company/544596/,544596,3.55,,,,,,,22.66,22.57
SP Refractories,/company/SPRL/,SPRL,4.46,,,,,,,22.61,126.35
Future Lifestyle,/company/FLFL/consolidated/,FLFL,-2.43,,,,,,,22.60,1.12
Mewar Hi-Tech,/company/540150/,540150,7.46,,,,,,,22.54,57.75
York Exports,/company/530675/consolidated/,530675,8.43,,,,,,,22.52,66.98
Longspur Intl,/company/504340/,504340,30.29,,,,,,,22.46,7.27
Salora Intl.,/company/500370/,500370,-22.34,,,,,,,22.45,25.48
Galada Power,/company/504697/,504697,-39.32,,,,,,,22.44,25.32
Prakash Woollen,/company/531437/,531437,13.00,,,,,,,22.39,21.82
Neo Infracon,/company/514332/consolidated/,514332,18.31,,,,,,,22.39,42.16
Taparia Tools,/company/505685/,505685,0.07,,,,,,,22.36,14.73
Sarthak Industri,/company/531930/,531930,5.18,,,,,,,22.32,24.02
Bluechip Tex Ind,/company/506981/,506981,8.99,,,,,,,22.31,113.25
Milestone Furn.,/company/541337/,541337,-1139.00,,,,,,,22.31,24.00
Ishita Drugs,/company/524400/,524400,16.95,,,,,,,22.28,74.50
Bombay Wire,/company/504648/,504648,5.29,,,,,,,22.27,41.70
Senthil Infotek,/company/531980/,531980,-1992.00,,,,,,,22.25,44.06
Martin Burn,/company/523566/,523566,4.62,,,,,,,22.16,43.03
Indo Cotspin,/company/538838/,538838,40.69,,,,,,,22.14,31.00
Aten Papers,/company/544417/,544417,2.63,,,,,,,22.13,21.49
Premier Cap Serv,/company/511016/,511016,34.00,,,,,,,22.09,5.96
Mansi Fin.(Chen),/company/511758/,511758,5.69,,,,,,,22.06,62.50
Paragon Finance,/company/531255/,531255,13.83,,,,,,,22.05,51.89
Remedium Life,/company/539561/consolidated/,539561,91.90,,,,,,,22.05,0.25
KJMC Corporate,/company/532304/consolidated/,532304,0.48,,,,,,,22.00,56.04
Guj. Raffia Inds,/company/GUJRAFFIA/,GUJRAFFIA,5.95,,,,,,,21.99,40.69
Gorani Industrie,/company/531608/,531608,20.59,,,,,,,21.99,41.00
Dynamic Portfol,/company/530779/,530779,33.92,,,,,,,21.95,18.77
Amin Tannery,/company/541771/,541771,17.71,,,,,,,21.92,2.03
Innovative Ideal,/company/541983/,541983,-4.84,,,,,,,21.85,19.20
Navigant Corp.,/company/539521/,539521,14.77,,,,,,,21.84,69.28
Skybiotech Healthcare,/company/512036/consolidated/,512036,-17.52,,,,,,,21.83,114.00
Jaipan Industrie,/company/505840/,505840,6.93,,,,,,,21.81,35.75
Cyber Media Res.,/company/CMRSL/consolidated/,CMRSL,3.84,,,,,,,21.77,74.35
Venmax Drugs,/company/531015/,531015,66.03,,,,,,,21.74,15.01
Prime Urban,/company/521149/consolidated/,521149,153.27,,,,,,,21.74,8.16
Gulf Lloyds (India),/company/544834/consolidated/,544834,4.30,,,,,,,21.68,32.22
Caprolactam Chem,/company/507486/,507486,10.24,,,,,,,21.67,47.10
Pecos Hotels,/company/539273/,539273,6.26,,,,,,,21.64,165.20
Ahasolar Technol,/company/543941/consolidated/,543941,25.00,,,,,,,21.58,70.00
CMX Holdings,/company/532217/,532217,-85.88,,,,,,,21.55,19.00
K K Silk Mills,/company/544624/,544624,5.07,,,,,,,21.50,9.58
Roselabs Finance,/company/531324/,531324,-132.50,,,,,,,21.48,21.48
Zenith Fibres,/company/514266/,514266,1.59,,,,,,,21.48,54.46
Ras Resorts,/company/507966/,507966,14.23,,,,,,,21.44,54.00
Darshan Orna,/company/539884/,539884,34.65,,,,,,,21.41,2.14
Jet Knitwears,/company/JETKNIT/,JETKNIT,21.03,,,,,,,21.35,48.45
Harish Textile,/company/542682/,542682,3.84,,,,,,,21.35,64.00
Utique Enterp.,/company/500014/,500014,3.54,,,,,,,21.32,3.83
Octaware Tech.,/company/540416/consolidated/,540416,-15.45,,,,,,,21.32,59.37
Padam Cotton,/company/531395/,531395,1.58,,,,,,,21.29,0.97
Novateor Resear.,/company/542771/,542771,55.90,,,,,,,21.24,35.10
Mediaone Global,/company/503685/,503685,-39.15,,,,,,,21.20,14.40
Sri Havisha,/company/HAVISHA/,HAVISHA,42.38,,,,,,,21.19,1.38
O.P Chains,/company/539116/,539116,15.20,,,,,,,21.17,30.90
Vinyoflex,/company/530401/,530401,2.53,,,,,,,21.15,48.96
Shree Bhavya,/company/521131/,521131,8.46,,,,,,,21.14,22.25
Lynx Machinery,/company/505320/,505320,-78.89,,,,,,,21.10,205.70
Bazel Internatio,/company/539946/consolidated/,539946,15.26,,,,,,,21.10,21.50
U. H. Zaveri,/company/541338/,541338,159.15,,,,,,,21.07,6.89
Salguti Industri,/company/526554/,526554,7.29,,,,,,,21.04,27.90
West Leisure,/company/538382/,538382,-190.55,,,,,,,21.01,68.80
Nirman Agri,/company/NIRMAN/,NIRMAN,1.08,,,,,,,20.99,26.20
Vandan Foods,/company/544436/,544436,8.91,,,,,,,20.96,25.00
KCL Infra,/company/531784/,531784,7.16,,,,,,,20.95,1.24
Aspire & Innovat,/company/ASPIRE/,ASPIRE,7.50,,,,,,,20.95,13.80
ANS Industries,/company/531406/,531406,-42.25,,,,,,,20.92,22.60
Modern Steels,/company/513303/,513303,17.39,,,,,,,20.89,15.18
Prospect Consum.,/company/543814/,543814,4.86,,,,,,,20.85,33.99
Hisar Spg. Mills,/company/521068/,521068,3.00,,,,,,,20.83,55.70
Lake Shore,/company/519612/,519612,56.96,,,,,,,20.82,59.48
Miven Mach. Tool,/company/522036/,522036,-57.00,,,,,,,20.81,69.30
Rajvi Logitrade,/company/511185/,511185,4.45,,,,,,,20.79,32.87
MPDL Ltd,/company/MPDL/consolidated/,MPDL,-6.94,,,,,,,20.79,28.05
Kridhan Infra,/company/KRIDHANINF/consolidated/,KRIDHANINF,13.18,,,,,,,20.75,1.86
Goel Food,/company/543538/,543538,6.40,,,,,,,20.74,11.00
Subhash Silk,/company/530231/,530231,111.63,,,,,,,20.73,48.88
Khoobsurat Ltd,/company/535730/,535730,10.79,,,,,,,20.69,0.44
Mandeep Auto,/company/MANDEEP/,MANDEEP,6.35,,,,,,,20.65,18.05
Ambo Agritec,/company/543678/consolidated/,543678,11.84,,,,,,,20.62,10.39
Uniroyal Ind,/company/521226/consolidated/,521226,11.15,,,,,,,20.55,24.85
Popular Estate,/company/531870/,531870,-90.03,,,,,,,20.54,14.67
Trans India,/company/523752/consolidated/,523752,9.34,,,,,,,20.53,2.89
South Asian Ent.,/company/526477/,526477,-218.00,,,,,,,20.51,51.28
LWS Knitwear,/company/531402/,531402,7.10,,,,,,,20.48,14.00
Containerway Int,/company/540597/,540597,-1216.00,,,,,,,20.47,17.69
Span Divergent,/company/524727/consolidated/,524727,-9.68,,,,,,,20.45,28.15
Landmark Global,/company/544341/,544341,-5.62,,,,,,,20.40,9.90
Pentokey Organy,/company/524210/,524210,53.07,,,,,,,20.38,32.50
Darjeeling Industriies,/company/539770/,539770,6.51,,,,,,,20.38,25.92
Maruti Global Industries,/company/531319/,531319,34.65,,,,,,,20.30,40.59
Crystal Business,/company/540821/,540821,43.87,,,,,,,20.25,2.02
Quadpro ITeS,/company/QUADPRO/,QUADPRO,17.20,,,,,,,20.22,4.00
Radiowalla,/company/RADIOWALLA/consolidated/,RADIOWALLA,9.59,,,,,,,20.16,28.60
SKIL Infrastr,/company/SKIL/consolidated/,SKIL,-2410.99,,,,,,,20.14,0.93
Labelkraft Tech.,/company/543830/,543830,8.80,,,,,,,20.11,62.00
Steel Strips Inf,/company/STLSTRINF/consolidated/,STLSTRINF,-1.50,,,,,,,20.04,23.20
Gallops Enterp.,/company/531902/,531902,973.00,,,,,,,19.92,39.75
Bloom Industries,/company/513422/,513422,13.22,,,,,,,19.92,30.00
Mahalaxmi Fab.,/company/MFML/consolidated/,MFML,6.13,,,,,,,19.91,18.75
Mayur Leather,/company/531680/consolidated/,531680,41.35,,,,,,,19.88,41.15
Shubhlaxmi Jewel,/company/SHUBHLAXMI/,SHUBHLAXMI,11.97,,,,,,,19.88,18.75
Quicktouch Tech,/company/QUICKTOUCH/consolidated/,QUICKTOUCH,-5.89,,,,,,,19.86,15.50
Madhusudan Inds.,/company/515059/,515059,13.98,,,,,,,19.85,36.90
Tijaria Polypipe,/company/TIJARIA/,TIJARIA,,,,,,,,19.84,6.93
JMD Ventures,/company/511092/,511092,29.34,,,,,,,19.80,6.86
IND Renewable,/company/536709/,536709,-16.72,,,,,,,19.80,14.22
Veejay Lak. Eng.,/company/522267/consolidated/,522267,89.96,,,,,,,19.78,39.01
Abhishek Integr.,/company/AILIMITED/,AILIMITED,13.02,,,,,,,19.77,15.60
Kairosoft AI,/company/506122/,506122,10.48,,,,,,,19.76,16.70
Veer Energy,/company/503657/,503657,13.68,,,,,,,19.75,13.20
Velan Hotels,/company/526755/,526755,-71.78,,,,,,,19.75,6.18
Tulasee Bio-Eth.,/company/524514/,524514,-116.06,,,,,,,19.74,33.49
Transgene Biotek,/company/526139/consolidated/,526139,-114.94,,,,,,,19.70,2.60
Monotype India,/company/505343/,505343,-71.34,,,,,,,19.69,0.28
Arigato Universe,/company/530267/,530267,6.53,,,,,,,19.68,32.28
Rajas. Petro Syn,/company/RAJASPETRO/,RAJASPETRO,982.00,,,,,,,19.65,12.14
Shree Metalloys,/company/531962/,531962,6.23,,,,,,,19.63,37.34
Hamps Bio,/company/544312/,544312,59.05,,,,,,,19.61,22.51
Kuber Udyog,/company/539408/,539408,30.27,,,,,,,19.57,57.00
Venlon Enterpris,/company/524038/,524038,-50.35,,,,,,,19.54,3.74
Inani Marbles,/company/531129/,531129,9.23,,,,,,,19.53,10.50
Northlink Fiscal,/company/539110/,539110,70.54,,,,,,,19.51,37.16
Arshiya,/company/ARSHIYA/,ARSHIYA,189.71,,,,,,,19.50,0.74
GB Logistics,/company/544348/consolidated/,544348,4.17,,,,,,,19.49,23.79
K-Lifestyle,/company/514221/,514221,822.38,,,,,,,19.43,0.19
Neeraj Paper Mkt,/company/539409/,539409,15.24,,,,,,,19.40,17.64
NCC Blue Water,/company/519506/,519506,20.17,,,,,,,19.38,25.00
KKV Agro Powers,/company/KKVAPOW/,KKVAPOW,4.27,,,,,,,19.38,310.85
Goblin India,/company/542850/consolidated/,542850,6.17,,,,,,,19.37,14.02
IMEC Services,/company/513295/,513295,-9.13,,,,,,,19.35,101.85
Shashijit Infra.,/company/540147/,540147,18.97,,,,,,,19.33,2.66
Jayshree Chem.,/company/506520/,506520,21.77,,,,,,,19.21,6.55
TCI Finance,/company/TCIFINANCE/,TCIFINANCE,-27.73,,,,,,,19.12,14.86
DJS Stock,/company/511636/,511636,-112.08,,,,,,,19.09,2.53
Colorchips New,/company/540023/,540023,-24.03,,,,,,,19.09,11.22
SBEC Systems,/company/517360/consolidated/,517360,18.76,,,,,,,18.99,18.99
Madhya Prad. Tod,/company/MPTODAY/,MPTODAY,1.38,,,,,,,18.98,41.55
Moongipa Capital,/company/530167/,530167,17.65,,,,,,,18.95,20.68
Agarwal Float,/company/AGARWALFT/,AGARWALFT,9.37,,,,,,,18.80,25.95
Kunststoff Inds.,/company/523594/,523594,5.38,,,,,,,18.78,27.26
Prima Industries,/company/531246/,531246,59.98,,,,,,,18.76,17.38
Patspin India,/company/514326/,514326,-138.82,,,,,,,18.74,6.06
Shree Ganesh Bio,/company/539470/,539470,-48.03,,,,,,,18.74,0.47
Global Cap.Mkt.,/company/530263/,530263,-22.22,,,,,,,18.72,0.47
Tapi Fruit,/company/TAPIFRUIT/,TAPIFRUIT,19.97,,,,,,,18.71,43.50
Advance Lifes.,/company/521048/,521048,6.63,,,,,,,18.70,30.03
Norris Medicines,/company/524414/,524414,80.42,,,,,,,18.70,18.70
Paramount Cosmet,/company/507970/,507970,9.33,,,,,,,18.62,38.36
N D Metal Inds.,/company/512024/,512024,50.21,,,,,,,18.60,75.00
Rap Corp,/company/531583/consolidated/,531583,0.72,,,,,,,18.53,31.50
Nidan Laborator.,/company/NIDAN/,NIDAN,4.13,,,,,,,18.49,13.30
SPP Polymer,/company/SPPPOLY/,SPPPOLY,223.71,,,,,,,18.47,12.00
Rama Petrochem,/company/500358/consolidated/,500358,-88.12,,,,,,,18.43,11.95
Kotia Enterprise,/company/539599/,539599,11.50,,,,,,,18.30,26.07
Krupalu Metals,/company/544509/,544509,6.45,,,,,,,18.26,31.10
DRA Consultants,/company/540144/,540144,2.89,,,,,,,18.25,16.64
Zenlabs Ethica,/company/530697/,530697,23.28,,,,,,,18.24,28.02
Cil Securities,/company/530829/,530829,3.72,,,,,,,18.21,36.42
AVI Products,/company/523896/,523896,-11.08,,,,,,,18.19,55.02
Yash Mgmt & Sat.,/company/511601/consolidated/,511601,11.06,,,,,,,18.19,10.70
H. S. India,/company/532145/,532145,5.73,,,,,,,18.17,11.19
Globesecure Tech,/company/GSTL/,GSTL,19.07,,,,,,,18.17,11.40
Abram Food,/company/544422/,544422,7.33,,,,,,,18.17,35.26
Sabar Flex India,/company/SABAR/consolidated/,SABAR,25.69,,,,,,,18.16,9.50
Alchemist Corp.,/company/531409/consolidated/,531409,58.06,,,,,,,18.15,36.97
Enbee Trade,/company/512441/,512441,2.97,,,,,,,18.13,0.26
Step Two Corp.,/company/531509/,531509,-8.66,,,,,,,18.12,24.50
Tacent Projects,/company/531887/,531887,231.00,,,,,,,18.11,51.59
Sonalis Consumer,/company/543924/,543924,1.92,,,,,,,18.10,38.11
S.M. Gold,/company/542034/,542034,10.43,,,,,,,18.07,13.65
TTI Enterprise,/company/538597/,538597,-17.42,,,,,,,18.04,7.10
Howard Hotels,/company/526761/,526761,13.17,,,,,,,18.02,19.78
Solvex Edibles,/company/544539/consolidated/,544539,8.27,,,,,,,18.02,20.13
Mah. Corporation,/company/505523/,505523,-107.24,,,,,,,18.01,0.29
Centuple Global,/company/531099/,531099,12.20,,,,,,,18.00,32.91
Vikas Wsp,/company/VIKASWSP/,VIKASWSP,-2.98,,,,,,,17.99,0.88
Ace Integrated,/company/ACEINTEG/,ACEINTEG,-17.11,,,,,,,17.93,17.58
PDP Shipping,/company/544378/,544378,6.69,,,,,,,17.85,60.00
Shrenik,/company/SHRENIK/,SHRENIK,2032.00,,,,,,,17.75,0.29
Raconteur Global,/company/541703/consolidated/,541703,-30.24,,,,,,,17.67,9.80
Rapid Invest.,/company/501351/,501351,83.48,,,,,,,17.63,82.00
Marinetrans Indi,/company/MARINETRAN/,MARINETRAN,13.01,,,,,,,17.63,13.85
Frontier Capital,/company/508980/,508980,103.71,,,,,,,17.62,10.51
Kizi Apparels,/company/544221/,544221,9.30,,,,,,,17.61,17.40
Frontline Corp.,/company/532042/,532042,11.20,,,,,,,17.60,35.20
Zenith Health,/company/530665/,530665,35.83,,,,,,,17.57,3.27
Organic Coatings,/company/531157/,531157,-23.26,,,,,,,17.56,17.60
Saffron Industri,/company/531436/,531436,9.36,,,,,,,17.56,24.44
Abirami Fin.,/company/511756/,511756,-1.19,,,,,,,17.55,32.50
Vama Industries,/company/512175/,512175,-24.16,,,,,,,17.50,3.33
SRG Fingrow Fin,/company/536710/,536710,47.23,,,,,,,17.50,32.55
SW Investments,/company/503659/,503659,46.62,,,,,,,17.49,194.30
Thinking Hats,/company/THESL/,THESL,9.29,,,,,,,17.48,14.00
Humming Bird Edu,/company/542592/consolidated/,542592,15.44,,,,,,,17.47,28.50
SSPDL Ltd,/company/530821/consolidated/,530821,3.27,,,,,,,17.45,13.50
Regent Enterp.,/company/512624/,512624,3.03,,,,,,,17.40,5.20
MSR India,/company/508922/,508922,-56.73,,,,,,,17.35,2.76
Super Fine Knit.,/company/540269/,540269,11.56,,,,,,,17.35,14.00
Niraj Ispat Ind.,/company/NIRAJISPAT/,NIRAJISPAT,9.81,,,,,,,17.32,288.60
Travels & Rent.,/company/544242/,544242,4.60,,,,,,,17.32,8.11
Goenka Business,/company/538787/,538787,0.41,,,,,,,17.29,13.30
Aik Pipes & Poly,/company/544072/,544072,18.53,,,,,,,17.18,27.00
Maitri Enterp.,/company/513430/consolidated/,513430,10.37,,,,,,,17.15,38.97
Kenrik Indust.,/company/544398/,544398,286.50,,,,,,,17.07,13.66
Teerth Gopicon,/company/TGL/,TGL,-11.59,,,,,,,17.04,14.20
Vivid Global,/company/524576/,524576,4.82,,,,,,,17.02,18.64
Thakral Services,/company/509015/,509015,831.67,,,,,,,17.02,14.50
Dalmia Industria,/company/539900/,539900,25.49,,,,,,,16.97,8.38
Nexus Surgical,/company/538874/,538874,15.68,,,,,,,16.96,31.00
Visagar Finan.,/company/531025/,531025,22.64,,,,,,,16.93,0.29
Market Creators,/company/526891/,526891,29.87,,,,,,,16.91,16.10
Global Infratech,/company/531463/,531463,-24.53,,,,,,,16.90,119.49
Vedant Asset,/company/543623/,543623,24.19,,,,,,,16.90,61.19
Mid East Port.,/company/526251/,526251,840.50,,,,,,,16.85,33.50
Bombay Talkies,/company/511246/,511246,-112.00,,,,,,,16.85,3.12
AMS Polymers,/company/540066/,540066,15.67,,,,,,,16.84,51.00
Richfield Fin,/company/539435/,539435,11.77,,,,,,,16.82,17.42
Ranjit Securitie,/company/531572/,531572,148.64,,,,,,,16.81,62.50
Response Info.,/company/538273/consolidated/,538273,6.29,,,,,,,16.81,19.90
Rama Paper Mills,/company/500357/,500357,-21.34,,,,,,,16.76,17.34
Gilada Finance,/company/538788/,538788,6.18,,,,,,,16.72,11.90
Pulsar Intl.,/company/512591/,512591,66.60,,,,,,,16.71,0.39
TECIL Chemical,/company/TECILCHEM/,TECILCHEM,-55.89,,,,,,,16.70,8.81
Shree Marutinand,/company/544083/,544083,2.77,,,,,,,16.63,48.05
Max Heights,/company/534338/,534338,9.77,,,,,,,16.53,10.59
RTCL,/company/531552/consolidated/,531552,14.62,,,,,,,16.51,13.76
Hindustan Agrig.,/company/519574/,519574,108.80,,,,,,,16.50,37.50
COSYN,/company/538922/consolidated/,538922,10.23,,,,,,,16.50,22.00
Infronics Sys.,/company/537985/,537985,-19.36,,,,,,,16.48,20.79
JHS Svend.Retail,/company/RETAIL/consolidated/,RETAIL,5.83,,,,,,,16.46,20.06
Mukat Pipes,/company/523832/,523832,93.40,,,,,,,16.44,13.90
Tridhya Tech,/company/TRIDHYA/consolidated/,TRIDHYA,7.87,,,,,,,16.42,7.05
Cindrella Hotels,/company/526373/,526373,10.10,,,,,,,16.40,45.55
Future Enterp.,/company/FEL/,FEL,-16.93,,,,,,,16.38,0.36
Sati Poly,/company/SATIPOLY/,SATIPOLY,3.62,,,,,,,16.33,33.00
Poojawes. Metal.,/company/540727/consolidated/,540727,7.54,,,,,,,16.29,16.06
G K P Printing,/company/542666/,542666,9.78,,,,,,,16.28,7.40
Rajeshwari Cans,/company/543285/,543285,4.19,,,,,,,16.26,15.50
EP Biocomposites,/company/543595/,543595,6.92,,,,,,,16.23,96.51
MFL India,/company/526622/,526622,13.28,,,,,,,16.21,0.45
OTCO Intl,/company/523151/,523151,-78.68,,,,,,,16.21,12.50
Neelkanth,/company/512565/,512565,19.07,,,,,,,16.20,37.15
Radaan Media.,/company/RADAAN/consolidated/,RADAAN,-14.49,,,,,,,16.19,2.99
T N Steel Tubes,/company/513540/,513540,14.76,,,,,,,16.14,31.50
Kinetic Trust,/company/531274/,531274,29.90,,,,,,,16.13,48.00
Gyan Developers,/company/530141/,530141,-88.61,,,,,,,16.10,53.68
Sunrest Lifescie,/company/SUNREST/consolidated/,SUNREST,2.42,,,,,,,16.09,37.50
Palm Jewels,/company/541444/,541444,11.74,,,,,,,16.05,15.98
Add-Shop E-Reta.,/company/541865/,541865,12.06,,,,,,,16.05,5.67
Rander Corpn.,/company/531228/,531228,-11.99,,,,,,,16.04,13.00
Vamshi Rubber,/company/530369/,530369,13.54,,,,,,,16.04,38.10
Kandagiri Spinng,/company/521242/,521242,-426.88,,,,,,,16.04,41.65
Cityman,/company/521210/,521210,-89.21,,,,,,,16.03,13.70
Sawaca Enterpri.,/company/531893/,531893,10.21,,,,,,,16.02,0.28
Gujarat Hy-Spin,/company/540938/,540938,9.36,,,,,,,16.00,9.55
Yasons Chemex,/company/YCCL/consolidated/,YCCL,8.80,,,,,,,15.93,8.25
Square Four Pro.,/company/526532/consolidated/,526532,-67.62,,,,,,,15.91,8.11
Astron,/company/544628/,544628,3.35,,,,,,,15.89,18.48
Benara Bearings,/company/541178/consolidated/,541178,-5.01,,,,,,,15.88,8.97
Sover. Diamonds,/company/523826/,523826,105.57,,,,,,,15.84,27.36
Eastern Treads,/company/531346/,531346,35.77,,,,,,,15.80,30.20
Krishna Capital,/company/539384/consolidated/,539384,-306.00,,,,,,,15.79,50.00
UR Sugar,/company/539097/,539097,0.39,,,,,,,15.75,3.00
Vashishtha Lux.,/company/544508/,544508,3.40,,,,,,,15.73,66.75
L.K.Mehta Poly.,/company/544366/,544366,15.11,,,,,,,15.71,40.90
Meyer Apparel,/company/531613/,531613,-22.38,,,,,,,15.70,1.95
KBS India,/company/530357/,530357,110.00,,,,,,,15.69,1.45
P.M. Telelinnks,/company/513403/,513403,-111.86,,,,,,,15.68,15.56
Raj Packaging,/company/530111/,530111,8.40,,,,,,,15.67,34.30
Khandelwal Extra,/company/519064/,519064,39.83,,,,,,,15.65,184.15
Saroja Pharma In,/company/SAROJA/,SAROJA,7.58,,,,,,,15.64,38.90
Trio Merc. Trad.,/company/534755/,534755,169.40,,,,,,,15.63,2.30
Gajanan Sec.Serv,/company/538609/consolidated/,538609,9.67,,,,,,,15.61,50.32
Precision Metal.,/company/PRECISION/,PRECISION,-2.85,,,,,,,15.61,6.80
Bharat Bhushan,/company/511501/,511501,36.71,,,,,,,15.55,23.00
Shahi Shipping,/company/526508/,526508,-21.74,,,,,,,15.55,10.73
Natura Hue Chem,/company/531834/,531834,-13.24,,,,,,,15.54,37.50
Visagar Polytex,/company/VIVIDHA/,VIVIDHA,-40.81,,,,,,,15.51,0.53
Orient Tradelink,/company/531512/,531512,8.72,,,,,,,15.40,3.98
S I Cap. & Fin.,/company/530907/,530907,19.46,,,,,,,15.38,12.18
Desh Rakshak,/company/531521/,531521,12.75,,,,,,,15.33,26.90
Frontline Fin.,/company/531685/,531685,759.50,,,,,,,15.30,25.94
Earthstahl &All.,/company/543765/,543765,-16.10,,,,,,,15.30,12.50
Tai Industries,/company/519483/,519483,319.00,,,,,,,15.27,25.45
Natraj Proteins,/company/530119/,530119,7.01,,,,,,,15.26,40.69
Mono Pharmacare,/company/MONOPHARMA/consolidated/,MONOPHARMA,15.64,,,,,,,15.19,8.60
Shree Securities,/company/538975/,538975,31.38,,,,,,,15.16,0.19
Cedaar Textile,/company/CEDAAR/,CEDAAR,-1.38,,,,,,,15.13,10.90
Adinath Textiles,/company/514113/,514113,372.75,,,,,,,15.07,22.13
Asia Pack,/company/530899/,530899,49.60,,,,,,,15.03,57.00
Daulat Securitie,/company/530171/,530171,-15.78,,,,,,,15.00,30.00
Ventura Textiles,/company/516098/,516098,-150.73,,,,,,,14.98,7.70
Quality Foils,/company/QFIL/,QFIL,8.47,,,,,,,14.94,52.35
Neelam Linens,/company/NEELAM/,NEELAM,9.76,,,,,,,14.86,7.35
Shamrock Indl.,/company/531240/,531240,-13.81,,,,,,,14.79,27.25
Shiva Granito,/company/540072/,540072,24.39,,,,,,,14.75,9.21
Bhagawati Gas,/company/500051/,500051,7.89,,,,,,,14.70,8.78
Global Longlife,/company/543520/,543520,2.34,,,,,,,14.70,14.00
Heads UP Venture,/company/HEADSUP/,HEADSUP,-5.07,,,,,,,14.68,6.65
SMVD Poly Pack,/company/SMVD/,SMVD,-41.93,,,,,,,14.64,14.60
Shivamshree Busi,/company/538520/,538520,13.92,,,,,,,14.60,1.93
Adhbhut Infra.,/company/539189/,539189,-104.15,,,,,,,14.58,13.25
Comfort Comtrade,/company/534691/consolidated/,534691,-0.99,,,,,,,14.53,14.50
Billwin Indust.,/company/543209/,543209,18.45,,,,,,,14.52,34.75
Kalyani Commerc.,/company/KALYANI/,KALYANI,8.52,,,,,,,14.50,144.99
Golech.Glob.Fin.,/company/531360/,531360,-14.42,,,,,,,14.48,26.32
Rita Finance and,/company/543256/,543256,18.35,,,,,,,14.47,14.47
Dhyaani Trade,/company/543516/,543516,81.37,,,,,,,14.47,8.50
Sh. Karthik Pap.,/company/516106/,516106,29.26,,,,,,,14.41,7.54
Quantum Digital,/company/530281/,530281,-45.73,,,,,,,14.40,47.43
Simplex Mills,/company/533018/,533018,245.57,,,,,,,14.40,4801.00
Raw Edge Indust.,/company/541634/,541634,9.76,,,,,,,14.38,14.30
BKV Industries,/company/519500/,519500,-174.38,,,,,,,14.37,9.30
Unjha Formul.,/company/531762/,531762,14.61,,,,,,,14.35,32.02
Manipal Fin. Cor,/company/507938/,507938,-1798.00,,,,,,,14.31,17.07
G K Consultants,/company/531758/,531758,100.71,,,,,,,14.25,12.60
Noble Polymers,/company/539200/,539200,-12.95,,,,,,,14.25,16.28
Sanblue Corp.,/company/521222/,521222,63.55,,,,,,,14.22,28.43
Continental Seed,/company/CONTI/,CONTI,2.71,,,,,,,14.22,10.20
Sanghvi Brands,/company/540782/consolidated/,540782,4.47,,,,,,,14.21,13.64
Beryl Securities,/company/531582/,531582,9.82,,,,,,,14.17,29.22
Olympia Industri,/company/521105/,521105,6.96,,,,,,,14.16,23.50
Tradewell Hold,/company/531203/,531203,12.66,,,,,,,14.13,47.10
Ahimsa Industrie,/company/AHIMSA/,AHIMSA,-30.28,,,,,,,14.10,25.75
Regal Entertain.,/company/531033/,531033,99.07,,,,,,,14.08,15.80
Julien Agro,/company/536073/,536073,-31.32,,,,,,,14.06,1.18
Brisk Technovisi,/company/544101/,544101,5.63,,,,,,,14.05,70.25
Arrowhead Sepera,/company/544025/,544025,21.93,,,,,,,14.03,75.00
Piotex Indus.,/company/544178/,544178,10.92,,,,,,,14.03,27.50
Sanwaria Consum.,/company/SANWARIA/consolidated/,SANWARIA,-9127.60,,,,,,,13.99,0.19
Solid Stone Co,/company/513699/consolidated/,513699,7.44,,,,,,,13.91,25.86
Vanta Bioscience,/company/540729/consolidated/,540729,43.94,,,,,,,13.91,19.56
BLT Logi.,/company/544474/consolidated/,544474,2.36,,,,,,,13.91,29.00
NPR Finance,/company/530127/,530127,31.45,,,,,,,13.90,23.20
Guj. Lease Fin.,/company/GLFL/,GLFL,595.33,,,,,,,13.89,5.12
Panabyte Tech,/company/538742/,538742,23.08,,,,,,,13.88,20.75
VK Global,/company/530177/,530177,39.03,,,,,,,13.87,32.74
Seasons Textiles,/company/514264/,514264,8.78,,,,,,,13.86,18.50
Vishvprabha Ven.,/company/512064/consolidated/,512064,14.96,,,,,,,13.86,44.45
Prag Bosimi Syn.,/company/500192/consolidated/,500192,209.33,,,,,,,13.84,1.86
Gajanand Inter.,/company/GAJANAND/,GAJANAND,25.67,,,,,,,13.84,7.35
Zodiac Vent.,/company/503641/consolidated/,503641,9.24,,,,,,,13.81,1.67
Astron Paper,/company/ASTRON/,ASTRON,-47.12,,,,,,,13.81,2.97
BIL Vyapar,/company/BILVYAPAR/consolidated/,BILVYAPAR,1058.59,,,,,,,13.77,4.39
Sabrimala Indus.,/company/540132/consolidated/,540132,29.96,,,,,,,13.77,15.80
Indo-City Info.,/company/532100/,532100,11.66,,,,,,,13.76,13.23
Mehta Integrat.,/company/511377/,511377,-281.60,,,,,,,13.75,27.50
Decillion Financ,/company/539190/,539190,-343.50,,,,,,,13.74,39.25
Integ. Capital,/company/539149/consolidated/,539149,91.40,,,,,,,13.74,3.86
AURUS GEM,/company/AURUS/,AURUS,13.94,,,,,,,13.71,4.65
Innokaiz India,/company/543905/,543905,-7.87,,,,,,,13.69,13.39
NDA Securities,/company/511535/consolidated/,511535,-17.93,,,,,,,13.68,23.00
Karnavati Financ,/company/538928/,538928,12.54,,,,,,,13.67,1.36
Inani Securities,/company/531672/,531672,9.51,,,,,,,13.66,29.98
Bharat Textiles,/company/531029/,531029,11.89,,,,,,,13.61,23.23
AUDROC,/company/530889/consolidated/,530889,105.50,,,,,,,13.61,20.94
J J Finance Corp,/company/523062/,523062,-78.53,,,,,,,13.59,48.18
Trans Freight,/company/513063/,513063,8.59,,,,,,,13.58,18.66
Univa Foods,/company/UNIVAFOODS/,UNIVAFOODS,208.14,,,,,,,13.58,9.48
Shashwat Furnis.,/company/543519/consolidated/,543519,369.50,,,,,,,13.57,65.00
S & T Corporatio,/company/514197/,514197,-283.86,,,,,,,13.53,4.25
Tokyo Finance,/company/531644/,531644,67.55,,,,,,,13.52,19.39
Rajkamal Synth.,/company/514028/consolidated/,514028,43.26,,,,,,,13.49,20.43
HB Leasing &Fin.,/company/508956/,508956,-30.12,,,,,,,13.44,10.45
Sarvottam Finve.,/company/539124/,539124,-73.28,,,,,,,13.39,17.85
Vikas Proppant,/company/VIKASPROP/,VIKASPROP,-3.85,,,,,,,13.38,0.26
Kachchh Minerals,/company/531778/,531778,-14.75,,,,,,,13.26,25.01
Mipco Seaml Ring,/company/505797/,505797,66.56,,,,,,,13.23,36.91
Sterling Powerg.,/company/513575/,513575,9.49,,,,,,,13.18,25.05
Hit Kit Global,/company/532359/,532359,186.71,,,,,,,13.15,2.44
JMG Corporation,/company/523712/,523712,-18.50,,,,,,,13.13,5.67
S K Internation.,/company/542728/,542728,-6.84,,,,,,,13.12,17.90
C J Gelatine,/company/507515/,507515,13.41,,,,,,,13.11,27.26
Octavius Plant.,/company/542938/,542938,11.85,,,,,,,13.10,43.68
Perfect-Octave,/company/521062/,521062,-10.69,,,,,,,13.08,3.77
Sibar Auto Parts,/company/520141/,520141,-7.67,,,,,,,13.05,7.90
CLIO Infotech,/company/530839/,530839,29.72,,,,,,,13.01,11.82
Triumph Intl.,/company/532131/consolidated/,532131,29.79,,,,,,,13.01,17.34
Raunaq Intl.,/company/537840/,537840,-37.48,,,,,,,12.98,38.81
Muller & Phipps,/company/501477/consolidated/,501477,-25.53,,,,,,,12.91,206.60
Shukra Bullions,/company/531506/,531506,141.67,,,,,,,12.90,25.72
Panther Indl. Pr,/company/524055/,524055,-50.38,,,,,,,12.88,92.00
Link Pharma Chem,/company/524748/,524748,12.25,,,,,,,12.79,28.80
Mitshi India,/company/523782/,523782,106.08,,,,,,,12.79,14.53
Fruition Venture,/company/538568/,538568,24.83,,,,,,,12.79,27.80
Bindal Exports L,/company/540148/,540148,22.45,,,,,,,12.79,27.80
Ontic Finserve,/company/540386/,540386,-4.80,,,,,,,12.78,1.42
Groarc Industrie,/company/532315/,532315,4.46,,,,,,,12.77,6.24
Mish Designs,/company/544015/,544015,-32.35,,,,,,,12.72,36.00
Associated Coat.,/company/544183/,544183,6.52,,,,,,,12.71,94.00
Varyaa Creations,/company/544168/,544168,12.59,,,,,,,12.69,26.50
Hemang Resources,/company/531178/,531178,-11.06,,,,,,,12.66,9.59
Kahan Packaging,/company/543979/,543979,6.08,,,,,,,12.65,11.63
V R Films & Stud,/company/542654/,542654,13.93,,,,,,,12.63,11.51
Sarthak Global,/company/530993/,530993,-536.75,,,,,,,12.60,41.99
GCM Securit.,/company/535431/,535431,-28.08,,,,,,,12.54,0.66
Gautam Gems,/company/540936/,540936,13.69,,,,,,,12.50,3.06
Shyam Telecom,/company/SHYAMTEL/,SHYAMTEL,-12.36,,,,,,,12.48,11.07
First Fintec,/company/532379/,532379,70.44,,,,,,,12.44,11.96
Dipna Pharmachem,/company/543594/,543594,4.87,,,,,,,12.43,4.73
Creative Eye,/company/CREATIVEYE/,CREATIVEYE,-21.98,,,,,,,12.42,6.19
Kiran Print Pack,/company/531413/,531413,87.79,,,,,,,12.41,24.80
Ortin Global,/company/ORTINGLOBE/,ORTINGLOBE,-14.36,,,,,,,12.38,15.23
Mukta Agricultur,/company/535204/,535204,26.26,,,,,,,12.38,5.71
Econo Trade Indi,/company/538708/,538708,6.21,,,,,,,12.38,6.63
Cemantic Infra,/company/538596/,538596,-48.42,,,,,,,12.36,4.93
United Credit,/company/531091/,531091,10.11,,,,,,,12.33,23.15
Polycon Intl.,/company/531397/,531397,180.81,,,,,,,12.32,25.20
Ind-Agiv Commer.,/company/517077/consolidated/,517077,-42.00,,,,,,,12.30,40.23
B.C. Power,/company/BCP/,BCP,7.40,,,,,,,12.28,1.76
MT Educare,/company/MTEDUCARE/consolidated/,MTEDUCARE,17.55,,,,,,,12.28,1.70
SVS Ventures,/company/543745/,543745,8.53,,,,,,,12.28,5.75
Inspire Films,/company/INSPIRE/,INSPIRE,17.82,,,,,,,12.25,9.00
Onesource Indus.,/company/530805/,530805,7.45,,,,,,,12.24,3.98
Amiable Logistic,/company/AMIABLE/,AMIABLE,7.88,,,,,,,12.24,70.00
Shukra Jewellery,/company/523790/,523790,167.17,,,,,,,12.22,9.00
Neil Industries,/company/539016/,539016,5.10,,,,,,,12.22,6.25
Resourceful Auto,/company/544236/,544236,7.38,,,,,,,12.22,46.00
Svam Software,/company/523722/,523722,52.46,,,,,,,12.21,7.23
P B A Infra.,/company/532676/,532676,-7.29,,,,,,,12.19,9.03
Crimson Metal,/company/526977/,526977,8.04,,,,,,,12.12,27.38
Stellar Capital,/company/536738/,536738,35.11,,,,,,,12.11,4.85
MEP Infrast.,/company/MEP/,MEP,-0.33,,,,,,,12.11,0.66
Zinema Media,/company/538579/consolidated/,538579,23.15,,,,,,,12.06,16.95
NMS Global,/company/522289/consolidated/,522289,7.39,,,,,,,12.06,40.08
Lords Ishwar,/company/530065/,530065,21.74,,,,,,,12.02,16.09
Usha Mart. Edu.,/company/UMESLTD/consolidated/,UMESLTD,27.18,,,,,,,12.02,4.55
White Organic,/company/513713/,513713,10.04,,,,,,,12.01,3.43
Sri Nacha. Cott.,/company/521234/,521234,194.77,,,,,,,11.95,27.80
Magnus Steel,/company/517320/,517320,2.08,,,,,,,11.94,35.33
Technopack Poly.,/company/543656/,543656,4.54,,,,,,,11.93,11.05
Suryo Foods,/company/519604/,519604,-48.91,,,,,,,11.92,17.20
Neopolitan Pizza,/company/544269/,544269,19.28,,,,,,,11.90,7.00
Shrydus Indust.,/company/511493/,511493,-4.12,,,,,,,11.88,3.71
Franklin Leasing,/company/539839/,539839,44.79,,,,,,,11.84,7.50
New Light Industries,/company/540243/,540243,27.68,,,,,,,11.83,1.35
Dalal Street Inv,/company/501148/,501148,47.22,,,,,,,11.81,369.10
Titaanium Ten,/company/539985/,539985,4.41,,,,,,,11.80,17.54
Beryl Drugs,/company/524606/,524606,5.54,,,,,,,11.78,23.23
HCKK Ventures,/company/539224/,539224,-6.80,,,,,,,11.76,31.70
Dhillon Freight,/company/544556/,544556,3.41,,,,,,,11.76,30.00
Tirth Plastic,/company/526675/,526675,15.78,,,,,,,11.75,26.41
Uniinfo Telecom,/company/UNIINFO/,UNIINFO,37.76,,,,,,,11.73,10.97
East Buildtech,/company/507917/,507917,-108.90,,,,,,,11.72,62.46
Citichem India,/company/544324/,544324,9.33,,,,,,,11.70,17.20
FGP,/company/500142/,500142,175.67,,,,,,,11.66,9.80
Ladam Affordab.,/company/540026/consolidated/,540026,-160.43,,,,,,,11.61,6.34
Asian Warehous.,/company/543927/,543927,17.07,,,,,,,11.61,33.30
Emmessar Biotech,/company/524768/,524768,6.98,,,,,,,11.58,23.16
United Interacti,/company/502893/consolidated/,502893,1.62,,,,,,,11.52,62.95
Vardhan Capital,/company/542931/,542931,189.57,,,,,,,11.50,23.00
CitiPort Fin.,/company/531235/,531235,20.07,,,,,,,11.47,37.00
Indong Tea Co,/company/543769/,543769,10.92,,,,,,,11.46,5.90
VCU Data Managem,/company/536672/,536672,162.57,,,,,,,11.39,7.35
DAPS Advertising,/company/543651/,543651,1.35,,,,,,,11.38,22.00
Padmanabh Alloys,/company/531779/,531779,9.55,,,,,,,11.34,20.95
Sri Lak.Sar.Arni,/company/521161/,521161,-11.28,,,,,,,11.32,34.00
TV Vision,/company/TVVISION/consolidated/,TVVISION,-0.79,,,,,,,11.31,2.92
Scarnose Inter.,/company/543537/,543537,560.50,,,,,,,11.28,35.82
Haria Exports,/company/512604/,512604,280.75,,,,,,,11.26,9.75
Mihika Industrie,/company/538895/,538895,142.25,,,,,,,11.25,11.25
Cont. Chemicals,/company/506935/,506935,10.77,,,,,,,11.25,50.00
Fone4 Communica.,/company/543521/,543521,-4.51,,,,,,,11.25,4.51
Globe Commercial,/company/540266/consolidated/,540266,0.38,,,,,,,11.25,18.74
Globale Tessile,/company/GLOBALE/,GLOBALE,-30.84,,,,,,,11.25,10.59
Plada Infotech S,/company/PLADAINFO/consolidated/,PLADAINFO,3.70,,,,,,,11.19,13.05
Blue Chip India,/company/BLUECHIP/,BLUECHIP,-28.59,,,,,,,11.17,2.02
Starsource Multitrade,/company/506365/,506365,-278.50,,,,,,,11.15,74.30
V B Industries,/company/539123/,539123,47.35,,,,,,,11.12,8.48
Western Overseas,/company/544636/,544636,1.80,,,,,,,11.12,18.50
DCM Financial,/company/DCMFINSERV/consolidated/,DCMFINSERV,-82.95,,,,,,,11.11,5.02
Shivagrico Impl.,/company/522237/,522237,8.50,,,,,,,11.08,22.11
BNR Udyog,/company/530809/,530809,-23.62,,,,,,,11.06,36.87
Jonjua Overseas,/company/542446/,542446,3.01,,,,,,,11.06,3.14
Anuroop Packagin,/company/542865/consolidated/,542865,3.57,,,,,,,11.05,10.00
Kumbhat Fin.,/company/526869/,526869,10.82,,,,,,,11.01,20.67
Antarctica,/company/ANTGRAPHIC/,ANTGRAPHIC,9.78,,,,,,,11.01,0.71
Golden Legand Ls,/company/509024/,509024,-1.27,,,,,,,11.00,7.40
Epuja Spiritech,/company/532092/,532092,-1.13,,,,,,,10.97,0.97
Euro Leder Fash,/company/526468/,526468,9.20,,,,,,,10.97,24.54
Suncare Traders,/company/539526/,539526,44.89,,,,,,,10.97,0.43
Uniroyal Marine,/company/526113/,526113,157.76,,,,,,,10.96,16.91
Yogi Infra Proj.,/company/522209/consolidated/,522209,20.76,,,,,,,10.95,6.50
Net Avenue,/company/CBAZAAR/consolidated/,CBAZAAR,-4.26,,,,,,,10.94,5.10
Vas Infra.,/company/531574/,531574,283.85,,,,,,,10.91,7.21
Pasari Spinning,/company/521080/,521080,109.36,,,,,,,10.89,7.89
Diggi Multitrade,/company/540811/,540811,-6.62,,,,,,,10.89,11.25
Jiwanram Sheo,/company/JIWANRAM/,JIWANRAM,15.45,,,,,,,10.89,4.40
Kallam Textiles,/company/530201/,530201,-32.20,,,,,,,10.88,2.06
Samtex Fashion,/company/521206/consolidated/,521206,-1508.24,,,,,,,10.88,1.46
India Lease Dev.,/company/500202/,500202,143.50,,,,,,,10.85,7.38
Shanti Guru Inds,/company/534708/,534708,0.42,,,,,,,10.83,8.80
Incon Engineers,/company/531594/,531594,-28.12,,,,,,,10.82,25.00
Ishan Internat.,/company/ISHAN/,ISHAN,10.80,,,,,,,10.81,0.50
Rajdarshan Inds,/company/ARENTERP/,ARENTERP,53.45,,,,,,,10.79,34.70
Shangar Decor,/company/540259/,540259,2.34,,,,,,,10.77,0.22
Jackson Invest,/company/538422/,538422,6.56,,,,,,,10.76,0.37
Garware Synth,/company/514400/,514400,19.27,,,,,,,10.75,18.51
Elegant Floricul,/company/526473/,526473,65.79,,,,,,,10.74,4.69
Universal Office,/company/523519/,523519,937.00,,,,,,,10.71,7.31
Adcon Capital,/company/539506/,539506,-9.18,,,,,,,10.71,0.54
Pasupati Fincap,/company/511734/,511734,48.00,,,,,,,10.68,22.72
Southern Infocon,/company/540174/consolidated/,540174,908.00,,,,,,,10.67,21.26
Pan Electronics,/company/517397/,517397,-40.28,,,,,,,10.66,26.64
Ashtasidhhi Ind,/company/531341/,531341,47.36,,,,,,,10.64,14.17
Milestone Global,/company/531338/consolidated/,531338,11.87,,,,,,,10.64,21.20
Ishaan Infrastru,/company/540134/,540134,-48.32,,,,,,,10.64,16.43
Garware Marine,/company/509563/,509563,55.74,,,,,,,10.60,18.39
Debock Industrie,/company/DIL/,DIL,-12.43,,,,,,,10.58,0.65
Equilateral Ent.,/company/531262/,531262,51.10,,,,,,,10.57,8.57
Anna Infrastruct,/company/530799/,530799,7.90,,,,,,,10.57,27.81
Garbi Finvest,/company/539492/,539492,-1.38,,,,,,,10.56,9.00
Promact Plastics,/company/526494/,526494,-1110.00,,,,,,,10.55,16.20
3C IT Solutions,/company/544190/,544190,7.89,,,,,,,10.54,17.50
Educomp Sol.,/company/EDUCOMP/consolidated/,EDUCOMP,-95.48,,,,,,,10.53,0.86
Sh. Ganesh Elas.,/company/530797/,530797,20.20,,,,,,,10.50,19.08
Getalong Enterp.,/company/543372/,543372,12.38,,,,,,,10.50,4.96
Svaraj Trading,/company/503624/,503624,-20.43,,,,,,,10.47,7.10
Arihant's Secur.,/company/531017/,531017,37.18,,,,,,,10.46,20.92
Sreechem Resins,/company/514248/,514248,19.76,,,,,,,10.46,24.91
RLF,/company/512618/,512618,154.67,,,,,,,10.40,9.50
Maks Energy,/company/MAKS/,MAKS,7.49,,,,,,,10.40,15.00
Computer Point,/company/507833/,507833,1003.00,,,,,,,10.38,3.46
Indergiri Fin.,/company/531505/,531505,-31.46,,,,,,,10.34,20.44
Catvision Ltd,/company/531158/consolidated/,531158,6.40,,,,,,,10.34,18.96
Mahan Industries,/company/531515/,531515,7.15,,,,,,,10.33,22.96
Dhanvantri Jeev.,/company/531043/,531043,5.52,,,,,,,10.32,25.19
Rajasthan Cylind,/company/538707/,538707,-6.50,,,,,,,10.32,30.70
Shanthala FMCG,/company/SHANTHALA/,SHANTHALA,4.34,,,,,,,10.32,15.40
Eurotex Industri,/company/EUROTEXIND/,EUROTEXIND,97.49,,,,,,,10.28,11.75
Chothani Foods,/company/540681/,540681,26.98,,,,,,,10.28,9.92
Modern Shares,/company/509760/,509760,-3.58,,,,,,,10.26,35.00
Pion. Agro Extr.,/company/519439/,519439,-255.75,,,,,,,10.23,23.62
GTN Textiles,/company/532744/consolidated/,532744,-48.17,,,,,,,10.12,8.69
Ganesh Holdings,/company/504397/,504397,30.86,,,,,,,10.11,113.43
Kaarya Facilit.,/company/540756/,540756,3.91,,,,,,,10.11,10.50
Dolphin Kitchen Utensils,/company/544170/consolidated/,544170,2.99,,,,,,,10.10,7.62
Sanathnagar Ent.,/company/509423/,509423,295.38,,,,,,,10.09,32.02
Sumeru Industrie,/company/530445/,530445,76.46,,,,,,,10.08,1.40
Lyons Corporate,/company/531441/,531441,16.31,,,,,,,10.08,21.55
Suvidha Infra.,/company/531640/,531640,-171.13,,,,,,,10.06,11.31
Progrex Ventures,/company/531265/,531265,-71.36,,,,,,,9.99,27.71
Mayur Floorings,/company/531221/,531221,17.40,,,,,,,9.95,19.63
Coastal Roadways,/company/520131/,520131,1.55,,,,,,,9.95,23.98
Sh. Rajiv. Oil,/company/530295/,530295,119.14,,,,,,,9.91,24.20
Parker Agrochem,/company/524628/,524628,5.63,,,,,,,9.85,20.60
Lime Chemicals,/company/507759/,507759,158.56,,,,,,,9.84,15.12
Cont. Controls,/company/531460/,531460,19.97,,,,,,,9.83,16.00
Jauss Polymers,/company/526001/,526001,-2.18,,,,,,,9.82,21.23
Ashish Polyplast,/company/530429/,530429,14.64,,,,,,,9.81,28.86
Adhata Global,/company/531286/,531286,-8.77,,,,,,,9.79,20.76
United Leasing,/company/507808/,507808,15.12,,,,,,,9.75,32.50
Swasth Foodtech,/company/544368/,544368,32.83,,,,,,,9.72,16.60
Tarini Internat.,/company/538496/consolidated/,538496,31.68,,,,,,,9.71,7.47
Hasti Finance,/company/531387/,531387,-2.11,,,,,,,9.69,8.94
N2N Technologies,/company/512279/,512279,-3.58,,,,,,,9.69,30.01
PS IT Infra,/company/505502/,505502,-29.73,,,,,,,9.68,1.80
Looks Health,/company/534422/,534422,47.17,,,,,,,9.68,9.22
Omkar Pharmachem,/company/532167/,532167,78.67,,,,,,,9.66,9.58
Colinz Labs,/company/531210/,531210,1.68,,,,,,,9.60,76.20
First Custodian,/company/511122/,511122,-115.33,,,,,,,9.60,64.00
Mid India Inds.,/company/500277/,500277,37.84,,,,,,,9.58,5.88
Interworld Digi.,/company/532072/,532072,-28.92,,,,,,,9.57,0.20
Konndor Indust.,/company/532397/,532397,-235.60,,,,,,,9.56,17.32
Dolphin Medical,/company/526504/,526504,74.00,,,,,,,9.51,6.30
Family Care,/company/516110/,516110,-4.94,,,,,,,9.51,1.76
Sashwat Technoc,/company/506313/,506313,,,,,,,,9.50,306.60
Libord Securitie,/company/531027/,531027,-37.96,,,,,,,9.50,19.00
Kush Industries,/company/514240/,514240,-1801.00,,,,,,,9.44,6.19
Super Bakers (I),/company/530735/,530735,7.79,,,,,,,9.43,31.23
Broach Lifecare,/company/544231/,544231,16.62,,,,,,,9.41,15.50
Atharv Enter,/company/530187/,530187,22.58,,,,,,,9.38,5.52
Jagjanani Text.,/company/532825/,532825,-30.23,,,,,,,9.38,6.01
Indifra Ltd,/company/INDIFRA/,INDIFRA,-132.57,,,,,,,9.37,12.85
Triveni Glass,/company/502281/,502281,-57.48,,,,,,,9.34,7.40
KCD Industries,/company/540696/,540696,-83.73,,,,,,,9.33,3.69
Kobo Biotech,/company/531541/,531541,-124.67,,,,,,,9.29,3.90
Gagan Gases,/company/524624/,524624,24.37,,,,,,,9.27,20.50
Flexituff Vent.,/company/FLEXITUFF/consolidated/,FLEXITUFF,-14.60,,,,,,,9.26,2.82
Hittco Tools,/company/531661/,531661,41.19,,,,,,,9.25,14.00
Galada Finance,/company/538881/,538881,11.07,,,,,,,9.12,30.40
GACM Tech-DVR,/company/GATECHDVR/consolidated/,GATECHDVR,0.59,,,,,,,9.10,0.48
Kisaan Parivar,/company/519230/,519230,8.40,,,,,,,9.06,10.30
Voltaire Leasing,/company/509038/,509038,-452.50,,,,,,,9.06,22.00
Scintilla Comm,/company/538857/,538857,-75.69,,,,,,,9.03,9.00
Bhagawati Oxygen,/company/509449/,509449,2.83,,,,,,,9.02,39.03
Hathway Bhawani,/company/509073/consolidated/,509073,68.92,,,,,,,9.02,11.14
Kuwer Industries,/company/530421/,530421,5.44,,,,,,,8.95,9.86
Rajputana Invest,/company/539090/,539090,75.90,,,,,,,8.93,29.00
Eastcoast Steel,/company/520081/,520081,10.73,,,,,,,8.91,16.50
Raasi Refractor,/company/502271/,502271,14.73,,,,,,,8.90,18.90
Sheshadri Indus.,/company/539111/,539111,4.13,,,,,,,8.90,17.95
Compuage Info.,/company/COMPINFO/consolidated/,COMPINFO,-108.10,,,,,,,8.83,1.03
Prima Agro,/company/519262/,519262,11.45,,,,,,,8.81,16.98
Adline Chem Lab,/company/524604/,524604,-150.43,,,,,,,8.80,15.04
Anjani Finance,/company/531878/,531878,19.75,,,,,,,8.71,8.59
Olympic Oil Ind.,/company/507609/,507609,-4.05,,,,,,,8.69,30.50
Solve Plastic,/company/BALCO/,BALCO,6.54,,,,,,,8.67,19.85
Transwind Infra.,/company/TRANSWIND/,TRANSWIND,6.23,,,,,,,8.64,11.30
Saptak Chem &,/company/506906/,506906,-36.73,,,,,,,8.62,28.05
Octal Credit Cap,/company/538894/consolidated/,538894,-10.74,,,,,,,8.58,17.16
Yunik Managing,/company/533149/,533149,-35.54,,,,,,,8.55,5.98
KMF Builders,/company/531578/,531578,-42.63,,,,,,,8.53,7.00
Crane Infra,/company/538770/,538770,8.53,,,,,,,8.53,11.78
SRU Steels,/company/540914/,540914,-12.67,,,,,,,8.51,1.42
Premier,/company/PREMIER/consolidated/,PREMIER,238.91,,,,,,,8.50,2.80
Nutech Global,/company/531304/,531304,12.16,,,,,,,8.48,26.48
Genomic Valley,/company/539206/,539206,280.67,,,,,,,8.45,27.65
Suryavanshi Spg.,/company/514140/,514140,11.46,,,,,,,8.44,17.19
Euphoria Infotec,/company/544094/consolidated/,544094,4.57,,,,,,,8.36,28.82
MPL Plastics,/company/526143/,526143,-80.20,,,,,,,8.35,6.68
Picturepost Stu.,/company/PPSL/consolidated/,PPSL,2.00,,,,,,,8.35,2.85
Mathew Easow Res,/company/511688/,511688,17.03,,,,,,,8.34,12.54
Skyline Ventures,/company/538919/,538919,-17.91,,,,,,,8.33,21.00
Tasty Dairy,/company/540955/,540955,-883.17,,,,,,,8.32,4.07
Swagtam Trading,/company/539406/,539406,45.94,,,,,,,8.30,69.75
Sh. Steel Wire,/company/513488/,513488,90.71,,,,,,,8.26,24.95
I Power Solution,/company/512405/,512405,-6.57,,,,,,,8.25,13.98
Sharp Investment,/company/538212/,538212,24.76,,,,,,,8.23,0.34
Nivaka Fashions,/company/542206/,542206,-2.13,,,,,,,8.22,0.80
Kalpa Commer.,/company/539014/,539014,64.15,,,,,,,8.20,8.00
Indo Euro Indch.,/company/524458/,524458,17.98,,,,,,,8.14,8.99
V B Desai Fin.,/company/511110/,511110,5.54,,,,,,,8.09,17.85
Objectone Inform,/company/535657/,535657,2.53,,,,,,,8.09,7.70
Davin Sons Reta,/company/544331/,544331,4.03,,,,,,,8.09,12.24
Sterling Green,/company/526500/consolidated/,526500,-48.11,,,,,,,8.06,19.00
Docmode Health,/company/DHTL/consolidated/,DHTL,10.95,,,,,,,8.06,25.65
Amforge Inds.,/company/513117/,513117,13.81,,,,,,,8.03,5.58
Jayatma Industri,/company/531323/,531323,134.38,,,,,,,8.03,13.00
Oxford Industrie,/company/514414/,514414,37.38,,,,,,,8.02,13.50
Clinitech Lab,/company/544220/,544220,5.35,,,,,,,8.01,35.10
Millen. Online,/company/511187/consolidated/,511187,131.71,,,,,,,8.00,1.60
Mystic Electron.,/company/535205/,535205,18.05,,,,,,,7.97,4.03
Vellora Impact,/company/531257/,531257,0.92,,,,,,,7.96,14.29
Jet Solar,/company/538794/,538794,-8.67,,,,,,,7.96,6.70
Aadi Industries,/company/530027/,530027,-86.65,,,,,,,7.93,7.93
Ace Engitech,/company/530669/,530669,-26.93,,,,,,,7.91,92.15
Future Ent. DVR,/company/FELDVR/,FELDVR,,,,,,,,7.87,2.00
Shree Mfg. Co.,/company/503863/,503863,-68.47,,,,,,,7.82,9.42
Jayatma Enterp.,/company/539005/,539005,12.02,,,,,,,7.81,26.02
Vision Cinemas,/company/526441/consolidated/,526441,-194.25,,,,,,,7.79,1.10
Natural Biocon,/company/543207/,543207,-45.17,,,,,,,7.79,3.02
Trustwave,/company/508963/,508963,-117.25,,,,,,,7.78,237.88
Quality RO Indu.,/company/543460/consolidated/,543460,34.24,,,,,,,7.74,30.36
Devine Impex,/company/531585/,531585,70.18,,,,,,,7.72,8.10
AFLOAT Enterpris,/company/543377/,543377,,,,,,,,7.70,6.13
Interactive Fin,/company/539692/,539692,1.48,,,,,,,7.67,11.07
Stanpacks(India),/company/530931/,530931,12.87,,,,,,,7.62,12.50
R O Jewels,/company/543171/,543171,-593.00,,,,,,,7.62,1.51
Haria Apparels,/company/538081/,538081,6.09,,,,,,,7.61,4.98
Tarai Foods,/company/519285/,519285,-41.00,,,,,,,7.59,4.28
Alexander Stamps,/company/511463/,511463,384.00,,,,,,,7.56,8.12
Veritaas Adver.,/company/VERITAAS/,VERITAAS,2.06,,,,,,,7.54,26.70
Gala Global,/company/539228/,539228,-66.55,,,,,,,7.53,1.38
BGIL Films & Tec,/company/511664/,511664,26.17,,,,,,,7.50,6.62
Filmcity Media,/company/531486/,531486,-27.70,,,,,,,7.49,1.51
Oscar Global,/company/530173/,530173,-86.75,,,,,,,7.48,22.68
Sh. Krish. Infr.,/company/542146/,542146,67.91,,,,,,,7.47,6.79
Rite Zone,/company/RITEZONE/,RITEZONE,9.24,,,,,,,7.45,17.60
Sujala Trading &,/company/539117/,539117,-28.54,,,,,,,7.43,12.99
Mahesh Developer,/company/542677/,542677,101.83,,,,,,,7.43,17.90
Hind.Bio Science,/company/532041/,532041,-53.44,,,,,,,7.40,7.22
Yashraj Contain.,/company/530063/,530063,-181.36,,,,,,,7.40,4.35
Karnimata Cold,/company/537784/,537784,5.81,,,,,,,7.39,14.54
Ganga Pharma.,/company/539680/,539680,26.31,,,,,,,7.39,12.50
Aravali Sec,/company/512344/,512344,66.50,,,,,,,7.38,4.87
Phyto Chem (I),/company/524808/,524808,-69.60,,,,,,,7.37,17.13
Peeti Securities,/company/531352/,531352,15.59,,,,,,,7.35,19.61
Money Masters,/company/535910/,535910,31.36,,,,,,,7.33,0.73
Croissance Ltd,/company/531909/consolidated/,531909,117.29,,,,,,,7.33,1.07
ISF,/company/526859/,526859,-4.93,,,,,,,7.32,0.77
Monind,/company/532078/,532078,21.69,,,,,,,7.30,19.82
Unipro Technolgy,/company/540189/,540189,-56.12,,,,,,,7.28,11.96
Thirani Projects,/company/538464/,538464,-3.70,,,,,,,7.26,3.59
Shree Hanuman Sg,/company/537709/,537709,-68.51,,,,,,,7.25,3.92
Hemo Organic,/company/524590/,524590,-21.63,,,,,,,7.22,20.84
Ashram Online,/company/526187/,526187,46.52,,,,,,,7.20,6.00
Jain Marmo Inds,/company/539119/,539119,73.27,,,,,,,7.20,23.00
Trinity League,/company/531846/,531846,-71.60,,,,,,,7.17,9.06
United Textiles,/company/521188/,521188,-5.20,,,,,,,7.17,23.90
Typhoon Fin Ser,/company/539468/,539468,64.91,,,,,,,7.15,23.84
VXL Instruments,/company/517399/,517399,-29.19,,,,,,,7.10,5.33
Polytex India,/company/512481/,512481,-56.46,,,,,,,7.10,5.26
Vivanza Biosci.,/company/530057/consolidated/,530057,17.37,,,,,,,7.08,1.77
Rich Universe,/company/530271/,530271,11.00,,,,,,,7.06,9.74
Fraser & Company,/company/539032/,539032,-9.15,,,,,,,7.06,8.70
Jayabharat Cred.,/company/501311/,501311,-64.58,,,,,,,7.05,14.10
Winny Immigratio,/company/WINNY/,WINNY,-1.67,,,,,,,7.04,32.45
Nikki Glob.Fin.,/company/531272/,531272,14.19,,,,,,,7.02,20.52
Supertex Inds.,/company/526133/,526133,5.98,,,,,,,7.02,6.19
Enterprise Intl.,/company/526574/,526574,9.29,,,,,,,7.02,23.51
Standard Shoe,/company/523351/,523351,-62.67,,,,,,,7.02,13.55
Arcee Industries,/company/520121/,520121,-12.80,,,,,,,6.95,13.53
Priya,/company/524580/,524580,-219.00,,,,,,,6.95,23.15
Vijay Textiles,/company/530151/,530151,-115.31,,,,,,,6.92,3.78
Grandma Trading,/company/504369/,504369,704.00,,,,,,,6.92,0.53
Setubandhan Inf.,/company/SETUINFRA/,SETUINFRA,-99.51,,,,,,,6.91,0.55
Sahara Maritime,/company/544056/,544056,0.35,,,,,,,6.91,22.50
Photoquip India,/company/526588/,526588,52.45,,,,,,,6.90,11.50
Premium Capital,/company/511660/,511660,310.67,,,,,,,6.89,10.52
Prem. Synthetic,/company/509835/,509835,-9.56,,,,,,,6.89,15.00
Explicit Finance,/company/530571/,530571,-220.33,,,,,,,6.87,7.41
Risa Internatio.,/company/530251/,530251,-45.92,,,,,,,6.86,0.43
Golden Carpets,/company/531928/,531928,-54.24,,,,,,,6.81,10.50
Siddhes. Garment,/company/526877/,526877,99.00,,,,,,,6.77,20.45
GCM Capital,/company/538319/,538319,-36.05,,,,,,,6.74,3.98
IGC Industries,/company/539449/,539449,-0.38,,,,,,,6.74,1.94
Amanaya Ventures,/company/543804/,543804,19.03,,,,,,,6.73,18.00
Minaxi Textiles,/company/531456/,531456,11.44,,,,,,,6.67,1.35
Shivansh Finserv,/company/539593/,539593,8.95,,,,,,,6.67,10.69
Kiran Syntex,/company/530443/,530443,215.67,,,,,,,6.62,15.57
Ganon Products,/company/512443/,512443,3.12,,,,,,,6.61,7.08
Laddu Gopal,/company/537707/,537707,8.58,,,,,,,6.60,0.49
Sunraj Diamond,/company/523425/consolidated/,523425,-163.23,,,,,,,6.60,12.38
Guj. Credit Corp,/company/511441/consolidated/,511441,842.33,,,,,,,6.60,22.00
Sun Retail,/company/542025/,542025,-62.50,,,,,,,6.52,0.42
Agarwal Fortune,/company/530765/,530765,30.14,,,,,,,6.51,18.95
Natl. Plywood,/company/516062/,516062,-13.39,,,,,,,6.51,2.64
BFL Asset Finves,/company/539662/,539662,16.16,,,,,,,6.51,6.38
Omega Ag Seeds,/company/519479/,519479,13.02,,,,,,,6.50,8.23
Mehta Securities,/company/511738/,511738,108.29,,,,,,,6.50,21.05
Systematix Sec.,/company/531432/,531432,-214.67,,,,,,,6.50,13.00
Amraworld Agrico,/company/531991/,531991,-5.89,,,,,,,6.50,0.54
Ushakiran Fin.,/company/511507/,511507,104.17,,,,,,,6.48,25.50
Manor Estates,/company/526115/,526115,-8.74,,,,,,,6.47,7.85
Vinayak Polycon,/company/534639/,534639,10.47,,,,,,,6.47,21.00
KLG Capital,/company/530771/consolidated/,530771,-0.64,,,,,,,6.47,20.21
Kanungo Financi.,/company/540515/,540515,6.57,,,,,,,6.47,13.96
Castora Agri Commodities,/company/531913/,531913,55.15,,,,,,,6.46,13.13
Brawn Biotech,/company/530207/,530207,205.67,,,,,,,6.45,21.49
A F Enterprises,/company/538351/consolidated/,538351,26.47,,,,,,,6.45,1.93
Prashant India,/company/519014/,519014,-84.48,,,,,,,6.42,15.15
Lexoraa Ind,/company/531944/,531944,-49.85,,,,,,,6.42,16.35
Epsom Properties,/company/531155/,531155,-40.38,,,,,,,6.41,8.60
Worldwide Alumi.,/company/526525/,526525,79.25,,,,,,,6.38,19.40
CHD Chemicals,/company/539800/,539800,403.33,,,,,,,6.37,6.30
Dharani Finance,/company/511451/,511451,6.95,,,,,,,6.34,12.70
Shanti Overseas,/company/SHANTI/consolidated/,SHANTI,-9.20,,,,,,,6.31,5.68
BCL Enterprises,/company/539621/,539621,-10.63,,,,,,,6.30,0.54
Veerkrupa Jewel,/company/543545/,543545,98.79,,,,,,,6.29,0.48
Karnawati Innovation,/company/531671/,531671,1.27,,,,,,,6.27,1.16
Symbiox Investme,/company/539278/,539278,22.13,,,,,,,6.26,2.00
Dr Lalchand. Lab,/company/541299/,541299,6.06,,,,,,,6.26,7.25
Amit Internation,/company/531300/,531300,-28.47,,,,,,,6.25,3.30
Padmalaya Tele.,/company/532350/,532350,-14.10,,,,,,,6.24,3.67
Space Incubatric,/company/541890/,541890,336.25,,,,,,,6.23,0.18
B P Capital,/company/536965/,536965,-41.11,,,,,,,6.22,10.34
Gratex Industrie,/company/526751/,526751,18.17,,,,,,,6.20,20.45
Suncity Synth.,/company/530795/,530795,-14.43,,,,,,,6.18,12.50
Nyssa Corp.,/company/504378/,504378,-0.55,,,,,,,6.15,2.05
Vikalp Securitie,/company/531334/,531334,-75.50,,,,,,,6.14,20.13
Oswal Yarns,/company/514460/,514460,-65.70,,,,,,,6.14,15.30
Munoth Commun.,/company/511401/,511401,-28.96,,,,,,,6.06,6.28
Decipher Labs,/company/524752/consolidated/,524752,-3.02,,,,,,,6.06,6.00
Omni Ax's,/company/532340/,532340,-42.14,,,,,,,6.01,3.49
Ambassador Intra,/company/542524/,542524,29.97,,,,,,,6.00,28.69
Agio Paper,/company/516020/,516020,-3.05,,,,,,,5.97,3.70
Aryan Share,/company/542176/,542176,4.18,,,,,,,5.97,19.90
Integra Capital,/company/531314/,531314,13.70,,,,,,,5.95,12.65
M P Agro Inds.,/company/506543/,506543,81.43,,,,,,,5.94,10.23
Delta Industrial,/company/539596/,539596,-98.33,,,,,,,5.93,11.00
Reetech Intl,/company/543617/consolidated/,543617,10.92,,,,,,,5.92,14.00
Inditrade Cap.,/company/532745/consolidated/,532745,-1.71,,,,,,,5.86,2.51
Boston Commerce,/company/531458/,531458,-1.13,,,,,,,5.85,8.35
Transglobe Foods,/company/519367/,519367,-314.00,,,,,,,5.85,404.05
Flora Corporatio,/company/540267/,540267,-17.55,,,,,,,5.81,6.65
Wagend Infra,/company/503675/,503675,148.60,,,,,,,5.80,1.23
Bansisons Tea,/company/519353/,519353,-1.05,,,,,,,5.80,9.16
Mahaveer Infoway,/company/539383/,539383,9.33,,,,,,,5.78,10.50
Ashiana Agro Ind,/company/519174/,519174,88.40,,,,,,,5.77,12.54
Nouveau Global,/company/531465/,531465,-69.29,,,,,,,5.75,0.31
Ortel Commu.,/company/ORTEL/,ORTEL,-67.49,,,,,,,5.74,1.74
Futuristic Sec.,/company/523113/,523113,,,,,,,,5.72,29.32
Goyal Associates,/company/530663/,530663,,,,,,,,5.72,1.08
Eureka Industrie,/company/521137/,521137,77.44,,,,,,,5.67,6.48
Sword-Edge Comm.,/company/512359/,512359,-16.48,,,,,,,5.65,0.26
MFS Intercorp,/company/513721/,513721,-28.94,,,,,,,5.62,13.02
Omkar Overseas,/company/531496/,531496,-37.19,,,,,,,5.61,11.21
Gujarat Winding,/company/541627/,541627,-9.84,,,,,,,5.59,11.50
Lak. Prec. Screw,/company/LAKPRE/,LAKPRE,17.95,,,,,,,5.57,5.09
Ekennis Software,/company/543475/,543475,-24.73,,,,,,,5.55,39.61
Purple Agrotech Industries,/company/540159/,540159,10.71,,,,,,,5.53,6.40
Sungold Capital,/company/531433/,531433,172.33,,,,,,,5.52,3.00
Ashoka Refinerie,/company/526983/,526983,-34.69,,,,,,,5.52,16.24
Wherrelz IT,/company/543436/,543436,226.09,,,,,,,5.51,141.35
Magenta Life,/company/544188/,544188,8.73,,,,,,,5.50,8.00
Brijlaxmi Leas.,/company/532113/,532113,18.03,,,,,,,5.49,8.50
Modella Woollens,/company/503772/,503772,-25.90,,,,,,,5.45,59.88
Prime Capital Ma,/company/535514/,535514,-9.06,,,,,,,5.45,5.45
Triveni Enterpri,/company/538569/,538569,29.78,,,,,,,5.44,0.95
Tranway21 Tech.,/company/542923/consolidated/,542923,29.39,,,,,,,5.38,5.08
Amerise BioScie,/company/531681/,531681,-95.20,,,,,,,5.35,0.81
Mercury Trade Li,/company/512415/,512415,-0.20,,,,,,,5.35,3.93
Abhinav Leasing,/company/538952/,538952,16.12,,,,,,,5.30,1.06
Integ. Thermopl.,/company/530921/,530921,5.61,,,,,,,5.28,8.39
Polymac Thermof.,/company/537573/,537573,19.06,,,,,,,5.28,11.05
Advance Syntex,/company/539982/,539982,-46.29,,,,,,,5.27,4.75
Purohit Const.,/company/538993/,538993,-5.20,,,,,,,5.25,11.91
Shelter Infra,/company/526839/,526839,-210.14,,,,,,,5.20,14.56
Raghunath Intl.,/company/526813/consolidated/,526813,3.67,,,,,,,5.15,10.29
Auto.Prod.India,/company/505032/,505032,-17.25,,,,,,,5.13,8.25
Ambitious Plasto,/company/526439/,526439,31.68,,,,,,,5.12,8.81
Lead Financial S,/company/531288/,531288,29.65,,,,,,,5.12,15.50
Finelistings Tec,/company/544173/,544173,-3.01,,,,,,,5.09,13.99
Deccan Polypacks,/company/531989/,531989,-144.23,,,,,,,5.08,24.00
NB Footwear,/company/523242/,523242,-36.29,,,,,,,5.08,3.76
Universal Arts,/company/532378/consolidated/,532378,30.94,,,,,,,4.97,4.99
Bharatiya Glob.,/company/BGLOBAL/consolidated/,BGLOBAL,-56.81,,,,,,,4.96,3.13
JPT Securities,/company/530985/consolidated/,530985,-0.84,,,,,,,4.96,16.50
Shree Precoated,/company/533110/,533110,-7.90,,,,,,,4.93,11.90
Padmanabh Inds.,/company/526905/,526905,12.00,,,,,,,4.92,8.09
Gian Lifecare,/company/542918/consolidated/,542918,62.60,,,,,,,4.86,4.70
Vintage Secur.,/company/531051/,531051,26.39,,,,,,,4.84,13.20
Popees Cares,/company/530565/,530565,-17.07,,,,,,,4.83,7.96
Foundry Fuel,/company/513579/,513579,-35.41,,,,,,,4.82,6.01
Superior Finleas,/company/539835/,539835,618.25,,,,,,,4.80,1.60
Vision Corpn.,/company/531668/,531668,-34.79,,,,,,,4.79,2.40
KEN Fin.Serv.,/company/530547/,530547,13.01,,,,,,,4.79,15.95
Mahasagar Travel,/company/526795/,526795,6.06,,,,,,,4.79,6.10
Elango Industrie,/company/513452/,513452,-36.77,,,,,,,4.78,12.50
Olympic Cards,/company/534190/,534190,166.18,,,,,,,4.75,2.91
Goldcoin Health,/company/538542/,538542,-25.94,,,,,,,4.71,31.39
Abhishek Infra.,/company/539544/consolidated/,539544,-32.50,,,,,,,4.71,9.32
Vallabh Steels,/company/513397/,513397,-170.03,,,,,,,4.70,9.50
Thakkers Group,/company/507530/,507530,1.30,,,,,,,4.68,29.55
Retro Green,/company/519191/consolidated/,519191,52.22,,,,,,,4.67,1.23
Nihar Info Glob.,/company/531083/,531083,11.27,,,,,,,4.64,4.46
K Z Leasing,/company/511728/,511728,10.94,,,,,,,4.63,15.23
Gradiente Info.,/company/GRADIENTE/,GRADIENTE,2.24,,,,,,,4.62,2.05
SGN Telecoms,/company/531812/,531812,-24.94,,,,,,,4.61,0.57
Shikhar Cons.,/company/526883/,526883,-50.73,,,,,,,4.57,10.07
Mahalaxmi Seam.,/company/513460/,513460,16.56,,,,,,,4.55,8.61
Coral Newsprints,/company/530755/,530755,-28.33,,,,,,,4.55,9.00
Saianand Commer.,/company/512097/,512097,56.50,,,,,,,4.54,0.20
R R Securities,/company/530917/,530917,-80.00,,,,,,,4.52,14.97
Rajkot Inv.Trust,/company/539495/,539495,113.23,,,,,,,4.52,45.15
Patron Exim,/company/543798/,543798,-6.14,,,,,,,4.52,1.95
Decorous Investm,/company/539405/,539405,54.88,,,,,,,4.50,13.05
Sparc Electrex,/company/531370/,531370,-1.14,,,,,,,4.49,4.41
Aditya Ispat,/company/513513/,513513,-2.34,,,,,,,4.49,8.39
UTL Industries,/company/500426/,500426,-56.25,,,,,,,4.45,1.35
Naturo Indiabull,/company/543579/,543579,,,,,,,,4.45,2.36
Jainco Projects,/company/526865/,526865,22.21,,,,,,,4.44,4.44
Seshachal Tech.,/company/531794/,531794,-391.00,,,,,,,4.43,63.82
Amarnath Sec.,/company/538465/,538465,-0.97,,,,,,,4.42,14.72
CMI,/company/CMICABLES/,CMICABLES,-117.78,,,,,,,4.41,2.75
Kakatiya Textile,/company/521054/,521054,-8.90,,,,,,,4.40,7.58
TMT (I),/company/522171/,522171,-189.33,,,,,,,4.39,8.87
Hanman Fit,/company/538731/,538731,45.11,,,,,,,4.38,4.17
Multipurpose Trd,/company/504356/,504356,29.07,,,,,,,4.36,8.80
Indo Credit Cap.,/company/526887/,526887,42.60,,,,,,,4.31,5.96
Aurique,/company/517230/,517230,6.79,,,,,,,4.19,32.23
Cindrella Fin.,/company/531283/consolidated/,531283,53.33,,,,,,,4.14,9.95
Oswal Leasing,/company/509099/,509099,-82.40,,,,,,,4.13,82.57
Encode Packaging,/company/530733/,530733,,,,,,,,4.13,13.11
Gconnect Logitec,/company/544156/,544156,4.60,,,,,,,4.09,11.00
Siddha Ventures,/company/530439/,530439,184.50,,,,,,,4.01,4.01
City Online Ser.,/company/538674/,538674,-21.94,,,,,,,3.99,7.73
MPS Pharmaa,/company/531686/,531686,-12.64,,,,,,,3.98,2.08
52 Weeks Enter.,/company/531925/,531925,-0.48,,,,,,,3.98,1.14
Geetanjali Cred.,/company/539486/,539486,23.76,,,,,,,3.95,8.93
T. Spiritual,/company/532444/,532444,-27.29,,,,,,,3.84,1.92
Revati Media,/company/524504/,524504,-20.46,,,,,,,3.84,12.81
Ekam Leasing,/company/530581/consolidated/,530581,-1.54,,,,,,,3.84,6.40
ACE EduTremd Ltd,/company/530093/,530093,-23.75,,,,,,,3.81,4.16
Beeyu Overseas,/company/532645/,532645,189.50,,,,,,,3.80,2.69
Virgo Global,/company/532354/,532354,-33.91,,,,,,,3.79,3.61
Shyama Computro.,/company/531219/,531219,26.86,,,,,,,3.77,3.75
Naksh Precious,/company/539402/,539402,-3.72,,,,,,,3.77,3.58
Betala Glob.Sec.,/company/531530/,531530,-86.75,,,,,,,3.76,27.27
Heera Ispat,/company/526967/,526967,-45.10,,,,,,,3.72,6.32
Anand Proj.,/company/501630/,501630,-14.25,,,,,,,3.70,39.81
Simplex Papers,/company/533019/,533019,-146.27,,,,,,,3.68,1225.00
Krishna Fil. Ind,/company/500248/,500248,162.00,,,,,,,3.67,4.71
Vardhman Concr.,/company/531444/,531444,-193.80,,,,,,,3.65,5.10
BMB Music,/company/531420/,531420,21.35,,,,,,,3.64,6.01
Evoq Remedies,/company/543500/,543500,-18.50,,,,,,,3.64,1.46
Sea TV Network,/company/533268/consolidated/,533268,64.14,,,,,,,3.61,3.00
Silver Pearl,/company/543536/,543536,10.91,,,,,,,3.56,4.53
Aananda Lakshmi,/company/539096/,539096,8.98,,,,,,,3.52,10.05
Transpact Enter.,/company/542765/,542765,29.50,,,,,,,3.49,90.30
SBL Infratech,/company/543366/,543366,21.06,,,,,,,3.49,43.00
Befound Movement,/company/511585/,511585,-35.29,,,,,,,3.46,3.46
Sailani Tours N,/company/543541/,543541,6.26,,,,,,,3.43,7.30
Williamson Fin.,/company/519214/,519214,-100.31,,,,,,,3.38,4.04
Innocorp,/company/531929/,531929,79.78,,,,,,,3.36,4.23
Sturdy Industrie,/company/530611/,530611,-20.20,,,,,,,3.33,0.22
Athena Construc.,/company/539099/,539099,-17.92,,,,,,,3.31,4.41
SSPN FINANCE,/company/539026/,539026,58.20,,,,,,,3.29,8.70
GCM Commodity,/company/535917/,535917,-0.21,,,,,,,3.28,4.41
Khyati Multimed.,/company/531692/,531692,16.93,,,,,,,3.25,3.01
PFL Infotech,/company/531769/,531769,-32.80,,,,,,,3.20,4.28
Spectra Industri,/company/513687/,513687,-201.20,,,,,,,3.15,4.45
Unitech Internat,/company/531867/,531867,-35.16,,,,,,,3.14,3.11
G-Tech Info.,/company/532139/,532139,288.00,,,,,,,3.04,8.69
Quintegra Soln.,/company/QUINTEGRA/,QUINTEGRA,-162.80,,,,,,,3.00,1.12
Indo Gulf Inds.,/company/506945/,506945,40.33,,,,,,,2.98,3.12
Perfect Infraeng,/company/PERFECT/,PERFECT,6.32,,,,,,,2.97,1.70
Patidar Buildcon,/company/524031/,524031,-65.29,,,,,,,2.95,5.37
Integ. Hitech,/company/532303/,532303,30.27,,,,,,,2.95,2.95
Swadha Nature,/company/531039/,531039,-18.40,,,,,,,2.93,7.15
Pagaria Energy,/company/531396/,531396,-59.43,,,,,,,2.82,6.48
Svarnim Trade Ud,/company/539911/,539911,-38.25,,,,,,,2.82,11.60
Unishire Urban,/company/537582/,537582,-46.24,,,,,,,2.78,1.14
Vaishno Cement,/company/526941/,526941,-28.07,,,,,,,2.67,2.98
Diamant Infra.,/company/508860/,508860,107.89,,,,,,,2.64,0.75
Radhagobind Comm,/company/539673/,539673,-13.57,,,,,,,2.59,1.80
Rajeswari Infra.,/company/526823/,526823,-8.57,,,,,,,2.55,4.62
Tricom Fruit,/company/531716/,531716,,,,,,,,2.52,1.32
Jalan Transol.,/company/JALAN/,JALAN,653.60,,,,,,,2.47,1.70
Mafia Trends,/company/543613/,543613,4.42,,,,,,,2.47,5.58
Madhur Inds,/company/519279/,519279,1.09,,,,,,,2.37,5.79
Cresanto Global,/company/531207/,531207,-21.21,,,,,,,2.29,5.37
Fourth Gen.,/company/532403/,532403,-32.32,,,,,,,2.28,6.41
Vasa Retail,/company/VASA/,VASA,-274.67,,,,,,,2.13,3.55
Rajvir Inds.,/company/RAJVIR/,RAJVIR,-23.43,,,,,,,2.08,5.21
Baron Infotech,/company/532336/,532336,-52.17,,,,,,,2.03,1.99
Signature Green,/company/507663/consolidated/,507663,1.72,,,,,,,1.88,5.23
Omnipotent,/company/543400/,543400,-8.53,,,,,,,1.69,2.79
Silveroak Comm,/company/512197/,512197,-2.18,,,,,,,1.54,5.60
JLA Infraville,/company/538765/,538765,-40.22,,,,,,,1.40,2.15
Sybly Industries,/company/531499/,531499,-1.18,,,,,,,1.07,1.17
Diksha Greens,/company/542155/,542155,-196.00,,,,,,,0.99,1.00
Silicon Valley,/company/531738/,531738,-1.30,,,,,,,0.39,0.03
Antariksh Indus.,/company/501270/,501270,-3.80,,,,,,,0.37,17.82
Turner Industrie,/company/531164/,531164,-34.00,,,,,,,0.29,0.72
MPF Systems,/company/532470/,532470,0.65,,,,,,,0.10,8.88
Viksit Engg.,/company/506196/,506196,0.00,,,,,,,0.01,8.85
Jiya Eco-Product,/company/JIYAECO/consolidated/,JIYAECO,-8.40,,,,,,,0.01,13.59
