name,path,slug,ev_ebitda,pe,pb,roce,roe,promoter_holding,sales_growth_3y,mkt_cap,cmp,adtv_30d_cr,days_counted,liquidity_source,financials_view,stock_pe,book_value,current_price,market_cap,broad_sector,sector,industry,sales_cagr_3y,sales_cagr_5y,sales_cagr_ttm,latest_quarter,latest_fy,shareholding_quarter,sales_qtr_series,material_cost_pct_qtr_series,manufacturing_cost_pct_qtr_series,revenue_series,opm_series,material_cost_pct_annual_series,manufacturing_cost_pct_annual_series,cfo_series,net_block_series,inventory_series,promoter_holding_series,fii_holding_series,dii_holding_series,fii_holding,dii_holding,institutional_holding,mcap_to_sales
Capri Global,/company/CGCL/consolidated/,CGCL,13.25,,3.44,11.7,16.5,59.92,,24821.65,257.98,142.24,30,nse,consolidated,22.0,74.9,258,24822,Financial Services,Financial Services,Non Banking Financial Company (NBFC),48,45,50,Jun 2026,Mar 2026,Jun 2026,557|605|649|718|752|821|957|1004|1121|1223|1385|1576,,,198|189|229|351|589|717|737|969|1465|2313|3248|4731,,,0.35|0.35|0.46|1.42|0.63|1.05|0.12|2.10|2.16|5.14|4.69|0.00,-511|-857|-1115|210|-319|-1341|-3007|-3699|-4312|-8728,9|8|13|15|14|32|28|34|291|350|341|364,24|0|0|0|0|0|0|0|0|0|0|0,69.88|69.87|69.87|59.95|59.95|59.92|59.92|59.92,1.07|1.04|0.98|4.72|4.83|4.50|5.62|8.21,14.55|14.51|14.52|20.53|20.29|20.11|20.09|18.42,8.21,18.42,26.63,5.25
ACC,/company/ACC/consolidated/,ACC,8.07,,1.19,11.2,10.9,56.69,,24532.53,1306.40,23.63,30,nse,consolidated,12.9,1094,1306,24533,Commodities,Construction Materials,Cement & Cement Products,5,14,12,Jun 2026,Mar 2026,Jun 2026,4435|4914|5409|5199|4634|5972|6115|6087|6005|6483|7146|5808,30.59|28.73|33.57|33.68|38.65|36.74|41.05|40.43|41.20|41.93|46.56|46.73,,11646|11706|10990|13285|14802|15658|13786|16152|22210|19959|21762|25962,13|14|13|14|14|15|17|19|9|15|14|11,16.92|15.79|14.62|14.80|15.76|17.36|18.23|17.75||30.48|37.89|43.21,29.66|51.62|27.43|26.89|26.41|25.83|23.96|26.01||23.95|19.54|19.31,1390|1554|1118|2255|2219|2835|-1235|2995|1711|-1364,5666|5331|7568|7280|7088|7027|6694|6750|7512|10007|10829|11256,|1189|1225|1405|1679|1142|901|1274|1624|1869|1925|1789,56.69|56.69|56.69|56.69|56.69|56.69|56.69|56.69,5.50|5.14|4.83|4.66|5.04|5.99|5.93|5.83,24.42|24.66|24.92|24.13|22.55|21.37|21.62|21.12,5.83,21.12,26.95,0.94
Asahi India Glas,/company/ASAHIINDIA/consolidated/,ASAHIINDIA,24.15,,6.19,11.5,10.3,51.58,,24286.91,952.70,17.89,30,nse,consolidated,54.4,154,953,24287,Consumer Discretionary,Automobile and Auto Components,Auto Components & Equipments,7,16,10,Jun 2026,Mar 2026,Jun 2026,1120|1044|1105|1133|1158|1124|1180|1229|1151|1256|1354|1413,38.08|36.94|37.94|38.73|35.02|36.54|35.86|34.74|30.12|27.96|26.49|22.75,,2099|2209|2345|2633|2913|2643|2421|3170|4019|4341|4594|4982,15|18|18|18|18|16|18|24|20|17|17|18,35.66|36.32|36.10|35.42|31.72|32.15|34.77|28.90|34.41|37.83|36.53|29.77,26.70|22.36|22.93|31.23|34.99|34.67|31.05|33.06|32.85|32.54|32.12|35.47,418|449|424|293|516|586|402|653|720|502,1143|1134|1588|1907|1956|2035|2221|2323|2395|2616|4046|4534,513|519|584|614|691|722|654|716|1028|994|1119|1227,54.22|54.22|54.19|54.09|51.58|51.58|51.58|51.58,4.01|4.19|4.15|3.74|4.87|4.88|4.85|4.85,1.55|1.62|1.63|1.78|5.16|5.25|5.35|5.26,4.85,5.26,10.11,4.87
Go Digit General,/company/GODIGIT/,GODIGIT,41.58,,5.2,13.1,12.2,73.00,,24256.96,262.35,24.94,30,nse,standalone,49.3,50.4,262,24257,Financial Services,Financial Services,General Insurance,19,35,7,Jun 2026,Mar 2026,Jun 2026,1905|2286|2256|2105|2234|2436|2594|2236|2488|2570|2711|2427,,,2252|3841|5885|8147|9370|10005,-5|-7|0.9|-3.3|1.3|1.8,,67|70|61|84|86|85,1563|2479|2250|1720|1604|2026,22|125|161|173|215|265,,73.28|73.18|73.12|73.10|73.09|73.02|73.01|73.00,5.51|6.47|7.86|8.28|8.48|8.26|8.01|8.23,15.57|15.18|15.26|14.38|14.12|14.34|14.62|15.01,8.23,15.01,23.24,2.42
IFCI,/company/IFCI/consolidated/,IFCI,20.12,,2.71,5.03,2.09,72.57,,24238.05,89.96,220.27,30,nse,consolidated,135,33.2,90.0,24238,Financial Services,Financial Services,Financial Institution,7,0,5,Jun 2026,Mar 2026,Jun 2026,607|454|605|388|617|459|414|407|735|456|470|327,0.06|0.10|0.08|0.13|0.08|0.14|0.13|0.14|0.06|0.15|0.14|0.14,,3864|4465|3582|4322|2821|2880|2082|1556|1699|1988|1879|2069,,1.37|0.77|1.06|0.53|2.23|1.76|2.48|1.68|0.27|0.18|0.11|0.12,1.17|1.15|1.50|2.81|8.11|11.79|5.33|14.14|8.72|7.74|8.94|0.00,802|-972|444|635|-438|-257|-336|12|-984|280,1935|1860|1823|1721|1701|1720|1762|1741|1764|1734|1700|1486,259|226|211|198|155|119|89|74|71|70|68|68,71.72|71.72|72.57|72.57|72.57|72.57|72.57|72.57,2.54|2.60|2.73|2.52|2.60|2.58|2.65|3.50,1.67|1.64|1.60|1.61|1.62|1.62|1.64|1.66,3.50,1.66,5.16,11.71
Gabriel India,/company/GABRIEL/consolidated/,GABRIEL,40.86,,14.35,25.6,20.2,63.55,,24237.98,1367.60,90.16,30,nse,consolidated,67.3,95.3,1368,24238,Consumer Discretionary,Automobile and Auto Components,Auto Components & Equipments,,,19,Jun 2026,Mar 2026,Jun 2026,864|815|917|947|1027|1017|1073|1234|1180|1179|1381|1426,75|75|75|74|74|74|74|73|74|74|74|74,,3403|4063|4667,9|10|9,75|74|74,5|4|4,177|204|345,543|641|781,302|364|409,55.00|55.00|55.00|55.00|55.00|55.00|55.02|63.55,5.50|5.33|5.23|5.97|6.50|6.49|6.58|6.35,12.88|13.46|14.67|15.02|15.74|16.20|16.28|12.92,6.35,12.92,19.27,5.19
Sansera Enginee.,/company/SANSERA/,SANSERA,35.01,,7.86,13.6,10.6,29.21,,24081.54,3859.00,93.31,30,nse,standalone,69.1,491,3859,24082,Consumer Discretionary,Automobile and Auto Components,Auto Components & Equipments,14,18,24,Jun 2026,Mar 2026,Jun 2026,630|644|686|681|698|644|695|668|746|798|886|911,43.76|43.18|42.88|41.11|41.38|40.32|42.65|39.38|42.61|43.00|42.46|38.95,,836|1039|1172|1374|1262|1351|1745|2099|2548|2719|3098,17|16|20|20|16|18|17|17|18|17|18,41.75|39.69|39.12|42.87|42.70|43.09|43.32|43.29|43.47|41.39|41.97,13.59|14.42|14.72|19.01|15.52|22.91|22.92|19.76|19.56|18.98|0.00,||||220|186|231|358|321|320,367|550|608|827|898|954|1060|1210|1388|1729|2023,103|128|164|203|198|202|235|326|369|447|607,34.78|30.33|30.35|30.34|30.24|30.17|30.10|29.21,19.51|20.54|20.10|19.53|19.58|19.36|18.79|21.52,32.47|37.53|37.01|36.88|36.99|36.30|35.38|31.04,21.52,31.04,52.56,7.77
Deepak Nitrite,/company/DEEPAKNTR/consolidated/,DEEPAKNTR,18.41,,4.12,11.4,9.82,49.34,,24044.73,1762.90,75.36,30,nse,consolidated,30.4,428,1763,24045,Commodities,Chemicals,Specialty Chemicals,0,13,7,Jun 2026,Mar 2026,Jun 2026,1778|2009|2126|2167|2032|1903|2180|1890|1902|1975|2120|2578,66|68|69|69|68|73|69|72|72|72|65|63,,1327|1373|1371|1651|2700|4230|4360|6802|7972|7682|8282|7887,11|12|10|12|16|24|29|24|16|15|13|13,63|60|60|61|60|55|51|60|67|68|69|70,14|13|13|12|11|10|9|8|9|8|8|8,49|183|60|765|1002|824|650|874|625|539,549|594|586|588|1716|1832|1864|1963|1942|2293|2457|3270,107|123|169|327|418|402|389|586|894|761|929|863,49.24|49.24|49.28|49.28|49.28|49.33|49.33|49.34,6.68|6.59|6.64|6.68|6.21|6.06|6.19|6.24,22.30|23.22|23.22|22.61|22.70|23.20|23.46|23.76,6.24,23.76,30,3.05
Gujarat Energy,/company/GUJENERGY/consolidated/,GUJENERGY,7.57,,0.95,18.5,15.8,38.94,,23906.12,254.80,45.38,30,nse,consolidated,12.2,268,255,23906,Energy,"Oil, Gas & Consumable Fuels",LPG/CNG/PNG/LNG Supplier,12,19,27,Jun 2026,Mar 2026,Jun 2026,3845|3929|4134|4450|3782|4153|4102|5851|3780|3658|5792|9545,79|82|77|81|78|83|79|78|79|78|80|80,,9006|6106|5093|6174|7754|10300|9866|16456|16759|15690|16487|23614,12|12|15|15|13|16|21|13|14|12|12|13,83|80|75|76|78|77|71|-0|-0|0|-0|79,2|4|5|6|5|4|4|85|83|85|85|0,701|785|964|1420|1659|1662|2375|1634|1806|2721,4487|4673|4903|5094|5290|5585|6040|6631|7338|7763|8208|13651,41|41|42|57|69|46|52|53|61|59|62|1122,60.89|60.89|60.89|60.89|60.89|60.89|60.89|38.94,4.51|4.53|3.97|3.86|3.70|3.82|3.98|10.85,14.38|14.21|14.81|15.00|14.97|15.06|14.76|24.18,10.85,24.18,35.03,1.01
Gillette India,/company/GILLETTE/,GILLETTE,23.88,,25.23,90.7,66.5,75.00,,23842.84,7316.00,13.8,30,nse,standalone,35.7,290,7316,23843,Fast Moving Consumer Goods,Fast Moving Consumer Goods,Personal Care,11,13,8,Jun 2026,Mar 2026,Jun 2026,668|639|681|645|782|686|767|707|811|790|792|783,45.44|41.94|46.59|32.95|43.57|41.30|38.00|30.57|42.42|35.99|36.62|37.46,,1875|1755|1733|1677|1862|1679|1982|2256|2477|2633|2235|3100,10|17|22|23|21|21|23|21|22|24|27|30,45.11|48.68|45.36|41.34|44.01|45.37|44.44|46.52|47.97|41.83|40.96|36.60,3.17|3.87|4.36|4.38|3.94|4.59|4.01|3.39|3.51|4.00|3.32|3.21,248|237|134|225|443|462|463|509|328|607,156|178|214|264|300|296|310|363|389|347|342|304,202|245|222|200|234|284|367|373|412|396|453|520,75.00|75.00|75.00|75.00|75.00|75.00|75.00|75.00,3.27|4.11|4.33|4.82|5.01|4.77|4.36|4.33,10.79|9.95|9.89|9.60|9.15|8.89|9.25|8.76,4.33,8.76,13.09,7.69
Timken India,/company/TIMKEN/,TIMKEN,35.06,,7.97,18.3,13.7,51.05,,23692.40,3149.80,12.33,30,nse,standalone,57.9,395,3150,23692,Industrials,Capital Goods,Abrasives & Bearings,7,19,12,Jun 2026,Mar 2026,Jun 2026,682|612|898|784|753|671|940|809|773|764|1073|929,58|59|59|61|61|61|60|61|60|64|60|60,,926|1042|1056|1233|1664|1618|1411|2203|2807|2910|3148|3419,14|16|15|13|17|22|18|23|20|20|19|18,60|60|59|60|56|53|56|54|59|59|60|61,8|8|9|11|11|9|9|9|8|8|7|7,164|39|249|357|189|33|341|340|387|437,107|137|231|251|795|748|818|860|843|853|809|1446,167|186|188|245|317|291|369|558|569|667|645|778,51.05|51.05|51.05|51.05|51.05|51.05|51.05|51.05,13.14|12.97|10.68|9.44|7.39|6.94|6.96|7.32,24.80|24.93|26.80|27.68|29.72|30.15|30.63|30.26,7.32,30.26,37.58,6.93
Kalpataru Proj.,/company/KPIL/consolidated/,KPIL,10.39,,3.05,18.3,13.7,33.58,,23674.20,1386.30,37.02,30,nse,consolidated,21.3,455,1386,23674,Industrials,Construction,Civil Construction,18,16,15,Jun 2026,Mar 2026,Jun 2026,4518|4896|5971|4587|4930|5732|7067|6171|6529|6665|7778|6408,43.00|40.40|44.18|37.79|37.31|37.96|40.08|32.81|36.14|32.71|35.68|29.82,,7152|7142|7446|8709|10840|12676|12949|14777|16361|19626|22316|27143,10|12|12|13|13|12|12|9|9|9|9|9,40.79|40.01|39.54|43.01|41.28|41.56|36.75|43.62|42.60|41.81|38.45|34.41,32.93|33.24|32.25|29.41|32.51|32.38|36.67|32.59|33.73|34.28|38.17|41.21,766|650|1035|937|931|714|656|843|914|1534,3204|3081|3061|3062|3141|3444|3472|3559|3124|3073|3252|3148,1218|881|933|992|1116|1209|1071|1096|1228|1353|1429|1776,35.24|33.52|33.52|33.52|33.57|33.57|33.58|33.58,10.71|12.68|11.60|11.83|11.97|11.73|10.92|10.77,45.93|45.60|45.02|44.81|44.10|43.90|45.12|44.84,10.77,44.84,55.61,0.87
Jyoti CNC Auto.,/company/JYOTICNC/consolidated/,JYOTICNC,42.04,,11.81,21.3,18.2,62.55,,23638.36,1039.40,108.6,30,nse,consolidated,73.5,88.0,1039,23638,Industrials,Capital Goods,Industrial Products,31,32,17,Jun 2026,Mar 2026,Jun 2026,302|378|450|362|431|450|576|410|508|576|599|508,53.30|48.41|51.35|46.79|49.45|49.81|45.63|44.04|43.99|42.36|48.61|41.82,,965|687|532|746|929|1338|1818|2093,9|1.0|4.7|10|8|22|27|25,56.84|56.57|52.74|56.22|59.36|50.33|47.80|44.87,5.71|5.78|6.07|7.99|6.64|6.27|5.21|0.00,144|25|28|39|42|-48|-105|54,344|344|322|292|283|322|469|746,591|625|683|634|820|866|900|1166,62.55|62.55|62.55|62.55|62.55|62.55|62.55|62.55,5.81|5.91|7.20|7.46|9.91|9.70|8.95|6.29,10.99|11.39|10.43|10.33|12.90|13.39|13.68|12.59,6.29,12.59,18.88,11.29
NBCC,/company/NBCC/consolidated/,NBCC,17.89,,7.81,29.3,20.4,61.75,,23625.00,87.50,54.73,30,nse,consolidated,34.5,11.2,87.5,23625,Industrials,Construction,Civil Construction,13,13,4,Jun 2026,Mar 2026,Jun 2026,2059|2424|3996|2143|2446|2809|4644|2391|2914|3022|4560|2260,91|90|91|90|88|87|90|90|92|91|88|87,,4394|5826|7425|8447|9943|8087|6953|7691|8876|10407|12044|12889,7|5|5|5|3.7|1.3|1.9|2.7|3.9|5.0|5|4.8,-2|-5|-2|-1|2|1|1|1|1|2|1|0,90|94|92|89|89|92|91|91|90|89|88|90,605|907|638|113|456|80|-374|-6|661|439,26|62|123|129|182|165|159|175|182|185|531|614,1172|1424|1571|1658|1838|1791|1742|1558|1442|1236|1021|1227,61.75|61.75|61.75|61.75|61.75|61.75|61.75|61.75,4.11|4.15|4.20|4.99|5.34|5.20|4.99|4.77,9.10|8.94|8.93|11.23|10.97|12.25|10.75|11.28,4.77,11.28,16.05,1.83
TD Power Systems,/company/TDPOWERSYS/consolidated/,TDPOWERSYS,57.99,,21.95,34.0,24.7,26.87,,23518.63,752.70,207.91,30,nse,consolidated,85.5,34.3,753,23519,Industrials,Capital Goods,Heavy Electrical Equipment,29,26,54,Jun 2026,Mar 2026,Jun 2026,274|243|264|274|306|350|348|372|452|443|589|640,67|67|64|64|65|67|64|65|67|65|69|65,,597|507|380|435|459|515|594|797|872|1001|1279|1856,2.8|1.8|2.8|2.4|7|7|12|12|15|17|18|18,75|72|68|71|70|70|67|71|68|65|65|67,3|3|3|3|3|3|2|2|2|3|2|2,-20|-3|48|56|-3|11|89|84|40|129,272|258|233|213|198|180|174|166|163|186|207|294,76|88|80|82|113|144|189|209|199|250|377|503,34.27|34.26|33.22|26.87|26.87|26.87|26.87|26.87,16.24|17.79|19.12|23.70|23.55|24.36|26.69|26.18,29.64|26.90|24.91|25.30|25.39|23.19|22.24|23.88,26.18,23.88,50.06,12.67
KIOCL,/company/KIOCL/,KIOCL,265.64,,13.53,1.38,0.96,99.03,,23492.62,386.55,9.31,30,nse,standalone,604,28.6,387,23493,Commodities,Metals & Mining,Sponge Iron,-26,-24,27,Jun 2026,Mar 2026,Mar 2026,431|549|372|147|16|181|246|91|143|160|220|158,70.09|64.09|66.58|78.90|138.10|74.24|57.04|11.90|4.56|-1.41|7.47|27.53,,534|184|870|1602|1888|1938|2376|3006|1543|1854|591|613,-28|-152|-12|-2.6|4.2|-0.9|15|13|-11|-3.9|-34|-4.8,65.77|147.61|68.36|69.01|66.03|71.95|63.02|66.44|72.69|70.97|69.97|5.14,24.98|23.54|22.53|19.31|18.93|18.26|12.95|13.60|24.73|22.35|32.70|46.18,-261|-100|-126|-22|97|70|-309|105|343|79,249|238|221|202|200|279|271|277|282|895|953|939,340|90|163|233|309|257|325|366|353|485|140|140,99.03|99.03|99.03|99.03|99.03|99.03|99.03|99.03,0.00|0.00|0.00|0.02|0.00|0.01|0.00|0.05,0.08|0.07|0.07|0.07|0.07|0.03|0.03|0.03,0.05,0.03,0.08,38.32
IRB Infra.Devl.,/company/IRB/consolidated/,IRB,9.44,,1.1,7.48,4.31,30.81,,23032.75,19.07,18.44,30,nse,consolidated,23.4,17.3,19.1,23033,Industrials,Construction,Civil Construction,6,8,-2,Jun 2026,Mar 2026,Jun 2026,1745|1969|2061|1853|1586|2025|2149|2099|1751|1871|1927|2137,41.67|45.64|47.51|41.12|40.04|39.96|41.28|45.22|34.31|32.22|33.57|34.86,,3849|5128|5846|5694|6707|6852|5299|5804|6402|7409|7613|7648,58|52|52|47|44|43|44|44|49|41|46|52,11.29|7.24|4.59|1.28|4.82|6.37|7.53|8.10|6.54|5.48|7.89|36.60,23.19|33.19|35.17|41.33|42.06|41.39|33.79|33.50|32.96|39.56|33.48|0.00,3192|2132|2710|3709|867|364|1764|4054|1971|2098,31764|35149|24388|31071|32943|27671|27102|27271|26480|25514|24616|23896,260|309|353|487|442|331|322|317|299|293|339|367,30.42|30.42|30.42|30.42|30.42|30.42|30.79|30.81,45.99|45.07|44.31|43.61|43.40|43.32|43.84|43.87,8.10|8.57|9.34|10.21|9.58|9.97|10.02|10.14,43.87,10.14,54.01,3.01
Tata Elxsi,/company/TATAELXSI/,TATAELXSI,20.18,,7.55,30.0,23.6,43.90,,22957.39,3685.00,112.69,30,nse,standalone,32.6,488,3685,22957,Information Technology,Information Technology,Computers - Software & Consulting,6,16,5,Jun 2026,Mar 2026,Jun 2026,882|914|906|926|955|939|908|892|918|953|994|1021,6|5|4|5|6|6|8|7|8|7|7|8,,849|1075|1237|1386|1597|1610|1826|2471|3145|3552|3729|3757,21|23|22|25|26|21|29|31|31|29|26|23,3|2|2|6|6|5|5|5|6|5|1|0,8|6|6|2|2|2|2|2|3|3|9|10,144|197|215|256|437|483|487|701|812|664,98|107|108|94|101|147|170|272|334|396|318|259,0|0|0|0|2|2|0|1|0|1|0|0,43.91|43.91|43.91|43.91|43.90|43.90|43.90|43.90,13.65|13.27|12.73|12.74|12.53|8.56|11.08|9.85,7.38|7.50|8.54|9.79|10.37|12.28|11.39|11.03,9.85,11.03,20.88,6.11
Prime Focus,/company/PFOCUS/consolidated/,PFOCUS,19.18,,10.93,11.5,16.5,60.73,,22927.10,294.40,27,30,nse,consolidated,128,26.9,294,22927,Consumer Discretionary,"Media, Entertainment & Publication",Media & Entertainment,0,13,29,Jun 2026,Mar 2026,Jun 2026,1026|841|873|813|897|909|979|1023|1061|1207|1384|1267,,,1606|1382|2153|2257|2539|2928|2536|3386|4644|3951|3599|4676,15|15|19|18|14|14|23|24|21|6|22|30,,9||6|7|8|9|7|7|8|10|8|0,291|201|120|522|328|183|254|-32|295|1024,2138|2322|2247|2264|2445|2926|2973|2895|3067|2990|3984|4475,1|1|0|1|0|0|1|0|0|0|0|0,69.87|69.86|69.86|67.61|60.81|60.76|60.76|60.73,11.29|11.25|11.24|10.24|4.01|3.35|3.67|3.41,0.00|0.00|0.00|0.00|1.08|1.14|1.16|1.07,3.41,1.07,4.48,4.9
Force Motors,/company/FORCEMOT/consolidated/,FORCEMOT,13.65,,5.46,36.0,26.1,61.63,,22887.17,17370.00,153.88,30,nse,consolidated,20.8,3183,17370,22887,Consumer Discretionary,Automobile and Auto Components,Passenger Cars & Utility Vehicles,22,35,8,Jun 2026,Mar 2026,Jun 2026,1802|1692|2011|1885|1941|1889|2356|2297|2081|2129|2550|2440,75|72|72|74|73|75|73|73|69|70|70|72,,2364|3025|3069|3423|3652|3081|1988|3240|5029|6992|8072|9057,6|9|9|8|8|8|1.2|1.6|6|13|14|16,69|72|72|75|76|72|75|81|78|73|74|71,6|5|5|5|4|5|5|4|4|4|3|3,471|256|314|409|7|18|532|1014|1546|1297,638|786|911|948|1216|1400|1224|2033|2094|2031|1969|1921,393|548|438|477|504|552|558|637|827|1163|1184|1258,61.63|61.63|61.63|61.63|61.63|61.63|61.63|61.63,7.89|8.15|8.36|9.77|10.27|10.46|10.93|9.51,0.92|0.90|1.43|1.66|1.48|1.80|1.75|1.46,9.51,1.46,10.97,2.53
Affle 3i,/company/AFFLE/consolidated/,AFFLE,29.76,,6.25,16.8,13.8,54.91,,22830.94,1620.20,61.5,30,nse,consolidated,47.8,259,1620,22831,Information Technology,Information Technology,IT Enabled Services,24,39,20,Jun 2026,Mar 2026,Jun 2026,431|499|506|520|543|602|602|621|647|717|724|747,,,167|249|334|517|1082|1434|1843|2266|2709,27|28|26|25|20|20|20|21|23,,52|55|59|60|63|62|61|61|62,42|48|72|102|206|260|262|426|502,27|57|163|361|699|786|1144|1221|1394,,55.09|55.03|55.02|55.00|54.97|54.95|54.92|54.91,15.55|16.49|16.09|18.42|19.02|17.79|16.66|15.37,15.59|14.57|15.31|13.82|14.68|16.36|17.90|18.77,15.37,18.77,34.14,8.43
Grindwell Norton,/company/GRINDWELL/consolidated/,GRINDWELL,32.08,,8.99,21.2,16.2,58.04,,22782.85,2057.70,9.31,30,nse,consolidated,52.2,229,2058,22783,Industrials,Capital Goods,Abrasives & Bearings,7,13,13,Jun 2026,Mar 2026,Jun 2026,667|660|691|706|694|703|710|703|775|753|842|803,44.80|43.97|45.56|45.40|44.26|45.90|45.96|45.40|45.65|46.95|47.30|44.98,,1135|1151|1263|1431|1598|1580|1638|2013|2541|2687|2812|3073,16|16|15|17|17|17|20|20|20|19|18|19,42.43|42.96|43.88|43.57|44.40|45.14|44.01|44.21|45.71|44.91|45.38|46.36,12.51|11.36|10.06|9.95|10.49|10.40|8.38|8.31|8.62|8.87|9.11|8.25,170|134|85|318|331|187|393|368|458|542,360|350|368|342|345|385|370|386|586|756|886|887,225|258|246|272|329|303|323|448|464|488|490|481,58.04|58.04|58.04|58.04|58.04|58.04|58.04|58.04,8.25|6.97|6.75|6.81|6.38|6.39|5.56|5.21,16.69|18.07|18.33|18.20|18.37|18.35|19.18|19.59,5.21,19.59,24.8,7.41
Aether Industri.,/company/AETHER/consolidated/,AETHER,55.79,,9.17,11.9,9.66,74.92,,22521.34,1696.80,52.44,30,nse,consolidated,93.9,185,1697,22521,Commodities,Chemicals,Specialty Chemicals,21,,34,Jun 2026,Mar 2026,Jun 2026,164|155|118|180|199|220|240|257|280|319|305|327,46|59|65|57|54|52|51|52|51|48|56|50,,590|651|598|841|1160,28|29|22|29|31,45.55|46.35|50.94|48.43|48.99,16.65|14.58|14.23|12.75|10.37,-5|-7|-16|100|142,257|646|853|1117|1496,163|249|343|397|537,81.78|81.77|81.77|74.99|74.99|74.98|74.94|74.92,3.17|3.32|3.33|5.03|4.64|5.81|6.29|7.42,11.63|11.49|11.43|13.41|12.97|12.25|12.66|10.49,7.42,10.49,17.91,19.41
Emmvee Photovol.,/company/EMMVEE/consolidated/,EMMVEE,11.29,,6.07,44.8,51.1,80.03,,22438.90,324.10,62.63,30,nse,consolidated,17.6,53.4,324,22439,Industrials,Capital Goods,Other Electrical Equipment,101,64,84,Jun 2026,Mar 2026,Jun 2026,402|528|1072|1028|1131|1152|1739|1556,69|51|58|54|53|53|58|56,,555|424|555|618|952|2336|5050,19|27|19|9|13|31|34,67|59|72|81|79|60|55,2|3|3|2|2|2|0,181|75|129|59|234|614|200,593|562|493|323|291|2046|2634,76|102|111|141|306|758|1711,80.03|80.03|80.03,3.97|2.45|2.92,12.50|12.28|9.80,2.92,9.80,12.72,4.44
CreditAcc. Gram.,/company/CREDITACC/,CREDITACC,12.25,,2.84,9.98,10.5,66.21,,22330.43,1391.70,60.22,30,nse,standalone,18.4,490,1392,22330,Financial Services,Financial Services,Microfinance Institutions,20,24,12,Jun 2026,Mar 2026,Jun 2026,1247|1292|1457|1512|1453|1380|1407|1463|1508|1490|1597|1783,,,278|464|708|871|1282|1683|2028|2669|3487|5167|5752|6059,,,0.64|0.74|0.68|0.67|0.53|0.65|0.65|0.96|1.08|0.96|1.06|1.14,-425|-1726|-1378|-2302|-364|-1969|-3290|-4734|1125|-2770,4|11|12|16|25|87|101|629|599|609|604|588,,66.54|66.50|66.43|66.43|66.37|66.28|66.24|66.21,10.76|9.76|11.38|12.13|12.29|11.68|12.94|13.48,14.86|14.17|12.67|12.76|13.33|13.23|12.59|12.67,13.48,12.67,26.15,3.69
Belrise Industri,/company/BELRISE/,BELRISE,19.60,,4.03,13.8,12.6,61.14,,22231.92,229.87,109.66,30,nse,standalone,45.0,57.1,230,22232,Consumer Discretionary,Automobile and Auto Components,Auto Components & Equipments,12,13,12,Jun 2026,Mar 2026,Jul 2026,1476|1425|1590|1780|1799|1798|1802|1821|2107|2088,76|76|78|79|78|78|78|78|79|79,,2857|3828|4007|4897|5395|6033|6594|7528,11|14|14|15|15|14|14|14,77|75|76|77|77|77|77|78,2|2|2|2|2|3|3|0,|520|97|369|756|762|654|817,1342|1834|2026|2458|2427|2459|2704|2917,201|313|427|423|465|594|689|853,73.01|73.01|66.46|66.46|66.46|61.14,6.78|7.67|8.90|8.86|9.40|12.09,7.12|4.00|9.27|10.16|10.00|13.12,12.09,13.12,25.21,2.95
City Union Bank,/company/CUB/,CUB,16.52,,2.07,6.74,13.2,,,22019.26,222.24,77.51,30,nse,standalone,15.7,107,222,22019,Financial Services,Financial Services,Private Sector Bank,13,11,20,Jun 2026,Mar 2026,Jun 2026,1304|1326|1374|1389|1434|1479|1533|1605|1653|1756|1856|1985,,,2699|2944|3174|3402|3767|4169|4135|4105|4714|5271|5834|6870,,,1.25|1.60|2.14|2.20|2.31|2.24|2.01|2.61|2.44|2.92|2.93|2.74,284|-183|419|1836|922|1166|724|436|1128|802,210|218|215|223|250|245|233|215|239|270|322|469,,,26.01|27.44|28.04|27.38|25.96|23.49|23.37|18.65,33.57|33.59|33.07|35.23|36.75|40.23|40.73|44.84,18.65,44.84,63.49,3.21
Anant Raj,/company/ANANTRAJ/consolidated/,ANANTRAJ,28.20,,3.76,12.1,11.2,57.43,,21813.94,606.15,142.51,30,nse,consolidated,37.7,161,606,21814,Consumer Discretionary,Realty,"Residential, Commercial Projects",38,59,17,Jun 2026,Mar 2026,Jun 2026,332|392|443|472|513|535|541|592|631|642|647|631,72|73|71|74|74|71|70|72|70|69|69|67,,484|431|466|480|350|276|250|462|957|1483|2060|2512,52|32|30|23|22|19|14|16|21|23|24|26,,38|59|60|65|69|68|74|77|75|73|72|70,-127|-305|810|-84|-150|423|33|-26|253|-435,2555|380|2627|2789|1351|1342|1326|1310|1305|1314|1367|1793,1146|1136|1122|1146|962|1388|1457|1135|1197|1416|1151|1058,60.01|60.01|60.16|60.12|60.12|57.41|57.41|57.43,13.04|13.07|12.88|10.62|10.72|11.14|10.88|10.74,6.69|6.71|6.57|6.22|5.82|5.20|4.83|4.60,10.74,4.60,15.34,8.68
Cemindia Project,/company/CEMPRO/consolidated/,CEMPRO,17.85,,9.06,32.8,27.8,67.46,,21784.38,1268.10,70.85,30,nse,consolidated,36.2,140,1268,21784,Industrials,Construction,Civil Construction,25,30,9,Jun 2026,Mar 2026,Jun 2026,1610|2017|2258|2381|1991|2270|2532|2576|2195|2315|2973|2721,39.04|39.26|38.43|36.93|32.17|33.65|36.80|34.86|32.75|30.96|34.35|31.10,,1652|2892|2938|2061|3170|2861|2728|3809|5091|7718|9246|10061,6|7|7|13|10|12|8|8|8|10|9|10,38.98|27.99|22.44|30.21||37.25|31.28|32.54|34.78|37.83|34.87|33.35,33.91|51.44|51.06|33.40||33.68|40.28|43.74|41.56|39.04|42.45|42.14,326|68|-134|447|191|339|471|704|184|500,335|349|385|462|529|624|601|655|847|1081|1077|1168,1131|1175|111|157|246|289|337|400|577|684|644|751,46.64|46.64|46.64|67.46|67.46|67.46|67.46|67.46,20.99|17.04|13.95|9.21|8.36|8.19|7.31|7.26,2.32|2.60|6.14|0.79|0.72|1.50|1.94|2.86,7.26,2.86,10.12,2.17
Happy Forgings,/company/HAPPYFORGE/consolidated/,HAPPYFORGE,40.69,,10.21,18.0,15.0,78.46,,21773.17,2307.00,23.1,30,nse,consolidated,66.5,226,2307,21773,Industrials,Capital Goods,Castings & Forgings,9,21,16,Jun 2026,Mar 2026,Jun 2026,343|342|343|341|361|354|352|354|377|391|424|449,44.67|44.51|43.50|43.52|41.16|42.02|41.35|42.08|39.68|41.11|40.65|39.32,,585|860|1197|1358|1409|1546,27|27|28|29|29|30,43.01|45.16|46.05|43.92|42.00|40.86,17.53|16.50|14.46|15.50|16.64|16.39,60|80|209|189|292|445,415|456|678|744|908|1108,122|184|170|224|232|233,78.60|78.60|78.57|78.54|78.52|78.50|78.48|78.46,2.27|2.28|2.19|2.17|2.03|1.84|1.73|1.88,17.14|17.06|17.07|16.98|17.02|16.73|16.48|15.54,1.88,15.54,17.42,14.08
Tenneco Clean,/company/TENNIND/consolidated/,TENNIND,21.60,,18.11,60.8,44.4,74.79,,21693.73,537.50,165.73,30,nse,consolidated,35.0,29.7,538,21694,Consumer Discretionary,Automobile and Auto Components,Auto Components & Equipments,4,,15,Jun 2026,Mar 2026,Jun 2026,1169|1125|1326|1286|1281|1285|1552|1545,65|66|65|64|66|65|65|66,,4827|5468|4890|5404,12|11|17|17,71|71|66|65,9|11|8|8,538|488|562|1429,631|608|582|582,395|329|278|338,74.79|74.79|74.79,8.41|8.94|9.69,12.00|12.58|11.45,9.69,11.45,21.14,4.01
Sagility,/company/SAGILITY/consolidated/,SAGILITY,11.38,,2.25,13.4,10.6,50.95,,21693.28,46.34,127.24,30,nse,consolidated,21.1,20.6,46.3,21693,Information Technology,Information Technology,IT Enabled Services,19,,29,Jun 2026,Mar 2026,Jun 2026,1094|1260|1283|1223|1325|1453|1568|1539|1658|1971|2024|1963,,,923|4218|4754|5570|7193,21|25|23|23|25,,|7|7|6|6,-32|857|973|1214|1203,8621|8607|8667|8997|9352,,82.39|82.39|67.38|67.38|50.95|50.95|50.95,3.77|3.39|5.99|5.59|10.25|10.02|9.99,7.25|7.47|14.07|14.87|21.36|22.28|21.42,9.99,21.42,31.41,3.02
Pfizer,/company/PFIZER/,PFIZER,16.69,,5.12,24.1,18.0,63.92,,21518.82,4703.80,24.04,30,nse,standalone,28.0,919,4704,21519,Healthcare,Healthcare,Pharmaceuticals,1,2,11,Jun 2026,Mar 2026,Jun 2026,575|540|547|563|589|538|592|603|642|645|629|653,35.60|33.81|34.64|35.66|35.80|36.54|34.21|35.03|35.49|34.85|35.02|36.76,,1853|2012|1966|1969|2082|2152|2239|2611|2425|2193|2281|2520,22|22|18|25|27|27|32|32|33|29|33|36,39.94|39.11|40.51|37.58|35.93|36.83|35.64|36.31|36.03|36.14|35.53|35.10,4.43|3.76|3.92|3.50|3.55|3.03|2.95|2.51|2.40|2.51|2.37|2.43,329|332|98|323|427|667|356|257|660|968,944|925|902|950|886|973|894|869|749|713|724|678,388|361|322|297|387|431|435|449|418|434|476|473,63.92|63.92|63.92|63.92|63.92|63.92|63.92|63.92,3.54|2.74|2.18|2.40|2.60|2.71|2.81|1.65,16.03|16.80|17.10|17.23|17.11|17.05|16.89|17.80,1.65,17.80,19.45,8.54
Carborundum Uni.,/company/CARBORUNIV/consolidated/,CARBORUNIV,28.98,,5.45,10.5,6.92,38.90,,21275.64,1116.80,23.76,30,nse,consolidated,84.8,205,1117,21276,Industrials,Capital Goods,Abrasives & Bearings,4,15,10,Jun 2026,Mar 2026,Jun 2026,1146|1151|1201|1198|1224|1255|1217|1219|1298|1291|1398|1427,35.30|35.91|35.50|35.23|36.07|38.11|37.24|36.93|38.83|39.48|41.00|40.38,,2042|1944|2112|2374|2689|2599|2632|3325|4654|4702|4894|5206,11|16|16|17|16|15|18|16|14|16|15|11,35.14|35.06|34.78|33.90|35.51|34.13|34.12|34.82|36.83|36.10|36.68|39.13,27.84|20.03|19.73|21.70|21.93|22.17|21.05|19.56|17.64|21.36|21.45|22.39,295|213|202|407|451|245|430|602|304|367,793|659|705|736|695|748|777|1006|1527|1555|1716|1906,388|370|387|438|533|508|461|691|899|850|1055|1117,41.05|39.82|39.82|39.23|38.96|38.90|38.89|38.90,12.71|13.01|12.11|11.81|10.87|10.98|10.73|11.13,28.03|28.18|28.86|29.22|29.82|30.01|29.45|29.05,11.13,29.05,40.18,4.09
SPR Auto Technologies,/company/SHRIPISTON/consolidated/,SHRIPISTON,21.13,,6.94,20.8,21.4,41.55,,21208.73,4572.20,32.5,30,nse,consolidated,36.4,659,4572,21209,Consumer Discretionary,Automobile and Auto Components,Auto Components & Equipments,20,23,35,Jun 2026,Mar 2026,Aug 2026,752|766|856|837|876|848|988|963|1016|1023|1456|1474,38|40|43|41|42|41|44|42|44|44|52|51,,1244|1393|1463|1729|1955|1607|1597|2065|2609|3089|3550|4459,15|17|17|17|15|11|14|15|18|21|20|20,32.25|31.27|28.21|31.16|35.26|36.39|35.84|38.12|42.09|40.39|41.91|46.15,22.27|22.58|23.90|21.81|20.06|20.07|19.61|19.82|17.58|16.89|16.34|14.92,183|175|157|297|190|219|395|487|434|625,667|597|577|555|613|741|703|689|733|934|1203|2976,216|208|240|281|347|291|274|333|339|391|472|624,43.75|43.75|43.75|43.75|43.75|43.75|43.75|41.55,4.50|5.30|5.88|5.99|6.62|7.65|8.21|8.39,13.06|13.15|13.34|13.23|13.14|12.89|12.16|16.00,8.39,16.00,24.39,4.76
The Ramco Cement,/company/RAMCOCEM/consolidated/,RAMCOCEM,17.88,,2.61,6.13,0.38,42.55,,21163.53,895.65,24.97,30,nse,consolidated,111,343,896,21164,Commodities,Construction Materials,Cement & Cement Products,3,11,9,Jun 2026,Mar 2026,Jun 2026,2341|2111|2678|2094|2044|1983|2397|2074|2239|2106|2610|2273,18.88|15.56|23.21|17.39|19.65|20.61|22.95|17.32|22.21|21.37|23.50|18.29,,3655|3582|3967|4425|5162|5389|5291|6004|8157|9376|8518|9029,20|30|30|25|20|21|29|22|15|17|14|16,19|16|17|17|16|16|16|15|16|18|20|21,28|22|20|45|51|48|41|51|59|55|54|52,1117|1124|793|748|1892|1135|1412|1898|1399|1611,4882|5026|5211|5323|5400|6049|6978|7773|10195|12053|12344|12918,522|550|577|561|561|647|599|834|884|983|1016|1030,42.29|42.75|42.55|42.55|42.55|42.55|42.55|42.55,6.61|6.88|7.29|8.43|8.15|7.98|8.04|7.52,30.87|30.89|30.14|27.85|28.48|28.15|28.92|29.50,7.52,29.50,37.02,2.34
Brigade Enterpr.,/company/BRIGADE/consolidated/,BRIGADE,14.57,,3.07,10.5,10.5,41.10,,20954.00,642.25,30.3,30,nse,consolidated,30.8,209,642,20954,Consumer Discretionary,Realty,"Residential, Commercial Projects",18,24,5,Jun 2026,Mar 2026,Jun 2026,1367|1174|1702|1078|1072|1464|1460|1281|1383|1575|1458|1116,29.51|18.29|36.05|12.01|7.62|20.02|15.05|16.05|7.45|23.42|14.68|-3.70,,1311|2038|2024|1897|2973|2632|1950|2999|3445|4897|5074|5697,29|24|29|29|27|25|24|26|25|25|28|25,-10.01|13.58|12.58|10.76|28.98|19.77|11.38|8.93|1.91|23.08|15.43|15.65,58.05|45.70|39.43|37.10|26.85|33.88|46.02|47.53|53.14|35.81|34.49|36.41,398|49|467|465|803|1032|966|334|995|-137,1362|340|1431|1805|2277|2998|5020|4905|4681|4593|6899|8537,1544|2307|2264|2179|4816|5209|5902|6223|7327|7736|8887|11401,41.37|41.37|41.14|41.13|41.13|41.12|41.11|41.10,18.47|20.23|20.21|19.33|18.67|18.14|16.75|15.63,24.02|22.91|22.87|23.44|23.28|23.55|24.74|25.46,15.63,25.46,41.09,3.68
Diamond Power,/company/DIACABS/,DIACABS,94.40,,-29.83,24.2,,74.04,,20896.60,349.40,117.73,30,nse,standalone,113,-11.7,349,20897,Industrials,Capital Goods,Other Electrical Equipment,401,,96,Jun 2026,Mar 2026,Jul 2026,75|60|134|224|250|307|334|304|445|481|715|707,68|74|76|80|84|86|86|82|84|80|84|85,,1740|2126|2674|2369|2045|1131|0|0|15|343|1115|1944,11|10|10|4.9|-0.5|-57||-5560|-153|12|6|10,85|85|86|92|94|122||0|108|73|83|83,2|2|1|1|1|1||0|62|7|6|0,106|-322|-148|-254|4|9|-1953|16|81|-12,345|319|489|437|1339|1246|1103|1087|1070|1057|1168|1168,591|849|1150|1076|805|481|47|47|68|120|206|347,90.00|90.00|84.02|84.02|84.02|84.02|84.02|74.04,0.04|0.04|1.41|1.42|0.44|0.36|1.77|4.56,0.00|0.00|0.01|0.10|0.10|0.07|0.23|10.94,4.56,10.94,15.5,10.75
Granules India,/company/GRANULES/consolidated/,GRANULES,16.59,,4.08,15.5,13.8,38.01,,20731.93,836.65,63.02,30,nse,consolidated,31.9,205,837,20732,Healthcare,Healthcare,Pharmaceuticals,6,11,25,Jun 2026,Mar 2026,Jun 2026,1189|1156|1176|1180|967|1138|1197|1210|1297|1388|1471|1477,48.35|43.04|39.94|41.06|37.99|38.29|36.61|35.13|34.31|36.14|34.28|34.39,,1292|1357|1411|1685|2279|2599|3238|3765|4512|4506|4482|5366,16|20|21|17|17|20|26|19|20|19|21|22,57.83|53.42|48.18|53.21|55.09|49.29|42.97|50.03|51.14|44.85|38.51|34.96,6.91|6.36|7.20|7.07|6.34|6.24|6.24|6.22|5.69|6.98|7.56|8.39,188|-1|262|476|432|332|739|439|867|793,617|560|644|777|944|1204|1332|1541|1911|2096|2426|3250,225|254|269|280|384|438|782|979|1149|1301|1343|1673,38.87|38.85|38.83|38.82|38.81|38.81|38.02|38.01,19.49|15.87|15.14|13.24|14.09|13.55|15.31|17.50,14.85|19.57|22.45|23.52|17.91|17.47|17.01|16.11,17.50,16.11,33.61,3.86
Indraprastha Gas,/company/IGL/consolidated/,IGL,7.77,,1.8,17.9,14.0,45.00,,20665.42,147.61,28,30,nse,consolidated,15.2,82.2,148,20665,Energy,"Oil, Gas & Consumable Fuels",LPG/CNG/PNG/LNG Supplier,5,27,10,Jun 2026,Mar 2026,Jun 2026,3459|3556|3597|3517|3698|3759|3948|3914|4023|4068|4163|4587,69|72|71|71|73|78|75|75|78|76|77|83,,3681|3686|3815|4535|5765|6485|4941|7710|14133|14000|14928|16168,22|21|25|25|22|24|30|25|14|17|13|11,64|62|55|55|59|57|45|57|74|70|74|77,10|11|12|12|12|12|15|11|8|8|8|0,946|879|1157|1361|1546|1898|2231|1532|2199|1936,1956|2019|2117|2432|2877|3557|4321|5002|5734|6603|7192|8069,43|61|57|56|55|54|49|50|54|57|57|61,45.00|45.00|45.00|45.00|45.00|45.00|45.00|45.00,19.29|14.32|14.67|16.82|17.21|17.00|17.08|10.16,23.18|26.12|26.18|23.99|24.08|24.17|23.25|30.02,10.16,30.02,40.18,1.28
Aadhar Hsg. Fin.,/company/AADHARHFC/consolidated/,AADHARHFC,13.05,,2.72,11.4,15.9,64.66,,20621.81,471.10,17.02,30,nse,consolidated,17.9,173,471,20622,Financial Services,Financial Services,Housing Finance Company,22,19,18,Jun 2026,Mar 2026,Jun 2026,629|673|692|713|764|798|833|848|897|943|985|993,,,1266|1388|1575|1728|2043|2587|3109|3683,,,0.55|0.95|1.12|0.96|1.41|1.43|1.42|1.45,-2554|-1785|-1202|-907|-1156|-2550|-3027|-2808,42|44|53|55|63|80|92|138,,75.89|75.74|75.61|75.50|75.32|75.19|64.90|64.66,4.32|4.30|5.32|5.58|6.11|6.19|6.13|5.80,9.46|9.27|8.58|8.43|8.25|8.45|9.15|9.92,5.80,9.92,15.72,5.6
LMW,/company/LMW/consolidated/,LMW,51.24,,7.04,5.58,4.05,30.80,,20191.94,18901.00,11.99,30,nse,consolidated,111,2683,18901,20192,Industrials,Capital Goods,Industrial Products,-12,13,11,Jun 2026,Mar 2026,Jun 2026,1320|1214|971|673|769|766|804|694|822|758|933|861,63|63|63|62|62|62|60|62|62|60|63|62,,2488|2863|2499|2643|2712|1574|1727|3171|4719|4696|3012|3207,12|12|10|10|10|0.7|4.1|8|10|9|4.7|5,61|63|63|61|60|60|61|63|64|63|61|62,9|8|8|9|9|10|9|9|8|9|9|9,137|211|99|74|157|485|364|141|29|177,439|464|520|570|699|711|701|721|903|972|990|946,325|339|364|346|326|288|345|515|702|620|571|575,31.13|31.13|31.13|30.80|30.80|30.80|30.80|30.80,5.49|5.63|5.91|5.81|5.53|5.47|5.54|5.45,10.63|10.16|9.63|9.85|9.78|9.77|9.55|9.50,5.45,9.50,14.95,6.3
C P C L,/company/CHENNPETRO/consolidated/,CHENNPETRO,3.25,,1.8,34.9,31.8,67.29,,19970.51,1341.10,333.36,30,nse,consolidated,4.78,746,1341,19971,Energy,"Oil, Gas & Consumable Fuels",Refineries & Marketing,-6,23,34,Jun 2026,Mar 2026,Jun 2026,16545|17376|17720|17095|12086|12925|17249|14812|16327|15683|16817|27369,86|94|91|93|101|94|93|96|89|87|83|92,,41899|25716|27522|32370|41113|36973|22222|43068|76271|66024|58983|63148,-0.3|5|7|6|1.3|-6|9|6|7|7|1.8|8,98|90|89|90|95|102|86|90|90|91|96|89,1|2|1|1|1|1|2|1|1|1|1|2,609|2757|-144|-620|452|1026|5749|2694|1352|2945,4102|4119|3883|5914|6977|7034|7142|6967|7637|7506|7325|7182,3886|3201|3207|4782|4882|2400|4549|7575|6017|7874|6537|8199,67.29|67.29|67.29|67.29|67.29|67.29|67.29|67.29,16.17|11.08|10.58|8.78|8.80|12.87|12.59|14.98,0.30|1.81|2.24|2.48|2.60|1.02|2.11|1.01,14.98,1.01,15.99,0.32
Elgi Equipments,/company/ELGIEQUIP/consolidated/,ELGIEQUIP,26.78,,8.93,22.1,19.0,31.19,,19928.82,628.85,38.69,30,nse,consolidated,43.0,70.4,629,19929,Industrials,Capital Goods,"Compressors, Pumps & Diesel Engines",9,15,16,Jun 2026,Mar 2026,Jun 2026,806|822|866|801|869|848|993|867|968|1003|1113|1062,48.16|48.87|49.26|48.05|47.47|48.69|51.10|47.83|48.12|49.31|50.22|49.78,,1294|1401|1370|1604|1863|1829|1924|2525|3041|3218|3510|3951,7|9|10|11|10|8|11|12|14|15|15|15,56.91|55.67|55.02|56.42|55.34|53.61|53.41|53.75|50.43|48.76|48.92|48.95,4.00|3.62|4.77|4.61|5.95|6.12|6.97|7.98|7.73|7.23|6.82|6.87,126|47|172|35|240|69|166|285|391|454,454|462|441|440|504|600|572|553|587|587|592|699,266|226|226|274|279|343|343|483|602|622|608|711,31.19|31.19|31.19|31.19|31.19|31.19|31.19|31.19,29.40|29.40|29.09|27.62|26.12|23.11|22.20|21.90,5.04|5.07|4.98|5.23|6.24|8.08|9.08|10.12,21.90,10.12,32.02,5.04
Finolex Cables,/company/FINCABLES/consolidated/,FINCABLES,17.76,,3.26,16.0,12.3,35.86,,19850.00,1297.90,182.16,30,nse,consolidated,24.8,398,1298,19850,Industrials,Capital Goods,Cables - Electricals,12,18,27,Jun 2026,Mar 2026,Jun 2026,1187|1222|1401|1230|1312|1182|1595|1396|1376|1599|1951|2013,78|79|79|81|83|79|80|81|80|82|83|81,,2360|2445|2815|3078|2877|2768|3768|4481|5014|5319|6321,15|16|16|15|13|13|11|11|12|10|10,73|71|72|74|72|74|79|79|79|81|81,3|3|3|3|3|3|2|2|2|2|0,213|236|154|309|114|473|356|577|207|49,432|415|409|404|387|394|380|435|444|583|850,329|462|499|587|593|755|653|675|576|717|1023,35.86|35.86|35.86|35.86|35.86|35.86|35.86|35.86,11.32|10.99|10.57|10.67|9.90|9.42|9.62|9.65,16.73|16.25|16.07|15.57|15.88|15.77|16.44|16.71,9.65,16.71,26.36,3.14
Chalet Hotels,/company/CHALET/consolidated/,CHALET,19.78,,5.33,17.1,19.2,67.29,,19735.75,901.20,13.32,30,nse,consolidated,36.9,169,901,19736,Consumer Discretionary,Consumer Services,Hotels & Resorts,35,58,6,Jun 2026,Mar 2026,Jun 2026,315|374|418|361|377|458|522|895|735|582|558|512,8.25|8.15|7.40|7.96|7.72|7.27|6.55|33.05|26.47|7.66|5.68|6.81,,441|582|737|796|987|981|286|508|1128|1417|1718|2770,14|23|15|31|32|34|2.5|19|40|41|43|43,0.00|0.00|0.00|6.26|11.21|8.68|8.36|10.35|8.85|7.45|6.80|20.45,39.24|33.95|27.40|20.89|17.17|17.79|31.37|30.38|20.17|18.13|17.52|3.41,201|249|366|252|60|62|477|689|950|1067,2295|2390|2839|2819|2753|3019|3080|3413|3854|4406|5210|5693,322|326|319|312|395|437|435|436|439|571|660|269,67.48|67.41|67.41|67.40|67.34|67.33|67.29|67.29,7.04|7.52|5.23|5.29|5.73|5.08|4.71|4.26,21.46|21.21|23.93|23.92|23.40|23.99|24.57|24.99,4.26,24.99,29.25,7.12
Jindal Saw,/company/JINDALSAW/consolidated/,JINDALSAW,11.70,,1.57,10.4,8.20,63.25,,19735.22,308.60,64.1,30,nse,consolidated,30.2,197,309,19735,Industrials,Capital Goods,Iron & Steel Products,0,11,-9,Jun 2026,Mar 2026,Jun 2026,5466|5656|5425|4939|5572|5271|5047|4085|4234|4943|4633|4452,60|57|59|55|58|56|58|52|56|59|57|60,,8208|7703|7070|8507|12117|11627|10664|13298|17868|20958|20829|17895,12|9|10|12|12|13|12|11|9|16|17|12,52|56|54|58|62|60|57|59|63|58|57|56,20|16|17|13|10|10|13|14|14|12|12|13,1163|565|1567|1665|1570|73|1616|2593|2335|1771,8239|7977|7455|7120|7163|7491|7316|7357|7484|8853|9341|10409,2988|2466|2310|2463|3187|2687|2919|3756|4105|4895|4921|5267,63.29|63.28|63.28|63.26|63.25|63.25|63.25|63.25,16.08|15.73|16.99|15.12|15.35|14.09|13.46|13.08,4.54|4.69|4.40|4.77|4.35|3.50|5.79|8.36,13.08,8.36,21.44,1.1
CESC,/company/CESC/consolidated/,CESC,7.64,,1.57,10.9,12.0,52.11,,19633.02,148.11,22.91,30,nse,consolidated,12.6,94.5,148,19633,Utilities,Power,Integrated Power Utilities,9,10,9,Jun 2026,Mar 2026,Jun 2026,4352|3244|3387|4863|4700|3561|3877|5202|5267|4005|4096|5485,0.07|0.06|0.09|0.04|0.04|0.03|0.03|0.02|1.10|0.95|0.24|0.02,,11067|12124|8363|10275|10664|12159|11632|12544|14246|15293|17001|18570,18|27|34|30|27|27|28|24|16|15|17|20,-0|-0|0|0|0|0|0|0|0|0|0|0,47|38|49|52|56|57|56|60|69|70|70|66,2655|2469|2294|3408|2806|2499|1978|2351|2581|4057,20869|26500|26626|23854|23649|24739|24197|23216|22826|22131|22847|22840,668|702|851|583|700|720|598|659|880|878|724|698,52.11|52.11|52.11|52.11|52.11|52.11|52.11|52.11,13.30|12.36|11.01|10.93|11.09|11.88|11.61|11.46,22.63|23.75|25.10|25.38|25.65|25.61|26.24|26.14,11.46,26.14,37.6,1.06
Aarti Industries,/company/AARTIIND/consolidated/,AARTIIND,17.87,,3.29,6.86,7.13,41.82,,19599.94,540.35,75.19,30,nse,consolidated,37.5,164,540,19600,Commodities,Chemicals,Specialty Chemicals,8,13,27,Jun 2026,Mar 2026,Jun 2026,1454|1732|1773|1851|1628|1843|1949|1675|2100|2318|2205|2387,59|64|60|63|62|67|64|67|65|66|60|64,,2890|3006|3163|3806|4168|4186|4506|6086|6619|6371|7269|8286,16|19|21|18|23|23|22|28|16|15|14|14,57|56|49|50|44|42|40|39|49|55|58|59,17|15|20|20|20|21|22|20|22|18|16|15,470|335|736|1102|873|519|1319|1210|1238|781,967|1246|1697|1998|2147|2468|3593|3595|4861|5649|6377|6399,552|495|571|747|772|836|936|934|1031|1160|1454|1732,42.61|42.35|42.24|42.24|42.18|42.14|42.09|41.82,9.68|7.25|6.29|6.44|6.40|6.70|7.38|7.00,18.11|17.93|19.96|20.38|18.21|18.22|20.12|21.11,7.00,21.11,28.11,2.37
Inox India,/company/INOXINDIA/consolidated/,INOXINDIA,50.16,,17.28,33.5,26.1,74.86,,19298.14,2126.20,70.36,30,nse,consolidated,75.0,123,2126,19298,Industrials,Capital Goods,Other Industrial Products,18,22,20,Jun 2026,Mar 2026,Jun 2026,258|291|277|296|307|334|369|340|358|429|461|371,44.79|44.75|37.86|44.43|45.73|44.60|42.46|39.68|41.76|47.67|45.29|38.86,,650|649|594|783|966|1133|1306|1587,22|20|23|21|21|22|22|22,36.96|43.66|41.72|43.15|44.80|44.45|44.22|44.56,11.05|9.44|13.64|15.16|15.05|13.09|15.01|15.57,85|188|231|97|177|122|122|117,94|110|102|134|164|255|359|428,222|161|146|323|413|434|493|478,75.00|75.00|75.00|75.00|75.00|75.00|75.00|74.86,5.84|6.52|6.85|6.94|7.12|7.14|7.13|6.86,7.14|6.99|6.26|6.68|6.70|7.27|7.72|7.67,6.86,7.67,14.53,12.16
Caplin Point Lab,/company/CAPLIPOINT/consolidated/,CAPLIPOINT,20.07,,5.33,24.6,20.6,70.57,,19133.66,2517.20,25.34,30,nse,consolidated,28.8,472,2517,19134,Healthcare,Healthcare,Pharmaceuticals,14,16,15,Jun 2026,Mar 2026,Jun 2026,410|436|453|459|483|493|502|510|534|543|600|610,40.02|43.65|43.40|40.41|39.09|39.63|40.04|38.27|39.38|39.64|40.82|40.17,,252|239|402|540|649|863|1061|1269|1467|1694|1937|2187,24|27|31|36|36|30|31|31|30|33|34|35,53.87||46.04|44.12|44.52|47.86|44.45|43.92|45.22|42.75|39.79|39.58,7.46||6.78|4.88|4.62|3.66|3.20|3.63|3.91|4.93|4.52|0.00,68|66|83|45|269|337|271|318|432|523,113|144|152|169|227|272|305|287|280|453|546|605,14|19|22|28|37|238|179|227|288|363|336|429,70.56|70.56|70.56|70.56|70.57|70.57|70.57|70.57,3.71|4.86|5.73|6.16|6.51|6.58|6.15|5.76,1.83|2.11|2.00|2.22|2.10|2.05|2.14|2.49,5.76,2.49,8.25,8.75
GE Shipping Co,/company/GESHIP/consolidated/,GESHIP,3.01,,1.13,15.8,15.9,30.08,,19125.09,1339.60,139.94,30,nse,consolidated,5.10,1188,1340,19125,Services,Services,Shipping,-2,10,24,Jun 2026,Mar 2026,Jun 2026,1229|1245|1497|1508|1354|1237|1223|1201|1242|1454|1511|2005,,,3438|3808|3117|3038|3547|3687|3337|3509|5690|5255|5323|5409,42|52|46|40|30|33|50|44|55|58|50|58,,36.54|23.57|23.51|32.26|39.66|34.48|29.49|33.43|28.02|24.46|26.55|24.18,1522|969|1096|1481|1534|1323|2975|2808|2647|2854,10888|8925|10304|9809|9617|9123|9042|8877|8450|8329|8247|9339,140|113|145|176|218|215|209|224|204|247|253|286,30.08|30.08|30.08|30.08|30.08|30.08|30.08|30.08,24.64|25.04|25.44|24.64|24.88|25.70|28.44|31.03,15.68|15.21|14.90|15.11|15.84|16.20|15.25|12.81,31.03,12.81,43.84,3.54
Kajaria Ceramics,/company/KAJARIACER/consolidated/,KAJARIACER,18.64,,6.33,23.4,17.9,47.69,,19100.74,1215.50,30.61,30,nse,consolidated,33.1,192,1216,19101,Consumer Discretionary,Consumer Durables,Ceramics,3,12,9,Jun 2026,Mar 2026,Jun 2026,1122|1152|1208|1096|1179|1156|1222|1103|1186|1168|1373|1328,40.85|40.74|45.81|41.76|43.37|40.82|44.15|40.12|43.03|41.57|45.80|40.07,,2187|2413|2550|2711|2956|2808|2781|3705|4382|4474|4635|4830,16|19|20|17|15|15|19|17|14|16|14|18,33.63|30.66|31.61|34.06|34.09|35.26|41.17|37.77|37.10|38.95|38.67|39.80,31.21|29.40|26.39|26.95|29.58|28.13|22.09|28.09|31.75|26.69|27.66|25.23,338|238|317|224|509|426|296|602|501|664,860|1121|1177|1145|1078|1195|1192|1150|1447|1638|1717|1675,303|384|372|378|406|513|373|466|565|532|618|551,47.49|47.49|47.49|47.49|47.61|47.69|47.69|47.69,16.07|16.04|15.79|12.55|11.57|11.66|10.23|11.58,28.39|27.91|27.68|27.39|26.00|26.30|27.47|26.24,11.58,26.24,37.82,3.95
Pine Labs,/company/PINELABS/consolidated/,PINELABS,20.98,,3.22,4.15,2.46,,,19046.74,165.07,332.18,30,nse,consolidated,147,51.3,165,19047,Financial Services,Financial Services,Financial Technology (Fintech),19,32,20,Jun 2026,Mar 2026,Jun 2026,552|602|599|616|650|744|701|737,14.16|11.47|14.79|12.44|12.52|13.99|14.89|14.57,,848|670|932|1598|1770|2274|2711,10|16|12|0.3|-1.4|10|13,30.85|8.40|4.29|6.82|8.85|12.55|13.52,4.87|6.29|4.62|13.55|13.53|12.09|11.85,11|111|-79|-152|-229|50|395,1017|980|1019|2103|1920|1825|1856,3|4|12|40|28|30|32,,5.23|4.80|9.49,11.26|11.81|24.82,9.49,24.82,34.31,7.03
Firstsour.Solu.,/company/FSL/consolidated/,FSL,13.01,,4.34,16.8,17.6,53.66,,19040.26,269.30,135.15,30,nse,consolidated,23.8,62.0,269,19040,Services,Services,Business Process Outsourcing (BPO)/ Knowledge Process Outsourcing (KPO),17,13,20,Jun 2026,Mar 2026,Jun 2026,1540|1597|1670|1791|1925|2102|2161|2218|2312|2443|2583|2725,,,3035|3217|3556|3535|3826|4099|5078|5921|6022|6336|7980|9556,13|12|13|13|14|16|17|17|14|16|16|17,,5|5|5|5|4|5|5|5|5|10|5|6,200|315|400|410|976|704|795|644|701|1214,2444|2022|2068|2080|2223|2871|2998|3744|3716|3853|4994|5567,,53.66|53.66|53.66|53.66|53.66|53.66|53.66|53.66,11.63|11.01|10.07|9.58|9.25|9.20|8.85|8.38,18.60|20.89|22.90|23.95|24.63|25.19|25.49|25.41,8.38,25.41,33.79,1.99
Atul,/company/ATUL/consolidated/,ATUL,13.60,,3.06,14.9,11.5,45.33,,19017.90,6459.50,44.65,30,nse,consolidated,23.9,2113,6460,19018,Commodities,Chemicals,Specialty Chemicals,5,11,16,Jun 2026,Mar 2026,Jun 2026,1194|1138|1212|1322|1393|1417|1452|1478|1552|1574|1670|1848,56|53|50|50|47|49|50|51|53|53|53|51,,2637|2595|2834|3514|4038|4093|3731|5081|5428|4726|5583|6274,15|18|18|14|19|22|25|18|15|14|16|16,55|51|51|51|52|48|45|51|53|53|49|53,18|18|18|16|16|16|16|16|17|18|18|16,392|356|404|881|718|231|707|667|603|1023,514|750|1026|1027|1104|1125|1418|1634|1770|2792|2847|2676,415|428|419|411|512|503|594|864|789|618|729|815,45.17|45.18|45.18|45.18|45.21|45.22|45.22|45.33,9.66|11.22|9.79|8.77|8.31|7.45|7.50|7.44,24.54|22.78|23.62|24.97|24.95|25.41|25.89|25.93,7.44,25.93,33.37,3.03
Cams Services,/company/CAMS/,CAMS,26.46,,15.65,48.3,37.0,0.00,,18920.27,762.00,98.23,30,nse,standalone,41.7,48.7,762,18920,Financial Services,Financial Services,"Depositories, Clearing Houses and Other Intermediaries",15,16,5,Jun 2026,Mar 2026,Jun 2026,255|269|287|308|342|348|336|334|354|367|357|353,,,372|442|464|606|651|661|674|864|929|1054|1334|1412,34|32|38|34|30|39|40|45|44|46|46|45,,3.02|2.62|2.90|2.67|2.95|22.88|21.68|18.24|18.11|18.23|18.94|18.90,102|188|144|180|239|306|317|388|442|578,63|56|62|80|87|158|144|169|165|163|194|204,,0.00|0.00|0.00|0.00|0.00|0.00|0.00|0.00,56.53|57.63|55.00|52.00|46.90|44.65|44.44|44.88,18.64|17.34|16.70|17.31|20.76|22.00|22.06|23.54,44.88,23.54,68.42,13.4
Sun TV Network,/company/SUNTV/consolidated/,SUNTV,6.48,,1.48,16.4,12.2,75.00,,18699.32,474.50,20.33,30,nse,consolidated,11.8,321,474,18699,Consumer Discretionary,"Media, Entertainment & Publication",TV Broadcasting & Software Production,5,6,13,Jun 2026,Mar 2026,Jun 2026,1048|923|961|1314|936|829|942|1290|1300|862|883|1458,,,2395|2474|2646|2963|3783|3520|3177|3585|3772|4282|4020|4335,70|49|67|68|69|65|65|64|63|62|53|50,,14.01|13.08|12.89|14.23|14.83|16.94|15.44|17.88|19.48|21.35|26.88|27.13,1296|1371|1824|1656|1464|1634|2096|2171|1665|1802,1179|845|1225|1153|1112|1145|946|1791|1729|1707|1579|2538,0|1|1|0|0|0|0|0|0|0|0|0,75.00|75.00|75.00|75.00|75.00|75.00|75.00|75.00,7.23|7.11|6.87|6.91|6.71|6.47|6.64|5.80,10.00|10.17|10.45|10.35|10.19|10.64|10.91|11.30,5.80,11.30,17.1,4.31
HBL Engineering,/company/HBLENGINE/consolidated/,HBLENGINE,16.14,,8.44,58.4,45.3,59.11,,18685.71,674.10,62.9,30,nse,consolidated,23.3,79.9,674,18686,Industrials,Capital Goods,Other Industrial Products,34,29,63,Jun 2026,Mar 2026,Jun 2026,557|599|610|520|521|451|476|602|1223|874|604|638,52.06|52.28|47.66|49.58|49.84|48.02|49.83|43.20|36.57|41.65|51.40|48.42,,1349|1299|1414|1603|1266|1092|912|1236|1369|2233|1967|3303,10|10|9|8|8|7|7|11|11|19|20|34,61.89|60.07|62.65|66.43|64.44|62.95|61.73|60.92|60.84|51.48|49.35|41.83,12.01|12.94|12.46|12.12|12.50|13.12|13.66|12.42|12.34|16.17|14.50|0.00,43|159|167|149|121|62|122|270|239|738,456|415|417|363|321|304|279|265|320|354|397|441,518|396|408|367|325|304|290|307|336|433|534|562,59.10|59.10|59.10|59.10|59.11|59.11|59.11|59.11,4.91|5.22|4.83|4.83|7.10|5.87|5.94|5.62,0.96|0.39|0.36|0.36|0.64|0.82|0.79|0.97,5.62,0.97,6.59,5.66
EIH,/company/EIHOTEL/consolidated/,EIHOTEL,14.30,,3.54,20.7,14.5,32.85,,18623.35,297.80,5.57,30,nse,consolidated,25.6,84.2,298,18623,Consumer Discretionary,Consumer Services,Hotels & Resorts,13,43,8,Jun 2026,Mar 2026,Jun 2026,531|741|741|527|589|800|827|574|598|873|895|657,9.52|8.71|8.69|10.20|9.65|8.53|8.19|10.20|10.48|9.03|8.49|10.46,,1669|1661|1529|1599|1811|1596|494|985|2019|2511|2743|2940,20|21|17|19|22|18|-72|-3.4|30|37|37|35,13.27|14.12|14.56|14.10|13.50|12.49|14.83|13.48|9.53|9.09|8.99|9.39,17.03|16.06|18.08|17.37|16.99|19.18|38.85|19.57|14.08|12.51|12.22|11.31,243|272|282|317|-139|-19|614|712|825|993,2615|2230|2092|2548|2628|3007|2885|2854|2871|2885|3143|3880,49|50|50|51|60|61|51|49|64|62|60|64,32.85|32.85|32.85|32.85|32.85|32.85|32.85|32.85,4.56|5.33|6.08|5.92|5.93|6.16|6.62|6.65,14.61|13.86|13.64|13.78|14.17|14.13|13.88|13.78,6.65,13.78,20.43,6.33
Leela Palaces Hotels,/company/THELEELA/consolidated/,THELEELA,24.51,,2.89,8.73,8.21,75.91,,18543.01,555.25,32.27,30,nse,consolidated,41.3,192,555,18543,Consumer Discretionary,Consumer Services,Hotels & Resorts,21,,19,Jun 2026,Mar 2026,Jun 2026,228|277|370|425|275|311|457|484|352,8.21|8.33|6.90|6.45|7.14|7.72|6.81|6.33|7.78,,860|1171|1301|1527,44|47|46|48,,19.15|17.90|16.97|15.45,318|539|553|777,5259|6212|6305|7208,26|31|27|32,75.91|75.91|75.91|75.91|75.91,8.65|8.50|9.02|8.62|7.87,9.94|11.08|10.58|10.51|11.51,7.87,11.51,19.38,12.14
Triveni Turbine,/company/TRITURBINE/consolidated/,TRITURBINE,35.73,,12.75,34.1,25.2,55.84,,18447.65,580.30,42.67,30,nse,consolidated,53.1,45.5,580,18448,Industrials,Capital Goods,Heavy Electrical Equipment,20,25,18,Jun 2026,Mar 2026,Jun 2026,388|432|458|463|501|503|538|371|506|624|680|443,51|49|49|48|51|50|50|48|49|53|59|57,,651|713|745|751|840|818|703|852|1248|1654|2006|2181,19|22|23|21|18|19|21|19|19|19|22|21,59|56|52|51|56|54|51|55|52|50|50|53,3|3|2|3|4|2|3|3|10|12|8|6,82|91|148|188|187|433|196|271|187|111,155|132|232|226|254|246|248|247|269|283|323|363,135|157|148|183|220|177|166|178|217|243|214|266,55.84|55.84|55.84|55.84|55.84|55.84|55.84|55.84,28.09|28.34|28.00|25.45|23.60|22.38|20.81|20.58,11.49|10.92|10.63|12.15|13.88|14.60|16.52|15.99,20.58,15.99,36.57,8.46
Azad Engineering,/company/AZAD/consolidated/,AZAD,66.55,,12.03,11.9,9.09,55.84,,18409.03,2850.50,158.78,30,nse,consolidated,132,237,2850,18409,Industrials,Capital Goods,Heavy Electrical Equipment,34,37,29,Jun 2026,Mar 2026,Jun 2026,83|89|93|98|112|120|127|137|146|159|162|173,14.63|11.59|17.02|15.57|14.21|13.54|12.77|12.23|11.80|8.26|6.84|5.61,,123|194|252|341|457|603,23|32|29|34|35|37,11.25|10.68|11.98|13.50|13.92|9.64,31.91|28.59|28.13|24.94|25.03|0.00,5|21|-10|-7|54|-119,121|144|217|257|436|779,34|57|86|133|189|329,65.90|65.90|60.32|55.42|55.42|55.84|55.84|55.84,9.74|9.98|14.23|16.16|15.76|15.33|14.75|13.30,5.74|6.57|8.23|8.91|9.84|10.73|11.71|10.32,13.30,10.32,23.62,30.53
eClerx Services,/company/ECLERX/consolidated/,ECLERX,15.02,,7.19,34.4,28.4,54.53,,18391.62,1955.50,54.16,30,nse,consolidated,25.2,272,1956,18392,Services,Services,Business Process Outsourcing (BPO)/ Knowledge Process Outsourcing (KPO),16,21,23,Jun 2026,Mar 2026,Jun 2026,722|753|767|782|832|854|898|935|1005|1070|1107|1152,,,942|1314|1330|1365|1431|1438|1564|2160|2648|2926|3366|4117,34|37|35|27|22|23|29|31|27|27|24|26,,4|6|6|7|6|5|5|6|6|4|5|5,312|305|206|333|365|444|493|526|655|873,167|365|325|343|348|480|728|713|773|843|974|1054,-0|0|0|0|0|0|0|1|0|1|0|1,53.81|53.81|53.81|53.81|53.81|53.81|54.53|54.53,10.31|10.27|10.12|10.16|10.95|11.39|11.82|11.01,24.02|24.19|25.12|26.04|25.72|25.31|23.95|23.84,11.01,23.84,34.85,4.47
Castrol India,/company/CASTROLIND/,CASTROLIND,11.10,,9.59,60.3,45.9,51.00,,18322.50,185.24,49.65,30,nse,standalone,17.0,19.3,185,18322,Energy,"Oil, Gas & Consumable Fuels",Lubricants,6,14,12,Jun 2026,Dec 2025,Jun 2026,1183|1264|1325|1398|1288|1354|1422|1497|1363|1440|1545|1871,52.94|49.12|52.11|51.41|52.22|47.72|51.95|51.56|50.18|50.35|50.95|49.17,,3392|3298|3370|3584|3905|3877|2997|4192|4774|5075|5365|5722,21|27|30|29|27|30|27|25|23|24|24|24,57|49|45|46|49|45|42|49|52|52|51|51,5|5|5|5|6|6|7|6|5|5|5|5,664|608|549|879|893|630|916|853|1044|1090,172|149|147|139|186|200|209|201|261|259|319|334|348,365|305|344|320|457|305|367|492|534|533|524|546|1042,51.00|51.00|51.00|51.00|51.00|51.00|51.00|51.00,10.05|9.52|10.64|10.31|10.27|9.68|8.48|8.17,15.19|14.46|14.57|14.92|14.95|14.58|14.20|13.63,8.17,13.63,21.8,3.2
Ratnamani Metals,/company/RATNAMANI/consolidated/,RATNAMANI,22.05,,4.46,17.9,12.6,59.77,,18301.72,2611.10,30.5,30,nse,consolidated,41.7,586,2611,18302,Industrials,Capital Goods,Iron & Steel Products,0,14,-16,Jun 2026,Mar 2026,Jun 2026,1131|1257|1496|1184|971|1316|1715|1152|1192|1066|1085|972,61|67|69|67|62|65|65|61|61|57|59|55,,1688|1718|1412|1767|2755|2586|2298|3139|4474|5059|5186|4494,18|17|18|15|15|16|17|16|17|18|16|17,66|66|62|65|69|66|64|67|66|66|65|60,8|9|10|12|10|10|10|10|10|10|11|12,134|-73|554|215|546|-283|310|511|536|936,425|446|448|445|440|500|865|875|1122|1164|1348|1611,343|295|339|574|590|859|537|1112|1259|1349|1506|1275,59.77|59.77|59.77|59.77|59.77|59.77|59.77|59.77,12.70|11.56|11.63|11.28|11.15|11.11|10.60|10.72,16.75|18.74|18.80|19.18|18.79|18.92|19.45|19.13,10.72,19.13,29.85,4.07
TBO Tek,/company/TBOTEK/consolidated/,TBOTEK,36.60,,11.77,18.3,17.4,44.40,,18272.07,1682.70,45.23,30,nse,consolidated,67.9,143,1683,18272,Consumer Discretionary,Consumer Services,"Tour, Travel Related Services",36,80,69,Jun 2026,Mar 2026,Jun 2026,352|327|369|418|451|422|446|511|568|784|814|926,,,343|441|571|142|483|1065|1393|1737|2677,15|10|15|-15|7|18|19|16|14,,0|0|0|1|0|0|0|0|0,6|93|-3|51|198|237|226|289|-21,2|44|35|23|92|136|349|345|1619,,44.40|44.40|44.40|44.40|44.40|44.40|44.40|44.40,43.06|38.05|31.61|30.11|30.73|30.85|29.71|28.93,6.59|11.78|17.88|19.18|18.90|19.01|20.34|21.09,28.93,21.09,50.02,6.83
ERIS Lifescience,/company/ERIS/consolidated/,ERIS,17.90,,4.66,14.1,18.7,54.14,,18220.93,1314.80,12.99,30,nse,consolidated,27.8,282,1315,18221,Healthcare,Healthcare,Pharmaceuticals,23,21,10,Jun 2026,Mar 2026,Jun 2026,505|486|551|720|741|727|705|773|792|807|757|873,18.72|18.27|21.45|25.09|25.13|24.32|24.14|23.89|25.54|27.65|24.49|27.40,,546|597|750|856|982|1074|1212|1347|1685|2009|2894|3129,22|29|36|38|35|35|36|36|32|34|35|36,17.27|16.36|13.96|15.67|15.65|15.97|19.66|19.19|20.91|18.92|24.67|25.42,2.72|1.60|5.10|1.85|0.90|1.45|0.93|0.89|1.15|1.79|1.74|0.00,200|235|223|271|375|378|292|486|1065|538,72|71|232|771|761|875|854|918|2568|4319|5306|5188,58|48|56|65|83|69|94|118|131|189|335|437,54.87|54.86|54.85|54.83|54.85|54.85|53.92|54.14,8.01|8.36|8.43|8.39|7.21|6.85|6.39|5.76,18.64|18.07|18.07|18.18|19.36|20.31|20.35|20.71,5.76,20.71,26.47,5.82
Bayer Crop Sci.,/company/BAYERCROP/,BAYERCROP,15.93,,6.13,29.1,23.7,71.44,,18195.70,4048.70,12.38,30,nse,standalone,24.8,660,4049,18196,Commodities,Chemicals,Pesticides & Agrochemicals,3,6,-3,Jun 2026,Mar 2026,Jun 2026,1617|955|792|1631|1738|1057|1046|1915|1553|1106|1101|1835,62|55|48|60|69|62|54|61|66|57|51|56,,3660|2769|2803|2710|3167|3609|4261|4734|5140|5106|5473|5675,14|16|15|15|15|20|19|17|18|19|13|15,65.95|51.73|56.13|56.96|45.38|47.36|50.23|49.61|47.93|49.70|49.34|47.55,2.96|10.37|6.72|4.18|10.47|8.36|10.18|9.52|9.44|9.95|15.59|14.73,157|121|433|666|687|216|609|952|262|1078,322|290|342|334|440|468|425|468|462|414|470|458,565|665|768|740|1157|964|1325|1512|1807|1545|2362|2136,71.44|71.44|71.44|71.44|71.44|71.44|71.44|71.44,3.30|3.42|3.49|3.64|3.80|3.84|3.89|3.97,12.08|11.69|11.56|11.38|11.22|11.47|11.89|11.64,3.97,11.64,15.61,3.21
Deepak Fertilis.,/company/DEEPAKFERT/consolidated/,DEEPAKFERT,11.07,,2.65,11.4,10.9,45.63,,18131.54,1436.30,60.98,30,nse,consolidated,18.4,542,1436,18132,Commodities,Chemicals,Commodity Chemicals,1,15,14,Jun 2026,Mar 2026,Jun 2026,2424|1853|2086|2281|2747|2579|2667|2659|3006|2830|3011|3256,72|65|59|62|66|65|66|65|69|71|72|58,,3808|4309|4150|5995|6742|4685|5808|7663|11301|8676|10274|11506,8|8|11|9|7|10|17|18|19|15|19|15,77|78|71|76|78|71|65|66|68|68|65|70,4|3|4|3|3|5|5|4|3|4|4|4,796|-132|1310|578|1248|1211|493|732|1880|206,1384|1317|2056|2189|2209|2712|2621|2644|2678|6258|6292|6151,409|606|505|768|828|684|637|1045|1259|1192|1069|1738,45.63|45.63|45.63|45.63|45.63|45.63|45.63|45.63,9.67|11.56|10.73|11.25|10.94|10.31|10.31|10.02,10.02|8.82|11.33|12.27|12.61|13.17|13.24|14.69,10.02,14.69,24.71,1.58
G M D C,/company/GMDCLTD/consolidated/,GMDCLTD,20.08,,2.56,10.8,8.34,74.00,,18051.27,567.65,70.43,30,nse,consolidated,31.6,222,568,18051,Commodities,Metals & Mining,Industrial Minerals,-9,15,2,Jun 2026,Mar 2026,Jun 2026,383|564|750|818|593|653|786|733|528|579|814|907,1.99|-0.08|0.07|0.10|0.06|0.45|1.14|-0.03|-0.10|-0.40|-0.31|0.64,,1434|1179|1537|2051|1880|1449|1329|2732|3498|2463|2851|2653,37|24|27|23|30|9|-0.5|26|38|25|22|17,-0|0|-2|-0|-0|0|-0|0|-0|0|0|-0,42|43|59|50|55|69|77|47|6|8|6|0,452|241|142|1|147|481|933|110|1059|744,1771|1719|2075|2147|2131|2058|1585|1510|1454|1551|1553|3039,59|50|75|77|103|101|104|93|109|108|93|96,74.00|74.00|74.00|74.00|74.00|74.00|74.00|74.00,1.68|1.94|2.15|2.25|3.32|2.30|3.76|3.66,0.78|0.75|0.76|0.79|0.76|0.86|0.94|0.81,3.66,0.81,4.47,6.8
Ola Electric,/company/OLAELEC/consolidated/,OLAELEC,-25.62,,5.13,-19.6,-43.2,32.96,,18041.54,38.98,178.66,30,nse,consolidated,,7.60,39.0,18042,Consumer Discretionary,Automobile and Auto Components,2/3 Wheelers,-5,383,-49,Jun 2026,Mar 2026,Jun 2026,873|1296|1598|1644|1214|1045|611|828|690|470|265|455,94|84|85|82|81|81|86|74|69|66|62|70,,1|373|2631|5010|4514|2253,-32228|-214|-48|-25|-38|-43,0|129|98|87|82|69,2003|23|4|5|9|0,-252|-885|-1507|-633|-2391|-775,104|1025|1219|2491|3154|3352,3|284|584|694|784|269,36.78|36.78|36.78|36.78|36.78|34.59|34.59|32.96,4.18|2.11|2.89|4.47|3.24|4.08|4.00|4.11,5.16|4.55|2.93|2.87|6.78|7.28|7.01|12.16,4.11,12.16,16.27,8.01
Welspun Living,/company/WELSPUNLIV/consolidated/,WELSPUNLIV,20.94,,3.7,6.25,4.47,66.36,,17993.76,190.46,129.24,30,nse,consolidated,64.7,51.3,190,17994,Consumer Discretionary,Textiles,Other Textile Products,5,5,-3,Jun 2026,Mar 2026,Jun 2026,2509|2411|2575|2536|2873|2490|2646|2261|2441|2262|2435|2795,54|51|54|54|55|53|53|52|56|54|52|55,,5264|5924|6638|6050|6527|6741|7340|9311|8094|9679|10545|9399,24|27|24|19|16|18|18|15|9|14|12|8,48|45|42|46|47|45|49|51|53|49|50|54,12|12|16|16|17|16|12|14|15|16|15|0,832|545|807|777|954|587|756|533|688|1175,2627|3348|3689|3460|3306|3933|3814|4005|3918|3813|4022|4471,1101|1105|1281|1305|1334|1529|1773|1978|1970|2072|2183|2171,66.24|66.24|66.24|66.24|66.24|66.24|66.24|66.36,7.08|5.90|5.35|4.75|4.97|5.03|4.99|5.21,7.67|8.31|8.93|9.24|8.58|10.43|11.18|11.38,5.21,11.38,16.59,1.91
Sarda Energy,/company/SARDAEN/consolidated/,SARDAEN,9.42,,2.43,17.4,16.1,73.16,,17909.78,508.25,57.77,30,nse,consolidated,16.0,209,508,17910,Commodities,Metals & Mining,Iron & Steel,11,21,6,Jun 2026,Mar 2026,Jun 2026,1001|925|889|926|1159|1319|1239|1633|1528|1276|1254|1608,59.05|61.22|64.18|53.54|53.40|55.09|59.03|48.29|49.60|56.80|51.61|41.62,,1760|1480|1434|2174|2324|2000|2199|3914|4212|3868|4643|5690,21|13|15|18|21|18|24|35|25|21|27|31,50|65|66|68|64|65|61|53|59|62|55|51,18|11|9|6|7|8|7|6|8|9|9|0,177|300|480|336|188|917|701|742|886|1735,1333|1226|1183|1358|1349|1323|1287|2853|2907|2853|5845|6109,428|222|343|411|440|501|579|613|726|528|809|794,73.16|73.16|73.16|73.16|73.16|73.16|73.16|73.16,2.29|2.66|3.46|3.83|4.14|3.54|3.50|3.51,4.27|4.35|3.79|3.81|2.87|2.93|3.32|3.47,3.51,3.47,6.98,3.15
Astrazeneca Phar,/company/ASTRAZEN/,ASTRAZEN,67.99,,20.36,29.3,23.3,75.00,,17766.25,7106.50,12.37,30,nse,standalone,102,349,7106,17766,Healthcare,Healthcare,Pharmaceuticals,31,23,31,Jun 2026,Mar 2026,Jun 2026,311|306|383|388|408|440|480|526|559|612|579|683,39|48|56|59|55|56|54|56|58|60|68|66,,517|564|544|571|728|832|814|806|1003|1296|1716|2276,-2.2|2.9|7|8|10|15|17|11|16|14|15|12,39|35|32|32|32|37|36|39|36|46|56|61,4|3|3|3|2|2|2|2|2|1|1|1,38|9|55|87|105|101|58|28|65|-15,101|97|87|75|75|72|81|74|69|67|64|117,86|77|58|113|118|165|160|140|190|228|548|1027,75.00|75.00|75.00|75.00|75.00|75.00|75.00|75.00,2.90|2.92|2.89|3.03|2.74|2.71|2.78|2.68,5.08|5.21|4.65|4.55|5.26|5.55|5.79|6.08,2.68,6.08,8.76,7.81
Shilpa Medicare,/company/SHILPAMED/consolidated/,SHILPAMED,35.88,,6.85,10.9,8.99,40.13,,17676.68,903.80,187.47,30,nse,consolidated,62.2,132,904,17677,Healthcare,Healthcare,Pharmaceuticals,14,11,28,Jun 2026,Mar 2026,Jun 2026,313|287|292|293|344|319|331|321|370|410|437|466,40.19|33.66|33.28|31.77|35.48|28.50|31.59|24.77|28.52|32.49|32.49|29.02,,614|719|779|789|733|908|899|1141|1046|1146|1281|1535,21|21|21|20|20|24|20|18|9|21|25|28,52.90|51.08|47.72|45.11|35.05|30.59|30.12|33.57|39.81|35.61|32.04|29.99,5.81|6.08|6.69|7.44|9.84|8.75|10.41|10.10|11.05|8.87|9.10|9.26,37|45|147|124|47|105|180|137|132|342,316|580|492|534|558|650|1111|1342|1368|1385|1418|1593,131|163|190|189|188|226|317|355|320|345|348|367,44.33|44.23|44.23|44.23|44.23|40.13|40.13|40.13,9.59|9.90|10.97|11.19|10.92|10.97|11.07|11.39,8.18|8.27|7.55|7.46|7.67|8.34|8.58|8.05,11.39,8.05,19.44,11.52
OneSource Speci.,/company/ONESOURCE/consolidated/,ONESOURCE,53.81,,3.01,0.57,-1.09,30.48,,17570.18,1532.20,34.04,30,nse,consolidated,,509,1532,17570,Healthcare,Healthcare,Pharmaceuticals,232,131,4,Jun 2026,Mar 2026,Jun 2026,34|56|73|292|334|393|426|327|376|290|428|449,68.76|45.56|25.62|33.76|37.09|25.86|26.04|28.39|29.57|32.50|34.16|31.70,,21|132|39|172|1445|1422,-334|-73|-415|-48|32|21,95.93|42.16|212.97|105.76|30.11|31.28,75.60|38.20|130.38|24.74|8.67|0.00,-118|-416|-163|-107|-68|9,633|1231|1361|863|6118|6233,5|275|139|128|265|439,37.76|34.25|29.78|29.77|29.93|30.48|30.48,17.44|18.54|18.69|19.39|19.24|17.50|19.19,12.56|18.03|18.09|18.48|18.80|20.61|23.37,19.19,23.37,42.56,12.36
Poly Medicure,/company/POLYMED/consolidated/,POLYMED,30.82,,5.66,12.5,9.02,62.42,,17565.94,1733.00,28.46,30,nse,consolidated,54.9,306,1733,17566,Healthcare,Healthcare,Medical Equipment & Supplies,19,19,18,Jun 2026,Mar 2026,Jun 2026,337|340|378|385|420|424|441|403|444|494|535|525,35.94|34.76|34.70|33.33|31.55|34.53|33.43|31.55|30.56|31.55|33.33|26.60,,390|411|454|519|610|687|785|922|1115|1375|1669|1875,22|21|21|23|22|24|28|23|24|26|27|24,36.58|35.97|25.69|31.90|27.02|24.76|27.05|30.53|28.86|28.61|26.83|26.13,14.44|14.14|23.06|15.60|21.96|20.89|19.23|19.95|20.58|18.87|18.99|17.75,56|75|106|131|119|123|191|266|233|246,165|182|207|265|306|363|426|488|635|867|1084|1694,58|46|62|73|84|112|126|168|209|221|286|434,62.56|62.44|62.44|62.44|62.42|62.42|62.42|62.42,11.88|12.33|11.46|11.41|9.77|9.41|5.92|5.56,12.33|11.66|11.96|11.72|13.53|13.84|15.60|16.08,5.56,16.08,21.64,9.37
Choice Intl.,/company/CHOICEIN/consolidated/,CHOICEIN,39.56,,10.48,18.0,16.1,53.66,,17519.14,786.40,40.03,30,nse,consolidated,76.8,75.0,786,17519,Financial Services,Financial Services,Holding Company,42,45,26,Jun 2026,Mar 2026,Jun 2026,191|207|215|201|247|209|253|235|274|303|307|310,,,62|187|134|152|121|132|176|285|393|756|921|1119,42|15|23|26|29|29|23|32|27|30|32|36,10.89|47.86|12.33|14.84|0.00|0.00|0.00|0.00|0.00|0.00|0.00|0.00,1.87|0.84|2.12|2.66|19.85|21.35|44.46|40.17|22.82|1.49|3.35|0.00,-20|4|-36|26|-45|-52|138|-153|-294|-267,32|34|37|78|98|88|86|88|126|134|260|393,11|8|9|17|36|31|9|24|8|1|19|24,58.21|58.21|58.13|56.44|56.61|53.66|53.66|53.66,12.72|13.70|13.63|13.97|12.97|12.16|11.41|10.10,0.09|0.18|0.16|0.19|0.28|0.30|0.35|0.28,10.10,0.28,10.38,15.66
Devyani Intl.,/company/DEVYANI/consolidated/,DEVYANI,21.71,,11.2,4.75,-1.56,61.37,,17253.76,139.94,89.82,30,nse,consolidated,,12.5,140,17254,Consumer Discretionary,Consumer Services,Restaurants,23,38,15,Jun 2026,Mar 2026,Jun 2026,819|843|1047|1222|1222|1294|1213|1357|1377|1441|1437|1581,29.20|29.39|30.81|30.85|30.66|31.30|31.50|31.82|32.24|31.10|31.20|30.94,,1012|1048|1111|1311|1516|1135|2084|2998|3556|4951|5611,-0.1|3.7|9|16|17|17|23|22|16|17|15,30.66|30.68|30.38|29.67|30.36|30.37|28.78|29.98|29.71|31.08|31.58,12.01|10.69|10.07|10.95|10.76|10.30|9.05|16.73|17.32|16.92|16.71,90|91|278|301|240|451|637|766|900|927,491|406|445|1578|1635|1392|1756|2427|4216|4622|5686,39|34|45|55|72|62|85|129|131|148|165,62.72|62.72|62.72|62.62|61.41|61.37|61.37|61.37,11.17|11.17|10.46|9.42|6.55|5.77|6.13|6.81,15.38|15.46|16.87|18.09|19.76|19.44|19.33|18.84,6.81,18.84,25.65,3.08
Paradeep Phosph.,/company/PARADEEP/consolidated/,PARADEEP,9.79,,2.54,15.4,16.2,57.86,,17226.97,165.88,180.21,30,nse,consolidated,15.8,65.3,166,17227,Commodities,Chemicals,Fertilizers,18,33,28,Jun 2026,Mar 2026,Jun 2026,3683|2595|2243|2377|4619|4990|4194|4504|6872|5749|4702|6124,79|72|74|72|71|83|69|68|77|77|72|73,,4358|4193|5165|7859|13341|11575|16959|21826,10|11|11|9|6|6|9|10,72|70|75|80|80|78|70|74,12|12|10|7|11|13|17|13,-920|1270|1501|-44|-2377|1437|1648|-1012,1024|1214|1226|1261|2872|3431|5194|6026,1422|1079|899|2293|2238|1831|2556|4627,56.08|56.05|56.05|56.04|57.20|57.70|57.79|57.86,2.05|5.40|7.17|13.97|15.01|11.43|8.36|5.10,27.09|25.54|24.44|18.18|14.56|13.25|15.49|18.07,5.10,18.07,23.17,0.79
Cohance Life,/company/COHANCE/consolidated/,COHANCE,50.40,,4.41,5.81,4.89,57.49,,17213.05,449.90,49.44,30,nse,consolidated,160,102,450,17213,Healthcare,Healthcare,Pharmaceuticals,19,18,-20,Jun 2026,Mar 2026,Jun 2026,231|220|253|488|604|676|840|549|556|545|619|422,24.93|32.95|33.10|31.58|28.73|27.93|35.70|26.97|25.40|29.18|34.64|28.48,,378|834|1010|1320|1340|1051|2608|2269,45|46|44|44|43|39|31|19,27.31|27.49|29.90|30.23|30.53|29.97|31.30|29.21,13.73|12.56|13.37|13.24|13.34|12.85|12.29|17.75,50|407|383|330|457|358|673|368,271|357|441|534|663|670|3107|3369,157|175|201|283|313|231|467|562,50.10|50.10|50.10|66.41|57.49|57.49|57.49|57.49,10.70|10.84|11.05|7.23|6.51|6.01|5.59|6.50,16.95|16.67|16.60|11.40|20.81|21.57|21.79|20.09,6.50,20.09,26.59,7.59
Vardhman Textile,/company/VTL/consolidated/,VTL,11.32,,1.63,8.55,6.86,65.08,,17158.68,592.75,17.2,30,nse,consolidated,20.2,363,593,17159,Consumer Discretionary,Textiles,Other Textile Products,-1,10,3,Jun 2026,Mar 2026,Jun 2026,2397|2330|2459|2309|2502|2465|2509|2386|2480|2505|2498|2703,60|57|57|53|57|56|56|55|55|57|54|52,,6741|5848|6030|6248|6878|6735|6140|9622|10137|9505|9785|9869,17|20|20|14|17|14|13|24|13|10|13|13,52|48|49|54|52|53|53|47|58|59|55|55,19|19|19|18|18|19|17|15|16|18|18|17,1350|103|499|849|168|1445|1853|-1055|1644|1108,2875|2627|2591|2631|3201|3628|3529|3494|3937|3769|4150|5094,1916|1925|1754|2258|2612|2683|2801|2884|2395|4182|3763|3646,64.19|64.21|64.22|64.21|64.21|64.44|65.09|65.08,6.03|5.97|5.75|6.03|5.75|5.72|5.69|6.07,16.59|16.71|16.72|16.58|16.43|16.34|16.01|14.69,6.07,14.69,20.76,1.74
Travel Food,/company/TRAVELFOOD/consolidated/,TRAVELFOOD,20.21,,11.8,42.4,35.3,86.19,,17088.05,1297.70,14.03,30,nse,consolidated,35.9,110,1298,17088,Consumer Discretionary,Consumer Services,Restaurants,16,59,4,Jun 2026,Mar 2026,Jun 2026,410|500|411|367|375|356|456|461|452,18.68|16.87|17.78|17.02|16.69|16.06|16.09|12.71|14.28,,501|774|162|388|1067|1396|1688|1648,21|16|-22|6|35|30|33|39,27.92|24.31|21.25|20.97|19.72|20.39|17.56|15.28,3.15|5.35|9.66|6.91|25.41|27.36|27.76|0.00,70|104|14|45|322|353|515|393,115|75|59|99|353|387|372|636,8|7|7|7|11|12|9|13,86.19|86.19|86.19|86.19,2.77|2.39|1.55|1.65,8.03|8.84|9.71|10.02,1.65,10.02,11.67,10.37
JSW Cement,/company/JSWCEMENT/consolidated/,JSWCEMENT,14.37,,2.6,11.1,14.7,72.02,,17074.78,125.24,16.54,30,nse,consolidated,21.6,48.0,125,17075,Commodities,Construction Materials,Cement & Cement Products,4,11,16,Jun 2026,Mar 2026,Jun 2026,1447|1224|1433|1709|1560|1436|1621|1895|1896,23.10|26.95|24.04|26.38|25.59|22.17|25.56|26.32|26.55,,2897|3853|4634|5810|6002|5785|6501,21|22|16|11|14|11|19,22.15|25.93|25.38|26.97|21.96|25.63|25.52,39.91|35.05|43.04|47.73|46.64|45.34|43.47,723|783|339|653|1408|737|1170,3293|4224|4573|4645|6189|6785|8480,459|349|460|448|475|428|602,72.34|72.34|72.04|72.02,4.13|3.03|2.93|3.70,7.87|8.09|8.74|11.49,3.70,11.49,15.19,2.63
Allied Blenders,/company/ABDL/consolidated/,ABDL,31.70,,10.27,18.4,14.3,80.91,,17062.32,610.00,21.32,30,nse,consolidated,76.5,59.4,610,17062,Fast Moving Consumer Goods,Fast Moving Consumer Goods,Breweries & Distilleries,8,11,8,Jun 2026,Mar 2026,Jun 2026,851|895|768|758|868|974|921|923|990|1003|1007|979,61|65|61|61|57|57|57|57|56|54|52|54,,2996|2348|2686|3147|3328|3520|3923,8|8|7|6|7|12|14,30.96|28.12|31.95|34.79|37.85|30.55|31.88,39.74|38.86|36.51|40.10|36.52|39.38|35.14,595|247|179|230|186|-678|362,636|649|692|575|635|749|889,383|355|359|571|428|579|757,80.91|80.91|80.91|80.91|80.91|80.91|80.91|80.91,2.83|2.55|2.73|2.82|2.96|3.36|3.23|3.24,4.14|4.01|4.03|4.73|4.56|4.61|4.82|5.07,3.24,5.07,8.31,4.35
Sammaan Capital,/company/SAMMAANCAP/consolidated/,SAMMAANCAP,16.92,,0.89,4.92,-3.18,28.34,,16935.30,145.80,119.62,30,nse,consolidated,,164,146,16935,Financial Services,Financial Services,Housing Finance Company,-2,-4,-17,Jun 2026,Mar 2026,Jun 2026,2227|2143|2205|2207|2422|2017|2107|2400|2251|2158|1358|1652,,,7243|9221|11628|14952|17020|13219|9998|8988|8719|8579|8676|8166,,,0|0|0|0|0|1|1|0|0|0|0|0,-17845|-25024|21206|19331|7088|657|4001|140|8772|-7466,123|136|169|169|214|450|295|327|433|325|391|341,,0.00|0.00|0.00|0.00|0.00|0.00|0.00|28.34,19.77|19.53|24.69|24.40|19.05|24.94|46.21|19.60,6.31|6.71|5.92|5.96|16.83|14.31|12.08|7.94,19.60,7.94,27.54,2.07
Thangamayil Jew.,/company/THANGAMAYL/,THANGAMAYL,27.39,,11.93,25.5,28.1,61.61,,16910.17,5440.50,140.95,30,nse,standalone,43.1,456,5440,16910,Consumer Discretionary,Consumer Durables,"Gems, Jewellery And Watches",39,36,83,Jun 2026,Mar 2026,Jun 2026,993|896|983|1222|1181|1132|1381|1558|1711|2406|2839|2666,94|89|91|89|96|88|91|89|89|89|89|91,,1421|1272|1299|1379|1443|1692|1819|2193|3153|3827|4911|8499,0.2|3.4|3.7|4.3|4.9|6|8|3.9|4.8|6|4.5|7,96|92|91|90|89|88|88|90|89|89|90|88,1|1|1|1|1|1|1|1|1|2|2|1,69|-53|85|-39|55|-79|10|330|-424|322,74|78|72|74|71|81|79|84|120|154|201|293,289|281|312|476|504|564|649|750|982|1189|1979|2954,61.28|61.28|61.49|61.53|61.56|61.56|61.61|61.61,4.52|4.05|4.41|4.49|4.61|4.70|4.37|5.54,12.77|13.56|14.80|14.83|15.25|16.62|17.41|16.43,5.54,16.43,21.97,1.99
Chambal Fert.,/company/CHAMBLFERT/consolidated/,CHAMBLFERT,5.91,,1.62,25.2,20.0,61.34,,16889.50,421.55,21.38,30,nse,consolidated,8.76,260,422,16890,Commodities,Chemicals,Fertilizers,-9,10,16,Jun 2026,Mar 2026,Jun 2026,5386|4349|2643|4933|4346|4918|2449|5698|6413|5898|2785|5027,63|56|53|59|53|60|49|65|68|64|53|59,,9733|9008|7553|7541|10095|12206|12719|16069|27773|17966|16646|20794,8|7|10|11|12|16|19|14|7|11|15|13,58|65|63|61|60|56|58|60|71|61|56|64,21|16|15|16|19|19|15|20|18|22|23|17,1280|1172|-1130|827|6944|-24|3239|3327|1394|138,2948|1793|1162|1234|6905|6701|6480|6358|6262|6423|6221|6110,739|868|849|795|1323|1136|789|3123|1374|1255|1802|2280,60.40|60.40|60.40|60.50|60.58|60.85|61.25|61.34,15.35|18.14|20.18|17.11|18.34|15.66|15.10|14.92,6.87|5.82|4.59|6.57|4.01|4.66|5.40|5.34,14.92,5.34,20.26,0.81
Amara Raja Ener.,/company/ARE&M/,ARE&M,10.32,,2.07,13.4,8.26,32.86,,16863.04,921.35,102.99,30,nse,standalone,21.5,446,921,16863,Consumer Discretionary,Automobile and Auto Components,Auto Components & Equipments,9,14,13,Jun 2026,Mar 2026,Jun 2026,2811|2882|2797|3131|3136|3164|2974|3350|3388|3351|3460|4041,67|66|65|69|68|67|68|71|67|68|70|71,,4211|4618|5317|6059|6793|6839|7150|8696|10390|11260|12405|13549,17|18|16|15|14|16|16|12|14|14|13|11,66|63|66|68|68|65|66|70|67|67|68|69,5|5|5|4|5|5|5|5|5|4|5|4,553|322|541|1177|802|633|956|1314|1375|1340,944|1352|1492|1703|1813|1829|2455|2492|3688|3550|3475|3929,418|602|817|1050|1061|1143|1438|1804|1675|1810|2036|2283,32.86|32.86|32.86|32.86|32.86|32.86|32.86|32.86,22.33|21.82|20.71|19.39|17.97|17.37|17.31|17.34,15.36|14.81|14.59|14.00|16.24|17.12|16.95|15.31,17.34,15.31,32.65,1.24
Minda Corp,/company/MINDACORP/consolidated/,MINDACORP,22.95,,6.39,12.7,14.7,64.84,,16802.50,702.80,44.14,30,nse,consolidated,41.7,110,703,16802,Consumer Discretionary,Automobile and Auto Components,Auto Components & Equipments,13,21,27,Jun 2026,Mar 2026,Jun 2026,1196|1166|1215|1192|1290|1253|1321|1386|1535|1560|1704|1846,63|62|63|63|63|62|62|62|62|63|65|64,,1965|2435|2060|2594|3092|2813|2368|2976|4300|4651|5056|6185,10|9|9|11|10|9|9|10|11|11|11|12,61|62|60|60|62|60|63|63|65|63|62|63,5|5|6|7|7|8|8|8|7|7|7|7,48|70|209|450|86|167|387|287|544|676,571|719|530|711|732|570|613|887|1026|1207|1507|1602,231|321|306|448|446|395|396|479|573|527|581|710,64.84|64.84|64.84|64.84|64.84|64.84|64.84|64.84,7.62|7.98|8.33|8.83|8.72|9.09|8.80|9.30,18.87|18.42|18.48|18.17|18.52|18.43|18.82|17.87,9.30,17.87,27.17,2.72
Garware Hi Tech,/company/GRWRHITECH/consolidated/,GRWRHITECH,29.29,,6.32,18.0,13.4,60.73,,16784.24,7224.50,55.5,30,nse,consolidated,43.3,1143,7224,16784,Industrials,Capital Goods,Plastic Products - Industrial,14,16,6,Jun 2026,Mar 2026,Jun 2026,397|454|447|474|621|466|548|495|570|459|597|633,47.32|49.85|46.36|39.43|49.54|46.45|47.93|41.67|47.42|46.20|44.89|40.13,,896|857|874|833|948|925|989|1303|1438|1677|2109|2120,7|9|8|10|15|17|22|18|16|17|21|20,60.32|52.39|52.45|50.72|46.90|41.30|35.77|40.67|46.23|47.75|46.16|45.10,17.51|19.82|21.07|21.02|20.92|22.02|21.22|20.85|20.24|17.96|16.54|6.10,77|134|141|99|199|172|218|172|330|275,649|648|1231|1226|1238|1279|1329|1341|1467|1450|1442|1578,137|136|113|95|85|105|124|210|199|290|309|389,60.73|60.73|60.73|60.73|60.73|60.73|60.73|60.73,1.56|2.69|3.50|3.86|3.58|3.96|3.98|4.22,4.48|4.33|4.75|4.89|4.96|5.35|5.28|6.35,4.22,6.35,10.57,7.92
PG Electroplast,/company/PGEL/consolidated/,PGEL,37.05,,5.48,10.3,6.69,43.37,,16780.95,585.85,115.07,30,nse,consolidated,81.5,107,586,16781,Consumer Discretionary,Consumer Durables,Consumer Electronics,35,50,15,Jun 2026,Mar 2026,Jun 2026,460|532|1077|1321|671|968|1910|1504|655|1412|1717|2034,79|80|80|82|78|78|81|82|78|82|84|86,,424|222|303|703|1098|2160|2746|4870|5288,7|1.2|1.6|7|7|8|10|10|7,87|87|87|79|81|82|80|80|82,3|5|0|4|3|3|3|3|0,23|-23||57|-79|46|188|-77|66,62|122|123|273|441|578|783|1136|1540,17|24|28|93|287|354|545|1318|1601,53.42|49.37|49.37|43.72|43.60|43.41|43.41|43.37,10.69|10.29|10.45|13.02|11.45|10.59|9.75|9.95,9.80|16.22|16.37|18.09|18.83|22.66|24.49|23.88,9.95,23.88,33.83,3.17
Zydus Wellness,/company/ZYDUSWELL/consolidated/,ZYDUSWELL,32.91,,2.88,4.91,3.98,69.63,,16752.75,526.55,19.2,30,nse,consolidated,75.6,183,527,16753,Fast Moving Consumer Goods,Fast Moving Consumer Goods,Packaged Foods,21,16,66,Jun 2026,Mar 2026,Jun 2026,440|403|783|841|493|462|913|861|650|965|1485|1437,54.83|51.88|45.36|44.39|52.24|51.01|45.09|45.05|47.09|36.59|35.00|34.34,,431|397|431|513|843|1767|1867|2009|2255|2328|2709|3961,23|23|23|24|22|18|18|17|15|13|14|13,29.07|30.43|21.36|22.04|25.68|36.03|45.26|48.80|50.82|48.90|47.18|39.56,3.15|3.58|12.94|12.94|12.78|12.05|3.71|3.87|4.34|4.48|4.32|3.29,77|69|149|259|287|237|92|246|380|226,84|82|103|104|4567|4674|4667|4710|4732|4708|5125|8596,26|24|32|35|233|292|365|362|458|468|518|764,69.62|69.62|69.64|69.64|69.64|69.64|69.64|69.63,3.36|3.37|3.29|3.25|3.43|3.27|3.17|3.32,20.37|20.12|19.76|19.27|18.76|18.58|18.87|19.13,3.32,19.13,22.45,4.23
Century Plyboard,/company/CENTURYPLY/consolidated/,CENTURYPLY,25.26,,6.44,11.5,10.8,71.83,,16747.40,753.80,6.86,30,nse,consolidated,56.5,117,754,16747,Consumer Discretionary,Consumer Durables,Plywood Boards/ Laminates,14,20,23,Jun 2026,Mar 2026,Jun 2026,997|937|1061|1005|1184|1140|1198|1169|1386|1350|1492|1561,52|53|53|54|55|53|53|52|52|51|52|53,,1588|1641|1818|2024|2280|2317|2130|3027|3647|3886|4528|5397,16|18|17|16|13|12|16|18|16|13|11|12,53|50|49|49|50|50|49|50|53|52|54|51,5|4|4|6|6|6|6|6|5|6|7|7,220|305|266|400|371|276|438|252|-3|457,246|250|312|655|843|785|762|776|1069|1913|2042|2804,332|298|301|383|461|398|369|526|529|646|987|1087,72.59|72.64|72.64|72.64|72.64|72.64|71.83|71.83,4.44|4.53|4.61|4.43|4.28|4.10|4.10|3.86,16.96|17.46|17.59|17.92|18.13|18.36|19.17|19.41,3.86,19.41,23.27,3.1
Horizon Industrial,/company/HORIZONIND/consolidated/,HORIZONIND,36.67,,,3.18,-6.18,75.40,,16735.25,58.05,23.65,30,nse,consolidated,,,58.0,16735,Consumer Discretionary,Realty,"Residential, Commercial Projects",66,,77,Jun 2025,Mar 2026,Aug 2026,129,,,151|234|390|691,13|59|74|77,0.00|0.00|-0.13|0.00,10.25|8.41|6.43|6.75,89|129|235|464,2480|3611|8534|9981,0|0|41|0,75.40,5.92,11.64,5.92,11.64,17.56,24.22
KPIT Technologi.,/company/KPITTECH/consolidated/,KPITTECH,12.85,,4.72,26.3,20.9,38.59,,16706.32,609.40,238.91,30,nse,consolidated,26.8,129,609,16706,Information Technology,Information Technology,Computers - Software & Consulting,24,26,10,Jun 2026,Mar 2026,Jun 2026,1199|1257|1318|1365|1471|1478|1528|1539|1588|1617|1711|1675,1|1|1|1|1|1|1|1|1|2|1|1,,0|641|2156|2036|2432|3365|4872|5842|6455,|14|13|15|18|19|20|21|19,|2|0|0|0|1|1|1|1,|17|11|4|3|5|5|9|10,-0|151|389|628|475|462|1002|1390|1195,0|420|526|577|641|1684|1915|1972|3985,0|18|12|0|0|59|90|85|88,39.47|39.47|39.47|39.45|39.44|39.41|39.41|38.59,20.95|17.35|17.17|15.49|14.31|13.57|13.25|13.22,17.52|20.41|21.29|22.36|23.89|25.35|24.65|23.60,13.22,23.60,36.82,2.59
Tata Chemicals,/company/TATACHEM/consolidated/,TATACHEM,11.58,,0.79,3.42,1.27,37.98,,16705.89,655.75,40.76,30,nse,consolidated,,832,656,16706,Commodities,Chemicals,Commodity Chemicals,-5,7,2,Jun 2026,Mar 2026,Jun 2026,3998|3730|3475|3789|3999|3590|3509|3719|3877|3550|3438|4255,20.49|18.69|13.73|21.06|21.43|14.32|20.21|19.71|24.97|22.87|19.52|20.19,,17204|14873|10346|10270|10337|10357|10200|12622|16789|15421|14887|14584,11|14|20|33|17|19|15|18|23|18|13|12,40.55|39.97|20.05|17.09|19.37|19.01|23.50|20.89|19.55|17.52|19.33|21.83,18.52|15.77|20.71|21.71|22.88|22.68|23.18|25.30|38.30|40.88|43.30|40.77,3531|1870|1581|1780|2037|1644|2971|3016|1761|1269,11359|13431|12644|12787|13551|15356|15261|16044|17092|17861|19600|20602,2626|1932|1386|1462|1726|1869|1687|2294|2532|2524|2558|3082,37.98|37.98|37.98|37.98|37.98|37.98|37.98|37.98,13.56|13.60|13.29|12.85|13.73|12.26|11.90|12.06,20.34|21.68|21.96|22.61|22.17|22.40|22.83|21.11,12.06,21.11,33.17,1.15
BASF India,/company/BASF/,BASF,15.74,,4.19,14.5,10.7,73.33,,16659.34,3848.70,25.44,30,nse,standalone,26.9,919,3849,16659,Commodities,Chemicals,Specialty Chemicals,3,9,8,Jun 2026,Mar 2026,Jun 2026,3707|3326|3360|3967|4248|3635|3189|3752|3904|3877|3453|4837,84|83|82|81|86|85|86|81|86|84|83|78,,4706|4749|5073|5583|6026|7595|9558|13100|13645|13767|14811|14985,2.8|2.3|5|6|2.7|3.7|7|7|5|6|5|4.4,73|73|71|71|74|80|81|82|83|82|86|83,5|4|5|5|5|3|2|2|2|2|2|4,221|290|-77|572|483|330|531|807|389|-101,1351|1289|1222|1117|957|965|817|763|793|759|694|725,991|808|920|1019|1213|1553|1536|1943|2217|2116|2794|2709,73.33|73.33|73.33|73.33|73.33|73.33|73.33|73.33,4.44|4.24|4.29|4.21|4.14|4.13|5.34|5.21,6.27|6.24|6.30|6.31|6.43|6.42|6.29|6.29,5.21,6.29,11.5,1.11
Alivus Life,/company/ALIVUS/,ALIVUS,18.27,,4.98,23.8,17.9,74.87,,16576.60,1350.20,17.11,30,nse,standalone,26.7,271,1350,16577,Healthcare,Healthcare,Pharmaceuticals,6,6,8,Jun 2026,Mar 2026,Jun 2026,595|573|537|589|507|642|650|602|588|673|689|640,45.87|42.28|44.48|48.89|44.43|44.45|43.51|44.93|42.33|41.08|39.30|39.83,,0|886|1537|1885|2123|2161|2283|2387|2552,-4.0|28|31|31|29|30|30|29|31,36.00|37.45|43.19|46.55|48.01|45.54|42.42|43.46|40.28,0.00|15.22|12.02|9.63|10.60|11.70|12.09|12.34|12.78,-0|10|195|388|598|306|414|392|565,0|456|546|573|595|781|805|955|1038,0|401|413|513|516|604|667|674|692,75.00|75.00|74.99|74.94|74.91|74.91|74.87|74.87,7.85|6.74|6.57|6.42|6.84|5.08|5.30|5.54,4.16|4.86|5.19|5.62|5.47|7.13|7.27|7.18,5.54,7.18,12.72,6.5
Emami,/company/EMAMILTD/consolidated/,EMAMILTD,15.48,,5.66,28.1,26.2,54.84,,16560.81,379.40,30.75,30,nse,consolidated,21.9,67.0,379,16561,Fast Moving Consumer Goods,Fast Moving Consumer Goods,Personal Care,4,6,3,Jun 2026,Mar 2026,Jun 2026,865|996|891|906|891|1049|963|904|799|1152|925|1039,29.92|31.24|34.22|32.33|29.31|29.71|34.10|30.58|28.98|29.37|31.56|34.18,,2076|2358|2488|2531|2695|2655|2881|3192|3406|3578|3809|3780,26|29|31|28|27|26|31|29|25|26|27|25,37.57|34.44|31.79|32.00|34.25|33.00|32.26|33.77|35.27|32.43|31.35|30.11,1.57|1.55|1.91|2.01|2.24|2.29|2.00|2.05|2.18|2.11|1.98|1.93,730|588|554|531|922|644|749|779|896|801,453|1918|1994|1802|1680|1459|1132|1344|1245|1114|984|886,127|151|179|194|222|245|300|358|328|323|308|400,54.84|54.84|54.84|54.84|54.84|54.84|54.84|54.84,14.38|14.11|12.11|11.89|10.93|9.03|8.57|7.87,21.51|21.70|23.68|24.06|25.00|26.72|26.91|27.00,7.87,27.00,34.87,4.38
BEML Ltd,/company/BEML/consolidated/,BEML,45.09,,5.64,7.71,4.86,54.03,,16532.03,1984.90,71,30,nse,consolidated,92.6,352,1985,16532,Industrials,Capital Goods,Construction Vehicles,4,4,13,Jun 2026,Mar 2026,Jun 2026,917|1047|1514|634|860|876|1653|634|839|1083|1794|820,54|51|51|49|50|53|49|51|48|56|53|56,,2802|2975|2494|3239|3474|3025|3557|4337|3899|4054|4022|4351,2.6|5|6|8|7|2.8|3.9|8|9|11|13|7,56|57|48|53|57|53|57|56|55|52|50|52,4|4|5|5|5|6|5|5|5|9|7|0,209|130|257|106|-301|51|560|458|183|118,482|557|583|595|631|621|601|621|505|528|580|705,1973|1751|2031|1866|1783|2102|2084|2177|2159|2402|2551|2338,54.03|54.03|54.03|54.03|54.03|54.03|54.03|54.03,5.66|7.41|7.26|5.67|5.82|5.51|5.59|5.48,18.51|18.10|18.69|18.80|18.54|18.39|18.71|19.40,5.48,19.40,24.88,3.8
J & K Bank,/company/J&KBANK/consolidated/,J&KBANK,17.93,,0.97,5.84,15.4,59.40,,16518.84,150.01,75.85,30,nse,consolidated,7.17,154,150,16519,Financial Services,Financial Services,Private Sector Bank,12,10,5,Jun 2026,Mar 2026,Jun 2026,2764|2881|2910|2994|3124|3210|3213|3269|3293|3315|3273|3547,,,7061|6844|6686|6621|7676|8446|8111|8013|9355|11213|12541|13151,,,0.16|0.19|0.23|0.26|0.31|0.23|0.25|0.42|0.33|0.35|0.32|0.00,2457|2363|-2992|4374|-14|-1568|-407|-853|2723|-1126,655|706|1479|1598|1646|2036|1971|1908|2224|2208|2126|2533,,59.40|59.40|59.40|59.40|59.40|59.40|59.40|59.40,6.47|7.07|7.64|8.01|7.85|8.14|8.35|9.38,6.41|6.82|6.69|5.87|5.76|5.84|6.00|7.85,9.38,7.85,17.23,1.26
Milky Mist Dairy,/company/MILKYMIST/consolidated/,MILKYMIST,41.81,,,13.7,31.9,79.51,,16498.51,214.31,222.87,30,nse,consolidated,131,,214,16499,Fast Moving Consumer Goods,Fast Moving Consumer Goods,Dairy Products,31,,34,,Mar 2026,Aug 2026,,,,1394|1822|2350|3138,14|12|13|14,52.13|52.49|47.23|49.06,18.54|20.03|26.17|24.41,175|140|315|302,908|1142|1335|1673,106|209|262|344,79.51,3.16,4.76,3.16,4.76,7.92,5.26
Aequs,/company/AEQUS/consolidated/,AEQUS,112.79,,11.08,1.69,-9.96,59.09,,16497.70,245.99,74.92,30,nse,consolidated,,22.2,246,16498,Industrials,Capital Goods,Aerospace & Defense,15,,33,Jun 2026,Mar 2026,Jun 2026,216|249|256|282|326|367|396,40.06|43.53|41.65|39.42|39.00|40.90|42.61,,812|965|925|1230,4.9|13|9|7,47.29|43.17|42.42|40.21,23.49|22.67|24.19|27.61,10|-19|26|-99,686|660|525|1070,329|383|451|610,59.08|59.08|59.09,4.05|3.90|5.17,11.63|11.39|8.85,5.17,8.85,14.02,13.41
Central Mine Pla,/company/CMPDI/,CMPDI,17.55,,7.22,38.1,28.4,85.00,,16491.26,230.97,48.84,30,nse,standalone,25.2,32.0,231,16491,Industrials,Construction,Civil Construction,19,9,10,Jun 2026,Mar 2026,Jun 2026,740|409|529|827|481,1.47|1.20|1.46|1.25|1.26,,1489|1208|1386|1733|2103|2317,28|30|28|42|40|34,1.48|2.78|2.39|1.82|1.46|1.22,29.23|14.04|12.83|2.34|2.23|2.06,83|192|399|246|671|716,188|205|244|247|247|243,11|13|16|15|14|14,85.00|85.00,1.21|0.50,11.12|7.85,0.50,7.85,8.35,7.12
Zen Technologies,/company/ZENTEC/consolidated/,ZENTEC,53.32,,8.71,16.2,10.7,48.51,,16433.75,1820.10,92.54,30,nse,consolidated,90.4,209,1820,16434,Industrials,Capital Goods,Aerospace & Defense,46,66,-24,Jun 2026,Mar 2026,Jun 2026,66|100|141|255|242|152|325|158|174|178|178|142,27.26|24.36|33.31|40.44|48.28|41.28|26.59|24.04|27.95|21.90|22.44|18.28,,46|79|53|62|92|149|55|70|219|440|974|688,1.3|27|8|18|18|42|14|7|33|41|39|36,26.32|30.99|28.03|19.83|28.14|25.05|16.12|18.84|26.79|26.83|37.90|24.06,5.07|3.39|10.83|8.01|9.95|8.65|18.43|15.56|8.35|5.44|4.42|8.72,0|0|-49|62|6|-44|116|13|31|245,49|47|44|45|63|73|70|67|75|93|208|239,10|15|10|8|35|14|15|25|49|169|119|188,51.26|49.05|49.05|49.05|48.51|48.51|48.51|48.51,5.72|8.29|5.95|6.04|5.94|5.54|5.99|6.47,8.05|8.97|9.47|8.75|7.93|7.86|10.06|10.42,6.47,10.42,16.89,23.89
KFin Technolog.,/company/KFINTECH/consolidated/,KFINTECH,28.05,,9.79,29.2,21.6,22.82,,16421.98,949.95,122.57,30,nse,consolidated,46.9,97.0,950,16422,Financial Services,Financial Services,"Depositories, Clearing Houses and Other Intermediaries",22,22,23,Jun 2026,Mar 2026,Jun 2026,209|219|228|238|280|290|283|274|309|371|347|357,,,162|450|481|640|720|838|1091|1301,40|35|44|45|41|43|44|41,,2.18|3.12|3.41|1.88|1.72|5.55|6.47|8.09,63|101|205|253|223|289|399|370,732|691|630|669|691|764|803|1773,,33.04|32.96|32.91|22.90|22.89|22.87|22.86|22.82,24.61|25.40|22.56|27.81|25.53|26.16|26.26|20.73,20.61|19.42|20.37|23.71|24.81|24.88|25.22|27.31,20.73,27.31,48.04,12.62
Pun. & Sind Bank,/company/PSB/,PSB,17.07,,1.12,5.95,9.62,93.85,,16419.18,23.14,2.92,30,nse,standalone,11.9,20.6,23.1,16419,Financial Services,Financial Services,Public Sector Bank,14,11,5,Jun 2026,Mar 2026,Jun 2026,2406|2491|2481|2652|2739|2931|3159|2911|2999|3042|3030|3213,,,8589|8744|8173|7949|8559|7930|6974|7096|7993|9694|11481|11982,,,0.17|0.14|0.16|0.19|0.21|0.28|0.29|0.36|0.39|0.31|0.32|0.52,-495|1063|-97|2210|-5848|-5999|1428|1746|-2294|-1893,995|1133|1095|1083|1230|1241|1585|1577|1519|1756|1798|1862,,98.25|98.25|93.85|93.85|93.85|93.85|93.85|93.85,0.00|0.00|0.73|0.25|0.16|0.16|0.15|0.14,0.65|0.65|4.32|4.08|4.03|4.00|3.90|3.81,0.14,3.81,3.95,1.37
Syngene Intl.,/company/SYNGENE/consolidated/,SYNGENE,18.05,,3.36,9.99,7.78,52.59,,16284.01,403.40,55.42,30,nse,consolidated,55.0,120,403,16284,Healthcare,Healthcare,"Healthcare Research, Analytics & Technology",5,11,-3,Jun 2026,Mar 2026,Jun 2026,910.10|853.50|916.90|789.70|891.00|943.70|1018.00|874.50|910.60|917.10|1036.50|736.00,29.36|27.81|22.12|29.57|26.55|25.16|23.08|24.88|26.19|25.01|22.49|23.56,,1423|1826|2012|2184|2604|3193|3489|3642|3739,33|29|31|31|29|30|29|29|25,26.82|29.10|25.82|24.10|28.76|26.94|26.66|25.88|24.57,8.17|7.64|7.98|9.07|8.66|8.69|8.99|9.84|10.25,446|630|677|701|581|824|1042|1168|915,1030|1377|2020|2201|2393|2667|2850|2802|3000,86|43|25|60|179|333|238|156|141,54.72|52.74|52.74|52.68|52.68|52.68|52.68|52.59,20.72|20.65|19.47|16.51|16.31|14.96|13.91|11.82,17.49|19.52|21.50|24.05|24.62|25.83|26.44|28.01,11.82,28.01,39.83,4.36
N S D L,/company/544467/consolidated/,544467,27.41,,6.9,23.2,17.4,,,16274.00,813.70,34.36,30,bse,consolidated,41.9,118,814,16274,Financial Services,Financial Services,"Depositories, Clearing Houses and Other Intermediaries",14,27,24,Jun 2026,Mar 2026,Jun 2026,337|357|363|364|312|400|360|458|517,,,326|466|761|1022|1268|1420|1530,38|44|31|25|22|26|28,,15|10|8|7|6|7|0,116|104|148|327|113|558|713,54|66|53|68|289|322|421,,,15.89|14.54|14.40|11.69,39.23|37.85|37.64|37.75,11.69,37.75,49.44,10.64
Astra Microwave,/company/ASTRAMICRO/consolidated/,ASTRAMICRO,45.94,,12.37,20.3,16.0,6.54,,16203.32,1706.60,92.52,30,nse,consolidated,85.7,138,1707,16203,Industrials,Capital Goods,Aerospace & Defense,13,13,4,Jun 2026,Mar 2026,Jun 2026,190|231|354|155|230|259|408|200|215|260|488|177,57|53|62|56|59|52|54|53|49|45|50|53,,622|406|390|362|293|467|641|750|816|909|1051|1163,19|25|27|31|10|19|12|12|18|21|26|29,68.05|52.81|48.11|40.62|55.27|56.78|69.57|70.25|63.55|60.07|54.92|49.08,1.69|3.12|4.49|3.92|4.83|3.35|2.79|2.92|2.91|3.08|2.97|3.58,14|179|1|-7|-25|115|-25|-182|-90|387,142|137|150|194|178|161|153|160|167|170|229|267,173|122|130|107|140|284|330|419|419|515|616|616,6.54|6.54|6.54|6.54|6.54|6.54|6.54|6.54,5.69|5.19|5.30|6.47|6.47|6.26|7.56|10.74,14.98|15.36|15.30|14.36|14.55|14.75|15.42|16.09,10.74,16.09,26.83,13.93
Fine Organic,/company/FINEORG/consolidated/,FINEORG,23.44,,6.08,21.5,16.5,75.00,,16196.13,5282.50,17.63,30,nse,consolidated,37.0,869,5282,16196,Commodities,Chemicals,Specialty Chemicals,-8,16,7,Jun 2026,Mar 2026,Jun 2026,540|488|547|550|596|517|607|588|597|555|625|694,57|57|56|56|57|60|60|60|58|62|60|55,,660|778|856|1060|1038|1133|1876|3023|2123|2269|2366,22|19|19|22|23|17|19|27|25|23|20,59|64|65|62|59|64|63|59|57|59|60,5|5|5|5|6|6|5|4|5|5|5,45|65|98|219|134|67|485|635|204|430,125|97|88|78|217|196|229|214|268|363|388,76|92|89|89|132|126|236|445|261|363|402,75.00|75.00|75.00|75.00|75.00|75.00|75.00|75.00,4.88|5.22|4.66|4.80|4.57|4.43|4.40|4.27,11.56|11.52|12.04|11.94|12.02|11.80|11.65|11.72,4.27,11.72,15.99,6.85
Godawari Power,/company/GPIL/consolidated/,GPIL,11.22,,2.77,20.5,15.3,63.18,,16144.24,239.85,39.95,30,nse,consolidated,19.7,86.5,240,16144,Industrials,Capital Goods,Iron & Steel Products,-2,6,8,Jun 2026,Mar 2026,Jun 2026,1291|1309|1530|1342|1268|1298|1468|1323|1308|1139|1610|1750,51|53|56|49|57|60|55|51|55|53|46|57,,2384|1976|1799|2506|3294|3270|3949|5397|5745|5445|5370|5376,15|11|16|24|24|19|29|35|20|24|22|23,62|69|63|56|56|55|47|44|59|54|55|51,16|13|14|13|14|15|12|11|13|13|13|15,15|451|550|551|969|1330|962|1044|898|1157,2403|2289|2326|2264|2249|2269|2013|1530|2065|2362|2730|3424,419|410|304|432|616|557|504|874|811|900|932|926,63.49|63.51|63.51|63.48|63.51|63.50|63.34|63.18,7.39|7.11|6.58|6.51|6.63|5.90|5.94|6.00,1.56|1.90|2.43|2.67|2.43|2.53|2.63|3.10,6.00,3.10,9.1,3
Dr Agarwal's Hea,/company/AGARWALEYE/consolidated/,AGARWALEYE,26.23,,7.95,11.1,6.81,32.34,,16098.59,507.80,94.58,30,nse,consolidated,109,63.9,508,16099,Healthcare,Healthcare,Hospital,27,35,23,Jun 2026,Mar 2026,Jun 2026,333|349|403|417|431|460|487|499|530|564|614,8.52|12.13|9.41|10.68|8.31|9.53|9.77|9.26|8.81|9.27|9.64,,531|471|696|1018|1332|1711|2080,23|18|27|27|28|27|27,12.92|12.78|12.02|11.15|10.27|9.47|9.27,13.64|14.18|16.47|17.09|17.92|18.65|0.00,103|99|164|233|346|360|519,551|575|701|1293|1746|2523|2879,33|28|33|36|52|80|94,32.45|32.43|32.43|32.39|32.35|32.34,60.62|59.26|58.13|58.06|57.94|57.97,5.21|6.44|7.92|7.78|7.83|7.72,57.97,7.72,65.69,7.74
Nava,/company/NAVA/consolidated/,NAVA,8.66,,1.83,12.8,9.33,50.03,,16002.91,564.85,18.26,30,nse,consolidated,21.1,309,565,16003,Utilities,Power,Power Generation,7,11,9,Jun 2026,Mar 2026,Jun 2026,922|930|924|1222|900|842|1018|1193|964|991|1143|1212,35.82|29.22|35.02|31.79|26.02|22.36|40.41|34.34|34.37|27.17|36.72|28.30,,1814|1612|1350|2348|2946|2759|2548|3348|3528|3818|3984|4291,17|23|14|34|46|43|42|39|44|45|46|40,59.17|50.91|49.48|43.62|32.52|30.99|21.23|27.23|27.19|33.00|30.69|33.32,8.22|11.93|14.57|9.53|9.73|8.86|11.89|11.73|14.76|14.33|13.58|14.10,39|201|824|527|758|608|1223|3174|2157|2312,2065|2156|2148|6143|5965|6019|5639|5546|5664|5559|5528|5753,632|407|400|404|420|399|295|371|688|603|818|666,48.85|48.89|50.13|50.13|50.13|50.10|50.11|50.03,11.02|11.08|9.74|10.26|10.38|10.36|10.61|10.22,0.17|0.16|0.19|0.40|0.46|0.38|0.52|0.56,10.22,0.56,10.78,3.73
Alembic Pharma,/company/APLLTD/consolidated/,APLLTD,13.96,,2.81,12.6,13.4,69.87,,15989.43,813.45,8.62,30,nse,consolidated,21.4,289,813,15989,Healthcare,Healthcare,Pharmaceuticals,9,6,14,Jun 2026,Mar 2026,Jun 2026,1595|1631|1517|1562|1648|1693|1770|1711|1910|1876|1848|2150,28.93|28.26|25.01|25.23|26.04|25.97|29.98|23.82|27.01|28.19|28.80|28.84,,2056|3166|3105|3131|3935|4606|5393|5306|5653|6229|6672|7345,20|32|20|21|22|27|27|16|12|15|15|15,34.75|24.67|27.63|28.29|25.23|22.57|23.31|27.26|30.23|27.54|26.88|27.02,5.37|8.91|8.24|8.90|8.33|9.30|8.63|8.47|9.41|8.67|9.15|8.81,329|312|812|449|1463|552|724|803|88|783,547|708|799|993|1158|1552|1788|1798|2398|2547|2524|3081,383|570|633|734|967|1188|1486|1610|1475|1644|2288|2511,69.61|69.61|69.67|69.68|69.74|69.74|69.74|69.87,3.94|4.17|3.94|3.96|4.04|4.23|4.26|4.17,16.05|16.05|16.43|16.46|16.30|16.17|16.17|15.93,4.17,15.93,20.1,2.18
DCM Shriram,/company/DCMSHRIRAM/consolidated/,DCMSHRIRAM,10.40,,2.06,11.5,11.5,66.53,,15941.98,1022.30,19.87,30,nse,consolidated,11.6,495,1022,15942,Diversified,Diversified,Diversified,5,10,11,Jun 2026,Mar 2026,Jun 2026,2708|3035|2399|2876|2957|3367|2877|3262|3272|3811|3193|3564,58|52|46|56|57|50|45|52|54|52|48|53,,5639|5780|5788|6900|7771|7767|8308|9627|11547|10922|12077|13538,7|9|13|15|18|15|14|19|14|9|11|11,61|59|53|54|48|49|54|46|49|53|52|52,17|16|18|16|18|18|15|21|25|24|22|22,772|827|775|496|1887|1224|1296|794|1127|1234,1443|1428|2022|2211|2690|3499|3360|3408|4105|4222|6517|7518,1132|1320|1616|1652|1925|2177|1804|2306|2376|2677|2799|3108,66.53|66.53|66.53|66.53|66.53|66.53|66.53|66.53,3.77|3.99|4.10|4.14|3.97|3.98|3.97|3.89,7.66|7.64|7.76|8.04|8.24|8.31|8.55|8.45,3.89,8.45,12.34,1.18
Five-Star Bus.Fi,/company/FIVESTAR/,FIVESTAR,9.84,,2.15,14.8,16.1,18.61,,15876.72,537.85,35.56,30,nse,standalone,14.4,250,538,15877,Financial Services,Financial Services,Non Banking Financial Company (NBFC),28,25,10,Jun 2026,Mar 2026,Jun 2026,519|567|616|666|702|727|752|787|799|815|817|829,,,86|196|402|787|1050|1254|1521|2183|2848|3218,,,0.61|0.60|0.84|0.41|0.59|0.35|0.43|0.42|0.41|0.39,|-457|-940|-1523|-157|-277|-1123|-2122|-1045|-264,5|0|10|28|25|33|45|64|86|88,,21.59|21.55|21.47|21.47|18.57|18.56|18.61|18.61,56.70|57.76|58.75|58.13|55.80|52.95|48.48|43.97,8.99|10.10|9.09|9.48|12.16|14.74|17.58|22.35,43.97,22.35,66.32,4.93
Bharat Coking,/company/BHARATCOAL/,BHARATCOAL,35.30,,2.74,4.05,1.91,90.00,,15843.11,34.02,22.7,30,nse,standalone,,12.4,34.0,15843,Energy,"Oil, Gas & Consumable Fuels",Coal,3,16,-14,Jun 2026,Mar 2026,Jun 2026,3688|3866|3720|2572|3469|3283|3587,0.05|-2.77|2.27|11.36|-1.09|-23.45|9.12,,6567|10128|12624|14246|15917|13645,-22|1.3|4.0|15|11|-3.6,0.18|8.53|-0.11|-2.33|-3.53|-7.29,28.51|4.12|32.20|30.89|30.25|34.90,-2303|3300|1699|1299|627|-641,2303|2499|3079|3615|4502|5326,1188|978|1387|1739|2317|3321,90.00|90.00,0.17|0.38,2.03|1.05,0.38,1.05,1.43,1.16
Kansai Nerolac,/company/KANSAINER/consolidated/,KANSAINER,13.86,,2.36,12.0,8.82,74.96,,15833.46,195.77,6.6,30,nse,consolidated,24.6,83.0,196,15833,Consumer Discretionary,Consumer Durables,Paints,2,10,5,Jun 2026,Mar 2026,Jun 2026,1957|1919|1769|2133|1951|1922|1817|2162|1954|1982|1954|2374,64|64|66|63|66|65|65|64|65|64|65|65,,3505|3767|4053|4658|5424|5280|5074|6369|7543|7801|7823|8052,13|16|18|17|14|15|17|10|11|13|12|12,61|63|52|61|57|55|54|61|62|58|58|58,10|3|9|2|10|9|10|10|9|9|9|8,351|360|100|595|646|25|408|903|672|894,916|937|957|1036|1465|1906|1912|1996|2108|2182|2246|2404,555|583|703|829|1111|1008|1198|1630|1729|1687|1665|1530,74.99|74.99|74.98|74.98|74.98|74.98|74.96|74.96,5.56|5.36|5.30|5.40|5.61|5.17|3.60|4.02,10.28|10.24|10.10|10.20|10.03|10.41|11.90|11.88,4.02,11.88,15.9,1.97
Vedanta Oil and Gas,/company/VOGL/consolidated/,VOGL,,,,,,56.38,,15766.68,40.32,216.45,30,nse,consolidated,73.3,,40.3,15767,Energy,"Oil, Gas & Consumable Fuels",Oil Exploration & Production,,,,Jun 2026,Mar 2026,Jun 2026,2311|2588|2507,-9.61|3.71|-7.34,,9606,31,-1,,,,,56.38,7.68,8.63,7.68,8.63,16.31,1.64
Mah. Scooters,/company/MAHSCOOTER/,MAHSCOOTER,54.82,,0.57,1.06,1.06,51.00,,15652.57,13696.00,6.51,30,nse,standalone,56.2,24180,13696,15653,Financial Services,Financial Services,Investment Company,13,59,41,Jun 2026,Mar 2026,Jun 2026,205.92|6.37|5.18|7.72|163.17|5.79|6.65|29.27|271.02|6.44|6.03|5.41,0.89|30.30|16.22|28.24|0.31|0.52|6.62|0.00|0.00|0.00|0.00|0.00,,7|9|8|82|95|211|30|194|217|223|184|313,-72|-72|-69|75|79|90|35|90|90|91|94|99,50.22|51.51|45.65|9.35|8.09|3.68|26.54|4.34|4.35|2.39|1.71|0.00,26.04|18.95|22.71|4.13|2.57|1.08|7.00|1.28|1.31|1.30|0.93|0.00,-33|1|1|-7|-6|119|209|206|159|267,4|7|7|13|15|15|14|13|12|10|0|0,1.28|0.53|1.18|1.20|1.51|3.36|3.60|6.46|3.80|3.66|0.00|0.00,51.00|51.00|51.00|51.00|51.00|51.00|51.00|51.00,4.73|4.89|4.90|5.12|6.21|6.24|6.33|6.18,5.34|5.27|4.52|4.26|3.85|3.87|3.69|3.85,6.18,3.85,10.03,50.01
Bikaji Foods,/company/BIKAJI/,BIKAJI,33.69,,9.27,22.0,17.8,73.88,,15515.57,618.80,7.58,30,nse,standalone,55.9,66.8,619,15516,Fast Moving Consumer Goods,Fast Moving Consumer Goods,Packaged Foods,13,17,11,Jun 2026,Mar 2026,Jun 2026,598|613|606|565|713|676|585|624|796|731|667|678,67|69|57|66|67|72|68|66|66|67|66|66,,468|550|610|781|901|1075|1308|1599|1944|2295|2541|2817,10|11|12|13|10|9|11|9|11|17|13|15,75|74|73|57|59|57|60|62|70|64|61|58,4|6|6|20|17|17|16|16|6|6|12|13,37|78|64|51|121|60|177|243|214|294,100|176|229|313|396|406|406|480|607|753|756|751,28|23|30|31|38|36|56|70|75|71|88|95,74.98|74.98|74.92|74.92|73.92|73.92|73.88|73.88,7.48|7.70|7.33|6.64|6.34|4.92|4.68|4.61,12.78|11.96|12.21|13.37|14.77|16.62|17.28|17.51,4.61,17.51,22.12,5.51
Concord Biotech,/company/CONCORDBIO/,CONCORDBIO,34.07,,7.67,17.4,12.6,44.08,,15494.71,1481.10,25.6,30,nse,standalone,54.5,193,1481,15495,Healthcare,Healthcare,Pharmaceuticals,7,11,-6,Jun 2026,Mar 2026,Jun 2026,262|241|319|216|310|244|430|204|247|278|326|261,20.15|19.56|27.86|22.38|24.60|21.46|29.89|22.11|19.84|23.79|26.29|21.36,,239|276|340|436|512|617|713|853|1017|1200|1055,44|48|37|41|40|53|38|40|42|42|36,24.49|24.46|20.17|24.77|25.36|18.08|23.01|21.12|22.54|25.46|23.31,15.58|11.97|12.25|14.15|13.32|8.57|12.45|14.37|13.08|11.53|13.93,|79||155|167|207|246|265|245|264,104|110|189|230|240|546|573|593|575|795|786,44|59|71|92|111|154|195|212|208|240|326,44.08|44.08|44.08|44.08|44.08|44.08|44.08|44.08,8.10|8.33|9.35|9.10|8.03|7.58|7.79|7.53,9.89|9.65|9.16|8.85|9.55|9.58|9.22|9.37,7.53,9.37,16.9,14.69
A B Real Estate,/company/ABREL/consolidated/,ABREL,-59.85,,4.19,-4.48,-2.64,50.21,,15492.19,1387.00,25.34,30,nse,consolidated,,331,1387,15492,Consumer Discretionary,Realty,"Residential, Commercial Projects",-53,-31,-55,Jun 2026,Mar 2026,Jun 2026,863|1070|814|353|266|204|395|146|98|81|83|189,59.64|53.59|58.06|58.02|55.36|60.21|67.49|48.97|44.35|28.62|37.72|43.06,,7645|3898|3944|3423|2617|4131|3832|1101|1219|407,12|21|24|17|9|11|15|20|1.3|-90,26|34|37|39|43|48|43|-0|0|-0,32|29|26|28|29|27|29|50|64|53,940|2209|548|-23|566|-51|271|-315|-1293|747,7309|7256|4430|4293|4139|4059|3952|3734|1437|1366,1264|1179|699|1338|1508|2331|3256|4726|8943|11060,50.21|50.21|50.21|50.21|50.21|50.21|50.21|50.21,9.41|9.53|9.28|9.11|9.11|8.96|9.04|9.26,15.90|15.33|15.86|16.74|16.43|16.90|16.40|16.63,9.26,16.63,25.89,38.06
Honasa Consumer,/company/HONASA/consolidated/,HONASA,39.89,,10.85,19.2,15.7,35.47,,15344.33,470.65,80.81,30,nse,consolidated,60.8,43.4,471,15344,Fast Moving Consumer Goods,Fast Moving Consumer Goods,Personal Care,17,39,21,Jun 2026,Mar 2026,Jun 2026,496|488|471|554|462|518|534|595|538|602|657|756,30.53|31.37|30.04|28.34|31.23|30.05|29.28|28.80|29.51|31.47|29.67|30.30,,460|943|1493|1920|2067|2392,-290|1.2|1.5|7|3.3|10,28.85|30.04|29.93|30.25|29.65|29.87,11.91|2.21|2.39|2.26|2.68|0.00,30|45|-52|235|102|141,21|342|252|299|302|489,41|67|121|132|176|165,34.98|35.03|34.99|34.99|34.97|35.54|35.54|35.47,19.31|15.44|15.55|16.09|15.50|14.62|13.74|13.64,17.49|18.45|18.49|18.90|19.15|18.64|19.24|21.58,13.64,21.58,35.22,6.41
Ingersoll-Rand,/company/INGERRAND/,INGERRAND,39.15,,24.92,57.1,43.0,75.00,,15342.68,4860.20,13.81,30,nse,standalone,55.9,195,4860,15343,Industrials,Capital Goods,"Compressors, Pumps & Diesel Engines",7,18,9,Jun 2026,Mar 2026,Jun 2026,276|329|299|318|322|382|322|315|322|455|300|379,56|58|56|55|56|56|55|56|55|59|53|57,,656|621|620|615|739|706|618|910|1151|1198|1336|1392,3.6|7|9|12|14|14|18|17|21|23|26|24,67|65|60|57|57|56|59|61|59|57|55|55,3|2|3|4|3|3|4|6|5|6|6|6,121|77|37|109|76|81|148|207|265|274,109|78|126|121|117|117|112|111|110|140|137|218,112|95|87|78|90|79|95|161|162|175|173|215,75.00|75.00|75.00|75.00|75.00|75.00|75.00|75.00,1.53|2.31|1.88|1.45|1.31|1.16|1.30|1.28,6.15|6.67|7.12|8.09|8.19|8.20|8.21|8.96,1.28,8.96,10.24,11.02
Natco Pharma,/company/NATCOPHARM/consolidated/,NATCOPHARM,10.73,,1.66,17.1,16.9,49.41,,15292.40,853.80,39.63,30,nse,consolidated,13.4,515,854,15292,Healthcare,Healthcare,Pharmaceuticals,15,15,-21,Jun 2026,Mar 2026,Jun 2026,1031|759|1068|1363|1371|475|1221|1329|1363|647|739|735,20.92|21.38|13.35|13.22|12.95|17.44|20.41|17.53|12.45|20.56|20.93|20.06,,825|1042|2020|2185|2094|1915|2052|1945|2707|3999|4430|4078,25|25|34|42|38|30|30|14|35|44|50|35,29.37|25.96|29.66|18.82|16.91|19.93|24.92|28.84|23.17|17.92|15.57|16.93,11.73|11.64|7.52|8.09|8.58|10.32|8.55|11.64|8.63|6.77|7.04|-0.00,346|464|669|417|299|46|849|1212|1697|1768,710|710|833|1019|1227|1584|2023|2312|2427|2491|2698|2803,220|357|349|438|529|558|798|762|743|700|766|908,49.62|49.62|49.56|49.56|49.48|49.48|49.41|49.41,17.51|17.94|17.49|15.52|14.09|15.16|17.37|16.99,6.75|5.59|5.64|5.81|5.87|5.39|5.46|5.63,16.99,5.63,22.62,3.75
L T Foods,/company/LTFOODS/consolidated/,LTFOODS,12.74,,3.38,17.7,14.9,51.00,,15256.56,439.35,97.98,30,nse,consolidated,23.8,130,439,15257,Fast Moving Consumer Goods,Fast Moving Consumer Goods,Other Agricultural Products,16,19,28,Jun 2026,Mar 2026,Jun 2026,1978|1942|2075|2071|2108|2275|2228|2464|2766|2809|2907|3152,70|68|68|67|67|67|64|66|66|66|70|68,,2716|2955|3245|3614|3890|4135|4644|5427|6936|7772|8681|10946,10|12|11|10|10|11|12|11|10|12|11|11,74|69|70|70|72|70|67|64|64|66|64|67,4|5|6|7|7|5|6|5|5|5|5|0,227|60|103|477|445|517|258|757|462|910,370|361|374|566|601|906|880|905|995|1160|1404|1852,1362|1300|1447|1729|1891|1750|2223|2352|3072|3498|4360|4991,51.00|51.00|51.00|51.00|51.00|51.00|51.00|51.00,8.03|9.33|9.79|10.15|10.12|8.92|8.74|8.21,5.76|5.86|6.16|7.22|8.34|9.63|10.30|10.84,8.21,10.84,19.05,1.39
Kirl. Brothers,/company/KIRLOSBROS/consolidated/,KIRLOSBROS,24.11,,6.18,20.4,17.3,65.95,,15204.43,1914.70,13.51,30,nse,consolidated,37.6,310,1915,15204,Industrials,Capital Goods,"Compressors, Pumps & Diesel Engines",7,11,5,Jun 2026,Mar 2026,Jun 2026,913|965|1224|1031|1036|1144|1281|979|1028|1116|1415|1105,50.29|48.89|48.51|50.47|47.85|48.93|48.55|47.63|47.89|50.56|50.73|48.69,,2713|2642|2526|2775|3349|3135|2717|3058|3730|4001|4492|4538,7|2.8|3.8|5|3.8|7|9|7|11|13|14|12,53.19|50.67|51.19|52.49|54.61|52.37|53.36|54.95|52.40|49.56|48.92|49.38,8.35|14.67|10.63|11.40|10.19|10.22|9.08|11.24|11.05|11.42|11.59|12.11,100|110|62|305|317|114|329|370|386|334,571|501|480|461|457|501|481|532|532|634|655|702,339|362|431|520|617|616|603|644|714|852|854|872,65.95|65.95|65.95|65.95|65.95|65.95|65.95|65.95,5.12|5.61|6.10|6.27|6.01|6.05|6.24|6.41,10.11|10.22|9.61|9.79|9.90|10.32|10.38|10.23,6.41,10.23,16.64,3.35
JBM Auto,/company/JBMA/consolidated/,JBMA,21.55,,9.88,15.1,15.7,67.53,,15172.29,641.55,45.71,30,nse,consolidated,66.0,65.0,642,15172,Consumer Discretionary,Automobile and Auto Components,Auto Components & Equipments,16,25,12,Jun 2026,Mar 2026,Jun 2026,1231|1346|1486|1144|1286|1396|1646|1254|1368|1614|1852|1442,69|73|72|68|67|66|70|67|67|70|67|68,,1557|1518|1501|1633|2207|1947|1982|3193|3857|5009|5472|6088,12|13|11|12|12|12|10|10|10|12|12|11,71|67|70|70|70|70|70|72|70|71|68|68,5|6|5|5|6|6|7|6|6|5|5|4,119|69|152|370|216|-142|484|205|394|-60,692|711|583|558|834|861|930|1213|1540|1729|1720|1606,178|288|216|235|290|296|362|413|424|744|610|518,67.53|67.53|67.53|67.53|67.53|67.53|67.53|67.53,3.26|3.28|2.75|2.30|1.90|1.92|1.97|2.03,0.06|0.07|0.07|0.09|0.08|0.09|0.10|0.16,2.03,0.16,2.19,2.49
Niva Bupa Health,/company/NIVABUPA/,NIVABUPA,62.62,,,3.15,3.46,55.30,,15126.73,81.80,11.55,30,nse,standalone,86.8,0.00,81.8,15127,Financial Services,Financial Services,General Insurance,33,36,28,Jun 2026,Mar 2026,Jun 2026,969|1026|1316|1124|1321|1258|1671|1932|1574|1611|2251|2471,,,851|1057|1413|1877|2853|4115|5374|6695,-3.4|-3.5|-1.5|-24|-12|-2.7|1.5|2.4,,44|44|46|64|57|73|76|80,||257|338|593|813|1654|905,30|39|46|49|52|58|66|85,,55.98|55.98|55.43|55.41|55.36|55.36|55.30,8.85|8.90|10.76|10.72|10.31|10.60|12.09,9.82|9.71|15.06|15.31|16.04|16.49|16.17,12.09,16.17,28.26,2.26
Vedanta Iron & Steel,/company/VISL/consolidated/,VISL,,,,,,56.38,,15090.19,38.59,131.15,30,nse,consolidated,,,38.6,15090,Commodities,Metals & Mining,Iron & Steel,,,,Jun 2026,Mar 2026,Jun 2026,3095|3863|3662,47.27|47.76|39.46,,13587,8,49.27,2.38,,,,56.38,5.38,12.09,5.38,12.09,17.47,1.11
Shaily Engineer.,/company/SHAILY/,SHAILY,51.23,,23.19,30.2,28.2,41.09,,15042.29,3270.40,61.52,30,nse,standalone,84.6,141,3270,15042,Consumer Discretionary,Consumer Durables,Plastic Products - Consumer,15,21,22,Jun 2026,Mar 2026,Jun 2026,156|145|163|169|180|186|203|225|236|236|224|275,62.77|61.40|55.79|61.44|57.40|55.64|51.73|50.00|44.22|44.00|43.25|44.33,,180|226|246|318|338|336|361|566|600|616|738|921,15|17|17|17|16|17|17|15|15|16|20|28,57.27|54.19|61.47|62.45|61.97|58.89|59.69|63.08|64.45|60.08|56.32|45.34,12.95|13.78|6.84|10.47|10.70|10.94|9.67|10.72|8.73|9.73|9.46|3.57,17|5|66|66|22|56|85|74|96|216,77|97|94|108|145|157|227|329|362|453|477|591,20|22|28|41|43|50|67|111|73|84|138|151,43.81|43.72|43.72|43.72|43.72|43.39|43.39|41.09,3.11|5.42|7.38|9.71|11.30|12.01|16.73|18.18,12.35|11.65|13.73|14.13|13.71|13.64|10.61|14.84,18.18,14.84,33.02,16.33
Usha Martin,/company/USHAMART/consolidated/,USHAMART,17.37,,4.56,19.5,15.1,40.28,,15007.01,492.45,25.37,30,nse,consolidated,27.5,108,492,15007,Industrials,Capital Goods,Iron & Steel Products,4,12,9,Jun 2026,Mar 2026,Jun 2026,785|797|829|826|891|861|896|887|908|917|979|1033,50|49|50|47|50|50|54|52|51|51|49|50,,4561|4112|3882|2066|2488|2154|2097|2688|3268|3225|3474|3691,16|8|10|-9|-1.0|11|14|14|16|19|17|19,36|48|47|62|61|57|56|55|55|51|50|51,29|24|23|9|8|10|9|9|9|9|9|9,686|914|974|212|214|159|252|444|422|655,5477|5302|5031|4862|935|956|932|913|952|1153|1406|1625,1689|1294|1309|1226|647|615|672|797|890|890|985|958,43.54|43.48|43.90|42.45|41.75|40.52|40.52|40.28,14.61|14.29|14.25|14.29|14.14|14.62|14.77|15.10,7.44|8.14|9.25|11.06|12.29|14.11|14.81|15.26,15.10,15.26,30.36,4.07
Crompton Gr. Con,/company/CROMPTON/,CROMPTON,18.22,,4.72,19.0,10.3,,,15003.22,233.00,104.37,30,nse,standalone,33.0,49.4,233,15003,Consumer Discretionary,Consumer Durables,Household Appliances,7,9,7,Jun 2026,Mar 2026,Jun 2026,1476|1458|1797|1959|1645|1545|1878|1819|1632|1659|2083|2022,70|68|68|69|68|67|67|69|70|69|69|70,,0|1783|3901|4080|4479|4512|4750|5373|5809|6388|7028|7193,|12|12|13|13|13|15|14|12|11|12|10,|71|70|69|69|68|68|69|69|69|68|69,|2|2|2|2|2|2|2|2|2|2|1,313|315|301|421|815|730|425|796|716|637,0|858|862|862|863|909|915|1099|1122|1120|1270|1263,0|210|273|303|352|464|518|511|619|698|772|603,,36.02|34.41|30.33|29.20|25.56|20.55|20.49|19.89,50.01|53.04|57.05|58.93|61.24|65.73|66.11|66.46,19.89,66.46,86.35,2.09
CCL Products,/company/CCL/consolidated/,CCL,20.73,,6.38,15.8,18.0,46.14,,14996.52,1123.10,18.17,30,nse,consolidated,34.7,176,1123,14997,Fast Moving Consumer Goods,Fast Moving Consumer Goods,Tea & Coffee,29,29,36,Jun 2026,Mar 2026,Jun 2026,608|664|727|773|738|758|836|1056|1127|1051|1224|1200,58|59|57|62|60|60|56|67|65|63|65|65,,881|932|976|1138|1081|1139|1242|1462|2071|2654|3106|4457,19|22|24|21|23|25|24|23|19|17|18|16,62|59|57|61|55|49|48|49|55|58|59|65,11|11|11|9|10|13|14|14|14|14|12|10,102|145|162|91|171|116|173|55|290|858,340|417|393|371|383|724|798|882|1257|1252|1622|2027,174|149|183|183|202|260|320|519|578|788|1052|1042,46.09|46.09|46.09|46.09|46.11|46.11|46.11|46.14,10.17|10.14|10.20|10.64|10.52|11.01|11.24|12.07,21.01|21.06|20.88|21.19|21.83|21.53|21.43|21.10,12.07,21.10,33.17,3.36
Vijaya Diagnost.,/company/VIJAYA/consolidated/,VIJAYA,39.90,,15.61,21.3,19.7,52.51,,14960.42,1452.50,27.29,30,nse,consolidated,79.8,93.0,1452,14960,Healthcare,Healthcare,Healthcare Service Provider,21,17,20,Jun 2026,Mar 2026,Jun 2026,139|133|155|156|183|169|173|188|202|205|219|231,11.77|12.05|12.12|12.01|12.57|12.34|12.80|11.39|12.07|11.71|11.36|11.08,,251|293|339|377|462|459|548|681|814,32|37|39|44|44|40|40|40|41,14.59|13.84|12.97|15.15|15.46|12.82|11.95|12.44|11.63,14.50|8.14|8.91|8.75|7.84|9.60|9.58|8.78|0.00,62|91|106|130|158|165|183|224|271,119|259|272|268|370|524|742|865|1070,2|2|3|3|4|2|5|5|5,53.91|53.91|53.05|52.63|52.60|52.60|52.51|52.51,18.14|17.54|19.36|19.56|18.27|15.10|13.38|11.65,23.45|24.62|23.72|24.07|25.34|28.60|29.93|31.61,11.65,31.61,43.26,18.38
Marksans Pharma,/company/MARKSANS/consolidated/,MARKSANS,17.52,,4.95,18.8,15.2,43.87,,14940.81,329.70,136.7,30,nse,consolidated,28.9,66.7,330,14941,Healthcare,Healthcare,Pharmaceuticals,17,16,20,Jun 2026,Mar 2026,Jun 2026,531|586|560|591|642|682|708|620|720|754|856|841,47.57|46.55|48.18|44.32|40.25|43.75|45.91|42.23|42.84|41.92|45.63|40.85,,797|893|767|913|1000|1134|1376|1491|1852|2177|2623|2951,23|15|6|9|13|17|25|17|18|21|20|20,55.91|57.06|59.80|57.32|49.80|50.06|43.24|48.08|49.75|47.68|43.61|43.28,4.75|5.73|6.07|5.92|6.33|4.07|3.67|2.10|2.33|5.71|6.87|7.12,14|50|27|233|179|99|237|230|207|458,166|270|267|279|270|303|309|428|486|776|982|1044,130|168|190|218|293|242|404|424|485|618|846|972,43.87|43.87|43.87|43.87|43.87|43.87|43.87|43.87,21.31|21.95|22.19|19.89|16.92|8.13|16.76|17.47,4.10|4.30|4.55|5.50|5.28|5.91|6.57|6.19,17.47,6.19,23.66,5.06
Avalon Tech,/company/AVALON/consolidated/,AVALON,65.02,,20.67,19.5,16.9,44.39,,14910.38,2231.70,96.77,30,nse,consolidated,112,108,2232,14910,Industrials,Capital Goods,Other Electrical Equipment,19,18,44,Jun 2026,Mar 2026,Jun 2026,201|214|217|199|275|281|343|323|382|418|480|484,63|63|62|67|63|63|65|64|66|66|66|65,,642|690|841|945|867|1098|1603,10|10|12|12|7|10|11,64|66|66|63|64|64|66,2|2|2|2|2|2|0,66|6|16|-13|17|25|57,99|104|114|128|147|185|192,155|146|233|318|316|338|463,50.69|50.58|50.57|44.60|44.46|44.42|44.41|44.39,2.97|5.39|7.13|8.67|10.04|7.56|6.42|7.81,23.75|20.87|17.32|22.01|22.84|25.40|26.17|24.72,7.81,24.72,32.53,9.3
Lalithaa Jewel,/company/LALITHAA/,LALITHAA,9.72,,,38.0,40.2,82.85,,14845.74,265.24,154.42,30,nse,standalone,14.7,,265,14846,Consumer Discretionary,Consumer Durables,"Gems, Jewellery And Watches",23,28,48,,Mar 2026,Aug 2026,,,,7758|7827|7246|8187|13381|16786|16897|25039,3.3|4.5|6|5|3.9|4.2|4.6|7,92|92|91|92|93|92|91|90,0|0|0|0|0|1|2|1,209||153|243|317|-20|290|-401,121|445|479|465|516|560|643|630,1761|2001|2322|2549|3471|4201|5876|9816,82.85,2.61,4.92,2.61,4.92,7.53,0.59
CIE Automotive,/company/CIEINDIA/consolidated/,CIEINDIA,9.51,,1.91,14.7,11.8,65.70,,14793.24,389.95,26.02,30,nse,consolidated,16.5,204,390,14793,Consumer Discretionary,Automobile and Auto Components,Auto Components & Equipments,2,9,13,Jun 2026,Dec 2025,Jun 2026,2279|2240|2427|2293|2135|2110|2273|2369|2372|2393|2612|2621,54.70|51.87|53.15|51.20|51.78|52.21|51.65|51.22|50.63|49.34|50.65|49.40,,5570|4001|5320|6428|8032|7908|6050|6765|8753|9280|8964|9406,8|9|10|13|12|12|8|14|13|15|15|14,46||40|44|45|47|46|49|55|53|52|51,18||22|19|20|18|19|17|18|17|17|18,304|512|708|1027|539|1051|1118|1383|881|1258,3124|3293|4517|4750|4905|6044|6741|6587|5547|5810|5857|6200|6257,685|719|835|990|1229|1057|1006|1349|1211|1163|1091|1130|1217,65.70|65.70|65.70|65.70|65.70|65.70|65.70|65.70,4.32|4.47|4.38|4.15|4.23|4.32|4.73|4.95,20.33|20.72|20.91|21.48|21.52|21.64|21.32|20.65,4.95,20.65,25.6,1.57
Arvind Ltd,/company/ARVIND/consolidated/,ARVIND,14.28,,3.53,14.7,10.8,38.09,,14781.33,543.35,36.94,30,nse,consolidated,33.7,154,543,14781,Consumer Discretionary,Textiles,Garments & Apparels,4,13,15,Jun 2026,Mar 2026,Aug 2026,1922|1888|2075|1831|2188|2089|2221|2006|2371|2373|2553|2501,47.49|46.65|47.53|48.05|48.89|45.74|47.64|47.06|48.61|48.25|49.07|48.50,,7851|8011|9221|6794|7142|7369|5073|8010|8382|7738|8329|9303,13|12|10|10|10|10|9|10|10|11|11|11,44.50|43.28|45.61|46.73|45.65|50.70|49.72|51.46|53.34|47.54|47.58|48.31,19.36|19.82|18.02|22.88|24.43|20.77|20.34|23.15|20.75|22.26|21.08|19.87,551|428|2358|860|776|595|666|696|763|867,3208|3357|3672|3962|3421|3835|3590|3481|3427|3421|3578|3993,1845|1920|2383|2244|1598|1277|1160|2208|1649|1986|2138|2174,39.59|39.58|39.56|39.53|39.53|39.53|39.53|38.09,18.66|18.71|17.58|16.81|16.51|16.10|16.44|15.88,17.61|18.10|18.10|18.69|19.30|20.04|19.88|22.78,15.88,22.78,38.66,1.59
Sigma Advanced System,/company/SIGMAADV/consolidated/,SIGMAADV,63.63,,29.21,60.8,90.6,66.24,,14759.38,777.10,9.42,30,nse,consolidated,88.8,26.6,777,14759,Industrials,Capital Goods,Aerospace & Defense,530,53,964,Jun 2026,Mar 2026,Jul 2026,0|0|0|0|0|19|57|5|18|146|323|374,|||||72.99|61.84|35.89|70.74|32.79|37.88|39.47,,98|63|67|66|62|57|59|52|2|0|0|492,25|25|8|14|3.2|9|7|-35|-898||14|10,|0.00|0.00|0.00|0.00|0.00|0.00|0.00|0.00||67.47|37.57,|21.64|39.19|41.88|37.74|31.92|45.12|47.77|65.48||0.00|0.00,45|16|51|17|20|16|15|22|37|-225,193|194|187|141|208|243|248|204|179|187|200|325,0|0|0|0|0|0|0|0|0|0|0|193,35.07|35.07|35.07|35.07|35.07|71.22|71.22|66.24,0.14|0.13|0.19|0.51|0.23|0.07|0.24|0.13,0.00|0.00|0.00|0.00|0.00|0.00|0.02|0.02,0.13,0.02,0.15,30
Clean Max Enviro,/company/CLEANMAX/consolidated/,CLEANMAX,16.89,,3.16,6.16,1.76,49.43,,14696.16,1250.90,24.55,30,nse,consolidated,93.7,396,1251,14696,Utilities,Power,Power Generation,27,25,28,Jun 2026,Mar 2026,Jun 2026,374|446|402|531|422|557|832,37.54|34.85|15.56|26.51|27.61|32.56|35.92,,621|702|930|1390|1496|1913,39|42|40|51|60|59,,51.76|45.94|45.99|32.62|27.80|26.40,489|434|928|86|1404|1731,2031|2149|2929|6649|8060|11954,14|70|77|40|52|40,49.48|49.43,29.80|11.21,14.75|14.67,11.21,14.67,25.88,7.68
Juniper Green,/company/JNPR/consolidated/,JNPR,37.22,,,3.30,0.43,85.94,,14693.25,258.23,103.5,30,nse,consolidated,557,,258,14693,Utilities,Power,Power Generation,29,,41,Jun 2026,Mar 2026,Aug 2026,161|213|291,0.00|1.04|0.75,,171|331|392|509|719,86|81|86|84|85,,2.25|2.11|2.40|3.61|3.61,142|255|322|365|470,2025|2903|3443|4599|7460,,85.94,1.77,5.07,1.77,5.07,6.84,20.44
Rainbow Child.,/company/RAINBOW/consolidated/,RAINBOW,25.36,,8.91,17.4,15.9,49.84,,14654.03,1442.80,13.95,30,nse,consolidated,51.2,162,1443,14654,Healthcare,Healthcare,Hospital,13,21,18,Jun 2026,Mar 2026,Jun 2026,333|336|341|330|417|398|370|353|445|445|460|470,12.70|12.71|12.30|12.86|12.38|13.50|12.71|13.46|13.99|13.54|12.39|13.73,,169|234|321|402|543|719|650|974|1174|1297|1516|1703,24|13|17|17|28|28|25|32|34|33|33|32,17.14|17.02|16.07|14.93|14.78|14.64|15.88|20.00|13.49|12.74|12.86|13.33,6.66|5.93|5.98|5.98|10.72|11.18|10.85|8.46|9.21|9.43|9.44|9.12,36|48|127|170|143|224|329|321|396|420,78|123|174|296|702|702|772|858|931|1253|1398|1756,3|4|7|6|7|16|10|15|19|24|28|42,49.85|49.85|49.85|49.85|49.85|49.84|49.84|49.84,25.12|25.12|23.69|23.60|21.85|19.24|17.24|16.03,13.84|13.87|15.31|15.44|17.46|19.49|21.12|22.56,16.03,22.56,38.59,8.6
International Gemological Instit,/company/IGIL/consolidated/,IGIL,16.40,,9.85,69.2,55.8,76.55,,14648.05,338.95,24.54,30,nse,consolidated,24.0,34.4,339,14648,Services,Services,Diversified Commercial Services,48,,22,Jun 2026,Mar 2026 15m,Jun 2026,250|278|260|250|265|305|301|304|320|369|371,0.21|0.36|0.24|0.40|0.44|0.15|-0.36|0.65|-0.99|0.91|0.57,,491|898|1053|1598,68|55|57|61,0.42|0.37|0.36|,0.69|0.94|0.86|,194|303|393|624,110|384|384|539,0|1|1|1,76.55|76.55|76.55|76.55|76.55|76.55|76.55,9.10|9.87|10.18|10.55|9.61|8.60|9.49,5.87|5.88|5.44|5.15|5.44|6.38|5.51,9.49,5.51,15,9.17
Canara HSBC,/company/CANHLIFE/,CANHLIFE,100.31,,8.95,8.35,8.11,62.00,,14648.05,154.19,33.87,30,nse,standalone,112,17.2,154,14648,Financial Services,Financial Services,Life Insurance,11,5,9,Jun 2026,Mar 2026,Jun 2026,3323|1516|2783|3632|2348|4202|1374|4351,,,3074|9253|8496|8435|11841|10710|11556,0.5|-0.8|-2.7|-0.4|1.1|1.2|1.1,,7|85|90|88|90|88|87,|2340|1998|2592|2310|1208|3534,32|37|70|73|77|42|31,,62.00|62.00|62.00,4.57|5.67|5.42,30.85|29.79|29.67,5.42,29.67,35.09,1.27
Cartrade Tech,/company/CARTRADE/consolidated/,CARTRADE,39.78,,5.81,11.8,9.69,,,14624.44,3014.60,173.19,30,nse,consolidated,61.4,519,3015,14624,Consumer Discretionary,Consumer Services,E-Retail/ E-Commerce,29,26,20,Jun 2026,Mar 2026,Jun 2026,120|139|145|142|154|176|170|173|193|210|203|201,,,33|78|243|298|250|313|364|490|641|779,-499|-68|12|14|16|-43|9|16|24|33,2.00|0.00|0.00|5.75|0.50|2.80|1.78|0.00|0.00|0.00,1.35|1.16|3.87|3.43|2.16|1.18|1.53|8.55|10.00|0.00,|-50|35|17|35|63|48|16|171|257,792|789|1010|1016|1022|1041|1042|1489|1497|1522,0|0|1|0|2|1|0|0|0|0,,51.63|55.12|60.96|67.30|68.51|64.58|60.15|54.37,22.01|19.67|15.36|10.49|9.95|9.97|12.07|15.63,54.37,15.63,70,18.77
SKF India Indus.,/company/SKFINDUS/,SKFINDUS,31.71,,9.87,29.9,26.6,52.58,,14595.08,2952.20,11.89,30,nse,standalone,38.0,299,2952,14595,Industrials,Capital Goods,Abrasives & Bearings,,,377,Jun 2026,Mar 2026,Jun 2026,721|821|813|861|946|971,57|69|67|66|68|67,,721|3440,22|11,57|68,4|4,-18|164,182|211,508|536,52.58|52.58|52.58,4.74|4.87|5.08,29.47|29.72|29.18,5.08,29.18,34.26,4.24
V-Guard Industri,/company/VGUARD/consolidated/,VGUARD,23.50,,6.13,18.4,14.4,53.22,,14560.19,333.25,70.27,30,nse,consolidated,38.3,54.3,333,14560,Consumer Discretionary,Consumer Durables,Household Appliances,13,17,13,Jun 2026,Mar 2026,Jun 2026,1134|1165|1343|1477|1294|1269|1538|1466|1341|1404|1755|1811,66|66|65|64|64|63|64|63|62|64|65|63,,2086|2326|2594|2503|2721|3500|4127|4857|5578|5966,10|8|9|10|11|10|8|9|9|9,71|70|70|66|68|69|70|66|64|64,3|3|4|4|4|5|5|6|6|7,130|52|156|141|222|-37|424|393|477|459,169|218|231|284|370|463|1247|1334|1374|1524,274|316|376|479|632|860|767|812|997|1024,54.40|54.36|54.30|54.28|53.33|53.28|53.22|53.22,13.85|13.72|13.43|12.55|12.45|12.12|12.07|12.01,19.88|20.25|20.63|21.61|22.86|23.32|23.39|23.24,12.01,23.24,35.25,2.44
Fractal Analyt.,/company/FRACTAL/consolidated/,FRACTAL,25.26,,4.56,12.6,12.0,16.97,,14519.01,844.30,31.19,30,nse,consolidated,43.7,185,844,14519,Information Technology,Information Technology,Computers - Software & Consulting,18,30,19,Jun 2026,Mar 2026,Jun 2026,707|758|760|798|854|886|912,,,768|873|1295|1985|2196|2765|3300,-1.9|12|-6|-6|2.6|12|13,,1|0|2|3|5|5|5,-40|81|-117|-31|160|397|409,202|172|552|558|626|687|765,,16.97|16.97,40.48|40.87,13.25|12.26,40.87,12.26,53.13,4.4
Apollo Micro Sys,/company/APOLLO/consolidated/,APOLLO,61.96,,10.52,14.5,11.8,49.98,,14397.62,387.45,199.22,30,nse,consolidated,119,36.8,387,14398,Industrials,Capital Goods,Aerospace & Defense,45,35,69,Jun 2026,Mar 2026,Jun 2026,87|91|135|91|161|148|162|134|225|252|293|251,73|65|71|67|75|69|70|61|69|71|65|68,,246|203|243|298|372|562|904,20|19|19|22|23|23|24,73|74|74|71|70|71|67,0|1|1|0|0|0|0,47|6|43|-16|-76|10|-130,50|49|86|106|144|182|477,208|226|296|342|434|601|795,55.12|55.12|55.12|50.65|50.33|51.98|51.98|49.98,0.19|0.74|0.93|7.16|8.94|4.97|3.63|7.59,0.87|0.87|0.37|1.61|1.45|1.30|1.82|1.71,7.59,1.71,9.3,15.93
Shadowfax Technologies,/company/SHADOWFAX/,SHADOWFAX,43.84,,8.17,10.3,10.7,16.51,,14396.02,245.36,315.43,30,nse,standalone,83.6,30.0,245,14396,Services,Services,Logistics Solution Provider,42,54,65,Jun 2026,Mar 2026,Jun 2026,701|694|796|950|1128|1206|1324,,,323|464|991|1415|1885|2467|4080,-28|-31|-15|-8|1.0|2.5|5,,1|2|2|2|30|27|27,-106|-113|-132|-73|132|50|342,20|50|60|83|118|262|520,,16.59|16.51,7.65|8.78,20.64|19.10,8.78,19.10,27.88,3.53
Nazara Technolo.,/company/NAZARA/consolidated/,NAZARA,-1054.95,,4,27.2,30.5,33.98,,14377.00,374.60,95.39,30,nse,consolidated,,93.8,375,14377,Consumer Discretionary,"Media, Entertainment & Publication",Digital Entertainment,19,32,-6,Jun 2026,Mar 2026,Aug 2026,297|320|266|250|319|535|520|499|526|406|398|429,15.39|6.41|1.28|0.10|0.11|0.07|7.52|2.17|1.83|0.93|0.91|1.01,,211|190|172|170|247|454|622|1091|1138|1624|1829,36|32|28|9|-3.0|9|14|9|9|7|-1.6,0|0|0|0|0|0|0|5|7|2|2,11|10|8|27|21|12|23|36|34|32|0,57|3|19|-2|68|62|8|91|66|149,2|2|152|137|348|296|424|583|608|1731|1473,0|0|0|0|0|0|1|25|2|3|3,9.00|8.78|8.30|35.45|35.45|35.45|34.25|33.98,11.59|13.04|12.98|12.63|11.98|13.30|13.23|15.51,13.51|12.44|9.80|7.18|3.62|2.16|2.39|2.47,15.51,2.47,17.98,7.86
NMDC Steel,/company/NSLNISP/,NSLNISP,11.23,,1.09,3.06,0.45,60.79,,14365.83,49.02,38.75,30,nse,standalone,172,45.0,49.0,14366,Commodities,Metals & Mining,Iron & Steel,,,42,Jun 2026,Mar 2026,Jun 2026,277|926|1846|2023|1522|2120|2838|3365|3390|3008|3879|3662,65|87|121|94|84|97|81|64|70|69|59|65,,0|0|0|0|3049|8503|13642,||||-47|-21|11,||||105|89|65,||||35|26|0,-0|-0|743|1516|-2825|1966|1796,0|0|1132|1118|20273|20131|19452,0|0|40|860|3703|3057|3897,60.79|60.79|60.79|60.79|60.79|60.79|60.79|60.79,4.56|4.58|4.60|4.67|5.13|4.81|4.85|5.48,16.06|16.02|16.03|15.90|15.34|15.67|15.85|15.78,5.48,15.78,21.26,1.05
Anupam Rasayan,/company/ANURAS/consolidated/,ANURAS,26.88,,4.3,7.36,5.50,59.07,,14349.63,1260.40,33.56,30,nse,consolidated,82.1,293,1260,14350,Commodities,Chemicals,Specialty Chemicals,14,24,52,Jun 2026,Mar 2026,Jun 2026,392|296|401|254|294|390|500|486|731|512|636|655,41.45|34.16|46.86|40.20|36.80|40.14|47.49|50.19|64.85|53.39|52.14|43.47,,502|529|811|1074|1602|1475|1437|2365,19|25|24|28|27|26|28|22,51|40|42|34|44|42|42|56,21|25|25|27|19|21|18|0,39|95|1|-171|292|59|-30|334,681|977|1115|1202|1417|1501|2185|3713,195|297|492|863|931|1055|1452|1775,61.23|61.19|61.19|61.19|59.07|59.07|59.07|59.07,7.00|7.46|6.47|4.94|7.63|7.60|6.91|7.72,2.30|2.32|2.25|2.24|1.37|0.41|0.35|0.38,7.72,0.38,8.1,6.07
EID Parry,/company/EIDPARRY/consolidated/,EIDPARRY,4.49,,1.63,17.0,7.85,41.28,,14330.77,805.30,53.41,30,nse,consolidated,17.6,493,805,14331,Fast Moving Consumer Goods,Fast Moving Consumer Goods,Other Food Products,3,16,16,Jun 2026,Mar 2026,Jun 2026,9059|7770|5557|6747|9330|8720|6811|8720|11624|10312|7882|9018,77|81|73|78|77|78|73|77|78|78|74|76,,13952|15358|14391|15373|16556|17129|18556|23521|35244|29413|31609|38534,7|5|10|8|9|11|11|10|9|9|8|9,75|77|71|73|72|71|71|75|79|77|77|77,4|4|4|4|4|4|4|4|3|3|8|8,1969|259|-52|1986|4771|2278|359|1974|1936|1542,3476|3343|3297|3197|3077|3858|3583|3763|3889|4896|6148|8240,3963|4014|3572|4096|5743|4354|4071|5363|6195|6948|6686|8661,42.23|41.70|41.62|41.55|41.49|41.45|41.45|41.28,10.66|12.64|12.17|12.66|12.77|12.61|12.20|11.21,13.29|13.29|13.83|14.46|15.57|16.28|16.75|16.67,11.21,16.67,27.88,0.37
Vedanta Power,/company/VEDPOWER/consolidated/,VEDPOWER,,,,,,56.38,,14327.66,36.64,77.6,30,nse,consolidated,23.3,,36.6,14328,Utilities,Power,Power Generation,,,,Jun 2026,Mar 2026,Jun 2026,1986|2684|2607,,,8799,18,,72,,,,56.38,8.51,13.01,8.51,13.01,21.52,1.63
Engineers India,/company/ENGINERSIN/consolidated/,ENGINERSIN,12.07,,4.54,30.4,23.4,51.32,,14260.14,253.72,52.51,30,nse,consolidated,18.2,56.0,254,14260,Industrials,Construction,Civil Construction,6,5,16,Jun 2026,Mar 2026,Jun 2026,790|868|805|624|689|765|1010|870|921|1210|926|820,16.19|14.64|13.35|8.79|9.09|14.41|7.94|8.98|16.02|6.43|13.23|10.23,,1741|1541|1480|1824|2476|3237|3144|2913|3330|3281|3088|3928,13|14|21|24|15|14|11|12|9|9|17|18,,35.98|40.78|18.82|20.21|44.71|49.54|54.65|49.49|57.09|53.87|45.18|48.38,236|599|549|376|171|48|-113|222|117|319,272|242|272|257|248|274|263|263|279|298|295|338,1|1|1|1|7|7|2|2|1|1|1|1,51.32|51.32|51.32|51.32|51.32|51.32|51.32|51.32,7.31|6.89|6.75|7.13|7.00|7.74|9.66|9.17,11.01|10.59|10.76|14.30|13.74|13.38|12.19|14.22,9.17,14.22,23.39,3.63
HEG,/company/HEG/consolidated/,HEG,21.40,,2.98,8.35,7.42,56.27,,14229.20,737.35,164.16,30,nse,consolidated,40.2,247,737,14229,Industrials,Capital Goods,Electrodes & Refractories,1,15,20,Jun 2026,Mar 2026,Jun 2026,614|562|547|571|568|478|537|613|699|656|603|681,44.93|49.71|53.50|48.37|42.43|37.27|38.81|41.55|41.89|39.66|42.42|36.88,,1228|870|859|2748|6591|2145|1254|2201|2463|2393|2151|2568,15|16|9|63|71|-0.2|-4.2|24|25|16|12|16,50.28|45.51|50.69|17.40|16.91|75.58|64.51|37.67|37.16|48.11|42.03|41.41,17.87|18.44|20.84|10.85|5.57|14.16|21.79|21.66|22.23|21.65|25.90|23.56,157|594|1488|739|716|-141|113|612|280|213,907|932|889|833|788|745|694|763|1363|1816|1938|1788,402|371|258|511|1308|1005|581|978|1440|1194|1255|1134,55.77|55.77|55.77|55.77|55.77|56.13|56.27|56.27,6.93|7.07|7.18|7.29|7.97|8.52|10.23|8.47,12.79|12.09|11.65|11.60|11.99|12.15|8.63|9.27,8.47,9.27,17.74,5.54
CEAT,/company/CEATLTD/consolidated/,CEATLTD,8.44,,2.82,19.2,16.1,47.29,,14204.05,3511.50,32.23,30,nse,consolidated,22.3,1247,3512,14204,Consumer Discretionary,Automobile and Auto Components,Tyres & Rubber Products,11,16,21,Jun 2026,Mar 2026,Jun 2026,3053.32|2963.14|2991.85|3192.82|3304.53|3299.90|3420.62|3529.00|3772.65|4157.05|4219.00|4318.00,57|59|58|61|63|63|63|63|59|60|60|66,,5705|5484|5766|6282|6985|6779|7610|9363|11315|11943|13218|15678,12|14|12|10|9|11|13|8|9|14|11|13,62|56|59|61|60|58|56|64|65|58|62|61,10|11|11|10|5|5|5|5|5|8|8|8,335|672|561|956|1358|619|1205|1719|1092|1786,1581|2032|2453|2709|3180|4160|4763|5329|6096|6271|6984|8439,680|640|943|785|1006|939|1132|1310|1138|1150|1412|1783,47.21|47.21|47.21|47.21|47.21|47.21|47.29|47.29,16.65|15.83|15.28|17.39|16.21|16.92|16.55|13.82,19.75|20.54|21.52|20.07|21.05|20.48|20.90|22.19,13.82,22.19,36.01,0.91
JSW Dulux,/company/JSWDULUX/consolidated/,JSWDULUX,23.04,,5.78,22.7,19.1,61.20,,14166.68,3110.80,4.75,30,nse,consolidated,36.9,538,3111,14167,Consumer Discretionary,Consumer Durables,Paints,-2,8,-12,Jun 2026,Mar 2026,Jun 2026,956|1033|973|1036|982|1050|1014|995|835|894|883|965,55|56|56|55|56|58|57|57|59|59|59|63,,856|2640|2572|2719|2918|2662|2421|3149|3802|3962|4069|3599,-20|10|13|11|12|14|14|14|14|16|16|14,53|56|54|56|58|54|55|60|60|56|57|59,9|2|1|1|2|2|3|3|4|5|4|4,143|183|139|374|283|121|486|486|312|93,133|523|519|539|530|574|543|520|511|526|481|1613,101|361|405|351|392|424|488|664|598|612|605|571,74.76|74.76|74.76|74.76|69.76|61.20|61.20|61.20,3.75|3.84|3.68|3.70|7.97|8.66|8.43|8.49,8.11|8.05|8.49|8.56|13.77|20.58|21.79|21.96,8.49,21.96,30.45,3.94
Prudent Corp.,/company/PRUDENT/consolidated/,PRUDENT,38.53,,16.06,37.5,28.6,55.31,,14166.47,3421.30,16.09,30,nse,consolidated,57.8,213,3421,14166,Financial Services,Financial Services,Financial Products Distributor,30,35,19,Jun 2026,Mar 2026,Jun 2026,190|210|240|249|286|285|283|294|320|343|361|348,,,225|236|295|458|617|823|1133|1341,18|20|24|27|29|26|26|25,,56|52|53|54|54|53|57|57,13|50|58|93|120|150|161|217,24|27|26|174|164|153|162|257,2|4|13|10|8|13|17|22,55.71|55.71|55.71|55.31|55.31|55.31|55.31|55.31,14.63|14.77|17.63|17.47|16.85|16.32|14.89|14.28,23.92|23.63|20.71|20.76|21.47|22.13|23.58|23.95,14.28,23.95,38.23,10.56
Jubilant Pharmo,/company/JUBLPHARMA/consolidated/,JUBLPHARMA,12.70,,1.98,8.99,6.53,47.67,,14060.61,882.65,25.38,30,nse,consolidated,36.2,445,883,14061,Healthcare,Healthcare,Pharmaceuticals,10,6,16,Jun 2026,Mar 2026,Jun 2026,1680|1677|1759|1732|1752|1822|1929|1901|1966|2122|2290|2229,33.17|31.95|29.99|32.44|31.66|31.53|32.46|32.52|30.33|33.75|31.15|33.58,,5751|5749|5861|7518|9111|5976|6099|6130|6282|6703|7234|8280,11|22|23|20|19|26|23|19|12|13|16|15,46.29|36.83|34.11|38.16|38.66|24.35|25.19|24.27|29.89|31.94|32.03|31.94,14.30|13.87|12.98|11.96|11.11|7.79|8.96|11.21|11.71|9.77|9.43|9.52,1268|1303|1122|1543|1784|838|661|971|1072|1227,4911|5104|5107|5401|5648|6340|4609|4871|5183|5091|5176|6966,1235|1203|1220|1391|1417|1845|1129|1255|1380|1290|1129|1232,50.67|50.67|50.67|47.67|47.67|47.67|47.67|47.67,17.94|16.96|17.23|17.40|16.56|15.96|15.90|15.87,5.66|6.99|7.05|9.52|10.53|11.23|11.63|12.40,15.87,12.40,28.27,1.7
Tilaknagar Inds.,/company/TI/consolidated/,TI,30.72,,4.69,11.8,13.1,31.67,,14036.72,567.20,62.66,30,nse,consolidated,62.1,121,567,14037,Fast Moving Consumer Goods,Fast Moving Consumer Goods,Breweries & Distilleries,26,34,100,Jun 2026,Mar 2026,Jun 2026,354|377|359|313|375|340|384|409|398|623|949|1046,51|51|52|50|48|54|54|48|52|54|54|57,,748|458|515|578|661|653|549|783|1164|1394|1434|2346,13|-27|-18|0.5|8|-8|10|14|12|13|18|18,26|60|32|25|21|29|24|23|24|23|22|54,31|5|39|30|34|30|34|31|35|32|34|0,26|175|91|191|85|65|71|121|178|-445,608|579|542|587|552|502|469|439|420|396|370|3772,126|102|88|80|98|60|72|72|116|101|165|402,40.14|40.00|40.00|39.97|37.20|31.71|31.71|31.67,12.40|13.96|15.32|15.29|19.45|18.41|16.87|16.88,1.19|1.35|1.26|1.38|3.82|4.91|5.92|6.28,16.88,6.28,23.16,5.98
T N Merc. Bank,/company/TMB/,TMB,14.46,,1.33,7.51,14.0,,,14030.73,886.05,44.48,30,nse,standalone,9.72,667,886,14031,Financial Services,Financial Services,Private Sector Bank,13,10,13,Jun 2026,Mar 2026,Jun 2026,1209|1229|1254|1281|1337|1331|1342|1386|1413|1469|1550|1662,,,3250|3224|3466|3609|3834|4081|4848|5291|5819,,,0.45|0.34|0.46|0.29|0.47|0.38|0.35|0.32|0.23,-389|0|567|-670|1325|-1270|-611|1899|-101,140|138|128|137|211|246|271|284|311,,,4.08|4.12|4.22|4.58|4.65|4.95|6.19|6.73,2.22|2.67|2.66|2.40|2.41|2.47|1.91|1.96,6.73,1.96,8.69,2.41
Indegene,/company/INDGN/consolidated/,INDGN,19.13,,4.45,18.8,14.4,,,13948.33,578.95,36.1,30,nse,consolidated,33.5,130,579,13948,Healthcare,Healthcare,"Healthcare Research, Analytics & Technology",15,29,30,Jun 2026,Mar 2026,Jun 2026,636|673|673|676|687|720|756|761|804|942|1003|1063,,,553|643|966|1665|2306|2590|2839|3510,8|22|24|17|17|20|19|18,,11|12|14|15|11|9|9|11,65|22|172|297|130|508|442|651,104|119|86|138|664|646|678|1812,,,4.82|5.03|5.24|10.04|11.30|11.48|10.27|9.92,3.17|3.99|4.96|7.20|6.95|8.06|8.29|8.74,9.92,8.74,18.66,3.97
Gallantt Ispat L,/company/GALLANTT/consolidated/,GALLANTT,19.27,,4.22,18.2,15.7,70.03,,13942.42,577.85,9.19,30,nse,consolidated,32.0,137,578,13942,Industrials,Capital Goods,Iron & Steel Products,3,34,4,Jun 2026,Mar 2026,Jun 2026,950|1063|1177|1160|943|1118|1072|1128|1013|1074|1205|1146,80|80|74|72|78|71|70|68|75|74|72|73,,720|670|616|824|1064|865|1007|3017|4057|4227|4293|4419,9|10|8|10|12|3.7|11|10|9|11|16|16,78|76|76|75|75|81|75|80|82|79|72|72,7|8|8|7|7|8|7|0|5|5|6|0,42|122|76|57|92|234|96|344|579|602,212|205|230|219|208|198|463|1452|1623|1894|1807|1856,86|80|99|110|111|132|137|331|433|439|436|551,68.93|68.93|68.93|68.93|68.93|69.83|70.00|70.03,0.09|0.07|0.04|0.05|0.19|0.15|0.09|0.02,0.00|0.00|0.00|0.00|0.06|0.05|0.08|0.08,0.02,0.08,0.1,3.16
S C I,/company/SCI/consolidated/,SCI,5.49,,1.53,13.9,15.0,63.75,,13929.75,299.05,79.95,30,nse,consolidated,8.61,195,299,13930,Services,Services,Shipping,0,9,17,Jun 2026,Mar 2026,Jun 2026,1093|1341|1413|1514|1451|1316|1325|1316|1339|1612|1513|1847,,,4311|4050|3447|3469|3873|4425|3703|4995|5794|5047|5606|5780,21|34|23|20|18|26|31|31|27|28|31|38,,66.01|52.45|63.96|64.78|66.01|57.72|54.50|58.57|60.38|59.10|55.84|48.38,683|228|712|945|1340|1644|1465|994|850|1343,12280|11827|11411|11348|11119|10653|10174|7625|7403|7004|6711|7199,93|86|115|117|160|131|88|175|150|174|193|274,63.75|63.75|63.75|63.75|63.75|63.75|63.75|63.75,5.61|4.79|4.68|6.14|6.49|7.13|8.98|8.98,3.64|3.63|3.16|2.57|2.58|2.41|2.49|2.09,8.98,2.09,11.07,2.41
Balrampur Chini,/company/BALRAMCHIN/consolidated/,BALRAMCHIN,21.29,,3.2,9.28,9.54,42.86,,13856.46,654.85,232.77,30,nse,consolidated,37.3,205,655,13856,Fast Moving Consumer Goods,Fast Moving Consumer Goods,Sugar,10,5,15,Jun 2026,Mar 2026,Jun 2026,1539|1230|1434|1422|1298|1192|1504|1542|1671|1454|1604|1637,76|73|57|75|83|71|58|79|81|69|64|80,,2987|2757|3460|4343|4286|4741|4812|4846|4666|5594|5415|6271,4.3|15|26|10|16|14|15|15|11|14|13|12,84|72|62|80|71|74|72|71|73|70|71|74,4|3|3|3|4|3|3|3|4|4|4|0,346|1180|-523|850|649|695|453|178|425|599,1377|1340|1412|1446|1422|1624|1599|1634|2599|2639|2645|2604,1669|1865|2314|1802|2317|2296|2378|2201|2319|2871|3119|3135,42.89|42.87|42.87|42.87|42.86|42.86|42.86|42.86,12.85|12.11|12.01|11.99|11.20|10.55|10.43|9.33,26.43|26.53|27.13|28.02|27.59|27.50|27.67|29.09,9.33,29.09,38.42,2.21
KSB,/company/KSB/consolidated/,KSB,32.80,,8.14,24.7,18.4,69.80,,13816.10,793.85,13.13,30,nse,consolidated,52.7,97.5,794,13816,Industrials,Capital Goods,"Compressors, Pumps & Diesel Engines",14,17,5,Jun 2026,Dec 2025,Jun 2026,564|603|544|646|616|726|595|667|650|784|601|691,56|59|58|56|54|57|54|55|52|54|54|55,,802|819|826|946|1093|1294|1208|1497|1822|2247|2533|2696,13|13|13|11|12|12|14|14|14|13|13|14,48|47|47|49|52|54|51|53|54|57|56|54,11|11|12|13|12|11|9|10|10|10|10|10,58|-25|77|202|171|62|38|142|187|93,191|194|219|308|321|307|318|311|350|419|438|462|459,202|183|212|248|303|325|361|423|561|643|643|786|961,69.80|69.80|69.80|69.80|69.80|69.80|69.80|69.80,5.35|5.33|4.86|4.68|4.58|4.52|4.66|4.10,10.23|10.62|11.07|11.40|11.57|11.95|11.64|11.78,4.10,11.78,15.88,5.12
Fujiyama Power,/company/UTLSOLAR/,UTLSOLAR,21.89,,10.82,35.0,36.4,86.63,,13796.77,449.55,17.93,30,nse,standalone,33.0,41.6,450,13797,Industrials,Capital Goods,Other Electrical Equipment,59,46,95,Jun 2026,Mar 2026,Jun 2026,329|339|480|597|568|588|901|1346,70|71|71|70|70|68|69|72,,299|405|506|664|925|1541|2655,9|9|9|8|11|16|18,76|77|74|76|74|71|69,2|2|2|2|4|3|0,|-10|-58|78|85|18|-3,89|83|114|232|276|418|673,42|73|178|187|232|383|910,86.76|86.76|86.63,2.50|1.93|1.63,4.72|5.60|5.98,1.63,5.98,7.61,5.2
Vinati Organics,/company/VINATIORGA/,VINATIORGA,18.12,,4.27,21.3,16.2,74.29,,13737.77,1325.20,7.11,30,nse,standalone,27.6,310,1325,13738,Commodities,Chemicals,Specialty Chemicals,3,18,5,Jun 2026,Mar 2026,Jun 2026,463|448|550|525|553|522|648|542|546|529|611|698,54|53|53|55|54|51|53|48|44|46|48|55,,772|631|641|730|1128|1029|954|1616|2066|1900|2248|2228,25|33|34|27|38|40|37|27|28|25|26|31,59.16|46.96|46.90|51.74|46.55|41.67|40.62|53.28|52.00|53.23|53.22|46.62,7.57|10.23|10.58|12.47|9.45|10.01|12.16|12.73|13.53|12.81|12.19|6.54,130|138|200|416|219|127|516|338|494|628,327|382|468|457|475|751|757|874|1159|1330|1382|1612,54|45|65|82|92|93|122|201|233|198|217|282,74.29|74.29|74.29|74.29|74.29|74.29|74.29|74.29,5.48|5.31|3.83|3.86|3.77|3.77|3.72|3.65,7.27|7.61|9.21|9.25|9.55|9.84|9.91|9.20,3.65,9.20,12.85,6.17
Ramkrishna Forg.,/company/RKFORGE/consolidated/,RKFORGE,22.38,,4.15,5.60,2.51,43.39,,13685.52,751.25,122.52,30,nse,consolidated,119,181,751,13686,Consumer Discretionary,Automobile and Auto Components,Auto Components & Equipments,10,27,9,Jun 2026,Mar 2026,Jun 2026,899|996|974|959|1054|1074|947|1015|908|1099|1217|1217,49.73|49.96|47.86|46.08|49.74|51.43|50.78|49.06|47.85|55.12|51.30|45.95,,754|908|921|1491|1931|1216|1289|2320|3193|3705|4034|4238,17|20|18|19|20|17|17|22|22|21|14|15,50|43|40|48|48|42|49|44|46|50|50|51,18|20|25|20|22|25|17|22|20|17|20|19,144|127|267|254|140|43|745|621|33|840,532|947|1024|1076|1114|1175|1240|1473|1693|2428|2992|3762,176|220|229|299|332|360|439|710|908|1055|1258|1249,43.17|43.16|43.12|43.12|43.12|43.12|43.33|43.39,24.26|24.04|24.48|24.45|22.71|21.05|21.75|20.43,5.12|5.41|6.00|3.60|3.50|4.03|4.45|5.09,20.43,5.09,25.52,3.23
Graphite India,/company/GRAPHITE/consolidated/,GRAPHITE,32.91,,2.32,4.58,3.11,65.34,,13598.14,696.00,100.68,30,nse,consolidated,62.1,300,696,13598,Industrials,Capital Goods,Electrodes & Refractories,-4,8,21,Jun 2026,Mar 2026,Jun 2026,793|690|720|728|643|523|666|665|729|642|816|842,65.70|57.54|67.36|44.37|36.86|46.65|52.10|47.52|50.07|42.52|48.41|42.28,,1711|1532|1468|3266|7858|3094|1958|3027|3181|2950|2560|2852,8|9|2.7|44|64|-2.8|-11|15|10|-4.9|10|7,44.18|42.17|39.86|23.63|18.90|69.08|60.68|38.21|42.56|66.39|44.96|47.31,27.10|26.51|32.01|18.12|9.60|17.95|24.90|27.13|30.48|22.53|25.70|27.34,260|760|2323|253|584|-488|-160|680|500|83,640|591|667|702|664|637|640|691|789|948|1094|1153,992|749|602|786|2160|1566|1016|1713|2328|1354|1186|1188,65.34|65.34|65.34|65.34|65.34|65.34|65.34|65.34,4.59|5.06|5.46|4.99|6.60|6.43|6.70|6.04,10.00|9.93|10.51|10.09|9.58|10.02|10.49|10.23,6.04,10.23,16.27,4.77
Action Const.Eq.,/company/ACE/consolidated/,ACE,21.03,,6.75,31.6,22.8,65.42,,13582.63,1140.60,71.89,30,nse,consolidated,31.1,169,1141,13583,Industrials,Capital Goods,Construction Vehicles,15,22,5,Jun 2026,Mar 2026,Jun 2026,673|753|836|734|757|875|961|652|744|855|1029|786,70|70|68|70|69|67|68|66|67|67|69|68,,599|637|751|1087|1343|1156|1227|1630|2160|2914|3327|3280,3.1|4.8|5|8|7|8|10|9|10|14|15|15,72|70|70|71|73|69|70|72|71|69|68|68,8|8|5|5|5|5|5|5|5|5|5|5,76|89|72|48|86|104|274|433|412|417,283|315|346|337|341|412|429|452|487|580|716|781,142|124|114|144|213|271|266|333|419|553|515|605,65.41|65.41|65.41|65.41|65.42|65.42|65.42|65.42,10.48|11.90|11.57|11.44|10.36|10.40|9.58|7.82,1.61|1.76|1.97|2.05|1.83|1.76|1.84|2.59,7.82,2.59,10.41,4.14
Sobha,/company/SOBHA/consolidated/,SOBHA,23.47,,2.88,6.86,4.16,52.88,,13582.61,1270.20,27.15,30,nse,consolidated,58.9,441,1270,13583,Consumer Discretionary,Realty,"Residential, Commercial Projects",16,20,32,Jun 2026,Mar 2026,Jun 2026,741|685|763|640|934|1224|1241|852|1408|943|1988|1278,25.08|23.22|23.44|23.47|40.15|45.81|48.66|24.82|35.28|33.59|62.58|43.60,,2441|1943|2229|2783|3442|3754|2110|2561|3310|3097|4039|5190,25|23|19|19|20|30|32|21|11|9|7|6,-5|-24|-24|12|-1|-1|-11|2|10|-0|10|16,62|79|86|51|63|57|58|57|57|65|59|54,354|353|206|294|613|826|1150|647|200|430,315|373|595|610|678|919|903|852|899|946|981|1076,2728|4265|5096|4835|6517|6704|7125|7652|8761|9376|11252|12826,52.78|52.78|52.88|52.88|52.88|52.88|52.88|52.88,10.93|10.03|8.91|8.09|6.41|6.26|6.23|6.12,23.44|24.16|23.98|24.62|26.04|25.78|26.10|25.99,6.12,25.99,32.11,2.62
Lumax Auto Tech.,/company/LUMAXTECH/consolidated/,LUMAXTECH,18.94,,11.16,21.2,26.4,55.98,,13532.71,1985.50,69.11,30,nse,consolidated,40.8,178,1986,13533,Consumer Discretionary,Automobile and Auto Components,Auto Components & Equipments,38,34,33,Jun 2026,Mar 2026,Jun 2026,700|732|757|756|842|906|1133|1026|1156|1271|1417|1364,63|62|66|64|64|65|65|65|64|65|64|64,,835|903|965|1013|1187|1141|1108|1508|1847|2822|3637|4870,8|8|8|9|9|8|9|10|11|13|13|14,74|73|70|69|67|66|67|67|64|60|57|60,5|5|6|6|7|8|7|7|8|9|12|9,64|95|56|76|98|87|137|265|290|460,222|229|248|273|307|355|381|409|1028|1014|1316|1516,47|58|55|78|60|64|84|112|161|249|366|412,55.98|55.98|55.98|55.98|55.98|55.98|55.98|55.98,5.74|5.91|5.31|7.04|7.33|8.00|8.38|8.70,16.17|16.09|16.09|16.31|16.59|16.52|16.81|16.53,8.70,16.53,25.23,2.78
Privi Speci.,/company/PRIVISCL/consolidated/,PRIVISCL,20.90,,9.58,22.3,26.0,60.60,,13507.88,3458.00,25.6,30,nse,consolidated,38.6,361,3458,13508,Commodities,Chemicals,Specialty Chemicals,17,15,22,Jun 2026,Mar 2026,Jun 2026,455|404|484|464|533|491|614|559|679|605|722|666,59|53|57|56|55|49|56|49|49|50|56|56,,597|1024|1341|1631|1277|1404|1608|1752|2101|2564,12|13|16|16|16|14|12|19|22|25,64|63|61|61|58|57|58|56|52|50,14|14|13|12|12|13|15|13|13|12,17|107|21|247|172|5|49|354|281|550,388|437|498|725|598|704|1017|1034|1156|1169,246|234|364|366|343|616|799|659|788|826,74.05|74.05|74.05|69.89|69.89|60.60|60.60|60.60,0.43|0.48|0.40|1.47|1.33|1.64|1.37|1.94,2.49|2.09|1.95|3.90|4.55|10.25|10.67|10.07,1.94,10.07,12.01,5.27
Gravita India,/company/GRAVITA/consolidated/,GRAVITA,26.02,,5.5,17.0,16.8,55.88,,13475.95,1825.80,38.83,30,nse,consolidated,34.4,332,1826,13476,Commodities,Metals & Mining,Industrial Minerals,15,25,17,Jun 2026,Mar 2026,Jun 2026,836|758|863|908|927|996|1037|1040|1036|1017|1173|1475,81|81|82|80|82|84|82|81|81|78|80|83,,501|430|655|1017|1242|1348|1410|2216|2801|3161|3869|4265,4.1|4.3|9|9|5.0|8|9|10|7|9|8|10,81|83|79|79|83|81|80|79|81|81|82|80,6|2|4|3|4|4|4|4|4|4|4|0,1|-3|89|34|77|10|200|42|282|169,54|54|68|109|137|182|172|191|273|348|436|939,89|75|109|158|183|224|358|513|596|675|617|1023,63.37|59.27|59.27|55.88|55.88|55.88|55.88|55.88,14.01|14.12|14.03|15.09|14.65|15.75|13.94|12.86,3.21|5.41|5.44|4.41|4.87|4.71|5.15|5.52,12.86,5.52,18.38,3.16
Lloyds Engineeri,/company/LLOYDSENGG/consolidated/,LLOYDSENGG,46.43,,7.23,16.1,15.1,40.00,,13427.47,86.74,100.94,30,nse,consolidated,60.0,12.0,86.7,13427,Industrials,Capital Goods,Industrial Products,,,54,Jun 2026,Mar 2026,Aug 2026,122|201|266|232|217|317|272|495|527,57|64|66|57|63|54|52|92|72,,846|1301,16|15,63|58,10|17,153|-253,233|431,86|433,56.39|56.23|49.36|49.26|49.26|41.92|41.92|40.00,2.87|2.66|2.22|2.15|1.93|1.97|2.44|2.02,0.16|0.16|0.15|0.16|0.16|0.18|0.24|0.31,2.02,0.31,2.33,10.32
Atlanta Electric,/company/ATLANTAELE/consolidated/,ATLANTAELE,34.43,,14.42,45.3,31.7,87.28,,13419.23,1745.10,28.48,30,nse,consolidated,61.5,121,1745,13419,Industrials,Capital Goods,Heavy Electrical Equipment,28,36,59,Jun 2026,Mar 2026,Jun 2026,300|270|263|411|315|317|472|748|466,77|72|73|73|74|69|68|70|73,,391|595|874|868|1244|1852,8|8|16|14|16|19,79|75|73|73|74|70,1|3|3|4|3|0,29|-0|52|88|84|184,47|47|47|65|76|507,71|109|187|239|215|364,87.28|87.28|87.28|87.28,2.19|2.40|2.40|1.92,3.86|4.17|4.31|4.76,1.92,4.76,6.68,7.25
DOMS Industries,/company/DOMS/consolidated/,DOMS,33.19,,10.94,24.3,20.7,63.38,,13344.76,2198.90,9.47,30,nse,consolidated,61.4,201,2199,13345,Fast Moving Consumer Goods,Fast Moving Consumer Goods,Stationary,24,42,20,Jun 2026,Mar 2026,Jun 2026,382|372|404|445|458|501|509|562|568|592|604|671,59|56|56|57|57|56|56|58|56|56|56|62,,654|405|684|1212|1537|1913|2326,12|6|10|15|18|18|17,59|61|63|63|58|56|56,7|7|5|5|5|5|5,37|8|51|173|183|183|254,196|191|227|320|498|690|793,128|121|159|185|225|294|377,74.95|70.38|70.38|70.38|70.38|70.38|70.38|63.38,7.59|9.96|9.90|9.08|8.50|8.38|7.62|7.50,14.10|15.71|15.82|16.24|17.71|18.28|19.14|25.91,7.50,25.91,33.41,5.74
Vedant Fashions,/company/MANYAVAR/,MANYAVAR,18.69,,6.78,23.6,20.0,74.94,,13310.35,547.80,106.38,30,nse,standalone,34.5,80.8,548,13310,Consumer Discretionary,Consumer Services,Speciality Retail,3,21,2,Jun 2026,Mar 2026,Jun 2026,218|474|363|240|268|511|367|281|263|492|399|301,24.93|28.34|27.54|26.24|24.58|28.03|26.41|27.63|28.36|29.99|30.60|29.39,,504|596|760|794|915|542|1009|1326|1368|1386|1435,30|29|31|34|44|43|48|50|48|46|44,21.36|22.41|32.22|27.99|26.39|24.37|24.68|24.99|26.58|25.34|29.40,0.00|0.98|0.28|0.13|8.94|9.67|9.61|8.36|6.37|7.61|0.00,37|52|179|251|253|341|459|483|389|481,104|141|316|252|482|446|495|518|663|688|660,86|97|88|90|115|100|142|173|139|202|145,74.97|74.95|74.95|74.95|74.94|74.94|74.94|74.94,9.53|10.54|10.14|9.88|9.76|9.29|8.28|7.95,11.57|10.38|10.59|11.10|10.95|12.00|12.62|13.19,7.95,13.19,21.14,9.28
Sedemac Mechatro,/company/SEDEMAC/,SEDEMAC,60.36,,29.53,35.3,26.9,26.23,,13302.39,3011.60,43.35,30,nse,standalone,113,102,3012,13302,Consumer Discretionary,Automobile and Auto Components,Auto Components & Equipments,36,35,61,Jun 2026,Mar 2026,Jun 2026,180|217|267|288|310,60|62|62|60|63,,240|283|423|531|658|1058,12|10|11|15|18|20,67|68|72|68|62|61,3|3|7|7|6|7,16|10|78|61|91|128,71|102|136|151|197|253,59|91|90|118|135|188,26.24|26.23,2.52|4.27,43.93|39.81,4.27,39.81,44.08,12.57
Black Box,/company/BBOX/consolidated/,BBOX,22.30,,10.29,22.2,26.8,69.95,,13247.12,745.90,31.82,30,nse,consolidated,46.4,72.5,746,13247,Information Technology,Information Technology,IT Enabled Services,0,6,12,Jun 2026,Mar 2026,Jun 2026,1574|1655|1480|1423|1497|1502|1545|1387|1585|1660|1691|1718,29.91|31.61|21.30|24.25|28.76|34.30|35.50|34.01|36.26|35.49|34.96|30.52,,891|881|780|733|1853|4994|4674|5370|6288|6282|5967|6322,2.7|0.7|4.2|4.5|2.5|7|8|4.8|4.3|7|9|9,42.65|42.35|35.79|33.04|33.58|30.15|32.97|32.70|32.37|28.64|30.82|35.22,24.28|24.08|27.31|28.40|20.53|18.49|13.23|14.41|14.55|18.38|15.37|0.00,4|52|-72|1137|303|95|13|129|-88|84,90|109|111|114|399|557|622|732|794|808|769|883,26|24|19|31|151|137|149|226|362|246|210|323,71.06|70.60|70.53|70.35|70.24|70.11|69.99|69.95,3.38|4.33|4.70|4.09|4.22|3.43|3.26|4.69,0.02|0.02|0.03|0.03|0.04|2.46|2.99|3.41,4.69,3.41,8.1,2.1
Ujjivan Small,/company/UJJIVANSFB/,UJJIVANSFB,13.74,,1.93,7.73,10.8,0.00,,13220.85,67.85,149,30,nse,standalone,14.6,35.1,67.8,13221,Financial Services,Financial Services,Other Bank,19,20,15,Jun 2026,Mar 2026,Jun 2026,1391|1471|1529|1577|1613|1591|1573|1619|1682|1752|1878|2025,,,148|223|217|1468|1832|2704|2806|2813|4165|5677|6354|6931,,,0.52|0.43||3.43|3.90|2.77|2.66|1.09|0.94|0.87|0.89|0.82,-7084|2314|478|242|2657|2554|1060|1593|2028|1843,11|11|137|194|282|280|276|244|265|395|444|457,,0.00|0.00|0.00|0.00|0.00|0.00|0.00|0.00,20.62|17.87|19.51|19.55|17.05|15.45|17.23|16.81,6.50|6.58|8.47|16.82|20.13|28.67|31.12|33.45,16.81,33.45,50.26,1.91
Supreme Petroch.,/company/SPLPETRO/,SPLPETRO,16.58,,5.56,18.8,14.1,64.24,,13178.88,700.85,15.74,30,nse,standalone,26.9,126,701,13179,Commodities,Chemicals,Petrochemicals,0,11,-3,Jun 2026,Mar 2026,Jun 2026,1278|1188|1563|1573|1506|1405|1539|1387|1100|1265|1587|1693,85|85|83|84|86|86|84|85|85|86|76|75,,2653|2068|2919|3027|3194|2724|3185|5032|5287|5253|6023|5338,3.5|5|10|6|2.9|5|21|18|12|9|9|10,89||83|87|90|87|72|76|81|85|85|83,2||2|2|2|3|2|2|2|2|2|2,69|213|133|120|435|672|304|557|342|246,345|333|337|333|331|371|359|337|527|769|813|1474,188|181|306|313|245|258|318|301|647|481|701|614,64.24|64.24|64.24|64.24|64.24|64.24|64.24|64.24,3.37|3.42|3.49|3.55|3.69|3.70|3.69|3.80,2.81|2.93|3.05|3.76|3.87|3.96|4.24|4.14,3.80,4.14,7.94,2.47
Va Tech Wabag,/company/WABAG/consolidated/,WABAG,20.25,,5.06,21.3,15.9,19.08,,13033.57,2086.10,128.37,30,nse,consolidated,32.7,412,2086,13034,Utilities,Utilities,Water Supply & Management,10,7,20,Jun 2026,Mar 2026,Jun 2026,665|704|934|626|700|811|1156|734|834|961|1414|887,0.44|-0.78|0.69|-0.57|-0.41|-0.39|0.90|-0.91|0.01|-0.38|0.95|-0.43,,2435|2508|3208|3457|2781|2557|2834|2979|2960|2856|3294|3944,9|9|7|8|7|8|8|8|11|13|13|12,-1|-2|2|0|0|-0|-0|-0|-0|-0|0|0,79|80|78|79|77|77|79|78|77|76|78|76,6|-216|-76|245|135|12|85|134|355|207,191|175|174|172|149|86|86|80|75|72|67|66,47|98|38|38|15|26|30|32|35|36|36|36,19.12|19.12|19.12|19.12|19.10|19.10|19.09|19.08,14.68|18.86|18.58|18.69|18.40|18.97|16.60|18.25,3.59|2.01|3.02|3.66|4.47|4.32|5.77|6.33,18.25,6.33,24.58,3.3
Sudeep Pharma,/company/SUDEEPPHRM/consolidated/,SUDEEPPHRM,49.84,,14.73,28.2,25.2,76.16,,13012.81,1152.10,32.04,30,nse,consolidated,71.2,78.2,1152,13013,Healthcare,Healthcare,Pharmaceuticals,14,24,24,Jun 2026,Mar 2026,Jun 2026,149|116|158|125|163|172|182|158,33.38|32.85|37.94|33.88|37.46|34.93|35.02|35.76,,123|215|343|429|459|502|642,21|20|20|21|40|38|35,36.71|37.62|37.26|42.56|35.99|30.29|34.53,12.90|10.54|14.98|6.49|6.04|8.21|6.27,10|35|-3|48|66|49|70,60|68|137|158|180|189|337,10|17|37|71|67|129|216,76.16|76.16|76.16,1.67|1.55|1.81,17.59|18.11|15.64,1.81,15.64,17.45,20.27
JSW Holdings,/company/JSWHL/,JSWHL,76.42,,0.4,0.53,0.40,66.28,,12851.58,11578.00,3.73,30,nse,standalone,103,28812,11578,12852,Financial Services,Financial Services,Investment Company,-24,14,-27,Jun 2026,Mar 2026,Jun 2026,89|27|27|27|162|29|29|30|84|33|33|35,,,49|50|63|89|107|121|93|186|407|170|248|179,94|93|94|95|95|95|95|97|99|93|94|92,,,32|66|89|103|67|130|298|115|169|140,0|0|0|0|0|0|0|0|0|0|0|0,,66.28|66.28|66.28|66.28|66.28|66.28|66.28|66.28,21.71|22.28|22.63|22.61|22.64|22.88|22.65|22.28,0.11|0.11|0.21|0.31|0.26|0.12|0.09|0.18,22.28,0.18,22.46,71.8
Aptus Value Hou.,/company/APTUS/consolidated/,APTUS,10.46,,2.53,15.4,20.1,23.86,,12828.45,256.15,31.3,30,nse,consolidated,13.0,101,256,12828,Financial Services,Financial Services,Housing Finance Company,26,28,21,Jun 2026,Mar 2026,Jun 2026,334|351|375|395|421|450|484|520|544|554|574|600,,,126|201|325|500|640|815|1093|1365|1750|2192,,,0.26|0.17|0.14|0.23|0.20|0.19|0.30|0.07|0.08|0.17,-303|-495|-714|-735|-621|-724|-1047|-1356|-1405|-489,5|4|4|10|10|12|15|22|35|39,,53.90|52.99|52.99|40.37|23.87|23.86|23.86|23.86,22.45|21.86|27.74|30.41|35.36|33.19|30.34|29.96,9.48|9.68|9.88|16.04|25.87|27.29|29.43|29.90,29.96,29.90,59.86,5.85
Corona Remedies,/company/CORONA/,CORONA,39.08,,17.05,33.3,29.5,69.00,,12718.24,2079.50,7.83,30,nse,standalone,60.1,122,2080,12718,Healthcare,Healthcare,Pharmaceuticals,17,19,18,Jun 2026,Mar 2026,Jun 2026,314|298|294|347|361|342|353|422,19.94|18.54|19.36|18.98|19.01|17.60|18.76|18.35,,509|601|576|617|884|1014|1196|1403,13|15|18|2.9|14|15|20|21,28.00|26.69|25.07|23.75|23.86|22.36|19.77|18.60,0.00|0.47|0.47|1.74|0.97|1.19|1.05|1.19,19|43|79|98|103|157|190|229,80|81|164|162|185|384|370|554,27|23|31|74|105|98|129|125,69.00|69.00|69.00,1.84|2.25|3.63,6.77|7.02|12.90,3.63,12.90,16.53,9.06
PCBL Chemical,/company/PCBL/consolidated/,PCBL,15.02,,3.16,7.75,5.56,53.38,,12673.43,322.10,92.67,30,nse,consolidated,47.9,102,322,12673,Commodities,Chemicals,Carbon Black,12,25,2,Jun 2026,Mar 2026,Jun 2026,1487|1657|1929|2144|2163|2010|2087|2114|2164|1846|2066|2473,71|70|68|68|69|69|71|69|71|70|70|67,,2470|1894|1927|2558|3529|3244|2660|4446|5774|6420|8404|8189,6|9|14|15|17|14|19|15|13|16|16|13,79|71|64|65|65|68|60|70|75|70|69|70,4|6|6|6|5|4|6|4|3|4|4|4,346|293|290|532|385|290|504|1105|760|1576,851|1416|1388|1399|1500|1640|1742|1934|1968|6892|6595|7128,297|244|244|310|460|326|445|604|571|999|1268|1024,51.41|51.41|51.41|51.41|51.41|53.38|53.38|53.38,4.99|5.24|5.58|5.53|6.08|5.68|5.56|5.79,6.80|6.70|8.93|9.89|10.77|10.20|10.99|11.26,5.79,11.26,17.05,1.55
E2E Networks,/company/E2E/,E2E,47.20,,7.51,-0.51,-0.95,39.45,,12671.02,616.40,72.14,30,nse,standalone,407,82.0,616,12671,Information Technology,Information Technology,IT Enabled Services,55,47,131,Jun 2026,Mar 2026,Jun 2026,22|24|29|41|48|42|33|36|44|70|96|157,23.37|24.05|14.93|16.14|15.23|19.59|25.15|39.55|32.88|23.51|21.76|14.60,,10|21|29|36|34|25|35|52|66|94|164|246,47|61|57|50|32|-4.8|29|44|50|51|59|51,30.91|25.99|27.39|27.80|31.94|43.55|36.06|29.71|25.59|21.34|18.59|26.85,0.00|0.00|0.27|1.00|3.70|5.54|3.12|0.21|0.91|2.06|0.88|0.00,14|14|10|-2|13|26|36|43|88|122,7|11|11|10|11|10|26|37|42|210|389|1036,,51.56|43.83|43.60|40.61|40.35|40.30|39.45|39.45,3.39|3.04|3.82|2.97|2.48|0.97|0.91|1.27,4.11|3.67|3.80|3.48|4.07|5.57|6.58|6.07,1.27,6.07,7.34,51.51
Molbio Diagnosti,/company/MOLBIO/consolidated/,MOLBIO,38.58,,,18.5,15.6,41.29,,12615.90,1094.75,177.55,30,nse,consolidated,75.5,,1095,12616,Healthcare,Healthcare,Medical Equipment & Supplies,,,42,,Mar 2026,Aug 2026,,,,837|1020|1446,28|26|22,40.69|40.65|39.86,4.41|5.86|5.05,10|287|50,289|290|536,315|436|449,41.29,1.51,16.36,1.51,16.36,17.87,8.72
Sky Gold & Diam.,/company/SKYGOLD/consolidated/,SKYGOLD,23.58,,10.48,27.0,29.2,51.74,,12566.47,811.40,94.16,30,nse,consolidated,37.5,77.4,811,12566,Consumer Discretionary,Consumer Durables,"Gems, Jewellery And Watches",76,,81,Jun 2026,Mar 2026,Jun 2026,396|460|513|723|769|998|1058|1131|1484|1768|1912|2013,95|95|93|94|94|93|92|92|92|91|91|91,,786|1154|1745|3548|6295,2.6|3.2|4.5|6|7,96|96|94|93|91,0|0|0|0|0,-7|-6|-158|-273|-45,8|9|35|106|376,74|85|266|397|786,62.51|58.24|58.18|53.86|51.74|51.74|51.74|51.74,0.25|0.86|0.39|0.87|0.55|0.78|1.20|2.79,0.00|6.63|7.13|9.40|9.02|11.66|13.14|14.20,2.79,14.20,16.99,2
Amagi Media Labs,/company/AMAGI/consolidated/,AMAGI,76.24,,7.03,8.00,10.3,14.92,,12564.80,570.80,75.36,30,nse,consolidated,124,81.2,571,12565,Information Technology,Information Technology,IT Enabled Services,30,47,30,Jun 2026,Mar 2026,Jun 2026,330|309|330|375|404|397|437,0.20|0.17|0.00|0.00|0.02|0.01|0.00,,219|431|681|879|1163|1506,12|-246|-51|-32|-8|3.3,1|1|0|0|0|0,2|1|0|1|1|0,27|64|-245|-183|34|-9,4|7|38|52|92|94,0|0|0|0|0|0,14.92|14.92,42.43|42.23,37.01|37.11,42.23,37.11,79.34,8.34
Varroc Engineer,/company/VARROC/consolidated/,VARROC,15.11,,7.03,19.0,15.1,75.00,,12556.75,821.85,66.38,30,nse,consolidated,44.0,117,822,12557,Consumer Discretionary,Automobile and Auto Components,Auto Components & Equipments,9,15,15,Jun 2026,Mar 2026,Jun 2026,1887|1885|1975|1899|2081|2075|2099|2028|2207|2288|2368|2634,63|64|61|63|64|65|64|63|64|65|64|65,,6770|7909|9299|10279|12036|11122|4374|5844|6891|7552|8154|8890,8|7|6|9|9|7|8|6|8|10|10|9,62|64|65|62|63|63|64|66|64|63|64|64,9|10|9|9|9|9|12|12|11|11|10|10,676|1075|474|1414|474|636|686|638|737|537,2054|2390|2396|2804|3560|5283|5231|2046|2051|2027|2016|2232,586|683|753|864|890|1076|1256|616|671|674|733|933,75.00|75.00|75.00|75.00|75.00|75.00|75.00|75.00,3.80|3.89|3.92|3.99|4.30|4.36|4.45|4.29,12.65|12.49|12.79|13.03|12.75|12.40|11.35|11.18,4.29,11.18,15.47,1.41
Park Medi World,/company/PARKHOSPS/consolidated/,PARKHOSPS,25.07,,6.22,19.3,16.7,82.89,,12549.75,290.55,17.95,30,nse,consolidated,45.2,46.8,291,12550,Healthcare,Healthcare,Hospital,10,17,21,Jun 2026,Mar 2026,Jun 2026,348|354|399|410|410|460|476,20.76|17.73|17.56|17.19|18.45|17.29|16.03,,766|1084|1255|1231|1394|1679,40|32|31|25|27|26,8.13|14.58|15.85|20.10|-0.02|17.61,2.08|15.10|14.71|17.62|40.20|0.00,223|155|199|367|191|329,365|458|536|837|898|1309,8|6|2|2|3|3,82.89|82.89|82.89,1.28|0.86|0.82,8.58|8.95|8.95,0.82,8.95,9.77,7.47
Home First Finan,/company/HOMEFIRST/,HOMEFIRST,14.11,,2.87,11.1,15.7,6.98,,12529.36,1198.30,18.66,30,nse,standalone,21.6,418,1198,12529,Financial Services,Financial Services,Housing Finance Company,34,31,21,Jun 2026,Mar 2026,Jun 2026,273|296|313|336|373|406|415|454|477|482|501|538,,,39|60|94|145|264|411|489|596|796|1157|1539|1921,,,0.00|0.00|0.17|0.16|0.19|0.15|0.10|0.11|0.12|0.11|0.11|0.11,|||-823|-223|-807|-1469|-1908|-2196|-1940,1|1|3|5|17|21|17|20|26|30|46|56,,23.38|14.31|14.25|12.43|12.39|12.35|6.98|6.98,25.57|37.91|36.00|37.19|39.99|40.82|45.72|43.90,12.41|18.28|19.82|21.89|28.84|27.61|27.52|29.83,43.90,29.83,73.73,6.52
Karnataka Bank,/company/KTKBANK/,KTKBANK,15.75,,0.94,6.06,10.4,,,12497.17,330.35,102.87,30,nse,standalone,8.70,350,330,12497,Financial Services,Financial Services,Private Sector Bank,7,7,0,Jun 2026,Mar 2026,Jun 2026,2027|2113|2201|2278|2234|2243|2258|2261|2179|2220|2257|2383,,,4698|4992|5185|5424|5906|6475|6232|6222|7220|8299|9014|8918,,,0.48|0.49|0.56|0.65|0.72|0.70|0.82|0.93|0.98|1.21|1.62|0.00,-184|721|-2231|-90|3369|-467|1830|681|210|1100,292|307|721|762|775|826|838|805|846|915|976|1060,,,10.29|11.22|12.88|15.66|14.60|11.69|11.78|13.10,22.05|20.23|18.16|17.01|16.11|15.84|16.16|15.75,13.10,15.75,28.85,1.4
ASK Automotive,/company/ASKAUTOLTD/consolidated/,ASKAUTOLTD,22.26,,9.52,25.4,25.1,74.95,,12481.10,633.10,81.97,30,nse,consolidated,39.4,66.5,633,12481,Consumer Discretionary,Automobile and Auto Components,Auto Components & Equipments,18,22,28,Jun 2026,Mar 2026,Jun 2026,794|762|783|862|974|915|850|891|1054|1084|1147|1358,69|67|68|68|69|67|66|64|66|66|69|69,,1785|1645|1544|2013|2555|2995|3601|4176,13|13|12|8|9|10|12|13,65|63|65|69|70|68|68|66,13|13|13|14|13|13|12|13,176|247|136|144|139|303|360|301,560|607|603|738|726|992|1267|1566,99|93|113|124|154|177|230|309,78.95|78.95|78.95|78.95|78.95|74.95|74.95|74.95,9.16|9.91|9.94|10.24|10.34|9.72|9.29|9.50,4.51|4.66|4.95|5.00|4.82|9.13|10.25|10.97,9.50,10.97,20.47,2.99
Tega Inds.,/company/TEGA/consolidated/,TEGA,33.53,,3.65,8.09,5.94,67.51,,12461.43,1658.70,32.17,30,nse,consolidated,,454,1659,12461,Industrials,Capital Goods,Industrial Products,12,16,85,Jun 2026,Mar 2026,Jun 2026,377|340|507|340|353|409|536|356|405|404|527|1723,42|43|45|41|47|41|42|41|41|40|40|58,,622|534|497|549|634|685|806|952|1214|1493|1639|1692,12|10|6|13|16|16|24|19|22|21|21|14,35.20|34.02|34.42|38.48|40.61|39.98|40.20|42.30|43.46|43.24|42.62|40.49,5.85|5.10|4.87|4.81|5.68|5.47|4.86|5.30|6.30|5.89|6.45|0.00,60|44|69|128|170|14|179|252|195|350,231|234|296|287|284|266|296|298|548|600|623|665,105|97|112|110|121|133|159|252|290|370|415|437,74.78|74.80|74.80|74.80|74.80|67.27|67.51|67.51,1.77|1.68|1.73|1.75|1.87|1.48|2.14|2.80,19.11|19.02|18.76|18.38|10.74|18.63|18.97|18.68,2.80,18.68,21.48,7.36
Inox Wind,/company/INOXWIND/consolidated/,INOXWIND,12.69,,1.95,10.5,7.09,44.18,,12407.02,71.79,90.94,30,nse,consolidated,36.0,36.9,71.8,12407,Industrials,Capital Goods,Heavy Electrical Equipment,81,44,17,Jun 2026,Mar 2026,Jun 2026,371|503|528|640|733|911|1275|826|1119|1207|1244|814,59.47|58.40|55.17|62.40|56.04|60.65|55.78|57.18|55.71|55.16|53.67|47.26,,2709|4445|3405|465|1436|760|711|625|737|1746|3557|4397,16|17|16|-18|10|-15|-27|-48|-35|15|21|20,62|62|56|25|58|35|64|62|66|59|58|55,16|15|20|47|20|37|21|22|24|12|7|0,114|269|147|733|-112|-475|-1100|-366|138|-598,203|527|765|985|973|1228|1191|1343|1619|1843|2291|2825,424|560|690|929|944|994|917|1004|1130|1245|1352|1790,48.27|48.27|48.27|44.18|44.18|44.18|44.18|44.18,15.82|15.26|15.68|13.78|13.37|14.16|14.60|14.53,9.09|9.80|9.44|9.12|9.87|10.37|10.96|10.02,14.53,10.02,24.55,2.82
Trident,/company/TRIDENT/consolidated/,TRIDENT,14.22,,2.6,9.79,7.91,73.68,,12393.36,24.32,13.32,30,nse,consolidated,31.4,9.36,24.3,12393,Consumer Discretionary,Textiles,Other Textile Products,2,8,-2,Jun 2026,Mar 2026,Jun 2026,1798|1835|1682|1743|1713|1667|1864|1707|1787|1574|1633|1787,51.12|50.55|52.07|51.88|51.02|51.65|51.77|48.71|53.69|54.07|48.89|49.35,,3737|3666|4625|4559|5249|4728|4531|6998|6332|6809|6987|6701,18|20|19|19|19|18|18|22|15|14|13|13,52|47|48|50|46|45|45|48|53|51|52|51,14|15|14|16|16|17|18|14|15|15|14|15,999|476|656|1214|505|903|1426|287|945|760,2864|4693|4345|3902|3717|3681|3791|3713|4094|4608|4455|4340,751|907|775|923|1012|916|1023|1314|1082|1393|1245|1205,73.19|73.19|73.68|73.68|73.68|73.68|73.68|73.68,2.73|2.83|3.02|2.98|3.05|3.16|3.07|3.18,0.07|0.09|0.10|0.12|0.15|0.19|0.22|0.25,3.18,0.25,3.43,1.85
JM Financial,/company/JMFINANCIL/consolidated/,JMFINANCIL,7.53,,1.16,11.6,11.9,57.03,,12372.54,129.29,41.47,30,nse,consolidated,11.7,111,129,12373,Financial Services,Financial Services,Holding Company,9,6,-5,Jun 2026,Mar 2026,Jun 2026,1197|1236|1261|1077|1191|1106|1004|1111|1031|999|949|1201,,,1342|1685|2359|3062|3494|3446|3211|3724|3292|4787|4410|4223,67|73|75|75|79|73|69|65|64|58|53|63,,1.68|1.14|0.34|0.75|0.76|0.79|0.80|0.73|1.00|6.96|8.81|10.55,-2546|-3584|773|3164|969|-3203|-2449|3635|5569|581,445|444|474|427|424|450|423|414|505|572|579|625,359|257|0|0|0|0|0|0|102|143|130|128,56.43|56.43|56.50|56.51|56.61|56.90|57.07|57.03,15.31|17.02|17.48|17.69|18.38|17.71|17.16|16.95,8.57|7.20|7.07|6.53|5.61|5.76|5.88|5.50,16.95,5.50,22.45,2.93
Cyient,/company/CYIENT/consolidated/,CYIENT,10.72,,2.17,12.3,8.61,24.70,,12309.64,1107.45,121.5,30,nse,consolidated,30.2,511,1107,12310,Information Technology,Information Technology,IT Enabled Services,7,12,3,Jun 2026,Mar 2026,Jul 2026,1778|1821|1861|1676|1849|1926|1909|1712|1781|1848|1927|2076,14|14|15|12|17|17|16|10|11|11|12|14,,2736|3094|3586|3914|4618|4427|4132|4534|6016|7147|7360|7268,15|13|13|13|14|12|14|18|17|18|15|12,2|6|8|8|9|9|13|13|12|14|15|11,11|10|11|11|12|12|4|4|5|5|5|5,420|296|370|582|856|634|554|726|790|787,789|657|751|798|978|1305|1361|1345|2825|2826|2929|3084,61|98|94|131|183|227|159|279|436|468|577|653,23.14|23.28|23.28|23.28|23.28|23.28|23.28|24.70,28.23|23.85|21.37|17.56|15.28|15.33|14.52|14.53,30.32|34.13|35.63|38.42|39.51|40.98|38.99|37.49,14.53,37.49,52.02,1.69
Metropolis Healt,/company/METROPOLIS/consolidated/,METROPOLIS,27.78,,8.05,17.8,13.6,48.86,,12203.72,588.45,15.72,30,nse,consolidated,58.6,73.0,588,12204,Healthcare,Healthcare,Healthcare Service Provider,13,11,22,Jun 2026,Mar 2026,Jun 2026,308|291|331|313|350|323|345|386|429|406|425|450,19.86|19.67|20.27|20.15|19.86|20.00|20.72|20.48|20.45|19.52|18.48|19.35,,456|475|545|647|761|856|998|1228|1148|1208|1331|1646,26|24|26|28|27|28|29|28|26|24|23|25,28.32|26.20|24.80|22.54|22.79|23.84|25.27|22.47|22.06|20.09|20.18|19.72,4.46|4.00|3.77|10.62|11.57|4.09|3.82|3.89|3.98|5.11|3.34|5.40,102|104|90|215|249|253|247|264|263|351,153|142|202|207|213|296|343|1059|1121|1177|1447|1601,18|16|14|21|26|24|41|51|45|39|48|45,49.43|49.40|48.89|48.89|48.89|48.87|48.86|48.86,18.56|16.73|15.29|12.83|12.52|11.68|10.43|11.03,28.02|30.00|30.30|32.40|33.10|34.73|35.80|35.12,11.03,35.12,46.15,7.41
Akums Drugs,/company/AKUMS/consolidated/,AKUMS,15.19,,3.66,14.9,8.45,75.26,,12160.26,772.60,26.54,30,nse,consolidated,39.9,211,773,12160,Healthcare,Healthcare,Pharmaceuticals,6,10,9,Jun 2026,Mar 2026,Jun 2026,1181|1083|944|1019|1033|1010|1056|1024|1018|1160|1158|1167,59|63|60|58|58|60|61|57|58|59|57|55,,1464|1651|2414|2723|3672|3655|4178|4118|4359,8|9|7|9|-2.4|8|3.0|11|12,57|56|61|62|64|62|61|59|58,4|5|6|5|6|7|6|6|7,72|89|28|131|32|177|498|465|1181,444|501|645|904|1021|1097|1191|1397|1456,261|289|398|430|722|730|630|681|756,75.26|75.26|75.26|75.26|75.26|75.26|75.26|75.26,7.34|6.36|5.77|4.24|2.27|1.14|1.38|1.91,7.53|6.99|7.39|8.85|9.28|14.41|14.36|13.44,1.91,13.44,15.35,2.79
Bluestone Jewel,/company/BLUESTONE/consolidated/,BLUESTONE,27.86,,6.74,6.78,1.11,16.25,,12138.99,794.70,631.04,30,nse,consolidated,216,118,795,12139,Consumer Discretionary,Consumer Durables,"Gems, Jewellery And Watches",,,40,Jun 2026,Mar 2026,Jun 2026,348.24|373.36|587.09|461.30|492.68|513.63|748.65|681.47|736.85,61|63|63|61|59|60|55|56|59,,1770|2436,4.3|16,62|57,9|5,-666|-199,1013|1134,1653|2672,16.36|16.36|16.27|16.25,35.24|34.94|34.19|34.69,32.49|32.52|33.90|32.48,34.69,32.48,67.17,4.98
PVR Inox,/company/PVRINOX/consolidated/,PVRINOX,7.59,,1.63,6.79,4.92,27.53,,11989.23,1220.90,62.94,30,nse,consolidated,37.8,751,1221,11989,Consumer Discretionary,"Media, Entertainment & Publication","Film Production, Distribution & Exhibition",21,88,14,Jun 2026,Mar 2026,Jun 2026,2000|1546|1256|1191|1622|1717|1230|1450|1823|1850|1547|1622,7.72|8.07|9.00|8.44|8.20|7.80|7.37|7.71|7.18|6.87|6.99|7.27,,1477|1850|2119|2334|3086|3414|280|1329|3751|6107|5700|6646,14|16|15|17|19|32|-120|8|28|30|27|32,7.27|6.75|6.61|6.82|7.74|7.72|9.20|0.00|0.00|0.00|0.00|0.00,42.08|41.14|41.12|40.37|38.07|39.92|96.05|60.36|50.75|50.68|52.37|49.53,320|446|830|787|-413|167|864|1979|1968|2160,860|1000|1509|1590|2742|5886|5475|5407|14209|14478|13906|13373,13|20|19|20|30|31|25|34|66|72|80|73,27.49|27.49|27.53|27.53|27.53|27.53|27.53|27.53,20.69|19.21|20.39|19.71|21.80|21.16|17.86|18.08,39.85|40.03|36.30|36.52|35.35|34.51|36.43|35.72,18.08,35.72,53.8,1.8
Techno Elec.Engg,/company/TECHNOE/,TECHNOE,18.49,,2.83,16.0,13.0,56.93,,11926.52,1025.50,21.15,30,nse,standalone,23.2,362,1026,11927,Industrials,Construction,Civil Construction,50,30,35,Jun 2026,Mar 2026,Jun 2026,486|366|483|414|500|676|812|514|839|857|1043|642,78|80|79|79|79|79|82|76|80|80|82|78,,102|64|120|1283|986|871|884|999|967|1681|2402|3252,97|11|92|23|25|25|25|16|12|14|14|14,0|0|0|-1|-1|1|0|75|76|79|80|80,0|0|6|71|67|65|66|0|0|0|0|0,160|212|199|112|126|260|33|-337|837|-575,812|616|616|585|545|506|465|426|49|44|39|58,0|0|0|8|19|6|6|27|86|26|0|0,56.93|56.93|56.93|56.93|56.93|56.93|56.93|56.93,9.80|9.92|9.33|8.98|9.22|8.53|8.65|8.08,24.12|24.03|24.50|24.04|22.62|23.05|22.72|21.61,8.08,21.61,29.69,3.67
Manorama Indust.,/company/MANORAMA/,MANORAMA,29.01,,16.28,35.4,40.3,54.32,,11926.34,1889.40,125.88,30,nse,standalone,45.1,116,1889,11926,Fast Moving Consumer Goods,Fast Moving Consumer Goods,Other Food Products,57,46,59,Jun 2026,Mar 2026,Jun 2026,118|98|129|133|195|209|233|290|323|363|382|404,45|53|58|58|54|47|49|53|54|56|56|56,,133|131|145|210|102|188|203|279|351|457|771|1358,3.2|3.0|1.9|8|28|23|17|14|16|16|25|27,77|85|86|84|48|44|57|44|60|53|50|55,0|0|5|1|9|16|12|26|10|14|9|0,|-11|-11|-60|33|-33|59|-154|-59|259,3|3|3|3|6|51|57|55|97|129|176|195,3|6|2|18|37|150|123|181|158|389|549|710,57.26|54.42|54.42|54.41|54.32|54.32|54.32|54.32,2.37|2.53|2.81|3.40|2.52|2.71|2.89|3.22,1.79|4.70|5.14|4.61|4.45|3.61|3.00|2.63,3.22,2.63,5.85,8.78
South Ind.Bank,/company/SOUTHBANK/,SOUTHBANK,16.04,,1.01,6.42,13.5,,,11883.77,45.37,45.15,30,nse,standalone,7.87,45.1,45.4,11884,Financial Services,Financial Services,Private Sector Bank,11,6,7,Jun 2026,Mar 2026,Jun 2026,2129|2184|2275|2314|2355|2371|2373|2362|2407|2518|2559|2628,,,5286|5557|5847|6193|6877|7764|7305|6587|7233|8613|9413|9846,,,0.41|0.30|0.34|0.40|0.55|0.67|0.71|0.77|0.90|0.96|0.97|1.12,1957|793|1678|656|5808|5165|-7261|7075|-2353|3907,469|467|618|642|677|776|755|752|754|966|1018|1043,,,11.47|11.46|11.96|17.58|17.91|20.94|24.21|25.39,5.25|7.25|10.42|11.10|11.92|13.79|12.75|14.24,25.39,14.24,39.63,1.21
Edelweiss.Fin.,/company/EDELWEISS/consolidated/,EDELWEISS,7.83,,2.56,14.1,13.5,32.26,,11871.40,125.42,48.78,30,nse,consolidated,18.8,48.8,125,11871,Financial Services,Financial Services,Holding Company,7,-1,14,Jun 2026,Mar 2026,Jun 2026,2156|2398|2926|2293|2795|1898|2280|2246|1861|4400|1918|2328,,,3887|5256|6604|8878|11078|9513|10775|7151|8500|9523|9415|10417,62|62|58|60|59|26|39|45|33|34|36|30,,1|1|1|1|7|8|16|25|22|29|28|0,-497|-12969|5685|12098|3458|5592|2891|2894|2052|897,559|664|637|1055|1265|2345|1781|1597|1367|1290|1271|1162,8709|11512|10652|4941|169|44|0|0|0|0|0|0,32.74|32.72|32.71|32.70|32.70|32.69|32.25|32.26,27.97|26.89|28.23|25.33|19.55|18.43|19.04|19.47,3.08|3.23|3.14|3.76|5.24|5.73|6.46|7.25,19.47,7.25,26.72,1.14
Blue Dart Expres,/company/BLUEDART/consolidated/,BLUEDART,11.98,,6.66,16.6,16.8,75.00,,11840.08,4989.50,19.22,30,nse,consolidated,36.5,749,4990,11840,Services,Services,Logistics Solution Provider,6,13,9,Jun 2026,Mar 2026,Jun 2026,1324|1383|1323|1343|1448|1512|1417|1442|1549|1616|1533|1658,,,2272|2563|2690|2799|3174|3175|3288|4410|5172|5268|5720|6141,10|16|13|13|9|15|21|23|18|16|15|15,,68|53|54|55|58|54|50|54|60|61|62|0,225|317|243|364|750|860|717|847|735|810,216|453|471|518|654|1665|1583|1437|1437|1823|1814|2035,4|21|25|21|26|27|32|35|39|52|52|56,75.00|75.00|75.00|75.00|75.00|75.00|75.00|75.00,5.46|5.98|5.46|5.53|5.04|4.14|3.42|3.35,12.94|12.49|13.04|13.04|13.13|13.62|14.54|14.47,3.35,14.47,17.82,1.93
Viyash Scientific,/company/VIYASH/consolidated/,VIYASH,15.83,,4.01,13.4,7.39,61.31,,11763.13,267.40,178.46,30,nse,consolidated,53.1,66.6,267,11763,Healthcare,Healthcare,Pharmaceuticals,34,20,53,Jun 2026,Mar 2026,Jun 2026,346|329|361|390|369|774|402|792|850|858|920|946,54.85|54.84|53.86|54.92|52.97|48.70|49.72|48.07|44.51|45.54|44.87|45.89,,443|606|684|848|1039|1179|1362|1413|1421|1370|3007|3420,4.2|9|6|10|12|14|16|8|0.8|4.5|13|19,50.92|49.46|52.18|54.55|52.25|51.31|51.02|56.13|58.68|55.47|48.89|45.69,17.48|15.51|10.69|8.60|10.06|8.58|8.63|8.42|8.74|7.70|9.66|8.98,-7|45|116|115|115|31|17|31|345|323,474|586|684|476|498|577|536|564|605|592|2103|2103,94|135|161|159|200|219|264|348|346|346|682|803,52.76|52.61|52.61|52.61|52.33|61.41|61.31|61.31,6.45|6.10|6.05|6.15|5.90|3.16|2.94|4.50,9.99|12.01|12.82|12.98|12.91|7.36|7.98|3.76,4.50,3.76,8.26,3.44
Godrej Agrovet,/company/GODREJAGRO/consolidated/,GODREJAGRO,13.22,,5.75,19.2,20.9,67.75,,11723.63,609.30,17.81,30,nse,consolidated,25.0,106,609,11724,Fast Moving Consumer Goods,Fast Moving Consumer Goods,Animal Feed,3,10,9,Jun 2026,Mar 2026,Jun 2026,2571|2345|2134|2351|2449|2450|2134|2614|2567|2718|2333|2855,76|76|74|73|74|74|74|72|73|74|77|75,,3312|3750|4911|5186|5918|6964|6267|8306|9374|9561|9383|10233,8|4.6|9|9|8|7|9|8|6|7|9|8,79|79|77|77|77|77|74|76|79|76|74|74,4|4|4|5|4|5|5|5|6|6|6|5,897|354|448|240|-2|-120|874|678|969|1281,693|1507|1473|1492|2051|2178|2298|2407|2568|2806|2912|2803,389|667|738|763|899|886|980|1429|1344|1383|1259|1358,74.02|67.56|67.56|67.54|67.54|67.65|67.75|67.75,7.48|7.10|7.55|7.27|7.21|6.29|6.32|6.48,5.88|6.25|5.45|4.97|5.18|5.38|5.86|5.28,6.48,5.28,11.76,1.15
Nuvoco Vistas,/company/NUVOCO/consolidated/,NUVOCO,8.56,,1.24,6.99,4.17,72.02,,11602.22,324.85,16.7,30,nse,consolidated,28.0,262,325,11602,Commodities,Construction Materials,Cement & Cement Products,2,9,9,Jun 2026,Mar 2026,Jun 2026,2573|2421|2933|2636|2269|2409|3042|2873|2458|2701|3307|3129,18.28|18.29|19.99|19.91|20.75|17.45|21.22|17.14|17.50|18.80|21.09|16.69,,5157|6094|7052|6793|7489|9318|10586|10733|10357|11338,14|16|13|19|20|16|11|15|13|16,22.38|20.68|20.49|18.11|16.11|14.77|16.87|18.20|19.91|18.77,26.70|26.41|26.47|24.23|24.82|29.50|32.78|25.76|25.44|24.22,922|951|860|1025|1717|1221|1711|1593|1329|1485,8916|8690|9895|9970|15042|15409|14962|15027|14702|14478,361|430|585|603|712|1068|1050|947|762|745,72.02|72.02|72.02|72.02|72.02|72.02|72.02|72.02,3.24|3.37|3.55|3.82|5.19|5.00|4.88|4.71,18.86|19.26|19.37|19.10|18.09|18.09|18.35|18.00,4.71,18.00,22.71,1.02
Paras Defence,/company/PARAS/consolidated/,PARAS,78.86,,16,17.2,12.4,53.20,,11602.16,1439.70,189.78,30,nse,consolidated,125,90.0,1440,11602,Industrials,Capital Goods,Aerospace & Defense,29,27,37,Jun 2026,Mar 2026,Jun 2026,61|64|80|84|87|86|108|93|106|106|171|128,42.85|46.93|54.24|46.66|48.40|45.47|46.28|46.72|44.17|54.65|52.68|44.14,,154|147|143|183|222|254|365|477,28|27|31|29|26|21|27|26,54|50|46|45|47|48|47|50,5|7|9|10|6|8|7|7,|-3|4|12|46|-46|45|25,168|158|157|154|170|186|190|191,65|60|75|67|93|150|151|160,58.94|57.05|57.05|53.74|53.20|53.20|53.20|53.20,3.46|4.84|5.24|6.85|5.70|4.92|5.06|8.29,0.63|1.48|1.54|1.94|1.46|1.28|1.24|3.04,8.29,3.04,11.33,24.32
JP Power Ven.,/company/JPPOWER/consolidated/,JPPOWER,7.44,,0.9,6.97,3.60,24.00,,11527.52,16.82,100.44,30,nse,consolidated,13.8,18.6,16.8,11528,Utilities,Power,Power Generation,-1,11,9,Jun 2026,Mar 2026,Jun 2026,1350|2190|1515|1755|1226|1140|1341|1583|1438|1156|1386|1776,65.07|70.97|45.52|50.55|62.87|68.65|60.36|55.89|58.44|73.63|77.06|49.70,,4140|4113|4658|4877|3892|3284|3302|4625|5787|6763|5462|5563,67|62|37|31|33|27|35|24|19|33|34|25,0|-0|0|-0|0|0|-0|-6|1|4|0|0,29|33|58|61|60|66|59|78|75|59|60|66,1413|1782|1178|1028|813|845|767|1927|1714|1301,24156|23530|27437|31093|30650|15251|14272|13803|13385|13007|12696|12280,328|368|315|228|234|342|200|519|712|524|583|489,24.00|24.00|24.00|24.00|24.00|24.00|24.00|24.00,7.78|6.26|6.31|6.30|6.34|6.51|6.58|6.75,18.29|17.49|17.52|17.27|17.19|17.03|17.03|11.15,6.75,11.15,17.9,2.07
Ircon Intl.,/company/IRCON/consolidated/,IRCON,10.07,,1.73,9.69,9.19,65.17,,11511.91,122.40,15.63,30,nse,consolidated,22.0,70.6,122,11512,Industrials,Construction,Civil Construction,-4,11,-10,Jun 2026,Mar 2026,Jun 2026,2987|2930|3787|2287|2448|2613|3412|1786|1977|2119|3189|1956,89|88|88|85|88|91|90|84|89|89|89|85,,3038|2493|3067|4024|4798|5391|5342|7380|10368|12514|10760|9071,23|11|11|11|10|11|9|8|7|9|8|8,1|14|11|8|5|7|11|5|4|5|6|88,69|64|71|73|76|76|74|83|86|83|83|0,919|-2617|-1185|-136|518|1414|-278|-79|-1110|-618,736|506|524|568|1890|1982|1922|1845|1825|1736|2453|3524,124|141|139|141|332|321|121|277|189|48|91|12,65.17|65.17|65.17|65.17|65.17|65.17|65.17|65.17,3.94|4.09|4.11|4.58|4.61|4.54|4.78|4.61,1.63|1.44|1.57|1.60|1.64|1.72|1.79|1.79,4.61,1.79,6.4,1.27
India Cements,/company/INDIACEM/consolidated/,INDIACEM,23.05,,1.13,1.24,0.37,75.00,,11458.45,369.75,9.72,30,nse,consolidated,84.9,327,370,11458,Commodities,Construction Materials,Cement & Cement Products,-7,0,7,Jun 2026,Mar 2026,Jun 2026,1264|1113|1236|1027|1022|940|1198|1025|1117|1114|1229|1019,20.48|20.48|18.35|22.95|23.89|25.15|18.97|15.43|23.09|21.63|27.51|22.92,,5057|4879|5158|5267|5770|5186|4511|4858|5608|4998|4141|4485,15|18|17|14|11|12|18|10|-2.5|1.7|-8|9,17|18|18|19|19|19|18|17|20|20|22|22,28|25|24|27|32|29|26|34|46|63|72|60,765|556|377|387|1046|439|-19|344|-256|-27,4599|7488|7260|7146|7072|7206|7065|7101|6803|6874|11638|11187,676|626|774|695|847|842|597|844|785|631|556|734,28.42|55.49|81.49|81.49|75.60|75.00|75.00|75.00,16.17|14.50|4.94|2.97|3.11|3.41|3.49|3.40,6.05|6.68|3.69|5.76|12.25|12.80|12.90|12.60,3.40,12.60,16,2.55
UTI AMC,/company/UTIAMC/consolidated/,UTIAMC,12.81,,2.54,15.6,10.3,,,11410.41,887.70,15.4,30,nse,consolidated,21.4,350,888,11410,Financial Services,Financial Services,Asset Management Company,10,8,2,Jun 2026,Mar 2026,Jun 2026,404|449|416|529|538|418|376|547|419|517|390|584,,,497|502|934|1134|1051|854|1169|1319|1267|1737|1851|1705,41|41|47|49|47|41|55|53|48|60|60|48,,2.06|2.33|2.15|1.93|2.54|3.27|2.09|1.91|2.22|1.70|1.40|1.81,324|316|123|181|153|337|395|325|536|407,208|201|278|273|351|373|360|357|368|412|408|405,,,7.20|7.85|7.85|7.70|7.62|7.27|7.11|6.89,60.19|59.27|59.71|59.47|59.71|60.00|60.07|59.62,6.89,59.62,66.51,6.69
KEC International,/company/KEC/consolidated/,KEC,9.77,,1.84,16.5,11.4,50.10,,11334.80,425.80,45.61,30,nse,consolidated,18.9,231,426,11335,Industrials,Construction,Civil Construction,11,12,5,Jun 2026,Mar 2026,Jun 2026,4499|5007|6165|4512|5113|5349|6872|5023|6092|6001|6390|5024,40.33|43.88|47.34|39.75|46.40|44.86|51.12|44.71|49.85|48.79|47.51|41.66,,8468|8518|8584|10053|11001|11965|13114|13742|17282|19914|21847|23506,7|9|11|11|11|11|9|7|5|7|8|8,53.93|48.75|48.51|51.14|49.18|46.73|43.47|43.29|40.90|42.22|46.13|47.84,23.45|24.86|21.89|22.16|25.80|24.62|30.57|33.67|38.73|36.56|31.74|30.51,1662|660|199|87|840|-284|614|311|419|-414,1259|1198|1149|1112|1182|1352|1398|1538|1583|1628|1647|1773,476|360|395|627|641|776|842|1066|1137|1213|1140|1533,50.10|50.10|50.10|50.10|50.10|50.10|50.10|50.10,13.60|15.20|15.42|16.02|15.92|11.75|9.84|9.92,26.33|24.91|24.18|22.55|22.54|25.47|26.86|23.34,9.92,23.34,33.26,0.48
Avanti Feeds,/company/AVANTIFEED/consolidated/,AVANTIFEED,12.53,,3.43,24.4,18.3,43.23,,11264.11,826.75,37.27,30,nse,consolidated,20.9,241,827,11264,Fast Moving Consumer Goods,Fast Moving Consumer Goods,Animal Feed,6,8,11,Jun 2026,Mar 2026,Jun 2026,1278|1253|1284|1506|1355|1366|1382|1606|1609|1384|1468|1900,81|80|79|78|77|75|74|73|73|65|75|83,,1709|1935|2616|3393|3488|4115|4101|5036|5087|5369|5599|6066,11|12|13|20|12|11|11|6|8|9|11|12,80|79|79|71|78|79|78|84|81|80|76|71,4|3|3|4|5|5|5|5|6|5|6|10,278|281|184|178|383|-212|451|260|584|505,90|104|160|312|293|271|292|273|398|497|564|592,222|286|356|525|379|544|553|988|803|885|881|940,43.23|43.23|43.23|43.23|43.23|43.23|43.23|43.23,14.40|14.47|6.42|7.59|6.98|7.98|7.63|7.19,5.82|5.49|5.07|4.00|4.19|4.16|6.82|7.35,7.19,7.35,14.54,1.86
Titagarh Rail,/company/TITAGARH/consolidated/,TITAGARH,29.30,,4.59,10.6,6.47,40.46,,11249.97,835.35,30.73,30,nse,consolidated,57.9,182,835,11250,Industrials,Capital Goods,Railway Wagons,5,16,-10,Jun 2026,Mar 2026,Jun 2026,935|955|1052|903|1057|902|1006|679|799|832|875|765,77|78|77|77|76|76|74|71|74|73|73|74,,761|959|1714|1268|1559|1766|1521|1468|2780|3853|3868|3186,5|3.2|6|-8|0.6|7|5|11|9|12|11|10,61|58|63|60|60|65|65|71|77|78|76|73,13|11|10|13|14|14|10|10|8|7|8|0,-177|-121|-124|154|68|55|41|86|-97|322,416|977|933|958|935|872|871|966|732|748|992|1394,224|716|537|442|521|376|385|504|461|524|523|588,40.46|40.46|40.46|40.46|40.46|40.46|40.46|40.46,16.32|13.67|11.63|9.49|9.56|10.66|10.67|10.87,13.94|15.01|13.40|11.67|12.77|12.60|12.46|15.38,10.87,15.38,26.25,3.53
Lloyds Enterpris,/company/LLOYDSENT/consolidated/,LLOYDSENT,30.03,,2.65,3.67,0.33,62.72,,11206.76,73.53,33.58,30,nse,consolidated,98.3,27.7,73.5,11207,Commodities,Metals & Mining,Trading - Metals,67,366,33,Jun 2026,Mar 2026,Jun 2026,149|324|334|323|385|290|489|331|407|299|720|563,63|76|81|81|81|69|77|75|69|62|72|67,,294|132|46|243|15|1|1|48|380|958|1488|1756,0.3|-3.8|-4.3|-0.3|-17|-311|-172|8|13|9|8|7,99|100|102|99|88|100|100|24|52|64|61|62,0|0|0|0|0|0|0|20|20|17|21|20,-25|-11|-8|0|4|-181|63|-20|145|-361,0|0|0|0|0|0|0|14|33|109|254|445,0|0|0|0|0|0|0|49|122|219|161|562,73.91|73.91|73.91|73.91|62.72|62.72|62.72|62.72,0.26|0.24|0.13|0.47|0.59|0.58|0.50|0.65,0.00|0.00|0.07|0.08|0.12|0.08|0.11|0.11,0.65,0.11,0.76,6.38
Volt.Transform.,/company/VOLTAMP/,VOLTAMP,25.48,,6.23,23.5,17.4,30.00,,11167.78,11038.50,60.32,30,nse,standalone,35.2,1771,11038,11168,Industrials,Capital Goods,Heavy Electrical Equipment,16,25,18,Jun 2026,Mar 2026,Jun 2026,381|408|504|428|398|484|625|424|483|630|617|544,71|67|70|73|71|71|73|72|71|74|77|75,,517|563|611|639|829|859|692|1127|1385|1616|1934|2154,3.8|7|10|11|11|13|11|12|17|20|19|16,82|79|78|58|56|53|55|55|55|47|53|53,5|5|3|23|25|26|25|25|22|26|22|24,78|43|32|108|20|66|168|216|219|140,41|39|38|43|48|58|53|62|67|77|118|118,82|95|83|97|108|116|127|209|175|226|237|390,38.00|38.00|38.00|37.80|30.00|30.00|30.00|30.00,28.50|26.70|23.91|23.23|22.85|21.78|22.82|21.53,22.60|23.70|23.53|23.41|29.69|31.38|31.66|33.85,21.53,33.85,55.38,5.18
Quality Power El,/company/QPOWER/consolidated/,QPOWER,43.06,,20.44,31.5,25.1,73.91,,11083.80,1431.20,20.09,30,nse,consolidated,83.2,70.0,1431,11084,Industrials,Capital Goods,Heavy Electrical Equipment,55,,122,Jun 2026,Mar 2026,Jun 2026,142|39|61|94|73|108|177|206|284|281|233,71|44|48|71|51|66|61|64|58|59|58,,183|253|302|337|947,13|13|13|19|19,59|63|66|60|60,5|3|1|1|0,9|44|52|62|80,34|40|66|238|267,41|48|23|102|116,73.91|73.91|73.91|73.91|73.91|73.91,3.99|1.97|2.13|1.97|2.28|3.37,8.76|6.00|5.92|6.03|5.97|6.45,3.37,6.45,9.82,11.7
Rategain Travel,/company/RATEGAIN/consolidated/,RATEGAIN,23.53,,5.49,13.9,11.9,48.78,,11063.85,933.95,51.29,30,nse,consolidated,42.3,170,934,11064,Information Technology,Information Technology,Computers - Software & Consulting,48,49,114,Jun 2026,Mar 2026,Jun 2026,235|252|256|260|277|279|261|273|295|540|716|785,,,262|399|251|367|565|957|1077|1824,9|-6|2.9|9|15|20|22|19,,7.84|11.84|5.88|6.77|4.93|3.92|1.90|3.23,36|19|21|17|52|152|120|234,106|216|168|222|396|364|348|2403,,48.22|48.22|48.17|48.16|48.16|48.55|48.77|48.78,10.21|8.27|7.60|5.51|5.49|4.97|5.35|5.75,20.56|22.61|23.00|23.54|21.58|20.62|20.86|20.86,5.75,20.86,26.61,6.07
SignatureGlobal,/company/SIGNATURE/consolidated/,SIGNATURE,133.12,,5.9,2.60,2.79,69.54,,10962.96,779.25,17.86,30,nse,consolidated,,132,779,10963,Consumer Discretionary,Realty,"Residential, Commercial Projects",19,100,-23,Jun 2026,Mar 2026,Jun 2026,99|282|694|401|749|828|520|866|338|284|1107|552,0.01|0.02|0.02|0.03|0.01|0.03|0.07|0.09|0.10|0.12|0.04|0.05,,242|82|901|1554|1241|2498|2596,-15|-99|-9|0.4|-2.2|1.8|-1.9,1|1|0|0|0|0|0,78|85|92|81|79|77|0,73|36|205|-278|92|501|126,69|104|169|136|104|146|116,2077|2771|3411|4428|6150|9280|10874,69.63|69.63|69.63|69.63|69.63|69.63|69.63|69.54,12.21|12.04|10.36|10.60|10.58|10.12|9.53|9.45,4.70|4.82|5.16|5.25|5.52|5.17|5.41|5.46,9.45,5.46,14.91,4.22
JK Tyre & Indust,/company/JKTYRE/consolidated/,JKTYRE,8.04,,1.81,15.5,16.0,51.72,,10962.21,380.25,29.65,30,nse,consolidated,15.2,210,380,10962,Consumer Discretionary,Automobile and Auto Components,Tyres & Rubber Products,4,12,10,Jun 2026,Mar 2026,Jun 2026,3898|3688|3698|3639|3622|3674|3759|3869|4011|4223|4223|3946,60|60|59|59|62|65|64|63|61|61|62|70,,7315|6898|7689|8272|10368|8723|9102|11983|14645|15002|14693|16327,13|16|15|9|11|11|14|9|9|14|11|12,62|56|56|63|64|61|60|67|68|60|62|62,7|5|6|6|5|7|6|6|6|10|10|10,106|637|797|1237|1598|346|1224|1614|716|1444,2701|3747|5794|6142|6228|6382|6242|6429|6467|6829|6752|7183,875|873|1320|1448|1689|1618|1789|2433|2171|2282|2526|2663,50.56|50.56|50.55|50.55|50.55|51.72|51.72|51.72,16.45|16.03|15.94|16.11|16.09|16.92|18.59|15.75,5.85|6.33|6.14|6.41|7.20|7.50|7.45|7.26,15.75,7.26,23.01,0.67
SBFC Finance,/company/SBFC/,SBFC,14.23,,2.93,11.8,13.0,52.31,,10943.54,98.75,20.08,30,nse,standalone,22.8,33.7,98.8,10944,Financial Services,Financial Services,Non Banking Financial Company (NBFC),32,27,28,Jun 2026,Mar 2026,Jun 2026,246|264|279|297|314|333|361|388|411|426|454|491,,,177|445|510|529|734|1019|1305|1679,,,4.21|2.17|1.68|4.04|1.60|1.35|1.33|1.12,-368|-383|-275|-822|-1245|-1155|-1415|-1893,270|294|301|299|296|300|308|314,,55.05|54.75|53.33|53.19|52.98|52.82|52.35|52.31,4.56|4.92|6.53|7.12|7.01|6.88|6.21|7.22,16.26|16.47|17.67|16.99|18.21|19.53|21.97|20.72,7.22,20.72,27.94,6.52
Blue Jet Health,/company/BLUEJET/,BLUEJET,31.22,,7.37,26.1,19.4,73.15,,10933.51,577.65,57.06,30,nse,standalone,46.5,78.4,578,10934,Healthcare,Healthcare,Pharmaceuticals,10,14,-28,Jun 2026,Mar 2026,Jul 2026,181|167|184|163|208|318|340|355|165|192|235|293,43.19|42.49|46.74|45.32|42.98|45.36|45.08|51.56|34.96|48.26|43.55|46.78,,538|499|683|721|712|1030|947,40|41|36|30|32|37|31,39.13|34.00|42.06|46.60|44.18|44.78|46.00,8.23|9.80|8.72|9.49|8.12|6.64|7.75,122|137|146|142|241|46|334,107|139|156|151|172|300|316,69|118|105|126|130|264|187,86.00|86.00|86.00|79.81|79.81|79.81|79.81|73.15,1.10|2.28|1.97|1.83|1.14|0.89|0.40|0.63,2.02|1.33|0.95|3.63|4.65|4.51|4.65|9.11,0.63,9.11,9.74,11.55
The Bombay Burmah,/company/BBTC/consolidated/,BBTC,3.04,,1.55,33.0,18.7,74.04,,10906.74,1563.20,84.4,30,nse,consolidated,8.80,1009,1563,10907,Fast Moving Consumer Goods,Fast Moving Consumer Goods,Packaged Foods,6,8,7,Jun 2026,Mar 2026,Jun 2026,4524|4337|4162|4333|4761|4685|4519|4712|4943|5066|4818|5089,57|56|55|56|58|61|60|59|58|57|58|58,,8197|8762|9434|10238|11423|11889|13396|14544|16623|17109|18298|19539,11|14|13|13|15|15|16|11|10|17|17|18,59|59|61|61|59|59|58|61|59|56|59|58,9|8|7|6|7|7|7|7|7|7|7|7,411|1213|1104|1409|1692|1447|2475|1935|2239|2419,1878|1989|2217|2373|2717|2889|2802|2763|3638|3751|3880|3814,516|547|734|727|881|835|1183|1435|1267|1243|1304|1408,74.05|74.05|74.05|74.05|74.05|74.04|74.04|74.04,9.48|9.64|9.60|9.33|9.30|9.42|9.48|9.46,1.50|1.48|1.47|1.43|1.43|1.42|1.46|1.04,9.46,1.04,10.5,0.56
Jubilant Ingrev.,/company/JUBLINGREA/consolidated/,JUBLINGREA,17.32,,3.49,11.4,9.52,45.22,,10886.87,683.50,34.85,30,nse,consolidated,34.2,196,684,10887,Commodities,Chemicals,Specialty Chemicals,-3,45,11,Jun 2026,Mar 2026,Jun 2026,1020|966|1074|1024|1045|1057|1051|1038|1121|1051|1179|1300,49.54|52.63|55.46|51.60|48.52|50.97|50.70|50.05|53.58|52.91|52.50|48.34,,0|684|4949|4773|4136|4178|4388,|17|17|11|10|12|13,|54|57|54|52|50|52,|16|14|21|19|17|16,0|112|453|462|430|508|524,0|1805|1798|1846|2539|2581|3183,0|609|911|1035|941|943|880,51.47|51.47|51.47|45.22|45.22|45.22|45.22|45.22,7.22|6.89|7.12|6.96|5.96|6.15|6.49|6.49,15.47|15.99|15.91|21.81|23.04|24.00|24.76|24.98,6.49,24.98,31.47,2.48
Indian Energy Ex,/company/IEX/,IEX,16.09,,8.36,51.8,39.4,,,10860.82,121.80,59,30,nse,standalone,22.3,14.6,122,10861,Financial Services,Financial Services,Exchange and Data Platform,15,14,13,Jun 2026,Mar 2026,Jun 2026,109|115|121|124|139|131|141|140|152|144|172|156,,,176|170|199|230|254|257|317|426|401|449|535|608,77|74|72|80|80|80|82|86|84|84|85|84,,11.44|12.43|0.70|0.67|0.91|0.68|0.43|0.38|0.44|0.37|2.27|2.54,206|131|138|128|304|788|-22|300|430|425,14|11|8|119|111|119|115|110|110|101|87|97,,,15.66|16.24|16.13|18.53|13.20|11.42|14.16|12.63,31.48|32.78|34.15|34.12|36.43|34.95|30.26|31.47,12.63,31.47,44.1,17.86
Can Fin Homes,/company/CANFINHOME/,CANFINHOME,12.34,,1.82,9.14,19.7,29.99,,10858.76,815.50,19.03,30,nse,standalone,9.61,449,816,10859,Financial Services,Financial Services,Housing Finance Company,15,16,8,Jun 2026,Mar 2026,Jun 2026,871|901|927|931|962|986|999|1020|1049|1073|1074|1096,,,816|1083|1353|1518|1727|2030|2018|1988|2742|3523|3879|4217,,,0.26|0.19|0.19|0.69|0.69|0.66|0.66|1.35|1.23|0.84|0.88|0.36,-2356|-2018|-2335|-1842|-851|-3916|-4044|-2570|-2255|-2910,9|9|10|10|10|38|38|35|45|53|49|50,,29.99|29.99|29.99|29.99|29.99|29.99|29.99|29.99,11.68|11.41|12.14|12.10|12.52|13.24|13.37|13.23,27.51|28.14|24.66|24.53|23.88|24.70|24.61|24.53,13.23,24.53,37.76,2.58
Mahanagar Gas,/company/MGL/,MGL,7.72,,1.68,17.1,12.3,32.50,,10792.46,1092.60,38.73,30,nse,standalone,15.0,651,1093,10792,Energy,"Oil, Gas & Consumable Fuels",LPG/CNG/PNG/LNG Supplier,9,31,12,Jun 2026,Mar 2026,Jun 2026,1571|1569|1567|1590|1786|1758|1963|2081|2049|2058|2051|2372,57|59|61|60|63|69|65|63|70|69|72|73,,2095|2078|2034|2233|2791|2972|2153|3560|6299|6245|7261|8240,23|24|32|35|32|35|43|26|19|30|22|18,62|59|50|46|50|47|35|58|71|58|64|68,7|8|9|8|8|7|7|6|4|5|5|5,532|652|685|985|806|904|969|1563|1420|1147,1064|1129|1305|1532|1763|2049|2169|2614|3026|3543|4844|5373,17|18|24|24|19|19|22|27|34|40|52|62,32.50|32.50|32.50|32.50|32.50|32.50|32.50|32.50,34.20|25.75|23.76|25.48|23.59|24.89|24.13|23.21,15.46|21.10|23.82|22.52|22.89|20.83|21.01|22.53,23.21,22.53,45.74,1.31
Olectra Greentec,/company/OLECTRA/consolidated/,OLECTRA,29.74,,8.75,21.0,15.6,50.02,,10771.46,1312.30,47.15,30,nse,consolidated,60.7,150,1312,10771,Consumer Discretionary,Automobile and Auto Components,Passenger Cars & Utility Vehicles,28,52,38,Jun 2026,Mar 2026,Jun 2026,307|342|289|314|524|515|449|347|657|664|645|576,74|72|71|73|74|75|75|70|78|79|74|75,,92|93|105|161|170|201|281|593|1091|1154|1802|2312,18|20|19|9|-9|2.5|7|14|13|14|15|14,63|61|63|69|75|54|64|71|75|71|74|76,5|4|5|4|6|16|12|5|4|6|4|1,-9|-107|-130|-219|209|121|-10|143|141|104,79|76|61|72|173|151|290|325|356|330|355|574,17|17|23|63|112|81|62|59|142|216|290|247,50.02|50.02|50.02|50.02|50.02|50.02|50.02|50.02,5.64|5.69|5.38|5.66|7.04|6.90|7.11|7.95,0.28|0.31|0.45|0.48|0.69|0.82|0.68|0.58,7.95,0.58,8.53,4.66
Blackbuck,/company/BLACKBUCK/consolidated/,BLACKBUCK,42.40,,7.52,12.8,12.3,25.00,,10714.16,588.15,31.92,30,nse,consolidated,62.4,78.2,588,10714,Services,Services,Transport Related Services,55,-6,49,Jun 2026,Mar 2026,Jun 2026,63|81|93|92|99|114|122|144|151|172|185|204,,,867|119|176|297|427|652,-23|-194|-132|-53|22|26,,0.07|1.74|1.91|34.12|28.81|0.00,60|-78|-119|45|58|169,15|21|31|39|45|116,,27.84|27.70|27.43|27.19|25.12|25.05|25.00,11.73|11.59|20.52|26.20|28.25|32.45|31.47,9.98|10.26|13.48|14.33|13.23|10.83|14.38,31.47,14.38,45.85,16.43
Zensar Tech.,/company/ZENSARTECH/consolidated/,ZENSARTECH,8.49,,2.28,22.8,17.3,49.00,,10709.95,470.60,72.79,30,nse,consolidated,13.5,207,471,10710,Information Technology,Information Technology,Computers - Software & Consulting,5,9,8,Jun 2026,Mar 2026,Jun 2026,1241|1204|1230|1288|1308|1326|1359|1385|1421|1431|1450|1508,0|0|0|0|1|1|1|1|1|1|1|1,,2656|2952|3056|3108|3966|4182|3781|4244|4848|4902|5281|5687,15|15|12|12|12|12|18|15|11|18|15|16,6|5|5|3|3|4|3|3|3|0|1|1,19|18|19|18|20|18|16|17|17|14|14|15,304|206|156|686|858|336|714|642|565|771,547|386|447|592|950|1323|1133|1254|1174|1034|1170|1223,123|126|113|106|98|94|0|0|0|0|0|0,49.14|49.10|49.07|49.06|49.03|49.01|49.01|49.00,14.84|15.06|14.98|14.56|13.30|11.83|10.51|10.73,19.05|19.83|19.89|20.52|22.24|23.09|23.66|21.98,10.73,21.98,32.71,1.88
Kwality Wall's,/company/KWIL/,KWIL,-119.75,,15.94,,-1.01,61.91,,10702.39,45.55,130.83,30,nse,standalone,,2.86,45.6,10702,Fast Moving Consumer Goods,Fast Moving Consumer Goods,Dairy Products,,,,Jun 2026,Mar 2025 3m,Jun 2026,757|322|223|486|878,55|56|58|56|54,,0,,,,,0,,61.90|61.91,5.15|3.68,12.97|11.02,3.68,11.02,14.7,
Pearl Global Ind,/company/PGIL/consolidated/,PGIL,19.73,,7.32,19.9,21.0,61.11,,10689.88,2314.30,38.25,30,nse,consolidated,34.1,316,2314,10690,Consumer Discretionary,Textiles,Garments & Apparels,17,28,14,Jun 2026,Mar 2026,Jun 2026,961|704|877|1053|1202|1023|1229|1228|1313|1170|1314|1528,55.40|43.32|46.51|52.00|55.71|49.50|52.79|53.96|55.20|49.12|51.14|48.46,,1024|1393|1538|1496|1758|1685|1491|2714|3158|3436|4506|5025,4.8|4.3|4.7|3.1|6|4.9|4.5|6|9|9|9|10,52|57|55|55|50|48|52|56|52|49|53|52,16|14|15|14|13|13|13|13|12|13|12|11,15|33|75|64|95|-92|365|352|176|398,213|210|256|274|338|422|390|448|500|612|727|818,175|174|216|210|236|264|281|541|514|503|705|882,62.91|62.82|62.81|62.78|62.75|61.24|61.16|61.11,4.57|5.20|7.39|6.80|6.50|6.27|6.48|6.82,9.31|11.24|11.56|12.77|14.02|16.77|18.80|19.16,6.82,19.16,25.98,2.13
PC Jeweller,/company/PCJEWELLER/consolidated/,PCJEWELLER,12.98,,1.15,9.58,9.96,38.50,,10668.84,10.94,252.97,30,nse,consolidated,13.8,9.45,10.9,10669,Consumer Discretionary,Consumer Durables,"Gems, Jewellery And Watches",11,3,36,Jun 2026,Mar 2026,Jun 2026,449|40|48|401|505|639|699|725|825|875|927|877,101|239|86|83|80|79|75|80|77|75|78|70,,6361|7301|8464|9610|8672|5206|2825|1605|2472|604|2244|3353,11|10|9|10|3.4|9|15|-6|10|-28|18|20,85|86|88|86|93|87|80|88|85|112|79|77,1|1|1|1|0|0|1|1|1|1|0|0,794|358|-1931|76|91|-719|100|64|-633|-77,90|91|88|93|74|169|139|121|115|71|94|96,3230|3867|4187|5258|5012|5414|5944|5667|5791|5633|6649|7214,54.53|43.52|39.98|40.08|37.61|37.19|40.72|38.50,3.31|5.55|5.06|4.92|6.46|6.31|10.40|12.15,1.47|1.26|9.37|9.07|8.23|7.08|5.42|4.31,12.15,4.31,16.46,3.18
Genus Power,/company/GENUSPOWER/consolidated/,GENUSPOWER,11.48,,4.8,23.9,29.0,39.34,,10639.36,349.70,78.4,30,nse,consolidated,16.3,72.9,350,10639,Industrials,Capital Goods,Other Electrical Equipment,80,51,74,Jun 2026,Mar 2026,Jun 2026,259|260|420|414|487|604|937|942|1149|1122|1537|1365,62|55|57|56|55|56|59|60|59|60|64|63,,858|642|835|1055|1060|609|685|808|1201|2442|4751,14|13|11|11|15|17|9|10|11|19|19,66|64|69|68|63|58|64|64|60|57|61,1|1|1|1|1|1|2|2|2|1|0,157|6|50|134|108|28|86|-152|-443|-203,138|164|167|178|173|163|156|157|193|285|487,118|116|196|207|151|178|220|286|483|850|1353,39.33|39.39|39.38|39.38|39.36|39.34|39.34|39.34,22.49|22.79|22.38|20.43|18.75|18.74|18.89|18.73,3.54|3.57|3.78|3.67|3.35|3.21|3.34|3.04,18.73,3.04,21.77,2.24
Shreeji Ship. Gl,/company/SHREEJISPG/consolidated/,SHREEJISPG,41.69,,13.81,26.4,27.5,90.00,,10630.42,652.50,58.37,30,nse,consolidated,66.5,47.2,652,10630,Services,Services,Shipping,-5,,23,Jun 2026,Mar 2026,Jun 2026,130|146|152|156|161|162|198|188|209,0.00|0.00|0.00|0.00|0.00|0.00|0.00|3.49|0.00,,572|827|731|608|709,25|23|26|33|30,0|0|0|0|1,69|73|68|61|0,|158|159|139|191,295|361|371|366|448,10|12|18|20|29,90.00|90.00|90.00|90.00,0.45|0.44|0.22|0.46,2.08|1.25|1.14|1.08,0.46,1.08,1.54,14.99
Indiamart Inter.,/company/INDIAMART/consolidated/,INDIAMART,14.87,,4.4,28.0,20.7,49.07,,10566.55,1756.90,25.5,30,nse,consolidated,21.4,399,1757,10567,Consumer Discretionary,Consumer Services,Internet & Catalogue Retail,17,19,13,Jun 2026,Mar 2026,Jun 2026,295|305|315|331|348|354|355|372|391|402|404|414,,,176|254|318|411|507|639|670|753|985|1197|1388|1569,-29|-47|-23|-19|3.4|26|49|39|23|24|34|30,,3.72|3.71|3.22|2.57|30.81|23.63|14.89|16.67|20.84|18.74|11.35|11.87,-1|179|255|261|322|402|476|559|623|694,6|10|9|8|9|86|65|56|553|536|515|494,,49.21|49.17|49.17|49.17|49.17|49.12|49.12|49.07,23.86|21.06|18.95|19.21|21.53|18.28|19.17|19.92,12.10|13.85|15.49|15.29|12.99|16.41|13.54|12.11,19.92,12.11,32.03,6.73
Afcons Infrastr.,/company/AFCONS/consolidated/,AFCONS,9.39,,1.94,13.9,5.61,50.17,,10542.55,286.65,29.36,30,nse,consolidated,51.4,148,287,10543,Industrials,Construction,Civil Construction,-2,5,-12,Jun 2026,Mar 2026,Jun 2026,3334|3126|3636|3154|2960|3211|3223|3370|2988|2976|2614|2671,30|69|72|69|68|67|68|66|66|66|67|70,,9934|9376|11019|12637|13268|12548|11948,8|9|9|11|10|11|10,26.95|27.14|28.83|30.48|30.24|26.22|23.81,48.13|44.39|45.38|41.89|40.69|42.54|43.00,1050|929|610|1215|707|-132|-127,1938|2003|2318|2498|2784|2738|2499,1067|938|1270|1586|1627|1010|1017,50.17|50.17|50.17|50.17|50.17|50.17|50.17,18.00|18.21|15.80|12.81|12.81|12.19|12.15,11.12|12.07|14.53|17.94|19.60|20.96|20.07,12.15,20.07,32.22,0.88
KRN Heat Exchan,/company/KRN/consolidated/,KRN,69.66,,17.42,16.1,14.3,65.69,,10536.85,1609.70,20.81,30,nse,consolidated,109,92.4,1610,10537,Industrials,Capital Goods,Other Industrial Products,,,64,Jun 2026,Mar 2026,Jun 2026,71|66|82|96|91|111|132|115|152|153|179|252,71|72|71|74|71|76|75|74|69|66|67|68,,307|430|600,19|16|19,72|74|69,2|2|0,17|21|-114,82|85|314,84|96|273,70.79|70.79|70.79|70.79|70.79|70.79|70.79|65.69,4.05|1.98|1.21|2.35|5.46|5.31|6.66|8.86,7.46|8.18|6.28|6.06|6.21|6.35|6.39|8.33,8.86,8.33,17.19,17.56
IIFL Capital,/company/IIFLCAPS/consolidated/,IIFLCAPS,6.83,,3.38,21.1,16.2,30.67,,10501.76,333.20,9.99,30,nse,consolidated,18.4,98.4,333,10502,Financial Services,Financial Services,Stockbroking & Allied,23,24,2,Jun 2026,Mar 2026,Jun 2026,507|559|686|640|645|583|537|617|572|586|644|631,,,933|870|758|841|1295|1361|2217|2520|2508,47|47|43|42|42|35|42|44|37,,11.84|10.42|11.41|14.16|16.36|20.23|21.62|23.27|26.26,-110|587|352|152|795|-793|-118|871|-1070,512|393|402|403|482|440|379|388|295,0|0|13|2|0|0|0|0|0,30.79|30.72|30.70|31.02|30.98|30.93|30.87|30.67,19.00|19.12|18.98|17.24|16.93|16.51|16.33|15.34,3.70|3.99|4.31|4.92|5.04|5.39|5.56|4.72,15.34,4.72,20.06,4.19
Jupiter Wagons,/company/JWL/consolidated/,JWL,27.70,,3.52,9.16,6.39,68.31,,10474.85,245.10,28.12,30,nse,consolidated,58.9,69.7,245,10475,Industrials,Capital Goods,Railway Wagons,12,24,-12,Jun 2026,Mar 2026,Jun 2026,879|896|1115|880|1009|1030|1045|459|786|890|780|671,78|77|78|74|76|75|74|65|72|73|73|74,,996|1178|2068|3644|3963|2916,11|10|12|13|14|12,74|76|76|78|75|72,9|9|7|6|6|0,67|60|78|-19|104|9,418|428|464|831|972|1119,244|319|491|984|769|1079,68.11|68.11|68.11|68.11|68.09|68.31|68.31|68.31,3.45|3.44|3.86|4.45|4.42|4.48|4.19|3.47,2.00|1.73|1.71|1.39|1.03|0.75|0.78|0.79,3.47,0.79,4.26,3.59
Alkyl Amines,/company/ALKYLAMINE/,ALKYLAMINE,27.42,,6.83,16.6,12.3,72.04,,10474.23,2047.90,27.26,30,nse,standalone,46.5,300,2048,10474,Commodities,Chemicals,Specialty Chemicals,-3,4,5,Jun 2026,Mar 2026,Jun 2026,352|322|357|400|415|371|386|406|389|354|387|528,54|52|51|53|55|52|54|54|53|52|54|51,,476|484|501|616|846|993|1242|1542|1683|1441|1572|1536,18|19|19|19|19|26|35|21|21|17|19|19,51|52|49|51|52|46|39|52|49|51|51|51,19|15|18|17|17|16|14|16|18|19|17|16,63|102|144|188|364|205|248|275|263|239,151|187|220|355|376|423|458|629|719|1089|1044|1015,71|63|111|85|106|84|122|165|184|172|165|123,71.97|72.01|72.04|72.03|72.03|72.03|72.05|72.04,3.20|3.23|3.23|3.26|3.44|3.45|3.45|3.50,1.53|1.77|2.18|2.60|2.88|3.01|3.01|3.10,3.50,3.10,6.6,6.82
Rites,/company/RITES/consolidated/,RITES,10.90,,3.89,22.0,15.4,72.20,,10429.10,217.00,13.41,30,nse,consolidated,25.0,55.8,217,10429,Industrials,Construction,Civil Construction,-3,5,11,Jun 2026,Mar 2026,Jun 2026,582|683|643|486|541|576|602|490|549|609|768|532,47.23|49.71|45.76|44.50|49.96|49.23|41.78|43.36|42.23|46.35|49.79|46.24,,1013|1218|1351|1497|2047|2474|1905|2662|2628|2453|2218|2415,34|29|26|28|28|27|29|27|29|27|24|23,7.63|0.00|0.00|10.23|6.19|13.88|2.81|23.62|7.13|2.49|0.13|45.91,17.05|17.17|25.21|10.39|34.68|32.44|37.43|23.27|38.33|44.78|47.43|0.00,555|410|164|319|516|310|560|432|637|327,212|476|406|402|478|590|584|560|552|535|884|868,7|49|50|9|105|11|290|139|49|8|80|35,72.20|72.20|72.20|72.20|72.20|72.20|72.20|72.20,3.20|3.34|3.33|3.47|3.51|3.46|3.47|3.43,9.63|8.83|8.66|8.64|8.66|8.63|8.70|8.74,3.43,8.74,12.17,4.32
Health.Global,/company/HCG/consolidated/,HCG,22.63,,7.8,8.31,2.55,64.21,,10395.91,696.30,11.58,30,nse,consolidated,216,89.2,696,10396,Healthcare,Healthcare,Hospital,15,20,14,Jun 2026,Mar 2026,Jun 2026,487|470|495|526|554|559|585|613|647|633|652|695,24.82|24.25|24.81|25.35|26.06|26.69|26.32|26.40|27.39|27.89|27.09|25.72,,519|584|700|829|976|1092|1009|1395|1691|1908|2218|2545,15|15|15|14|11|14|12|17|18|17|17|18,28.12|25.68|24.41|22.89|22.40|21.96|23.81|25.45|25.07|24.92|26.18|27.20,26.47|30.28|30.21|8.19|8.02|8.82|10.36|8.43|8.48|29.80|29.86|0.00,91|98|98|130|121|220|252|285|317|347,528|583|685|828|970|1646|1382|1547|1553|1758|2442|2462,15|13|19|24|27|23|21|30|38|43|53|60,71.23|71.22|71.22|62.46|63.78|63.77|64.21|64.21,4.30|2.77|2.44|2.16|3.59|3.22|2.76|2.73,11.64|12.94|12.48|13.22|18.36|18.30|18.91|19.20,2.73,19.20,21.93,4.08
A B Lifestyle,/company/ABLBL/consolidated/,ABLBL,9.02,,7.29,15.0,14.9,46.60,,10325.61,84.60,7.98,30,nse,consolidated,48.4,11.6,84.6,10326,Consumer Discretionary,Consumer Services,Speciality Retail,,,9,Jun 2026,Mar 2026,Jun 2026,1784|1965|2138|1942|1841|2038|2343|2174|2046,41.14|43.56|41.11|41.35|37.40|42.26|41.37|40.50|38.95,,7830|8396,16|16,41.79|40.49,9.83|10.11,1144|1219,3280|3609,2109|2349,46.58|46.60|46.60|46.60|46.60,22.59|21.59|16.25|12.78|12.70,10.96|11.48|17.05|20.24|20.80,12.70,20.80,33.5,1.23
Whirlpool India,/company/WHIRLPOOL/consolidated/,WHIRLPOOL,12.58,,2.48,11.1,7.75,39.76,,10317.85,813.25,43.83,30,nse,consolidated,37.8,328,813,10318,Consumer Discretionary,Consumer Durables,Household Appliances,6,6,6,Jun 2026,Mar 2026,Jun 2026,1522|1536|1734|2497|1713|1705|2005|2432|1647|1774|2181|2727,66|67|64|68|64|66|65|67|64|66|69|70,,4832|5398|5993|5900|6197|6668|6830|7919|8034,12|12|11|9|7|6|6|7|6,62|63|61|63|68|69|67|66|67,1|1|2|1|2|2|2|2|0,384|402|380|524|98|270|610|571|298,446|508|709|707|1803|1917|1932|1913|1960,810|889|1166|1274|1311|1508|1247|1326|1509,51.00|51.00|51.00|51.00|51.00|39.76|39.76|39.76,9.48|9.70|10.72|10.29|11.12|11.89|11.46|12.48,31.49|30.81|28.11|28.73|28.49|35.55|35.85|34.18,12.48,34.18,46.66,1.28
Suven Life Scie.,/company/SUVEN/consolidated/,SUVEN,-28.93,,16.29,-79.5,-81.5,65.47,,10312.13,364.95,27.34,30,nse,consolidated,,22.4,365,10312,Healthcare,Healthcare,"Healthcare Research, Analytics & Technology",-19,-12,17,Jun 2026,Mar 2026,Jul 2026,3|2|2|1|3|2|1|2|1|3|2|4,,,521|499|543|625|286|13|13|12|14|12|7|7,31|20|24|32|-5|-917|-593|-1032|-929|-1094|-2487|-3999,35|33|28|25|25|0|0|0|0|0|0|0,12|15|15|14|17|13|1|22|7|15|31|31,109|70|-53|-135|-96|-128|-116|-115|-155|-300,172|305|306|308|22|25|21|38|37|28|60|73,82|83|93|139|0|0|0|0|0|1|0|0,70.26|70.26|70.26|67.36|67.36|70.15|70.08|65.47,0.34|0.25|0.58|1.17|1.07|0.91|0.56|0.48,1.05|0.01|0.03|3.39|3.39|4.62|2.93|2.73,0.48,2.73,3.21,1473.14
AAVAS Financiers,/company/AAVAS/,AAVAS,11.73,,2,9.92,13.9,48.88,,10113.99,1275.50,14.45,30,nse,standalone,14.7,637,1276,10114,Financial Services,Financial Services,Housing Finance Company,19,19,13,Jun 2026,Mar 2026,Jun 2026,497|508|546|542|579|597|636|628|667|674|715|709,,,104|191|305|494|710|902|1103|1304|1608|2018|2355|2683,,,0.42|0.34|0.53|4.24|4.07|3.01|3.03|3.32|2.98|3.14|3.22|2.91,-591|-933|-1276|-1172|-1071|-1136|-1920|-2001|-1660|-1386,5|6|10|18|23|60|58|66|78|116|134|169,,26.47|26.47|26.47|48.96|48.96|48.95|48.88|48.88,35.50|33.97|29.67|29.77|25.88|24.72|16.74|16.28,25.55|25.69|10.75|11.52|14.13|14.30|22.14|22.15,16.28,22.15,38.43,3.77
Kennametal India,/company/KENNAMET/,KENNAMET,31.86,,11.8,33.2,24.5,75.00,,10066.69,4580.30,19.02,30,nse,standalone,51.4,388,4580,10067,Industrials,Capital Goods,Industrial Products,12,13,29,Jun 2026,Jun 2026,Jun 2026,258|271|269|302|270|287|290|323|296|334|403|478,54.21|54.03|51.19|54.23|51.55|53.03|53.83|55.41|52.09|56.23|53.66|49.14,,570|570|652|793|927|641|811|991|1077|1100|1170|1511,11|8|9|13|15|10|15|18|14|16|15|20,52|53|53|53|53|54|53|50|56|53|54|52,8|8|10|9|8|9|9|9|8|9|9|0,77|63|84|28|155|49|116|114|145|18,101|107|146|154|184|247|225|215|275|294|273|282,94|113|107|156|203|198|205|267|244|271|295|609,75.00|75.00|75.00|75.00|75.00|75.00|75.00|75.00,0.91|0.93|0.88|0.93|0.87|0.38|0.35|0.23,13.54|13.71|13.72|13.78|13.95|14.19|14.04|13.33,0.23,13.33,13.56,6.66
KRBL,/company/KRBL/consolidated/,KRBL,8.99,,1.72,15.2,11.7,60.17,,10017.37,437.65,33.74,30,nse,consolidated,13.2,254,438,10017,Fast Moving Consumer Goods,Fast Moving Consumer Goods,Other Agricultural Products,4,9,1,Jun 2026,Mar 2026,Jun 2026,1214|1438|1318|1199|1270|1682|1442|1584|1511|1477|1526|1496,73|77|75|78|78|76|69|76|72|71|71|66,,3143|3360|3145|3246|4120|4499|3992|4211|5365|5385|5594|6098,17|13|20|24|21|19|21|16|18|15|12|15,76|79|71|67|70|72|69|73|71|71|71|72,2|2|2|2|2|4|5|6|5|7|9|0,258|61|-115|1212|384|561|-360|224|961|933,640|765|1013|982|941|979|947|924|899|903|922|1333,1860|1796|2020|2463|3129|2852|2964|2816|4186|4451|3885|3714,60.17|60.17|60.17|60.17|60.17|60.17|60.17|60.17,4.34|5.34|5.13|6.72|6.54|7.56|7.76|7.29,0.30|0.27|0.39|0.62|0.68|0.67|0.71|0.70,7.29,0.70,7.99,1.64
Sudarshan Chem.,/company/SUDARSCHEM/consolidated/,SUDARSCHEM,14.92,,2.86,5.46,0.54,8.19,,10005.88,1256.90,53.73,30,nse,consolidated,98.5,439,1257,10006,Commodities,Chemicals,Dyes And Pigments,62,39,90,Jun 2026,Mar 2026,Jun 2026,601|566|764|634|696|666|1349|2507|2387|2103|2790|2642,55.32|55.22|57.07|53.71|53.00|55.82|51.31|48.78|49.88|51.43|52.93|46.35,,1205|1401|1282|1329|1593|1708|1864|2201|2302|2539|3346|9787,11|12|15|14|13|15|16|13|9|13|11|6,61|58|55|57|59|57|57|58|59|56|53|51,12|13|14|13|12|11|12|14|14|14|14|13,163|148|71|263|165|178|287|193|71|344,333|358|452|475|465|627|615|832|1126|1102|2774|2987,250|253|261|273|308|411|412|566|494|438|2502|2444,30.55|27.55|23.90|16.41|8.20|8.20|8.20|8.19,8.35|8.71|7.96|8.52|8.54|8.21|7.96|8.48,19.82|18.64|23.57|23.51|24.17|24.60|24.89|26.41,8.48,26.41,34.89,1.02
Sandur Manganese,/company/SANDUMA/consolidated/,SANDUMA,8.21,,3.06,24.2,23.0,74.22,,9987.02,205.45,15.04,30,nse,consolidated,13.5,66.9,205,9987,Commodities,Metals & Mining,Iron & Steel,34,,45,Jun 2026,Mar 2026,Jun 2026,185|153|552|602|260|952|1321|1135|1232|1209|1511|1375,2.22|-3.27|9.44|26.86|18.14|38.82|40.40|38.43|45.14|42.48|41.49|41.07,,219|347|351|269|434|608|702|2249|2126|1252|3135|5088,12|16|12|1.0|23|29|32|43|18|26|25|24,11.56|4.72|3.96|32.10|16.96|21.97|18.69|34.74|54.65|14.25|35.47|41.93,45.27|49.08|47.38|24.06|19.28|12.94|12.90|0.00|7.90|17.61|14.19|15.65,36|-7|85|128|169|873|142|153|841|1143,229|222|225|224|225|262|260||878|886|3111|3300,40|59|83|60|89|87|65||292|388|952|872,74.22|74.22|74.22|74.22|74.22|74.22|74.22|74.22,0.99|1.06|1.12|1.00|1.01|1.20|1.63|1.73,1.46|1.49|1.43|0.59|0.70|0.67|0.66|0.58,1.73,0.58,2.31,1.96
Finolex Inds.,/company/FINPIPE/consolidated/,FINPIPE,10.88,,1.61,12.7,9.73,52.47,,9962.38,160.56,7.92,30,nse,consolidated,16.2,100,161,9962,Industrials,Capital Goods,Plastic Products - Industrial,-2,4,-2,Jun 2026,Mar 2026,Jun 2026,883|1020|1235|1140|828|1001|1172|1043|859|898|1314|884,60|64|63|59|70|66|66|67|57|57|52|61,,2482|2602|2738|3091|2985|3462|4647|4397|4317|4142|4113,16|22|18|20|15|29|22|7|14|12|16,65|61|64|61|64|55|60|69|62|64|58,10|9|11|11|11|8|10|15|14|14|0,252|338|391|106|941|622|308|353|383|192,850|855|884|951|1017|1002|993|1055|1055|1008|1017,447|557|612|620|858|919|1015|673|728|782|1026,52.47|52.47|52.47|52.47|52.47|52.47|52.47|52.47,6.40|6.64|6.48|6.03|5.93|5.87|5.86|5.85,12.07|12.05|11.70|11.36|12.11|12.19|12.78|11.35,5.85,11.35,17.2,2.42
SG Mart,/company/SGMART/consolidated/,SGMART,42.36,,6.21,10.2,7.92,57.90,,9947.96,789.30,38.37,30,nse,consolidated,80.0,127,789,9948,Commodities,Metals & Mining,Trading - Metals,,,10,Jun 2026,Mar 2026,Jun 2026,506|748|1278|1134|1793|1335|1595|1144|1704|1644|1823|1309,98|97|97|96|98|97|96|95|97|98|95|93,,1|9|5|3|2683|5856|6315,54|89|70|56|2.3|1.8|2.2,-128|0|0|-0|97|97|90,129|7|26|32|0|0|7,0|5|6|1|30|-391|258,25|24|23|1|39|216|385,1|1|1|1|71|254|284,40.78|40.71|40.66|36.27|36.27|36.27|36.27|57.90,5.34|6.21|6.51|0.91|1.16|1.26|1.86|1.90,1.61|1.60|1.07|5.70|4.74|4.97|5.27|4.11,1.90,4.11,6.01,1.58
Jain Resource,/company/JAINREC/consolidated/,JAINREC,18.09,,6.37,25.7,30.4,73.59,,9936.75,287.95,48.17,30,nse,consolidated,27.3,45.2,288,9937,Commodities,Metals & Mining,Diversified Metals,46,,65,Jun 2026,Mar 2026,Jun 2026,1496|1392|1781|1760|1549|2114|2775|3105|2724,90|90|92|91|90|89|90|95|94,,3064|4428|6429|9543,4.2|5|6|6,91|91|91|91,3|2|2|1,11|33|4|-591,74|79|89|114,342|550|675|1477,73.59|73.59|73.59|73.59,6.42|3.70|3.02|1.23,6.43|8.58|10.04|9.68,1.23,9.68,10.91,1.04
Jupiter Life Lin,/company/JLHL/consolidated/,JLHL,27.08,,6.39,14.8,13.1,40.91,,9880.80,301.40,6.16,30,nse,consolidated,51.7,47.1,301,9881,Healthcare,Healthcare,Hospital,19,25,15,Jun 2026,Mar 2026,Jun 2026,263|273|291|289|335|333|337|353|394|365|388|411,17.54|17.65|18.11|17.40|19.68|19.79|20.02|20.04|18.74|18.90|19.01|19.48,,463|486|733|893|1073|1302|1500,18|14|21|23|23|23|23,17.25|20.25|19.40|17.61|17.65|19.62|19.15,13.23|13.68|12.05|12.48|11.72|11.28|11.51,74|123|137|176|115|267|268,435|630|684|720|718|978|1384,14|13|15|19|21|26|38,40.91|40.91|40.91|40.91|40.91|40.91|40.91|40.91,8.84|10.04|10.04|9.77|9.06|8.48|8.48|9.37,13.46|15.75|15.64|15.82|16.97|17.44|17.01|16.51,9.37,16.51,25.88,6.59
BLS Internat.,/company/BLS/consolidated/,BLS,9.47,,4,29.3,32.7,70.39,,9841.84,239.03,69.61,30,nse,consolidated,13.9,59.8,239,9842,Consumer Discretionary,Consumer Services,"Tour, Travel Related Services",26,44,32,Jun 2026,Mar 2026,Jun 2026,408|438|448|493|495|513|693|711|737|736|815|891,0.00|0.00|0.00|0.00|0.00|0.00|0.00|0.19|0.00|0.00|0.24|0.25,,450|505|635|789|804|786|478|850|1516|1677|2193|2998,7|7|13|20|14|11|9|13|15|21|30|27,0|0|0|0|0|0|0|0|0|0|0|1,82|82|74|63|68|71|71|68|69|59|46|0,48|56|133|116|45|185|261|350|829|903,24|24|78|49|51|41|38|112|234|296|1363|1721,0|0|0|0|0|0|0|0|1|2|0|1,70.38|70.38|70.38|70.39|70.39|70.39|70.39|70.39,8.96|10.93|9.94|8.54|6.82|6.37|6.14|4.14,1.71|1.36|2.26|2.87|2.90|2.92|2.99|3.10,4.14,3.10,7.24,3.28
Tejas Networks,/company/TEJASNET/consolidated/,TEJASNET,-22.53,,3.33,-14.6,-26.8,53.33,,9791.24,550.15,148.02,30,nse,consolidated,,165,550,9791,Telecommunication,Telecommunication,Telecom - Equipment & Accessories,6,16,-83,Jun 2026,Mar 2026,Jun 2026,396|560|1327|1563|2811|2642|1907|202|262|307|333|402,63|74|60|72|70|74|77|58|103|56|63|64,,387|627|875|750|900|391|527|551|920|2471|8923|1103,18|18|19|20|22|-22|10|-15|1.5|11|14|-62,51|57|59|52|52|52|51|56|61|64|73|70,3|3|3|6|5|7|5|6|8|5|3|17,150|239|-82|1|158|-17|-380|-2036|-491|135,51|94|92|75|99|79|111|138|647|961|1147|1130,221|232|182|191|181|252|214|278|647|3738|2367|2438,55.42|54.01|53.83|53.73|53.66|53.46|53.40|53.33,9.58|8.04|7.08|6.14|6.24|5.95|5.29|5.82,4.76|4.65|4.85|4.72|4.79|4.76|4.32|4.04,5.82,4.04,9.86,8.88
Zee Entertainmen,/company/ZEEL/consolidated/,ZEEL,20.69,,0.84,2.72,2.40,3.99,,9750.23,101.51,315.78,30,nse,consolidated,46.6,122,102,9750,Consumer Discretionary,"Media, Entertainment & Publication",TV Broadcasting & Software Production,0,1,2,Jun 2026,Mar 2026,Jun 2026,2438|2046|2170|2130|2001|1979|2184|1825|1969|2280|2025|1907,,,4884|5812|6434|6686|7934|8130|7730|8186|8088|8637|8294|8099,26|25|27|31|32|15|21|22|14|11|15|4.9,-0|-2|-6|27|29|38|40|35|38|44|0|0,45|48|50|11|11|10|10|15|19|15|56|61,741|554|135|250|1548|280|129|714|1161|708,1138|1333|916|1476|1414|1315|1191|1225|1360|1204|1005|906,1188|1318|1696|2628|3850|5348|5403|6386|7308|6913|6775|6512,3.99|3.99|3.99|3.99|3.99|3.99|3.99|3.99,18.52|20.05|22.83|24.81|25.43|24.21|25.33|20.11,19.05|17.87|15.87|16.75|13.92|11.98|10.79|7.81,20.11,7.81,27.92,1.2
Sanofi Consumer,/company/SANOFICONR/,SANOFICONR,24.80,,27.91,89.9,71.6,71.27,,9704.41,4213.70,4.46,30,nse,standalone,36.5,151,4214,9704,Healthcare,Healthcare,Pharmaceuticals,,,31,Jun 2026,Dec 2025,Jun 2026,210|225|222|172|160|171|173|221|234|251|229|236,28.86|27.11|27.08|26.41|24.20|24.55|22.48|27.70|26.42|27.21|24.52|23.89,,555|724|878|878,39|37|35|35,|25.69|26.20|26.20,|6.13|0.00|6.01,-0|439||175,5|29|36|30,97|41|62|94,60.40|60.40|60.40|71.27|71.27|71.27|71.27|71.27,5.22|4.42|4.52|3.24|2.94|2.83|2.76|2.60,23.83|25.35|25.48|16.89|17.21|17.33|17.57|17.85,2.60,17.85,20.45,11.05
Brainbees Solut.,/company/FIRSTCRY/consolidated/,FIRSTCRY,20.95,,2,0.57,-2.37,,,9683.69,185.48,16.43,30,nse,consolidated,,92.5,185,9684,Consumer Discretionary,Consumer Services,E-Retail/ E-Commerce,15,40,12,Jun 2026,Mar 2026,Jun 2026,1507|1900|1667|1652|1905|2172|1930|1863|2099|2424|2163|2106,64|65|63|62|63|63|62|61|63|65|65|63,,337|508|814|1603|2401|5633|6481|7660|8548,-19|-186|-29|2.6|-0.8|-6|1.1|3.0|3.1,79|78|81|65|65|70|64|63|64,6|6|5|3|3|2|2|3|0,-70|-210|-300|-67|-132|-399|-42|-83|365,356|351|383|669|2213|3533|3868|3609|3591,86|189|294|522|980|1286|1629|2130|1994,,9.07|9.62|7.94|7.03|5.22|4.01|3.52|3.61,16.83|16.65|18.08|18.65|21.04|21.97|23.67|22.71,3.61,22.71,26.32,1.13
Jayaswal Neco,/company/JAYNECOIND/,JAYNECOIND,8.02,,3.38,20.7,18.0,55.15,,9622.59,99.10,49.47,30,nse,standalone,16.8,29.3,99.1,9623,Industrials,Capital Goods,Iron & Steel Products,4,14,22,Jun 2026,Mar 2026,Jun 2026,1501|1556|1411|1438|1230|1657|1675|1649|1781|1727|1974|2107,38.63|38.96|40.48|51.08|42.90|44.25|36.64|39.20|42.31|36.40|38.53|36.06,,3020|2638|2509|3466|4199|3611|3676|5911|6297|5887|5954|7085,12|9|11|9|12|6|17|22|12|17|16|19,63.74|66.13|52.75|53.88|51.09|60.55|49.09|45.84|53.55|41.08|43.82|39.37,13.72|15.20|23.73|25.25|25.58|21.75|22.16|23.51|25.12|31.27|29.58|29.66,272|260|374|313|448|860|739|681|1388|1367,1401|2200|4785|4899|4641|4241|3992|3744|3536|3316|3384|3204,925|630|681|543|834|854|899|1208|1284|1495|1214|1395,54.46|54.46|55.15|55.15|55.15|55.15|55.15|55.15,0.01|0.02|0.02|0.04|1.07|1.29|0.90|1.32,0.00|0.00|0.00|0.00|0.51|0.21|0.30|0.78,1.32,0.78,2.1,1.36
Wework India,/company/WEWORK/,WEWORK,8.71,,30.62,20.6,29.7,48.30,,9584.90,691.60,20.23,30,nse,standalone,111,22.6,692,9585,Services,Services,Diversified Commercial Services,23,31,27,Jun 2026,Mar 2026,Jun 2026,468.70|490.06|535.63|533.95|573.03|631.93|692.85|680.20,,,57|302|691|640|784|1314|1662|1942|2432,-107|-39|-10|-29|52|61|63|64|65,,27.57|14.53|12.92|13.02|9.35|6.70|7.15|7.18|0.00,|||-165|416|942|1165|1293|1731,268|759|1079|823|3314|3569|3594|4309|5774,,49.80|49.42|48.30,21.97|20.37|19.64,24.83|25.61|25.90,19.64,25.90,45.54,3.94
Elecon Engg.Co,/company/ELECON/consolidated/,ELECON,16.60,,4.13,20.9,16.4,59.28,,9542.61,425.25,18.71,30,nse,consolidated,31.6,103,425,9543,Industrials,Capital Goods,Heavy Electrical Equipment,16,18,3,Jun 2026,Mar 2026,Jun 2026,485|474|565|392|508|529|798|491|578|552|746|521,46.15|44.36|43.78|41.18|47.32|42.72|50.24|38.71|49.51|48.35|51.26|44.36,,1329|1280|1202|1180|1225|1088|1044|1212|1530|1937|2227|2366,13|14|15|11|11|13|18|21|22|24|25|22,50.93|46.98|45.06|46.73|46.14|41.47|46.47|47.17|46.70|44.50|46.09|47.55,13.08|16.31|15.13|19.83|19.51|20.72|9.92|9.94|10.77|10.88|10.38|10.39,188|70|87|222|248|223|309|365|425|314,523|898|861|834|799|799|758|739|754|769|914|930,346|359|302|285|319|307|250|262|279|230|243|301,59.28|59.28|59.28|59.28|59.28|59.28|59.28|59.28,9.84|9.73|8.65|9.61|8.31|8.09|7.13|6.99,2.97|3.67|4.39|3.80|4.13|4.48|5.67|7.18,6.99,7.18,14.17,4.03
Intellect Design,/company/INTELLECT/consolidated/,INTELLECT,12.69,,3,16.0,12.4,29.63,,9540.04,679.70,32.86,30,nse,consolidated,25.8,227,680,9540,Information Technology,Information Technology,Computers - Software & Consulting,11,15,23,Jun 2026,Mar 2026,Jun 2026,619|634|614|606|558|610|726|702|758|731|847|845,,,609|811|914|1087|1450|1347|1497|1878|2231|2506|2500|3038,-13|-4.5|-2.6|7|9|6|24|25|20|22|21|19,,6|6|4|6|16|19|13|16|18|14|8|11,-65|49|-50|44|463|453|174|410|431|510,213|258|278|274|334|368|397|435|494|558|727|894,,30.05|29.95|29.91|29.87|29.84|29.81|29.73|29.63,27.19|26.21|24.86|27.83|27.53|26.60|25.57|23.51,6.35|7.09|8.23|7.15|7.19|7.11|7.10|7.34,23.51,7.34,30.85,3.14
Saregama India,/company/SAREGAMA/consolidated/,SAREGAMA,23.19,,5.62,17.3,12.7,60.84,,9501.65,492.80,43.18,30,nse,consolidated,41.6,87.8,493,9502,Consumer Discretionary,"Media, Entertainment & Publication",Media & Entertainment,10,17,-11,Jun 2026,Mar 2026,Jun 2026,172|204|263|205|242|483|241|207|230|260|287|264,,,187|222|218|357|545|521|442|576|737|803|1171|985,1.2|6|4.3|10|7|12|29|35|30|31|24|34,-0.53|2.24|-3.61|-10.71|-8.45|0.79|5.55|24.77|30.55|28.90|46.36|32.27,42.14|36.90|35.84|45.73|49.85|31.01|16.40|1.31|0.89|0.80|0.57|0.71,-4|-19|-36|79|190|94|93|93|331|100,84|85|199|197|215|219|226|278|338|742|835|1031,5|1|10|49|96|94|69|105|164|239|240|243,59.38|59.50|59.65|59.65|59.65|60.39|60.84|60.84,17.29|15.70|16.45|16.68|16.82|14.18|12.18|11.50,4.00|4.68|4.63|5.23|5.16|5.04|7.10|8.60,11.50,8.60,20.1,9.65
Esab India,/company/ESABINDIA/,ESABINDIA,31.72,,22.09,64.7,48.8,73.72,,9485.18,6162.00,4.6,30,nse,standalone,45.8,279,6162,9485,Industrials,Capital Goods,Other Industrial Products,11,17,13,Jun 2026,Mar 2026,Jun 2026,303|301|341|330|339|337|368|352|382|379|396|421,60|59|60|58|60|60|59|58|59|57|59|58,,552|451|466|543|672|698|681|896|1091|1243|1373|1508,8|10|9|10|12|14|12|13|17|18|18|18,|62|64|64|64|62|64|63|62|60|59|58,|5|5|5|3|3|3|2|3|3|4|4,36|30|67|57|72|85|129|141|199|181,83|78|76|80|83|86|90|90|95|125|136|148,54|58|63|73|68|78|73|105|123|111|131|141,73.72|73.72|73.72|73.72|73.72|73.72|73.72|73.72,1.66|1.84|1.79|1.56|1.53|1.51|1.56|1.62,13.03|13.10|12.87|12.82|12.77|12.93|12.88|12.87,1.62,12.87,14.49,6.29
MMTC,/company/MMTC/consolidated/,MMTC,30.47,,4.48,8.67,-14.3,89.93,,9460.50,63.07,18.09,30,nse,consolidated,47.0,14.1,63.1,9460,Services,Services,Trading & Distributors,-92,-85,-19,Jun 2026,Mar 2026,Jun 2026,-210|1|1|1|2|0|0|1|1|0|1|1,|0|2|0|0|0|0|26|0|0|0|0,,23931|12607|11825|16450|29439|26304|30000|11795|3527|3|1|2,0.0|-0.5|-0.9|0.1|0.6|-0.5|-0.1|3.9|-3.0|-4800|-11820|-8520,94|92|93|93|95|96|95|90|96|24|0|17,3|2|1|1|1|1|1|1|3|278|819|455,273|-455|-367|-2588|1704|-0|754|-353|-367|-605,122|57|57|52|49|49|42|38|34|29|24|19,334|402|2367|1711|280|218|46|30|1|0|0|0,89.93|89.93|89.93|89.93|89.93|89.93|89.93|89.93,0.09|0.11|0.16|0.11|0.09|0.02|0.13|0.16,2.15|1.86|1.87|1.87|1.84|1.77|1.77|1.78,0.16,1.78,1.94,4730
P & G Health Ltd,/company/PGHL/,PGHL,19.12,,17.94,83.9,61.9,51.82,,9412.68,5670.50,9.63,30,nse,standalone,28.2,316,5670,9413,Healthcare,Healthcare,Pharmaceuticals,8,1,13,Jun 2026,Mar 2026,Jun 2026,305|310|252|284|313|310|311|339|325|374|370|364,28.58|29.16|29.25|27.89|28.09|24.45|31.74|27.75|21.05|29.37|25.07|26.46,,940|993|698|849|927|1356|1009|1114|1230|1151|934|1408,9|12|11|17|22|24|24|24|26|27|34|33,46.33|41.46|33.94|31.73|32.36||30.94|30.49|29.43|28.71||25.93,6.64|5.91|9.36|12.01|0.00||10.29|10.15|8.44|8.03||8.06,54|-130||235|247|170|236|228|169|338,132|111|115|104|101|101|104|112|144|128|116|102,167|164|158|113|114|134|118|115|135|109|109|137,51.82|51.82|51.82|51.82|51.82|51.82|51.82|51.82,6.61|7.01|6.86|6.99|7.24|6.97|6.20|6.33,14.84|14.71|14.21|14.15|13.90|13.84|13.67|12.44,6.33,12.44,18.77,6.69
Strides Pharma,/company/STAR/consolidated/,STAR,10.11,,3.03,18.3,20.0,27.91,,9400.70,1019.90,42.54,30,nse,consolidated,16.2,337,1020,9401,Healthcare,Healthcare,Pharmaceuticals,10,8,8,Jun 2026,Mar 2026,Jun 2026,999|1006|1044|1054|1167|1154|1190|1120|1221|1195|1323|1265,41.83|46.61|41.43|42.67|47.22|41.62|41.92|39.68|42.21|38.75|40.52|39.13,,1196|2861|2755|2845|2178|2752|3316|3070|3688|3890|4565|4859,19|13|19|14|9|15|16|-4.3|3.9|14|18|19,46.87|52.52|46.50|48.46|49.82|40.79|40.19|48.93|44.11|44.96|43.37|40.31,4.80|6.81|6.01|5.74|7.62|8.60|8.28|10.16|9.11|9.55|7.90|9.43,288|187|60|205|481|-258|44|701|684|703,701|2679|2980|2977|3648|2099|2219|2347|2311|1865|1899|2101,208|613|733|552|874|783|1201|1174|1147|1126|1278|1635,25.84|26.82|28.30|28.30|27.86|27.86|27.91|27.91,30.08|28.48|28.32|28.02|28.51|29.52|28.68|28.40,18.24|16.92|13.72|13.30|12.98|13.02|14.44|15.42,28.40,15.42,43.82,1.93
Kirl.Pneumatic,/company/KIRLPNU/,KIRLPNU,23.32,,7.51,30.3,22.7,38.81,,9397.58,723.30,26.9,30,nse,standalone,34.4,96.3,723,9398,Industrials,Capital Goods,"Compressors, Pumps & Diesel Engines",12,16,10,Jun 2026,Mar 2026,Jun 2026,282|309|490|275|431|340|583|272|378|404|706|300,54.13|51.86|56.22|48.93|51.01|51.76|56.35|47.21|52.08|48.13|50.05|43.86,,441|509|514|600|710|829|823|1021|1239|1323|1629|1759,7|10|12|12|13|12|14|14|14|15|18|21,51.19|52.89|50.90|51.89|52.62|53.60|54.75|54.87|56.25|53.83|52.72|49.61,10.73|9.98|10.73|11.15|11.54|12.34|11.82|12.49|13.00|12.84|13.14|13.06,17|63|53|10|57|109|40|183|215|228,97|82|79|75|122|207|175|229|223|232|291|336,58|57|74|89|96|159|114|203|177|202|199|211,38.89|38.87|38.85|38.84|38.84|38.82|38.81|38.81,5.52|8.02|7.73|7.12|6.81|6.73|9.56|10.39,31.88|28.91|29.13|28.20|28.24|28.24|26.53|25.97,10.39,25.97,36.36,5.34
Pricol Ltd,/company/PRICOLLTD/consolidated/,PRICOLLTD,19.06,,7.49,24.5,21.8,38.51,,9392.80,770.65,46.33,30,nse,consolidated,35.1,103,771,9393,Consumer Discretionary,Automobile and Auto Components,Auto Components & Equipments,27,23,43,Jun 2026,Mar 2026,Jun 2026,578|573|584|620|669|634|769|895|1007|1039|1099|1105,69|68|68|69|70|69|69|70|69|69|69|70,,1473|1357|1814|1239|1413|1545|1959|2272|2692|4041,7|4.1|-3.0|1.0|13|12|12|13|12|12,64|63|70|69|68|69|70|68|69|69,4|3|3|3|3|2|2|2|3|3,58|95|44|151|128|183|163|255|223|281,739|834|699|731|642|612|597|632|871|1045,173|288|182|236|243|236|272|320|363|539,38.51|38.51|38.51|38.51|38.51|38.51|38.51|38.51,15.74|15.88|16.26|16.06|16.53|16.92|15.61|13.95,15.70|16.39|15.66|15.50|14.55|12.29|12.44|11.79,13.95,11.79,25.74,2.32
Swan Corp,/company/SWANCORP/consolidated/,SWANCORP,20.72,,1.24,-0.58,-4.50,53.96,,9345.72,298.15,24.92,30,nse,consolidated,41.8,240,298,9346,Commodities,Chemicals,Petrochemicals,45,69,-17,Jun 2026,Mar 2026,Jun 2026,1223|1592|1398|1142|1032|1908|856|1213|1138|1150|870|1014,76|81|87|63|85|95|92|94|93|91|119|93,,314|332|351|347|892|341|320|487|1438|5017|4938|4371,10|8|10|10|9|15|21|14|16|17|-2.9|-4.7,79|81|78|74|85|66|56|67|74|79|85|98,5|4|4|4|1|4|5|7|5|0|1|1,69|62|42|-95|302|29|-491|26|-529|-14,373|384|604|577|564|556|2282|2238|4225|4148|3734|3806,556|582|592|606|152|126|145|171|261|228|1674|1213,53.96|53.96|53.96|53.96|53.96|53.96|53.96|53.96,11.79|10.82|10.25|9.36|8.89|9.70|10.41|10.35,13.65|13.18|13.24|13.22|12.90|12.82|12.88|12.90,10.35,12.90,23.25,2.14
Yatharth Hospit.,/company/YATHARTH/consolidated/,YATHARTH,27.49,,5.23,12.4,10.4,55.80,,9321.32,967.40,34.74,30,nse,consolidated,51.4,185,967,9321,Healthcare,Healthcare,Hospital,36,41,44,Jun 2026,Mar 2026,Jun 2026,171|167|178|212|218|219|232|258|279|320|342|393,21.05|18.90|21.09|22.10|19.82|19.19|20.06|20.76|20.18|19.49|18.20|17.66,,71|78|91|136|215|375|478|635|860|1207,25|24|22|28|32|30|28|29|26|24,21.21|22.45|10.24|10.62|0.00|0.00|0.00|0.00|0.00|19.43,5.75|6.09|39.06|36.41|29.57|28.27|26.09|25.67|23.95|0.00,25|17|17|39|44|60|64|-3|150|205,54|53|164|189|251|303|299|442|605|1250,2|2|2|3|3|5|6|8|21|21,66.54|61.44|61.64|61.64|61.64|55.80|55.80|55.80,6.28|9.78|4.45|4.34|6.51|6.18|5.25|5.62,6.97|11.50|13.56|13.52|8.71|11.02|12.00|10.84,5.62,10.84,16.46,7.72
NCC,/company/NCC/consolidated/,NCC,5.58,,1.18,16.8,9.19,23.09,,9317.24,148.40,34.17,30,nse,consolidated,12.9,125,148,9317,Industrials,Construction,Civil Construction,10,21,-2,Jun 2026,Mar 2026,Jun 2026,4720|5260|6485|5528|5196|5345|6131|5179|4543|4868|6233|5812,44.64|43.97|41.36|42.56|39.27|44.30|44.09|42.59|44.28|42.32|39.93|40.11,,9513|9527|9001|8391|12896|8901|7949|11138|15553|20845|22199|20823,11|10|8|10|12|12|12|9|9|8|9|9,48|41|38|36|39|34|31|32|32|36|35|33,34|40|46|45|43|45|50|53|54|51|51|52,314|586|673|931|842|1416|1100|1359|742|-459,2446|1674|1099|1158|1551|1413|1417|1443|1503|1565|1650|2056,2757|2863|2718|2830|1425|1391|1222|1153|1374|1764|1810|2445,22.00|22.02|22.10|22.10|22.11|22.25|22.81|23.09,20.86|18.13|13.79|12.70|12.87|11.49|12.11|11.29,12.34|14.17|15.60|17.50|16.65|15.30|16.40|17.88,11.29,17.88,29.17,0.45
Thyrocare Tech.,/company/THYROCARE/consolidated/,THYROCARE,30.96,,15.87,35.4,28.4,60.92,,9300.83,584.35,72.62,30,nse,consolidated,51.5,36.8,584,9301,Healthcare,Healthcare,Healthcare Service Provider,16,11,21,Jun 2026,Mar 2026,Jun 2026,148|135|154|157|177|166|187|193|217|196|224|240,29.49|28.51|30.19|28.97|28.75|27.22|26.43|28.82|27.74|24.14|25.31|25.90,,183|241|304|356|403|434|495|589|527|572|687|829,40|39|38|41|38|40|35|40|23|24|28|32,30.51|29.20|26.75|26.66|27.43|26.96|33.14|28.82|30.99|29.15|27.80|26.48,7.92|8.11|8.37|7.34|7.72|9.48|10.44|10.42|13.17|12.58|13.18|13.08,90|107|100|168|115|113|129|168|191|213,196|259|259|299|294|269|253|285|294|306|297|317,7|11|14|17|18|21|23|25|28|48|47|48,71.11|71.06|71.06|71.06|71.06|60.93|60.92|60.92,1.93|2.77|2.41|3.23|4.85|4.96|5.37|5.43,14.79|14.68|14.97|14.54|13.47|20.52|21.00|20.92,5.43,20.92,26.35,11.22
Reliance Power,/company/RPOWER/consolidated/,RPOWER,8.18,,0.58,6.11,-0.90,24.98,,9284.81,22.45,44.98,30,nse,consolidated,2586,38.8,22.4,9285,Utilities,Power,Power Generation,0,-1,3,Jun 2026,Mar 2026,Jun 2026,2038|1944|1997|1992|1760|1853|1978|1886|1974|1873|1887|1956,,,6903|10299|10396|9593|8201|7562|7934|7503|7514|7893|7583|7620,37|43|43|46|48|40|45|36|25|15|28|31,,59|51|50|48|42|46|43|49|57|50|53|53,4705|4365|4223|4543|4149|3613|4024|3174|1938|2824,33634|34515|34851|34881|35903|38574|37190|36308|35776|33584|31859|30944,1047|1124|1029|729|1012|1014|874|828|925|961|927|1016,23.27|23.27|23.27|24.98|24.98|24.98|24.98|24.98,13.12|12.95|13.21|12.93|13.09|13.25|14.12|13.64,2.88|2.80|3.29|3.61|3.75|3.05|3.12|2.79,13.64,2.79,16.43,1.22
Welspun Enterp,/company/WELENT/consolidated/,WELENT,13.30,,3.05,16.7,13.6,56.13,,9277.88,670.30,33.98,30,nse,consolidated,26.2,220,670,9278,Industrials,Construction,Civil Construction,9,19,-2,Jun 2026,Mar 2026,Jun 2026,646|707|821|930|815|896|1054|845|784|787|1199|774,66.88|17.91|17.99|15.48|9.53|21.45|20.93|13.00|17.73|14.70|21.95|14.69,,826|189|305|1067|1787|1808|1530|1342|2758|2874|3695|3615,-0.1|-25|-10|7|10|11|11|11|9|15|17|21,71|58|23|1|1|0|0|5|14|16|17|17,13|25|60|80|81|80|75|68|64|57|56|51,-24|-287|-116|-58|9|287|345|-344|-273|112,501|169|110|27|80|107|103|1871|70|289|303|288,4|3|3|1|1|1|5|48|86|157|163|174,54.51|54.80|55.31|55.31|55.48|56.13|56.13|56.13,4.71|4.58|4.16|4.17|3.98|3.76|3.47|3.92,5.02|6.31|9.43|9.45|9.46|9.25|9.32|9.25,3.92,9.25,13.17,2.57
Prec. Wires (I),/company/PRECWIRE/,PRECWIRE,28.23,,12.01,32.9,22.8,56.61,,9274.76,507.35,41.99,30,nse,standalone,53.1,42.2,507,9275,Industrials,Capital Goods,"Aluminium, Copper & Zinc Products",21,26,46,Jun 2026,Mar 2026,Jun 2026,829|805|884|955|1044|982|1054|1116|1237|1348|1763|1779,91|90|90|91|92|91|89|90|90|90|90|91,,881|843|884|1408|1758|1526|1719|2683|3034|3302|4015|5410,5|6|6|6|5|4.8|4.6|4.4|3.5|4.1|4.1|4.7,86|84|84|87|89|89|90|91|92|91|91|91,4|4|4|2|2|2|2|1|2|2|1|1,13|95|59|48|61|43|77|60|168|273,87|80|82|79|113|115|110|100|116|139|218|316,95|97|107|108|123|107|166|222|227|287|305|446,57.93|57.93|57.93|57.93|57.48|56.61|56.61|56.61,0.31|0.44|0.47|0.76|0.75|1.32|1.65|2.47,0.00|0.00|0.01|0.01|0.01|0.06|0.11|0.15,2.47,0.15,2.62,1.71
Time Technoplast,/company/TIMETECHNO/consolidated/,TIMETECHNO,10.04,,2.25,16.7,13.4,47.57,,9195.93,186.29,73.83,30,nse,consolidated,18.8,82.8,186,9196,Industrials,Capital Goods,Plastic Products - Industrial,12,15,16,Jun 2026,Mar 2026,Jun 2026,1194|1325|1394|1230|1371|1388|1469|1353|1511|1565|1677|1693,72|72|72|72|72|71|71|72|71|71|71|74,,2447|2396|2755|3103|3564|3578|3005|3650|4289|4992|5457|6105,14|15|15|15|15|14|13|14|13|14|14|15,70|71|70|69|70|70|70|71|72|72|71|71,5|5|5|5|5|5|5|5|4|5|5|0,188|303|281|301|257|291|370|406|431|233,1154|1147|1100|1200|1279|1349|1281|1314|1383|1368|1373|1435,479|483|547|641|737|758|760|908|995|1050|1148|1328,51.56|51.56|51.62|51.62|51.62|47.51|47.57|47.57,6.69|7.65|8.07|8.29|8.41|11.66|10.88|8.54,12.87|13.20|12.99|12.92|13.18|16.70|17.37|17.56,8.54,17.56,26.1,1.51
Waaree Renewab.,/company/WAAREERTL/,WAAREERTL,12.59,,9.77,85.4,69.1,74.32,,9171.80,878.70,15.63,30,nse,standalone,18.0,90.0,879,9172,Industrials,Capital Goods,Other Electrical Equipment,114,238,80,Jun 2026,Mar 2026,Jun 2026,150|324|273|236|524|360|477|603|775|851|1102|811,76|71|70|78|84|77|70|78|76|79|79|77,,0|0|0|1|5|2|8|154|342|876|1597|3331,38|27|-15|-16|50|1.5|36|9|22|24|19|19,0|0|0|0|0|0|51|87|74|74|78|78,0|0|0|1|1|2|0|0|0|0|0|0,-2|0|5|3|3|34|58|128|302|291,0|0|0|4|4|3|3|3|9|154|195|238,2|5|6|0|0|0|0|2|37|29|6|117,74.44|74.39|74.39|74.39|74.39|74.32|74.32|74.32,0.98|0.99|1.13|1.31|1.38|1.70|1.85|1.98,0.00|0.01|0.24|0.14|0.12|0.14|0.09|0.09,1.98,0.09,2.07,2.75
Shiprocket,/company/SHIPROCKET/consolidated/,SHIPROCKET,-697.78,,,-2.68,-5.14,,,9123.82,125.40,222.83,30,nse,consolidated,,,125,9124,Services,Services,Logistics Solution Provider,23,41,24,,Mar 2026,Aug 2026,,,,358|611|1089|1316|1632|2024,2.8|-13|-26|-22|-3.7|-3.3,80|78|0|0|0|1,0|0|78|78|75|75,35|-43|-138|-216|2|53,2|188|1318|1042|1014|1029,0|1|1|1|2|3,,4.65,13.69,4.65,13.69,18.34,4.51
Sri Lotus,/company/LOTUSDEV/consolidated/,LOTUSDEV,23.61,,4.78,21.2,16.7,81.87,,9120.07,186.61,67.65,30,nse,consolidated,35.5,39.1,187,9120,Consumer Discretionary,Realty,"Residential, Commercial Projects",66,,71,Jun 2026,Mar 2026,Jun 2026,121|123|116|190|61|176|224|308|132,47|37|33|31|36|61|56|54|51,,88|169|453|548|769,14|16|35|53|36,-92|-3|-13|-8|55,173|78|70|46|0,-88|65|46|-20|-326,2|2|4|5|4,212|216|479|526|824,81.87|81.87|81.87|81.87,2.53|1.76|1.00|1.20,3.05|2.84|1.59|1.73,1.20,1.73,2.93,11.86
T R I L,/company/TARIL/consolidated/,TARIL,21.17,,6,23.3,19.1,64.36,,9108.53,303.45,47.22,30,nse,consolidated,35.2,50.5,303,9109,Industrials,Capital Goods,Heavy Electrical Equipment,22,28,15,Jun 2026,Mar 2026,Jun 2026,257|369|513|322|462|559|676|529|460|737|783|572,75|74|68|70|70|71|65|65|69|68|68|68,,553|657|821|716|855|701|742|1158|1396|1291|2017|2509,6|6|11|9|7|7|9|6|9|10|16|15,77|70|74|74|77|73|73|80|77|72|69|68,7|7|5|7|7|8|6|5|6|7|5|0,66|-102|179|16|96|2|28|29|157|-105,192|185|187|195|201|193|181|168|153|144|251|250,170|195|201|266|196|214|219|263|273|276|446|616,66.16|64.36|64.36|64.36|64.36|64.36|64.36|64.36,9.34|11.08|11.33|10.94|11.21|7.01|8.33|7.80,6.93|7.68|7.22|6.04|5.95|4.18|1.77|1.54,7.80,1.54,9.34,3.63
Elantas Beck,/company/ELANTAS/,ELANTAS,34.63,,8.24,21.2,15.7,75.00,,9097.02,11475.00,5.02,30,nse,standalone,51.2,1393,11475,9097,Commodities,Chemicals,Specialty Chemicals,10,17,18,Jun 2026,Dec 2025,Jun 2026,163|174|177|191|184|197|206|210|217|215|222|283,60|63|62|62|64|65|63|63|61|60|60|57,,341|344|365|383|409|394|383|522|645|680|749|848,12|18|22|20|16|14|18|15|17|21|19|20,66|63|56|57|62|60|56|62|62|58|59|58,7|3|7|8|7|8|7|9|8|7|7|7,56|51|33|48|79|29|83|133|63|127,45|45|36|40|70|110|103|98|98|99|223|240|273,52|51|56|45|51|50|53|84|80|73|95|97|123,75.00|75.00|75.00|75.00|75.00|75.00|75.00|75.00,0.67|0.67|0.51|0.04|0.04|0.04|0.04|0.05,11.88|11.71|11.71|12.17|12.17|12.21|12.25|12.28,0.05,12.28,12.33,10.73
Tsf Investments,/company/TSFINV/consolidated/,TSFINV,37.35,,1.5,3.38,8.23,54.99,,9044.07,407.20,2.66,30,nse,consolidated,18.6,272,407,9044,Financial Services,Financial Services,Investment Company,124,77,283,Jun 2026,Mar 2026,Jun 2026,24|25|218|43|30|33|49|179|250|258|298|306,0.00|0.00|0.00|0.00|0.00|0.00|0.00|41.43|50.41|49.09|51.43|45.25,,69|100|93|59|85|91|291|155|1027,30|41|33|18|28|50|83|75|24,0.00|0.00|0.00|0.00|4.38|0.00|0.00|0.00|47.78,2.91|3.48|3.06|3.35|7.36|1.83|0.73|2.26|13.43,147|58|62|19|30|100|132|188|266,6|6|9|10|9|41|40|49|423,0|0|0|0|0|0|0|0|152,54.97|54.97|54.97|54.97|54.97|55.01|54.99|54.99,1.04|1.02|1.01|1.43|2.60|3.15|3.20|3.27,5.19|5.19|5.19|5.15|4.90|4.78|4.75|4.27,3.27,4.27,7.54,8.81
Railtel Corpn.,/company/RAILTEL/,RAILTEL,11.87,,3.96,22.8,17.1,72.84,,8950.97,278.90,27.52,30,nse,standalone,24.2,70.5,279,8951,Telecommunication,Telecommunication,Other Telecom Services,30,26,21,Jun 2026,Mar 2026,Jun 2026,599|668|833|558|843|768|1308|744|951|913|1669|893,,,482|572|851|984|986|1081|1337|1522|1957|2568|3478|4277,38|36|30|28|31|31|24|24|19|18|15|15,,0|11|52|56|56|55|58|61|69|73|78|79,|||154|374|258|284|556|255|316,|711|694|688|790|789|760|775|821|913|1081|1281,|1|0|0|1|0|1|1|1|3|0|0,72.84|72.84|72.84|72.84|72.84|72.84|72.84|72.84,3.05|3.34|3.33|3.67|3.54|3.68|3.72|3.98,0.61|0.36|0.45|0.78|0.78|0.84|0.99|0.99,3.98,0.99,4.97,2.09
Banco Products,/company/BANCOINDIA/consolidated/,BANCOINDIA,11.79,,5.29,30.9,31.2,67.88,,8931.25,624.40,9.07,30,nse,consolidated,18.5,118,624,8931,Consumer Discretionary,Automobile and Auto Components,Auto Components & Equipments,19,21,22,Jun 2026,Mar 2026,Jun 2026,725|571|724|804|895|639|875|970|1038|789|1099|1184,57|51|58|59|53|57|49|57|54|48|53|55,,1129|1148|1239|1336|1567|1422|1533|1958|2332|2768|3213|3896,9|13|12|13|10|9|12|14|16|15|19|17,54|55|56|55|58|58|57|60|57|58|54|53,10|11|11|14|14|15|14|13|13|12|12|0,90|99|62|52|157|57|-41|458|164|380,227|221|192|191|184|193|190|297|359|454|516|472,256|327|322|439|479|476|564|720|995|922|1381|1498,67.88|67.88|67.88|67.88|67.88|67.88|67.88|67.88,3.08|3.76|3.88|3.83|4.40|4.00|4.06|3.92,0.18|0.21|0.17|0.43|0.29|0.22|0.22|0.24,3.92,0.24,4.16,2.29
Clean Science,/company/CLEAN/consolidated/,CLEAN,22.56,,5.61,20.7,15.3,51.29,,8890.00,836.45,36.09,30,nse,consolidated,38.2,149,836,8890,Commodities,Chemicals,Specialty Chemicals,1,13,0,Jun 2026,Mar 2026,Jun 2026,181|195|228|224|238|241|264|243|245|220|249|268,34.12|33.19|34.29|34.58|37.59|36.52|36.32|34.52|39.26|39.26|36.53|39.08,,241|393|419|512|685|936|791|967|957,31|35|44|51|44|43|42|40|37,47.05|43.54|30.82|24.12|32.80|34.83|35.01|36.28|37.35,11.95|12.12|12.74|11.53|12.92|12.61|11.93|12.87|14.76,45|85|160|193|127|279|236|214|275,102|127|166|186|296|460|636|715|760,29|37|35|53|88|109|124|149|154,74.97|74.97|74.96|74.96|50.96|50.96|51.29|51.29,5.83|5.98|6.07|6.21|11.14|10.01|13.38|13.37,4.77|5.46|5.77|5.92|18.97|19.76|17.14|16.23,13.37,16.23,29.6,9.29
Relaxo Footwear,/company/RELAXO/,RELAXO,21.11,,4.03,11.1,8.33,71.27,,8880.88,356.75,31.94,30,nse,standalone,47.9,88.6,357,8881,Consumer Discretionary,Consumer Durables,Footwear,-1,3,2,Jun 2026,Mar 2026,Jun 2026,715|713|747|748|679|667|695|654|629|668|751|705,42.12|43.00|39.72|38.05|38.98|42.90|45.08|38.16|38.99|42.46|43.22|33.33,,1441|1668|1631|1941|2292|2410|2359|2653|2783|2914|2790|2702,14|14|14|16|14|17|21|16|12|14|14|14,38.68|42.45|44.50|45.49|46.78|43.12|42.53|45.86|47.95|41.86|41.19|40.82,19.24|13.34|12.93|12.38|14.08|15.46|13.26|15.03|15.59|17.27|17.50|0.00,180|154|123|319|513|56|400|235|406|348,472|531|541|525|848|981|938|987|1150|1371|1344|1365,249|286|290|314|382|448|422|673|564|599|558|557,71.27|71.27|71.27|71.27|71.27|71.27|71.27|71.27,3.41|3.27|3.07|2.85|3.04|3.01|3.04|3.11,9.98|10.54|10.55|9.95|9.88|9.87|9.74|9.67,3.11,9.67,12.78,3.29
Mah. Seamless,/company/MAHSEAMLES/consolidated/,MAHSEAMLES,8.12,,1.29,14.3,10.7,70.28,,8866.23,661.70,10.82,30,nse,consolidated,12.0,513,662,8866,Industrials,Capital Goods,Iron & Steel Products,-6,15,-12,Jun 2026,Mar 2026,Jun 2026,1535|1431|1215|1151|1292|1408|1418|1145|1159|1090|1280|1091,61|60|60|69|62|62|60|63|68|64|60|58,,1355|1019|1434|2150|3052|2645|2308|4211|5716|5404|5269|4674,8|3.8|16|14|22|19|19|14|18|22|17|14,70|73|64|66|62|61|60|68|65|61|63|64,16|16|14|15|12|13|13|12|11|11|13|15,241|93|-183|748|447|-269|912|1041|610|933,1472|1121|1095|1235|1173|2364|2268|2135|2016|1950|1862|1862,490|499|484|510|771|762|973|1435|1506|1576|1342|1139,68.04|68.06|68.85|68.87|69.05|69.81|70.28|70.28,7.97|9.12|9.63|10.42|9.86|9.51|9.58|9.72,4.34|3.85|3.97|4.09|3.64|2.91|3.29|3.84,9.72,3.84,13.56,1.9
Max Estates,/company/MAXESTATES/consolidated/,MAXESTATES,92.45,,3.64,1.40,-1.27,45.25,,8816.97,539.05,11.17,30,nse,consolidated,1502,148,539,8817,Consumer Discretionary,Realty,"Residential, Commercial Projects",23,,17,Jun 2026,Mar 2026,Jun 2026,20.49|24.17|30.01|40.49|40.18|40.04|39.78|51.47|48.77|49.77|49.43|51.91,0.00|0.00|0.00|4.62|6.67|0.00|0.00|7.46|0.00|0.00|0.00|0.00,,69|107|93|160|199,44|30|19|28|12,27|20|0|3|2,1|5|11|9|7,41|-456|271|225|-616,898|1427|1826|2047|2523,14|387|533|2285|6888,45.26|45.25|45.25|45.24|45.23|44.90|45.27|45.25,27.55|27.78|27.43|27.13|26.60|25.67|25.88|25.84,5.72|5.79|6.30|6.27|6.80|7.78|7.65|8.20,25.84,8.20,34.04,44.31
P N Gadgil Jewe.,/company/PNGJL/consolidated/,PNGJL,12.98,,4.12,20.9,23.4,76.62,,8802.71,598.00,48.53,30,nse,consolidated,19.6,145,598,8803,Consumer Discretionary,Consumer Durables,"Gems, Jewellery And Watches",34,41,48,Jun 2026,Mar 2026,Aug 2026,1372|1972|1512|1668|2001|2436|1588|1715|2178|3303|3544|2413,93|91|90|92|93|90|88|87|88|86|90|87,,2458|1902|2539|4488|6061|7586|10739,4.2|3.0|4.4|2.7|4.5|4.4|6,89|92|91|92|93|93|88,0|0|0|0|-0|-1|0,68|147|73|107|6|-675|-717,184|242|234|208|242|322|410,755|638|704|597|959|2021|3655,83.11|83.11|83.11|83.11|83.11|83.11|83.11|76.62,1.93|0.65|0.64|0.91|0.75|0.73|0.48|4.73,5.34|5.49|5.34|4.99|4.80|4.72|4.76|7.88,4.73,7.88,12.61,0.82
Bata India,/company/BATAINDIA/consolidated/,BATAINDIA,12.18,,5.49,12.7,10.6,50.16,,8756.58,681.30,41.41,30,nse,consolidated,50.4,124,681,8757,Consumer Discretionary,Consumer Durables,Footwear,1,16,2,Jun 2026,Mar 2026,Jun 2026,819|903|798|945|837|919|788|942|801|945|828|979,41.95|43.94|39.87|45.17|43.00|43.81|41.21|46.51|44.60|44.00|43.57|45.24,,2694|2423|2474|2634|2931|3056|1708|2388|3452|3479|3489|3516,13|12|12|14|17|28|10|18|23|23|22|21,|47.53|46.80|45.65|43.91|42.43|49.02|45.52|43.85|42.90|43.23|44.71,|2.93|2.85|2.92|2.62|2.68|3.10|2.48|2.07|2.14|2.77|2.77,257|160|345|582|461|212|629|453|738|595,309|304|268|296|317|1369|1120|1226|1392|1509|1800|1651,705|685|714|765|839|874|608|871|905|930|815|708,50.16|50.16|50.16|50.16|50.16|50.16|50.16|50.16,8.81|7.48|6.93|6.89|6.89|6.18|6.43|6.38,27.12|29.15|29.46|29.35|29.39|29.31|28.39|27.22,6.38,27.22,33.6,2.49
Embassy Develop,/company/EMBDL/consolidated/,EMBDL,-31.73,,0.88,-2.44,-9.19,42.65,,8730.40,62.78,13.96,30,nse,consolidated,,71.0,62.8,8730,Consumer Discretionary,Realty,"Residential, Commercial Projects",43,3,-47,Jun 2026,Mar 2026,Jun 2026,96|101|380|490|475|325|889|681|493|213|342|217,86|104|72|69|76|61|81|87|86|105|107|95,,2641|2959|2320|4503|4944|3271|1521|1445|587|414|2180|1732,23|30|28|73|21|24|12|-0.1|-61|-103|13|-27,-50|-3|11|-3|31|16|57|0|0|0|0|0,118|62|44|13|41|41|16|83|110|121|75|95,639|-891|-1159|-432|853|-248|-343|-97|1461|44,112|112|3787|952|189|135|86|96|83|72|6089|6188,6014|8090|7829|11361|9849|7056|6186|5521|4902|4850|12051|12433,0.00|0.00|43.36|42.44|42.66|42.65|42.65|42.65,30.14|29.78|15.93|28.13|26.65|25.30|24.05|23.43,5.02|5.38|3.52|3.66|3.63|3.38|3.25|3.02,23.43,3.02,26.45,5.04
Westlife Food,/company/WESTLIFE/consolidated/,WESTLIFE,27.83,,14.01,6.34,-3.79,56.39,,8666.15,555.75,13.73,30,nse,consolidated,,39.7,556,8666,Consumer Discretionary,Consumer Services,Restaurants,5,22,7,Jun 2026,Mar 2026,Jun 2026,614.73|600.25|562.28|616.33|618.01|653.72|603.14|657.63|641.85|670.72|655.36|735.64,29.89|29.72|29.83|29.22|30.32|29.92|30.01|28.39|27.56|32.54|31.89|32.44,,764|833|931|1135|1402|1548|986|1576|2278|2392|2491|2626,2.5|6|5|7|9|14|6|13|17|16|13|13,41.57|39.99|39.35|37.45|36.49|34.77|35.32|32.54|30.11|29.71|29.92|30.12,16.36|15.50|15.51|14.89|23.00|17.43|24.38|24.34|14.63|14.74|16.18|15.83,66|137|112|200|129|171|349|340|345|352,464|502|531|554|595|1409|1284|1362|1623|1817|2051|2252,24|28|30|34|41|41|47|56|71|63|81|70,56.25|56.25|56.25|56.25|56.25|56.25|56.36|56.39,13.71|13.90|12.86|11.24|10.41|9.27|7.71|6.94,21.31|21.24|22.33|24.03|24.79|25.50|27.26|28.31,6.94,28.31,35.25,3.3
G R Infraproject,/company/GRINFRA/consolidated/,GRINFRA,6.16,,0.92,11.9,9.20,74.69,,8618.94,890.75,3.57,30,nse,consolidated,9.18,969,891,8619,Industrials,Construction,Civil Construction,-4,1,25,Jun 2026,Mar 2026,Jun 2026,1883|2134|2485|2030|1394|1694|2276|1988|1602|2308|2500|2784,65|65|69|71|61|69|66|70|60|70|75|73,,1047|2020|3189|3141|5283|6373|7844|8458|9482|8980|7395|8399,17|15|19|19|24|25|24|21|27|24|22|19,42|35|4|-1|2|2|1|4|2|3|4|5,34|44|71|73|66|65|68|67|62|64|63|65,680|-371|-244|-267|-457|166|-363|-1590|-2042|-2811,547|698|384|615|930|1029|1345|1485|1439|1309|1088|1103,127|77|221|301|614|769|1058|1022|884|768|538|986,74.71|74.70|74.70|74.70|74.69|74.69|74.69|74.69,2.07|2.54|2.84|2.88|2.85|2.66|2.31|2.46,20.12|19.77|19.17|19.28|19.41|19.53|19.62|19.48,2.46,19.48,21.94,1.03
Indo Count Inds.,/company/ICIL/consolidated/,ICIL,19.58,,3.66,8.19,5.52,58.74,,8614.37,434.95,60.89,30,nse,consolidated,57.1,119,435,8614,Consumer Discretionary,Textiles,Other Textile Products,11,10,5,Jun 2026,Mar 2026,Jun 2026,1009|713|1093|941|1036|1152|1023|959|1062|1063|1058|1207,45.96|36.54|44.82|40.23|40.02|48.20|48.64|46.37|47.04|46.61|42.76|44.67,,1717|2063|2153|1859|1934|2080|2519|2842|3012|3557|4151|4141,14|20|15|9|8|9|15|15|15|16|13|10,55.13|50.69|53.71|56.16|53.31|54.78|50.41|47.61|45.18|42.56|44.46|45.68,15.92|16.71|18.55|21.68|22.72|21.20|21.89|19.55|19.62|22.01|20.65|17.89,216|42|215|140|-20|-37|755|146|394|573,388|484|533|543|574|575|561|631|1110|1355|1895|2084,383|456|472|591|531|524|718|1068|895|1143|1158|1251,58.74|58.74|58.74|58.74|58.74|58.74|58.74|58.74,10.69|10.35|10.12|9.89|9.98|9.86|9.86|10.14,3.67|4.57|4.96|5.15|5.31|6.03|5.72|5.82,10.14,5.82,15.96,2.08
Lemon Tree Hotel,/company/LEMONTREE/consolidated/,LEMONTREE,14.83,,6.19,14.0,19.4,22.32,,8598.25,108.53,33.51,30,nse,consolidated,33.6,17.6,109,8598,Consumer Discretionary,Consumer Services,Hotels & Resorts,18,42,10,Jun 2026,Mar 2026,Jun 2026,227|290|327|268|284|355|379|316|306|406|416|345,5.81|5.73|6.27|6.13|6.03|5.53|6.07|6.27|6.54|5.67|5.27|5.93,,290|368|412|484|550|669|252|402|875|1071|1286|1444,18|27|28|28|31|36|23|30|51|49|49|48,9.79|8.56|7.73|8.28|8.28|7.86|6.81|6.58|0.00|0.00|0.00|5.87,23.21|21.36|20.32|19.69|20.28|17.39|20.26|19.12|20.39|21.13|21.48|5.89,122|115|187|151|41|135|385|465|542|542,1236|1231|1418|1460|1604|3307|3194|3051|2957|3641|3556|3563,5|5|5|5|6|8|7|8|11|14|14|14,22.77|22.77|22.34|22.28|22.28|22.28|22.32|22.32,21.75|20.01|20.89|21.33|21.45|21.50|21.59|19.44,18.91|20.80|19.68|19.98|19.71|19.45|15.67|14.35,19.44,14.35,33.79,5.95
Vesuvius India,/company/VESUVIUS/,VESUVIUS,19.21,,4.9,21.3,15.0,55.57,,8555.81,421.55,2.92,30,nse,standalone,33.4,86.2,422,8556,Industrials,Capital Goods,Electrodes & Refractories,16,22,9,Jun 2026,Dec 2025,Jun 2026,413|417|453|462|444|509|482|524|547|551|500|536,54|55|54|55|55|58|56|56|55|56|54|56,,652|700|822|911|925|887|792|1047|1343|1603|1869|2104,15|18|18|18|16|14|10|10|12|18|19|17,58|55|55|55|58|58|59|60|60|56|56|56,10|9|9|10|10|11|11|12|10|10|10|11,50|191|95|74|102|27|128|82|258|177,132|131|124|113|121|124|120|116|194|316|434|622|628,72|73|94|95|123|108|117|213|204|256|247|296|324,55.57|55.57|55.57|55.57|55.57|55.57|55.57|55.57,2.34|4.06|4.14|4.31|4.42|4.44|4.56|4.56,20.92|20.66|20.95|20.83|21.29|21.91|22.03|22.03,4.56,22.03,26.59,4.07
Sonata Software,/company/SONATSOFTW/consolidated/,SONATSOFTW,10.53,,4.49,30.7,28.2,28.17,,8541.74,304.60,52.62,30,nse,consolidated,16.9,67.9,305,8542,Information Technology,Information Technology,Computers - Software & Consulting,13,20,4,Jun 2026,Mar 2026,Jun 2026,1913|2493|2192|2527|2170|2843|2617|2965|2119|3081|2536|3279,63|71|68|71|64|71|71|74|65|78|73|79,,1682|1940|2371|2454|2961|3743|4228|5553|7449|8613|10157|10701,10|10|8|9|11|10|9|8|8|8|7|7,60|60|63|61|60|65|71|72|73|68|70|73,1|1|1|1|1|0|0|0|1|1|1|0,185|290|-6|369|443|450|268|281|644|538,23|120|118|114|199|298|324|427|1732|1671|1603|1823,7|10|0|0|0|0|0|0|29|98|47|37,28.17|28.17|28.17|28.17|28.17|28.17|28.17|28.17,12.13|12.29|10.76|9.68|8.85|8.79|8.74|9.17,23.37|24.30|25.85|25.55|26.33|26.30|25.55|24.68,9.17,24.68,33.85,0.8
G N F C,/company/GNFC/consolidated/,GNFC,4.39,,0.94,12.0,9.14,41.30,,8523.29,580.05,30.24,30,nse,consolidated,8.22,620,580,8523,Commodities,Chemicals,Commodity Chemicals,-9,9,13,Jun 2026,Mar 2026,Jun 2026,2080|2088|2110|2021|1917|1899|2055|1601|1968|1996|2208|2238,55.05|59.96|58.34|57.99|61.82|55.40|54.55|52.53|55.03|54.91|47.15|46.87,,4642|4552|4589|5837|5896|5162|5129|8642|10227|7930|7892|7773,-0.4|12|8|24|15|10|20|28|18|6|8|11,60|52|48|43|49|53|45|46|49|57|57|52,20|23|24|21|22|22|22|18|24|25|24|25,1445|1819|701|286|1884|1967|1373|31|605|654,4468|4367|4442|4161|3959|3810|3720|3578|3381|3238|3094|2882,750|701|662|681|829|935|822|998|1148|1164|1301|1062,41.30|41.30|41.30|41.30|41.30|41.30|41.30|41.30,16.15|15.41|15.03|12.67|12.08|12.13|12.05|13.11,11.16|11.10|10.14|10.49|10.69|11.12|11.07|11.02,13.11,11.02,24.13,1.1
Equitas Sma. Fin,/company/EQUITASBNK/,EQUITASBNK,13.33,,1.38,6.43,1.68,,,8453.66,73.90,22.18,30,nse,standalone,16.6,53.7,73.9,8454,Financial Services,Financial Services,Other Bank,18,16,10,Jun 2026,Mar 2026,Jun 2026,1359|1429|1445|1501|1555|1612|1644|1649|1617|1692|1836|1960,,,6|408|981|1543|2112|2645|3194|3460|4162|5486|6312|6794,,,3.86|0.39|0.62|1.12|0.92|0.81|0.69|0.71|0.86|0.65|0.60|0.65,1334|213|1799|440|2044|159|-998|3834|1937|-3316,4|11|274|280|236|210|184|189|338|537|531|527,,,16.91|15.42|16.47|16.30|15.67|14.62|14.74|15.70,43.66|42.62|42.70|47.13|48.20|49.96|50.87|51.25,15.70,51.25,66.95,1.24
Birlasoft Ltd,/company/BSOFT/consolidated/,BSOFT,8.17,,2.05,21.2,14.1,40.38,,8415.18,300.90,50.2,30,nse,consolidated,14.1,147,301,8415,Information Technology,Information Technology,Computers - Software & Consulting,3,8,1,Jun 2026,Mar 2026,Jun 2026,1310|1343|1363|1327|1368|1363|1317|1285|1329|1348|1349|1379,0|0|0|0|0|0|1|0|0|0|-0|0,,2990|3224|3320|2250|2551|3291|3556|4130|4795|5278|5375|5310,11|13|10|13|12|12|15|16|11|16|13|16,3|0|1|0|0|0|0|0|0|0|3|1,17|15|16|18|17|20|21|23|22|20|20|18,163|407|-72|310|558|281|561|718|588|481,730|630|671|829|588|751|698|725|736|697|744|834,23|38|43|24|0|0|0|0|0|0|10|5,40.86|40.82|40.63|40.63|40.53|40.51|40.39|40.38,11.71|11.05|11.68|12.38|11.25|10.91|13.64|12.78,24.26|24.63|24.53|22.42|21.92|24.11|23.35|21.98,12.78,21.98,34.76,1.58
Tips Music,/company/TIPSMUSIC/,TIPSMUSIC,28.39,,31.92,118,87.6,64.15,,8284.13,648.05,59.43,30,nse,standalone,38.6,20.3,648,8284,Consumer Discretionary,"Media, Entertainment & Publication",Media & Entertainment,26,33,21,Jun 2026,Mar 2026,Jun 2026,61|65|63|74|81|78|78|88|89|94|104|107,,,102|68|47|47|203|91|91|136|187|242|311|376,15|22|-7|20|3.1|-2.2|61|64|55|66|67|73,0.04|0.01|0.00|0.00|0.00|0.00|0.00|0.00|0.00|0.00|0.00|0.00,63.27|28.55|65.50|37.59|80.14|31.72|11.60|17.66|26.12|18.30|17.11|10.40,33|43|25|31|43|29|81|233|120|197,28|26|25|23|15|15|15|7|5|8|7|14,98|105|75|57|29|0|0|0|0|0|0|0,64.15|64.15|64.15|64.15|64.15|64.15|64.15|64.15,4.84|7.42|8.23|8.11|8.16|7.34|7.48|7.99,5.02|4.27|3.52|4.08|5.03|4.97|4.94|5.36,7.99,5.36,13.35,22.03
Eureka Forbes,/company/EUREKAFORB/,EUREKAFORB,23.36,,1.81,5.86,4.25,62.55,,8273.48,427.75,7.5,30,nse,standalone,41.4,236,428,8273,Consumer Discretionary,Consumer Durables,Household Appliances,9,222,13,Jun 2026,Mar 2026,Jun 2026,592|539|553|553|673|598|613|608|773|645|684|701,42.64|41.08|41.03|39.53|43.75|42.50|40.47|40.28|43.50|39.19|41.32|41.59,,-0|28|33|27|26|16|8|381|2080|2189|2436|2710,|2.2|4.7|-3.1|-1.2|-0.5|-17|4.7|6|9|11|11,|78.31|74.26|74.96|77.28|74.24|86.75|42.54|40.63|41.15|40.61|41.82,|0.14|0.27|1.21|0.66|1.71|0.51|0.48|0.93|1.04|2.09|0.28,|||1|0|37|171|195|226|242,-0|1|0|0|0|0|0|5498|5475|5457|5466|5504,0|2|1|2|2|3|2|283|211|244|243|371,62.56|62.56|62.56|62.56|62.56|62.56|62.56|62.55,12.62|12.56|12.53|14.00|13.72|13.87|13.66|13.24,6.67|6.60|7.01|6.35|6.38|6.45|6.16|6.70,13.24,6.70,19.94,3.05
Power Mech Proj.,/company/POWERMECH/consolidated/,POWERMECH,11.22,,3.24,21.7,15.4,58.41,,8158.90,2580.60,16.61,30,nse,consolidated,20.8,797,2581,8159,Industrials,Construction,Civil Construction,19,26,16,Jun 2026,Mar 2026,Jun 2026,932|1108|1302|1007|1035|1338|1853|1293|1238|1420|2111|1624,71|74|75|72|71|74|77|71|72|73|78|75,,1366|1378|1338|1548|2261|2165|1884|2710|3601|4207|5234|6062,12|13|12|13|13|13|2.1|11|11|12|12|12,6|8|9|12|0|-1|0|-0|-0|0|15|14,72|65|59|53|68|72|79|73|73|73|59|60,119|36|1|-48|122|175|182|205|1|387,183|198|206|203|190|188|175|180|189|231|323|429,32|31|44|47|93|126|115|138|147|122|198|264,58.29|58.29|58.29|58.29|58.33|58.33|58.41|58.41,4.98|4.97|4.74|5.07|7.01|6.55|6.48|6.54,23.24|23.38|23.39|23.31|21.01|20.54|20.18|20.60,6.54,20.60,27.14,1.35
Guj Pipavav Port,/company/GPPL/consolidated/,GPPL,8.74,,3.42,28.1,20.8,44.01,,8158.05,168.75,31.25,30,nse,consolidated,15.0,49.4,169,8158,Services,Services,Port & Port services,8,10,25,Jun 2026,Mar 2026,Jun 2026,253|270|251|246|227|263|252|250|299|292|317|332,,,660|683|649|702|735|733|741|917|988|986|1158,58|62|58|55|61|58|55|55|58|58|61,,30.16|26.20|28.18|30.28|26.30|28.54|29.39|30.57|28.18|27.45|26.24,406|315|299|343|388|380|370|489|449|510,1342|1676|1686|1590|1583|1467|1408|1363|1358|1329|1295,15|16|14|8|8|10|10|8|9|10|12,44.01|44.01|44.01|44.01|44.01|44.01|44.01|44.01,19.81|20.49|19.45|19.48|19.82|21.04|22.14|22.05,16.42|16.75|17.10|16.25|15.73|14.93|14.96|13.82,22.05,13.82,35.87,7.04
Orkla India,/company/ORKLAINDIA/consolidated/,ORKLAINDIA,17.45,,2.96,14.9,11.2,75.00,,8156.34,595.40,6.23,30,nse,consolidated,26.7,201,595,8156,Fast Moving Consumer Goods,Fast Moving Consumer Goods,Other Food Products,5,21,6,Jun 2026,Mar 2026,Jun 2026,620|615|596|597|650|636|626|659,54|56|56|54|56|57|55|56,,820|967|1838|2172|2356|2395|2509,17|20|13|14|14|17|17,53|50|59|53|55|51|56,7|7|7|10|9|10|5,96|148|180|190|296|392|261,248|2036|2045|2013|2055|1981|1968,74|308|310|350|297|309|295,75.00|75.00|75.00,3.24|2.42|2.30,8.10|8.74|8.70,2.30,8.70,11,3.25
TTK Prestige,/company/TTKPRESTIG/consolidated/,TTKPRESTIG,20.02,,4.1,12.1,8.97,70.52,,8131.69,593.70,36.89,30,nse,consolidated,39.3,145,594,8132,Consumer Discretionary,Consumer Durables,Household Appliances,2,6,16,Jun 2026,Mar 2026,Jun 2026,729|738|623|588|750|727|650|609|834|801|729|814,59|60|59|57|59|58|58|56|58|57|55|57,,260|1488|1745|1871|2107|2073|2194|2722|2777|2678|2715|2974,10|13|12|13|14|13|15|16|13|11|9|9,59|60|60|58|58|58|58|59|60|59|58|57,3|3|2|2|2|2|2|2|2|2|2|2,94|127|94|253|289|294|199|289|157|210,30|330|510|490|502|572|573|597|684|722|680|675,78|325|380|437|471|471|448|586|593|554|611|675,70.52|70.52|70.52|70.52|70.52|70.52|70.52|70.52,7.68|7.74|7.40|7.47|7.70|7.71|7.84|7.85,14.22|14.26|14.43|14.72|14.94|15.15|14.48|14.70,7.85,14.70,22.55,2.73
Medplus Health,/company/MEDPLUS/consolidated/,MEDPLUS,13.25,,4.1,12.6,11.6,40.19,,8125.47,676.35,21.77,30,nse,consolidated,38.6,165,676,8125,Consumer Discretionary,Consumer Services,Pharmacy Retail,15,18,17,Jun 2026,Mar 2026,Jun 2026,1409|1441|1490|1489|1576|1561|1510|1543|1679|1806|1864|1880,78|78|77|78|76|75|73|74|74|74|74|76,,1368|1733|2011|2131|2273|2871|3069|3779|4558|5625|6136|6892,2.4|2.1|3.5|2.7|5|4.7|7|7|6|6|8|9,81|80|80|81|81|81|79|79|78|78|76|74,1|1|1|0|2|2|1|2|2|2|3|3,34|32|147|-7|3|170|90|144|540|496,67|77|81|83|377|419|517|799|1138|1242|1296|1595,253|310|335|363|394|644|750|915|1144|1340|1345|1382,40.39|40.39|40.33|40.32|40.29|40.29|40.22|40.19,14.72|15.23|15.61|16.43|16.53|16.83|15.53|14.38,27.98|25.66|26.19|26.03|26.51|26.58|27.82|29.95,14.38,29.95,44.33,1.18
Galaxy Surfact.,/company/GALAXYSURF/consolidated/,GALAXYSURF,13.11,,2.95,13.5,10.9,70.91,,8101.41,2285.00,16.12,30,nse,consolidated,22.3,774,2285,8101,Commodities,Chemicals,Specialty Chemicals,6,14,27,Jun 2026,Mar 2026,Jun 2026,983|940|929|974|1063|1042|1145|1278|1326|1329|1315|1782,69|68|67|66|67|69|71|74|76|75|74|71,,1870|1799|2158|2432|2761|2595|2782|3684|4462|3792|4221|5245,10|13|13|12|13|14|16|11|13|12|11|9,71|67|68|69|68|64|62|68|68|66|66|73,3|3|6|5|5|6|5|5|5|6|5|4,111|145|283|316|365|5|573|518|421|333,459|436|456|447|519|748|712|760|923|973|1030|1174,246|236|317|346|351|325|428|712|646|556|724|794,70.91|70.91|70.91|70.91|70.92|70.91|70.91|70.91,4.08|4.19|4.10|4.30|4.21|4.09|3.99|3.81,12.99|12.98|12.94|12.70|12.90|13.04|13.11|13.52,3.81,13.52,17.33,1.54
Newgen Software,/company/NEWGEN/consolidated/,NEWGEN,15.72,,4.54,25.0,19.6,53.45,,8081.74,567.10,100.26,30,nse,consolidated,23.6,125,567,8082,Information Technology,Information Technology,Computers - Software & Consulting,17,19,8,Jun 2026,Mar 2026,Jun 2026,293|324|375|315|361|381|430|321|401|400|453|357,,,308|347|427|512|621|661|673|779|974|1244|1487|1574,19|11|16|19|21|16|29|25|22|23|25|26,0.06|0.00|0.00|0.00|0.00|0.00|0.00|0.00|0.00|0.00|0.00|0.00,1.77|2.29|3.35|2.81|4.11|6.48|4.64|4.43|4.83|4.58|4.37|5.64,36|60|102|90|216|143|136|281|215|232,23|57|62|68|69|130|205|230|245|248|259|239,,54.30|54.30|53.78|53.78|53.76|53.52|53.52|53.45,19.97|20.31|19.36|19.14|17.62|17.34|14.48|13.78,8.93|9.10|9.13|9.46|9.58|9.68|8.85|8.15,13.78,8.15,21.93,5.13
V2 Retail,/company/V2RETAIL/,V2RETAIL,17.28,,8.91,19.5,23.7,51.43,,8070.16,221.32,20.47,30,nse,standalone,49.3,24.8,221,8070,Consumer Discretionary,Consumer Services,Speciality Retail,54,42,63,Jun 2026,Mar 2026,Jun 2026,231|374|296|415|380|591|499|630|705|927|798|997,74|70|75|73|75|69|74|71|72|67|70|71,,287|334|472|559|748|701|538|629|839|1165|1884|3060,10|10|9|10|7|11|9|10|10|12|13|16,72|67|71|68|68|72|71|70|71|73|73|70,2|2|4|6|6|6|6|6|7|5|5|5,-1|27|-48|94|-15|61|80|85|191|-96,18|29|51|63|100|330|382|375|389|449|842|968,79|109|115|160|271|196|265|267|246|360|526|1140,54.30|54.30|54.24|54.22|54.22|51.43|51.43|51.43,0.80|0.91|1.31|1.90|2.10|3.01|2.62|3.11,4.34|5.98|6.70|7.35|7.12|9.12|9.28|10.65,3.11,10.65,13.76,2.64
EPL Ltd,/company/EPL/consolidated/,EPL,8.48,,2.83,17.8,15.7,26.38,,8069.99,251.94,43.62,30,nse,consolidated,19.6,89.2,252,8070,Industrials,Capital Goods,Packaging,9,9,17,Jun 2026,Mar 2026,Jun 2026,1002|975|1029|1007|1086|1014|1105|1108|1206|1149|1300|1388,42.69|41.74|42.55|40.49|42.02|39.75|42.34|39.81|40.40|39.39|41.01|40.56,,2321|2128|2302|2424|2707|2761|3092|3433|3694|3916|4213|4763,17|19|18|19|18|20|20|17|16|18|20|20,48.96|43.41|43.78|42.77|43.03|41.94|41.84|44.21|45.31|42.31|41.19|40.19,11.55|12.40|13.08|12.72|12.78|12.22|12.05|12.61|13.40|13.24|12.97|13.27,369|343|356|471|522|312|602|586|795|723,887|924|1179|1184|1307|1364|1531|1473|1694|1912|1970|2397,232|199|246|286|323|369|415|594|608|656|720|927,51.47|51.45|51.31|26.42|26.40|26.38|26.38|26.38,13.43|14.94|16.51|17.23|17.43|17.57|17.22|14.07,11.20|11.58|10.98|10.44|9.97|9.55|10.20|13.80,14.07,13.80,27.87,1.69
Kingfa Science,/company/KINGFA/,KINGFA,22.74,,5.76,23.2,17.4,67.02,,8059.01,5947.00,10.77,30,nse,standalone,35.7,1033,5947,8059,Industrials,Capital Goods,Plastic Products - Industrial,12,26,24,Jun 2026,Mar 2026,Jun 2026,351|394|404|416|418|440|470|462|466|489|578|689,77|80|78|77|77|78|77|78|76|76|75|75,,219|314|427|602|702|742|627|1048|1404|1488|1745|1996,3.0|8|4.5|7|5|6|3.2|8|9|12|13|13,83|81|85|83|85|82|83|82|80|78|77|76,4|4|2|3|3|4|4|3|3|3|3|0,-119|-116|96|30|-2|38|27|16|60|66,25|29|76|88|85|107|129|126|123|252|244|300,32|59|69|116|103|111|143|261|289|242|301|324,74.99|74.99|74.99|74.99|67.02|67.02|67.02|67.02,6.35|6.35|6.35|6.34|7.78|7.74|7.76|7.74,0.04|0.00|0.17|0.15|8.75|8.75|8.85|8.79,7.74,8.79,16.53,4.04
SJS Enterprises,/company/SJS/consolidated/,SJS,25.98,,9.26,28.6,22.0,20.15,,8037.09,2509.50,41.79,30,nse,consolidated,42.2,271,2510,8037,Consumer Discretionary,Automobile and Auto Components,Auto Components & Equipments,30,,29,Jun 2026,Mar 2026,Jun 2026,163|161|187|189|193|179|201|210|242|244|260|261,48.08|44.16|45.52|45.92|46.68|46.39|46.74|44.48|43.97|41.14|43.43|43.26,,370|433|628|760|955,26|25|24|26|28,43.01|43.13|45.38|46.79|43.21,12.34|13.73|12.95|11.70|12.54,61|87|109|163|224,207|199|475|434|404,42|48|72|69|86,21.80|21.61|21.60|21.60|21.56|21.18|21.15|20.15,16.72|16.55|16.92|16.91|16.06|16.92|15.68|14.67,30.08|28.53|28.86|28.35|30.13|29.10|31.09|34.04,14.67,34.04,48.71,8.42
Religare Enterp.,/company/RELIGARE/consolidated/,RELIGARE,67.91,,2.67,3.06,3.17,30.55,,8034.02,233.05,26.25,30,nse,consolidated,162,87.4,233,8034,Financial Services,Financial Services,Investment Company,22,27,19,Jun 2026,Mar 2026,Jun 2026,1584|1511|1856|1710|1952|1668|2042|1861|2077|2056|2467|2353,,,4128|4895|3709|2675|2371|2384|2513|3227|4679|6266|7385|8459,51|24|55|-6|-27|1.8|11|-11|10|6|4.8|1.6,,1|1|1|4|4|3|4|7|12|19|21|0,5871|5802|3555|2433|1373|1596|1506|1500|1572|1820,2128|1785|103|80|83|175|117|127|196|161|145|136,63|58|0|0|0|0|0|1|0|3|3|2,0.00|0.00|25.67|25.83|25.83|26.27|30.27|30.55,8.01|8.05|8.25|8.10|7.81|7.61|7.85|9.64,13.43|13.14|11.76|11.62|10.27|9.33|8.52|9.33,9.64,9.33,18.97,0.95
Raghav Product.,/company/RPEL/consolidated/,RPEL,91.88,,32.8,30.3,24.3,62.89,,8028.99,1748.40,12.55,30,nse,consolidated,128,53.3,1748,8029,Industrials,Capital Goods,Electrodes & Refractories,23,32,34,Jun 2026,Mar 2026,Jun 2026,32|32|39|45|49|55|51|58|64|64|71|87,30.71|28.01|26.73|30.20|26.24|28.60|28.49|31.06|28.62|31.45|29.10|28.54,,65|100|137|133|200|257,23|25|26|30|27|29,35.71|27.46|30.58|29.18|28.35|29.99,12.50|9.06|6.93|6.37|5.13|5.29,11|9|20|21|39|37,28|27|27|88|93|98,9|12|18|28|35|57,62.92|62.92|62.92|62.91|62.91|62.91|62.91|62.89,0.01|0.05|0.18|0.14|0.15|0.11|0.36|0.81,0.00|0.00|0.00|0.00|0.00|0.00|0.00|0.01,0.81,0.01,0.82,31.24
India Glycols,/company/INDIAGLYCO/consolidated/,INDIAGLYCO,13.22,,2.69,12.4,11.3,59.63,,7897.76,1178.30,29.41,30,nse,consolidated,24.9,438,1178,7898,Fast Moving Consumer Goods,Fast Moving Consumer Goods,Breweries & Distilleries,17,13,12,Jun 2026,Mar 2026,Jun 2026,775|904|926|969|961|975|863|1040|1092|1102|976|1130,64|68|69|65|65|64|62|65|63|63|62|62,,2579|2324|2500|3034|3357|2735|2317|2868|2651|3294|3768|4211,4.8|8|9|11|12|11|13|9|12|13|14|15,64|63|59|62|57|62|58|60|50|55|54|55,21|17|21|19|21|17|20|22|29|24|23|20,302|502|147|343|137|116|326|439|362|769,1146|2029|2111|2156|2173|2228|2193|2318|2717|3205|3829|4554,487|516|518|448|647|682|610|693|754|1106|1171|891,61.02|61.02|61.02|61.02|61.02|59.63|59.63|59.63,2.90|2.44|2.24|3.44|2.62|2.42|2.27|2.24,1.93|2.00|0.91|1.39|1.34|5.22|5.19|5.21,2.24,5.21,7.45,1.88
Entero Healthcar,/company/ENTERO/consolidated/,ENTERO,25.47,,4.66,10.5,6.94,52.40,,7871.58,1808.60,51.21,30,nse,consolidated,61.0,388,1809,7872,Consumer Discretionary,Consumer Services,Pharmacy Retail,26,30,32,Jun 2026,Mar 2026,Jun 2026,996|993|1034|1097|1301|1359|1339|1404|1571|1707|1910|1940,91|91|91|91|91|90|90|90|90|90|89|89,,1350|1773|2522|3300|3922|5096|6591,1.7|0.8|1.0|1.9|2.9|3.4|4.0,92|92|92|92|91|90|90,0|0|0|0|0|0|0,-37|-69|-35|-45|-37|-77|96,186|189|262|268|289|559|958,195|244|310|342|421|660|842,52.44|52.44|52.42|52.42|52.42|52.42|52.42|52.40,23.82|22.20|19.92|17.21|14.68|5.14|4.03|4.36,7.73|8.78|9.63|10.19|9.64|16.42|16.62|15.48,4.36,15.48,19.84,1.19
Mahindra Life.,/company/MAHLIFE/consolidated/,MAHLIFE,20.88,,2.16,7.64,9.91,52.41,,7842.55,367.55,11.14,30,nse,consolidated,25.2,170,368,7843,Consumer Discretionary,Realty,"Residential, Commercial Projects",25,48,876,Jun 2026,Mar 2026,Jun 2026,18|82|14|188|8|167|9|32|18|459|670|962,54|88|90|90|33|77|-15|87|85|78|90|80,,1086|593|762|566|593|611|166|394|607|212|372|1178,39|14|7|10|4.4|-13|-56|-22|-18|-81|-46|-10,0|0|0|0|0|0|0|0|-108|-601|-286|-101,47|69|78|71|71|81|76|80|194|696|373|191,70|194|168|-63|-68|-52|-148|-661|-542|-545,354|77|100|95|95|98|91|103|37|24|26|27,1970|1306|1171|912|1345|1204|1345|1442|2098|3378|4462|5175,51.15|51.15|51.14|52.43|52.42|52.41|52.41|52.41,9.82|9.99|9.55|8.70|8.12|7.81|7.64|7.38,20.91|20.70|20.11|21.82|22.45|22.83|22.86|22.77,7.38,22.77,30.15,6.66
Mishra Dhatu Nig,/company/MIDHANI/,MIDHANI,28.62,,5.12,11.3,8.88,74.00,,7826.13,417.75,58.13,30,nse,standalone,58.3,81.7,418,7826,Industrials,Capital Goods,Aerospace & Defense,12,8,18,Jun 2026,Mar 2026,Jun 2026,227|252|406|163|262|238|411|170|210|276|553|239,37.50|45.50|49.05|28.75|42.16|34.02|46.82|22.81|34.19|37.74|55.30|38.12,,647|716|773|662|711|713|813|859|872|1073|1074|1209,20|21|24|29|26|28|30|31|30|18|20|20,33.87|39.48|35.11|17.77|26.56|16.75|26.03|22.20|-26.19|-6.99|0.79|43.05,19.20|19.13|20.37|26.14|25.51|30.94|24.76|27.90|76.52|73.07|62.91|0.00,119|20|296|204|176|5|-35|216|217|155,244|263|327|344|425|441|429|938|1016|1032|1074|1066,423|289|206|241|509|910|801|1091|1225|1310|1281|1333,74.00|74.00|74.00|74.00|74.00|74.00|74.00|74.00,1.42|1.26|1.65|1.34|1.37|1.25|1.32|2.57,8.44|8.48|8.79|8.98|8.83|7.92|7.81|7.37,2.57,7.37,9.94,6.47
Garware Tech.,/company/GARFIBRES/consolidated/,GARFIBRES,22.06,,5.88,22.0,16.1,54.25,,7802.10,799.00,5.49,30,nse,consolidated,35.4,136,799,7802,Consumer Discretionary,Textiles,Other Textile Products,5,8,5,Jun 2026,Mar 2026,Jun 2026,328|289|382|336|421|351|433|367|348|387|426|482,28.28|28.54|26.37|26.73|27.21|28.87|29.62|28.44|30.67|29.46|30.27|28.73,,782|825|846|885|1018|953|1035|1189|1306|1326|1540|1529,10|13|16|18|19|19|20|19|18|21|20|17,46.46|38.22|34.65|32.85|32.41|29.31|28.62|29.38|32.11|27.59|28.12|29.69,17.41|24.46|24.45|24.62|24.54|27.05|25.54|25.61|23.34|24.47|24.93|24.08,120|28|133|110|228|64|189|219|196|162,166|199|203|221|227|244|247|240|246|262|277|419,137|125|141|164|168|192|190|224|214|257|270|399,53.00|53.00|53.00|53.00|53.00|53.36|53.36|54.25,9.82|10.15|9.80|9.89|10.05|9.07|9.12|8.67,10.44|10.37|10.97|10.97|10.98|10.44|10.29|10.11,8.67,10.11,18.78,5.1
SKF India,/company/SKFINDIA/,SKFINDIA,21.53,,5.84,13.3,15.1,52.58,,7768.19,1571.30,17.16,30,nse,standalone,52.3,269,1571,7768,Industrials,Capital Goods,Abrasives & Bearings,-21,-4,18,Jun 2026,Mar 2026,Jun 2026,1125|1092|1203|1206|399|559|493|462|496|577|595|588,66.03|58.28|58.76|60.66|45.25|49.55|42.02|47.95|55.99|54.65|55.46|48.95,,2414|2997|2631|2750|3035|2842|2671|3666|4305|4570|1845|2130,12|12|13|16|16|12|16|15|17|16|20|12,62||62|58|59|63|58|61|60|61|45|54,6||6|5|6|6|6|6|6|6|9|9,115|367|181|330|324|57|690|624|203|363,347|298|299|293|284|352|345|402|424|472|551|440,|335|417|403|461|452|468|677|686|684|873|323,52.58|52.58|52.58|52.58|52.58|52.58|52.58|52.58,8.25|8.32|8.21|7.55|6.98|7.01|7.10|6.89,27.32|27.15|26.51|26.61|27.01|26.74|27.00|27.17,6.89,27.17,34.06,3.65
Dynamatic Tech.,/company/DYNAMATECH/consolidated/,DYNAMATECH,36.97,,9.14,10.2,6.67,41.50,,7766.69,11436.00,18.87,30,nse,consolidated,133,1251,11436,7767,Industrials,Capital Goods,Industrial Products,7,8,17,Jun 2026,Mar 2026,Jun 2026,351|346|370|346|361|315|381|371|392|425|433|425,46.72|45.89|46.40|45.80|46.31|45.78|48.13|49.75|49.66|50.57|50.66|48.87,,1626|1490|1506|1321|1500|1230|1118|1253|1316|1429|1404|1621,10|10|11|10|12|13|11|14|14|11|11|11,58|56|56|51|51|48|49|49|48|47|47|50,11|13|12|13|13|11|12|12|13|15|13|12,118|88|124|226|121|107|131|97|144|95,644|627|759|793|644|826|708|685|682|792|801|844,227|256|238|283|281|265|225|255|300|306|347|412,41.87|41.87|41.87|41.87|41.87|41.87|41.50|41.50,13.95|13.26|13.29|13.21|12.23|10.28|10.13|10.26,12.95|13.34|13.53|12.86|13.85|15.35|15.63|15.86,10.26,15.86,26.12,4.79
Balu Forge,/company/BALUFORGE/consolidated/,BALUFORGE,22.52,,4.88,22.7,19.6,53.51,,7754.51,638.80,110.77,30,nse,consolidated,28.9,131,639,7755,Industrials,Capital Goods,Castings & Forgings,50,51,20,Jun 2026,Mar 2026,Jun 2026,139|147|161|175|223|256|270|233|300|311|264|301,67|66|66|66|64|66|65|62|66|64|64|64,,142|286|327|560|924|1107,9|13|15|21|27|27,78|77|69|67|65|64,1|0|0|1|0|0,17|-58|26|-32|148|32,42|42|48|57|183|547,20|42|35|89|98|145,54.71|54.71|55.25|54.85|54.85|54.87|54.39|53.51,10.43|6.93|7.07|8.20|8.33|7.94|6.03|5.04,0.93|0.97|1.07|0.86|0.83|0.80|0.89|0.95,5.04,0.95,5.99,7.01
Cello World,/company/CELLO/consolidated/,CELLO,14.81,,2.88,17.4,13.2,75.00,,7748.65,350.80,61.57,30,nse,consolidated,24.4,122,351,7749,Consumer Discretionary,Consumer Durables,Houseware,9,17,7,Jun 2026,Mar 2026,Jun 2026,489|527|512|501|490|557|589|529|587|554|654|527,46.62|48.51|47.05|46.19|48.37|50.28|48.11|46.02|50.45|50.41|53.34|47.61,,1049|1359|1797|2000|2136|2324,26|25|23|25|24|20,45.22|43.32|44.22|42.43|42.58|43.89,10.71|13.73|11.93|10.70|11.65|12.85,194|187|227|231|262|255,259|259|272|362|616|711,307|377|430|462|525|535,75.00|75.00|75.00|75.00|75.00|75.00|75.00|75.00,7.70|7.47|6.51|5.38|5.55|5.41|5.52|3.23,13.57|13.54|13.80|14.62|14.03|13.37|12.73|15.14,3.23,15.14,18.37,3.33
Balaji Amines,/company/BALAMINES/consolidated/,BALAMINES,21.62,,3.92,11.0,8.74,54.56,,7745.46,2390.50,52.84,30,nse,consolidated,37.9,610,2390,7745,Commodities,Chemicals,Specialty Chemicals,-15,2,11,Jun 2026,Mar 2026,Jun 2026,381|383|414|385|347|313|353|358|341|331|395|456,58|55|52|56|54|57|56|59|53|55|56|55,,616|640|668|858|940|935|1308|2314|2346|1631|1389|1419,17|20|22|21|21|19|29|27|26|20|17|19,58|56|51|54|55|55|48|53|53|55|56|56,15|11|11|11|11|12|11|10|11|12|13|12,60|140|94|144|110|220|354|334|255|184,341|341|325|316|320|573|543|681|780|896|1003|1043,112|78|99|89|163|109|110|222|303|287|274|247,53.71|53.71|54.62|54.59|54.59|54.59|54.59|54.56,5.27|5.16|5.09|5.00|4.53|3.30|2.99|3.17,1.79|1.66|1.48|1.46|1.52|1.53|1.46|1.58,3.17,1.58,4.75,5.46
Knowledge Marine,/company/KMEW/consolidated/,KMEW,46.73,,13.1,16.4,20.0,49.99,,7740.94,3051.90,30.09,30,nse,consolidated,59.7,233,3052,7741,Services,Services,Dredging,8,50,57,Jun 2026,Mar 2026,Aug 2026,123|16|41|43|52|58|47|48|50|90|68|115,,,11|11|24|33|61|202|164|201|256,24|41|32|40|53|34|30|39|38,,58|31|53|48|37|62|61|47|0,3|11|2|5|35|21|38|58|74,11|12|27|28|53|59|108|159|211,0|0|0|0|0|1|1|1|4,60.69|60.69|60.69|60.69|53.63|53.63|51.56|49.99,0.82|0.61|0.48|0.74|11.00|11.75|12.12|12.64,2.24|1.92|0.15|0.15|0.46|1.71|1.54|3.90,12.64,3.90,16.54,30.24
Ethos,/company/ETHOSLTD/consolidated/,ETHOSLTD,27.06,,5.17,10.4,7.69,50.58,,7693.10,2875.10,36.16,30,nse,consolidated,72.8,556,2875,7693,Consumer Discretionary,Consumer Durables,"Gems, Jewellery And Watches",27,33,30,Jun 2026,Mar 2026,Jun 2026,235|281|253|273|297|370|311|346|383|469|414|462,69|70|71|70|70|71|69|71|71|71|71|71,,444|458|387|577|789|999|1252|1612,8|12|11|12|15|16|16|13,71|72|73|71|69|70|70|71,1|1|2|1|1|1|1|1,-22|36|63|17|-2|31|-20|90,22|125|113|130|197|230|401|494,206|219|198|250|340|440|593|695,51.20|50.79|50.58|50.58|50.58|50.58|50.58|50.58,12.28|12.61|12.56|13.13|13.29|12.59|10.89|11.33,15.64|16.58|17.85|18.18|19.95|21.25|23.59|23.91,11.33,23.91,35.24,4.77
Hindustan Foods,/company/HNDFDS/consolidated/,HNDFDS,22.00,,6.5,14.1,14.6,61.84,,7687.17,634.45,6.17,30,nse,consolidated,47.5,97.5,634,7687,Fast Moving Consumer Goods,Fast Moving Consumer Goods,Diversified FMCG,18,25,18,Jun 2026,Mar 2026,Jun 2026,675|729|731|868|883|880|959|1019|1039|1044|1117|1201,84|83|80|78|79|79|78|79|79|78|78|78,,492|772|1386|2040|2598|2755|3639|4251,7|7|6|6|7|8|8|9,68|71|76|76|69|67|63|63,18|17|14|16|21|21|20|20,-5|17|74|36|99|87|118|100,133|250|271|427|554|908|1041|1302,49|110|169|238|334|493|773|969,63.82|62.22|62.22|61.31|61.31|61.31|61.31|61.84,3.39|5.45|5.24|5.84|5.79|5.75|5.83|5.86,13.79|14.06|14.56|14.25|14.41|14.59|15.06|14.65,5.86,14.65,20.51,1.81
Guj. Ambuja Exp,/company/GAEL/consolidated/,GAEL,11.26,,2.33,12.5,9.72,63.84,,7658.88,166.98,34.12,30,nse,consolidated,18.3,71.8,167,7659,Fast Moving Consumer Goods,Fast Moving Consumer Goods,Other Agricultural Products,5,4,25,Jun 2026,Mar 2026,Jun 2026,1116|1302|1346|1090|1125|1131|1267|1291|1487|1484|1467|1594,72|72|75|71|72|70|78|75|79|76|67|68,,2122|3016|3092|2531|2736|3817|4705|4670|4909|4927|4613|5729,5|6|6|6|7|8|11|15|10|9|9|8,81|82|78|78|79|77|73|68|71|72|72|74,7|6|9|8|7|9|7|9|11|10|10|9,-120|253|135|241|298|596|241|213|341|228,289|458|479|543|562|787|731|771|1042|1037|1179|1185,371|457|497|444|431|599|723|666|665|786|723|804,63.84|63.84|63.84|63.84|63.84|63.84|63.84|63.84,1.99|1.87|2.02|2.17|2.04|1.60|2.18|3.02,0.63|0.39|0.51|0.19|0.60|0.57|0.82|0.65,3.02,0.65,3.67,1.34
Unimech Aero.,/company/UNIMECH/consolidated/,UNIMECH,55.69,,10.37,11.2,7.96,79.82,,7651.08,1503.10,30.57,30,nse,consolidated,106,145,1503,7651,Industrials,Capital Goods,Aerospace & Defense,37,,16,Jun 2026,Mar 2026,Jun 2026,65|62|59|61|54|68|63|62|34|82|108,24.30|16.10|24.12|18.78|22.50|22.07|26.97|26.44|21.89|22.04|32.08,,36|94|209|243|240,22|37|38|38|32,19.61|20.16|20.96|21.83|24.45,15.85|12.96|16.49|15.54|16.25,2|1|47|81|61,25|29|52|162|198,5|16|20|20|25,79.82|79.82|79.82|79.82|79.82|79.82|79.82,1.62|0.44|0.16|0.21|0.36|0.38|0.43,6.57|7.76|6.41|6.52|6.50|5.99|5.60,0.43,5.60,6.03,31.88
Aditya Vision,/company/AVL/,AVL,29.58,,11.09,17.1,18.7,47.14,,7629.48,590.80,11.32,30,nse,standalone,54.4,53.3,591,7629,Consumer Discretionary,Consumer Services,Speciality Retail,26,29,27,Jun 2026,Mar 2026,Jun 2026,313|413|376|889|376|508|487|940|458|649|625|1193,85|83|82|85|85|84|83|85|85|84|84|84,,179|240|362|444|564|797|748|899|1322|1743|2260|2672,1.3|1.3|1.3|1.6|3.0|3.2|7|9|10|10|9|9,93|93|93|91|90|89|88|84|84|84|84|84,0|1|1|1|1|1|0|1|1|1|1|1,6|8|4|5|38|32|18|-6|-41|75,5|5|9|13|15|21|130|150|183|244|268|326,20|25|42|40|74|184|197|210|294|433|698|840,53.23|53.23|53.23|53.23|47.32|47.14|47.14|47.14,12.86|13.75|16.64|17.67|18.76|17.73|16.18|15.05,8.74|8.73|9.87|9.84|16.46|17.45|19.57|21.67,15.05,21.67,36.72,2.86
RHI Magnesita,/company/RHIM/consolidated/,RHIM,15.40,,2.15,6.52,2.91,56.07,,7627.13,369.35,26.35,30,nse,consolidated,40.7,172,369,7627,Industrials,Capital Goods,Electrodes & Refractories,14,24,8,Jun 2026,Mar 2026,Jun 2026,987|923|943|879|867|1011|918|960|1035|1092|932|1014,60|60|57|55|60|63|59|63|63|61|58|58,,748|1388|1370|1999|2726|3781|3674|4020,17|16|15|19|13|15|13|11,59|62|62|60|63|59|59|61,13|13|13|11|11|11|12|0,54|173|165|27|238|271|373|409,60|228|243|282|3258|2805|2730|2128,117|278|353|608|956|905|1074|1099,56.07|56.07|56.07|56.07|56.07|56.07|56.07|56.07,5.16|5.01|4.99|5.00|5.01|4.64|4.38|3.98,12.35|12.65|12.97|12.54|12.39|12.78|13.46|14.34,3.98,14.34,18.32,1.9
Aarti Pharma,/company/AARTIPHARM/consolidated/,AARTIPHARM,18.53,,3.59,10.7,8.59,42.86,,7623.45,840.70,83.37,30,nse,consolidated,35.4,234,841,7623,Healthcare,Healthcare,Pharmaceuticals,-2,,1,Jun 2026,Mar 2026,Jun 2026,440|449|506|555|458|538|564|386|418|432|583|536,57.36|54.48|50.05|58.80|49.99|48.61|49.44|43.86|50.14|39.94|48.58|44.16,,0|1200|1945|1853|2115|1819,|17|18|21|22|20,|53.14|60.13|55.10|53.33|45.88,|20.17|8.67|10.85|9.92|0.00,0|-44|250|216|332|262,0|782|926|1033|1137|1525,0|475|602|643|588|640,46.10|44.65|44.29|43.72|42.88|43.10|43.08|42.86,7.38|8.64|7.36|7.34|8.02|7.69|8.39|8.17,11.35|10.36|7.53|7.80|6.95|7.66|7.40|7.22,8.17,7.22,15.39,4.19
Jyothy Labs,/company/JYOTHYLAB/,JYOTHYLAB,16.13,,4.78,28.7,21.7,62.89,,7616.03,207.40,17.66,30,nse,standalone,26.8,43.3,207,7616,Fast Moving Consumer Goods,Fast Moving Consumer Goods,Household Products,6,9,4,Jun 2026,Mar 2026,Jun 2026,732|677|659|741|733|704|666|751|736|740|717|773,51|50|50|49|50|50|51|52|52|53|55|61,,1438|1542|1632|1626|1769|1665|1885|2193|2482|2754|2844|2944,12|15|16|16|16|15|17|11|13|17|18|15,53|54|54|53|54|54|53|58|58|51|50|53,3|3|2|2|2|2|2|2|2|2|2|2,166|251|305|165|408|201|329|458|312|412,570|538|542|489|471|484|457|440|435|444|460|504,181|184|195|187|201|223|277|296|300|282|328|344,62.89|62.89|62.88|62.88|62.88|62.89|62.89|62.89,15.10|14.35|13.13|12.66|12.11|12.77|12.35|12.13,15.26|15.25|16.25|15.98|16.08|15.14|14.62|13.36,12.13,13.36,25.49,2.59
Waterways Leisur,/company/CORDELIA/consolidated/,CORDELIA,63.14,,,64.0,92.3,89.35,,7605.05,105.05,42.9,30,nse,consolidated,189,,105,7605,Consumer Discretionary,Consumer Services,"Tour, Travel Related Services",,,-2,Jun 2026,Mar 2026,Jul 2026,176|154|190,,,444|591|580,24|36|20,,61|47|58,230|130|-96,318|91|75,10|6|6,89.35|89.35,6.41|6.41,1.09|1.09,6.41,1.09,7.5,13.11
Tata Tele. Mah.,/company/TTML/,TTML,43.69,,-0.38,55.6,,74.36,,7592.94,38.84,14.57,30,nse,standalone,,-102,38.8,7593,Telecommunication,Telecommunication,Telecom - Cellular & Fixed line services,2,2,-7,Jun 2026,Mar 2026,Jun 2026,287|296|323|324|344|333|308|284|286|294|296|302,,,2893|2972|2703|1869|1277|1078|1044|1094|1106|1192|1308|1160,21|25|24|7|52|39|47|43|45|44|44|53,1.57|1.09|0.31|0.12|0.00|0.00|0.00|0.00|0.00|0.00|0.00|0.00,60.48|57.05|44.05|47.04|52.82|46.70|42.88|45.52|42.26|41.90|36.24|27.82,730|603|-734|-360|567|530|558|586|505|668,4188|3363|7460|847|718|894|830|779|740|788|798|939,12|5|2|0|0|0|0|0|0|0|0|0,74.36|74.36|74.36|74.36|74.36|74.36|74.36|74.36,2.39|2.34|2.53|2.81|2.64|2.64|2.60|2.52,0.08|0.09|0.12|0.12|0.13|0.14|0.17|0.18,2.52,0.18,2.7,6.55
Star Cement,/company/STARCEMENT/consolidated/,STARCEMENT,8.70,,2.38,16.7,13.2,58.10,,7590.10,187.79,4.41,30,nse,consolidated,20.1,79.0,188,7590,Commodities,Construction Materials,Cement & Cement Products,12,17,15,Jun 2026,Mar 2026,Jun 2026,585|651|914|751|642|719|1052|912|811|880|1174|943,12.44|10.71|22.90|22.69|14.05|21.57|9.84|12.82|10.83|13.59|14.64|15.07,,1430|1715|1528|1615|1831|1843|1720|2222|2705|2911|3163|3776,31|23|27|32|25|21|19|16|17|19|18|25,16.05|20.15|22.27|18.73|23.85|21.80|23.45|25.83|12.62|16.48|16.41|13.14,17.15|17.30|17.91|18.18|19.58|24.45|25.10|24.92|26.97|25.44|24.29|14.77,300|421|616|483|350|417|358|490|296|765,1028|919|863|785|722|696|823|923|891|1416|2421|2612,109|209|161|295|277|257|235|195|374|335|446|466,66.47|57.69|57.67|57.66|57.59|57.62|58.12|58.10,1.36|1.20|2.02|2.24|2.96|2.47|2.26|2.29,4.96|4.95|5.17|4.93|4.38|4.48|2.65|2.38,2.29,2.38,4.67,2.01
SML Mahindra,/company/SMLMAH/,SMLMAH,27.67,,14.45,30.9,35.4,58.97,,7504.87,5186.50,126.57,30,nse,standalone,48.0,359,5186,7505,Industrials,Capital Goods,Commercial Vehicles,16,37,18,Jun 2026,Mar 2026,Jun 2026,499|386|680|746|550|332|771|846|555|539|898|958,77|75|76|77|77|72|75|76|76|74|78|78,,1106|1166|1356|1135|1409|1154|591|924|1822|2196|2399|2838,6|7|8|4.0|5|1.0|-12|-4.5|4.5|8|10|10,73|73|74|74|75|78|80|82|80|77|76|76,1|2|1|2|1|1|2|2|1|1|1|1,121|-33|55|150|-47|-19|90|-50|177|156,138|171|215|365|380|426|389|349|356|340|321|337,286|339|295|364|424|269|260|296|422|580|578|661,43.96|43.96|43.96|43.96|58.97|58.97|58.97|58.97,15.35|15.32|15.24|15.73|1.80|0.61|0.77|1.24,0.05|0.00|0.04|0.29|0.63|0.64|1.56|2.43,1.24,2.43,3.67,2.64
Technocraf.Inds.,/company/TIIL/consolidated/,TIIL,12.69,,3.69,16.1,15.0,74.74,,7465.25,3292.60,19.45,30,nse,consolidated,22.0,892,3293,7465,Industrials,Capital Goods,Iron & Steel Products,12,16,12,Jun 2026,Mar 2026,Jun 2026,520|513|593|620|629|644|702|633|752|662|712|805,44.25|46.18|49.99|47.16|46.02|48.61|47.12|43.69|47.17|45.24|36.64|38.16,,1029|921|936|1184|1313|1352|1295|1911|1985|2182|2596|2759,13|16|16|15|15|15|16|21|20|18|16|17,54.39|45.57|40.36|46.49|45.70|39.94|41.21|42.16|39.14|44.02|45.84|43.19,14.88|16.92|21.51|18.25|18.02|22.12|19.12|16.46|17.37|15.60|15.49|0.00,54|-27|26|201|258|108|136|308|276|243,158|163|203|245|319|480|424|420|438|738|855|858,228|215|309|391|478|528|462|550|790|714|742|786,74.74|74.74|74.74|74.74|74.74|74.74|74.74|74.74,0.62|0.45|0.39|0.48|0.51|0.44|0.40|0.40,6.85|6.92|7.02|6.61|6.97|7.00|6.85|7.18,0.40,7.18,7.58,2.71
Sapphire Foods,/company/SAPPHIRE/consolidated/,SAPPHIRE,16.66,,5.36,3.98,-1.03,26.06,,7440.01,231.50,65.59,30,nse,consolidated,3023,43.3,232,7440,Consumer Discretionary,Consumer Services,Restaurants,11,25,10,Jun 2026,Mar 2026,Jun 2026,643|666|632|718|696|757|711|777|742|814|792|891,31.28|31.13|31.12|31.41|31.20|31.41|31.85|32.61|32.24|31.33|31.24|31.21,,957|1194|1340|1020|1722|2266|2594|2882|3125,1.6|3.3|14|12|18|19|18|17|15,33.55|33.06|32.20|30.40|30.66|32.69|31.26|31.47|31.84,10.60|10.71|12.43|12.31|10.22|10.82|11.47|11.84|11.80,3|47|213|154|395|382|449|508|507,628|719|1161|1084|1390|1789|2178|2338|2569,34|38|47|48|66|100|97|96|112,26.19|26.13|26.09|26.06|26.06|26.06|26.06|26.06,31.46|30.67|30.42|31.55|31.31|29.22|28.98|25.25,37.11|38.32|38.51|37.86|37.25|37.54|37.49|41.92,25.25,41.92,67.17,2.38
Kirl. Ferrous,/company/KIRLFER/,KIRLFER,9.11,,1.92,13.4,14.5,50.78,,7423.79,449.85,5.69,30,nse,standalone,19.0,234,450,7424,Commodities,Metals & Mining,Pig Iron,2,28,3,Jun 2026,Mar 2026,Jun 2026,1559|1545|1532|1554|1667|1609|1737|1698|1728|1618|1817|1772,53|55|57|57|56|56|59|59|55|55|57|54,,1365|1114|1277|1765|2159|1850|2038|3615|6399|6134|6564|6889,11|14|13|6|10|12|23|18|13|14|12|12,60|53|57|65|63|61|52|61|58|55|57|57,21|23|19|19|18|16|16|13|19|21|21|21,75|129|158|204|296|168|804|567|662|942,542|550|574|561|608|854|1012|1160|2990|3103|3513|3610,118|93|122|217|246|236|284|550|1072|1027|1127|1073,50.93|50.91|50.90|50.90|50.86|50.82|50.80|50.78,1.86|1.94|1.93|1.91|1.90|1.76|1.78|1.68,10.50|10.47|10.68|10.70|11.31|11.95|12.57|12.56,1.68,12.56,14.24,1.08
Leap India,/company/LEAPIND/consolidated/,LEAPIND,23.94,,,8.34,8.09,55.64,,7418.63,168.40,126.26,30,nse,consolidated,141,,168,7419,Services,Services,Diversified Commercial Services,42,33,56,,Mar 2026,Aug 2026,,,,174|253|365|466|730,48|48|56|55|49,7.72|1.99|2.75|2.48|4.08,10.12|24.27|11.27|9.61|10.65,86|153|149|255|268,565|911|1084|1555|1819,5|18|15|28|33,55.64,15.24,10.01,15.24,10.01,25.25,10.16
Safari Inds.,/company/SAFARI/consolidated/,SAFARI,24.71,,6.62,19.3,15.9,44.70,,7397.12,1509.70,5.54,30,nse,consolidated,44.8,228,1510,7397,Consumer Discretionary,Consumer Durables,Plastic Products - Consumer,19,44,14,Jun 2026,Mar 2026,Jun 2026,370|388|365|450|458|443|421|528|534|512|473|589,54|52|49|56|56|55|51|54|53|54|51|55,,211|271|344|419|578|686|328|705|1212|1550|1772|2047,6|7|7|10|9|11|-1.7|8|16|18|13|13,59|57|58|54|57|55|57|62|56|51|52|51,6|7|6|7|12|14|17|15|15|11|11|11,24|-48|-38|71|111|16|51|217|57|173,12|24|23|32|29|79|67|96|184|293|414|456,60|76|94|123|187|160|114|146|266|269|350|330,45.41|45.41|45.41|45.41|44.90|44.70|44.70|44.70,12.24|12.26|13.25|13.05|12.30|12.32|10.81|10.56,22.73|23.97|23.71|24.68|26.11|26.56|28.30|28.26,10.56,28.26,38.82,3.61
Indian Metals,/company/IMFA/consolidated/,IMFA,10.39,,2.72,18.4,16.8,58.69,,7395.49,1370.70,26.14,30,nse,consolidated,14.1,504,1371,7395,Commodities,Metals & Mining,Ferro & Silica Manganese,2,9,24,Jun 2026,Mar 2026,Jun 2026,693|685|701|662|692|643|567|642|719|703|763|960,53.35|40.55|41.81|51.12|37.89|39.73|40.10|40.22|39.17|34.57|35.33|33.48,,1345|1211|1672|1766|1634|1612|1844|2603|2676|2780|2565|2826,18|10|31|24|17|6|18|31|18|21|21|21,52.80|56.47|42.16|46.15|47.46|58.33|50.72|42.14|54.46|41.74|39.70|37.23,8.26|8.67|9.48|12.23|13.08|13.32|13.30|9.85|10.42|20.53|21.66|22.78,485|290|217|221|207|390|151|460|585|318,1372|1330|1275|1256|1177|1216|1155|1111|990|997|1050|1571,405|331|340|428|545|432|445|622|647|712|736|815,58.69|58.69|58.69|58.69|58.69|58.69|58.69|58.69,3.10|4.04|3.81|3.40|3.69|3.35|3.87|3.59,0.92|0.82|0.81|0.19|0.21|0.64|0.82|0.88,3.59,0.88,4.47,2.62
Borosil Renew.,/company/BORORENEW/,BORORENEW,13.87,,4.69,26.6,27.7,56.01,,7392.30,502.25,23.78,30,nse,standalone,18.4,107,502,7392,Industrials,Capital Goods,Glass - Industrial,31,25,34,Jun 2026,Mar 2026,Aug 2026,280|241|227|241|266|275|327|332|378|386|438|406,37.61|31.91|31.83|29.08|24.65|35.35|28.37|25.87|20.91|23.30|25.84|20.65,,175|222|267|296|217|271|502|641|685|988|1107|1530,4.3|4.7|7|14|16|14|39|38|23|10|15|31,57.77|56.86|53.91|50.35|25.75|31.06|21.43|17.74|21.75|29.70|29.43|24.07,2.74|2.98|3.06|3.86|31.64|32.41|23.58|25.52|33.62|42.57|39.27|30.45,25|30|-49|26|161|173|26|92|186|425,156|158|109|108|117|345|320|278|935|836|704|612,36|40|40|39|37|47|38|69|174|147|173|120,61.58|62.20|61.93|61.85|58.77|58.77|58.78|56.01,5.35|4.54|4.62|4.81|4.01|4.27|6.14|5.62,1.02|1.20|0.72|0.78|2.57|2.33|2.62|3.33,5.62,3.33,8.95,4.83
NESCO,/company/NESCO/consolidated/,NESCO,12.78,,2.47,18.5,14.8,68.54,,7387.02,1048.40,4.45,30,nse,consolidated,17.7,425,1048,7387,Services,Services,Diversified Commercial Services,20,26,21,Jun 2026,Mar 2026,Jun 2026,175|178|189|141|192|207|192|193|239|248|252|212,8.17|8.34|9.82|7.60|9.85|8.62|10.94|12.59|12.39|15.70|14.73|17.15,,195|263|311|321|361|432|291|337|546|678|732|932,71|72|69|68|64|64|64|65|67|63|60|53,4.68|4.91|5.80|5.70|6.63|4.30|5.85|7.62|6.57|8.76|9.35|13.94,4.76|8.82|10.84|9.75|9.76|10.65|7.39|9.18|11.46|11.18|11.73|11.52,153|146|171|208|130|163|297|377|349|388,159|165|188|229|213|776|759|846|804|757|916|1175,8|11|13|12|9|9|7|8|12|14|10|13,68.54|68.54|68.54|68.54|68.54|68.54|68.54|68.54,3.95|4.91|4.90|4.89|4.89|4.65|4.63|4.32,4.06|3.36|3.19|3.06|3.97|3.78|3.84|4.12,4.32,4.12,8.44,7.93
Sanofi India,/company/SANOFI/,SANOFI,13.92,,8.86,57.5,43.0,60.40,,7327.22,3181.60,7.87,30,nse,standalone,21.4,359,3182,7327,Healthcare,Healthcare,Pharmaceuticals,-13,-9,-9,Jun 2026,Dec 2025,Jun 2026,491|469|511|464|524|515|536|406|475|420|472|438,49|47|49|48|50|49|45|51|50|50|50|51,,1977|2193|2367|2460|2771|3071|2902|2957|2770|2851|2013|1837,17|17|23|22|23|22|25|26|25|28|24|27,49.26|46.13|45.00|40.82|41.36|43.88|43.20|44.20|42.94|42.12|48.64|48.83,5.34|4.78|4.51|4.18|4.40|3.90|3.93|2.96|3.20|3.15|2.27|2.00,322|435|374|412|611|559|399|231|462|438,648|877|817|769|733|499|464|334|306|315|312|304|291,478|479|493|416|483|470|368|392|408|664|500|312|311,60.40|60.40|60.40|60.40|60.40|60.40|60.40|60.40,5.78|5.64|5.58|5.61|5.57|5.55|5.65|5.69,22.62|22.94|23.02|23.06|22.28|21.30|21.12|19.87,5.69,19.87,25.56,3.99
ASM Technologies,/company/526433/consolidated/,526433,57.14,,23.84,27.0,25.5,57.65,,7301.64,5005.70,12.58,30,bse,consolidated,100.0,210,5006,7302,Information Technology,Information Technology,Computers - Software & Consulting,34,31,68,Jun 2026,Mar 2026,Jun 2026,50|56|45|53|57|65|115|123|154|116|135|199,7.44|7.07|19.62|2.20|1.91|6.36|34.04|22.60|33.83|19.50|16.22|34.74,,164|63|81|83|88|92|137|192|220|202|289|529,10|-10|8|2.9|6|2.6|12|11|9|2.8|16|19,0.00|0.00|0.00|0.00|-2.83|-1.40|-1.59|-1.71|11.81|8.72|15.78|23.57,24.47|13.77|1.44|5.72|13.77|14.05|11.70|13.65|6.24|6.82|2.04|7.07,28|0|2|-8|4|14|20|-1|-23|68,57|8|10|11|11|15|16|28|48|49|76|120,0|0|0|0|2|4|6|9|3|4|19|70,57.09|57.09|57.09|56.83|57.41|57.96|57.96|57.65,0.21|0.23|0.23|0.67|0.53|0.50|0.23|0.49,0.02|0.00|0.00|0.02|0.08|0.36|0.43|0.72,0.49,0.72,1.21,13.8
Cera Sanitary.,/company/CERA/,CERA,22.72,,4.95,19.2,14.8,54.41,,7292.92,5654.50,6.64,30,nse,standalone,35.3,1142,5654,7293,Consumer Discretionary,Consumer Durables,Sanitary Ware,4,11,9,Jun 2026,Mar 2026,Jun 2026,461|437|547|398|490|449|578|407|488|499|624|486,47|46|49|45|48|47|49|49|49|50|56|54,,822|917|1011|1182|1344|1209|1202|1442|1803|1871|1915|2050,14|15|17|14|14|14|12|15|16|16|15|13,47|48|48|48|48|48|54|47|46|47|47|51,8|7|5|5|5|5|4|7|8|6|6|6,112|72|114|123|262|98|156|228|116|212,215|226|266|279|305|350|330|321|320|356|380|372,126|132|129|161|179|204|170|288|376|359|406|396,54.41|54.41|54.41|54.41|54.41|54.41|54.41|54.41,22.89|22.17|20.58|17.18|15.83|14.61|14.20|15.42,6.06|6.26|6.93|12.06|13.55|14.01|14.18|14.07,15.42,14.07,29.49,3.56
GMR Urban,/company/GMRP&UI/consolidated/,GMRP&UI,8.39,,3.83,12.0,-14.3,46.28,,7290.80,93.35,8.56,30,nse,consolidated,,24.4,93.4,7291,Utilities,Power,Power Generation,10,22,16,Jun 2026,Mar 2026,Jun 2026,627|1103|1634|1612|1384|1611|1737|1648|1810|1869|2004|1705,46.80|22.50|12.89|4.37|8.13|22.50|23.70|18.65|31.47|31.77|29.72|23.34,,2733|4102|5516|4489|6344|7332,1.6|12|8|20|24|22,59.15|66.05|72.18|33.23|15.09|28.19,17.20|13.07|12.66|32.32|47.36|32.29,588|1215|1230|1690|2833|1260,3146|3013|2912|10938|8167|7928,81|87|50|212|395|499,50.55|50.55|50.55|50.55|50.56|50.56|46.28|46.28,3.41|3.95|4.99|4.76|3.89|3.76|3.43|16.00,2.35|2.25|2.29|1.96|1.77|1.77|5.22|5.47,16.00,5.47,21.47,0.99
Standard Engineering Technology,/company/SETL/consolidated/,SETL,49.08,,9.22,14.7,10.7,60.47,,7265.49,364.20,26.8,30,nse,consolidated,85.0,39.5,364,7265,Industrials,Capital Goods,Industrial Products,16,,32,Jun 2026,Mar 2026,Jun 2026,138|201|142|165|140|166|173|183|192|227|248,60|64|57|52|53|62|54|52|53|53|55,,240|498|544|614|774,17|17|17|18|15,48|57|58|56|54,26|20|16|17|0,-7|2|-65|5|45,52|75|96|136|183,126|143|225|279|438,60.41|60.41|60.41|60.47|60.47|60.47,2.63|2.45|2.72|2.54|2.43|2.78,2.21|0.98|1.10|0.77|0.35|0.20,2.78,0.20,2.98,9.39
GNG Electronics,/company/EBGNG/consolidated/,EBGNG,34.62,,9.55,20.3,26.8,74.78,,7240.87,635.10,33.79,30,nse,consolidated,50.8,66.5,635,7241,Information Technology,Information Technology,Computers Hardware & Equipments,42,41,36,Jun 2026,Mar 2026,Jun 2026,255|353|347|456|312|440|487|652|412,-35.91|7.03|-30.58|0.18|-20.63|30.98|-55.14|-3.63|9.25,,245|344|519|661|1138|1411|1891,2.4|3.9|6|7|7|8|10,92|90|89|88|88|82|-12,0|0|0|0|0|0|0,-35|-12|-17|1|97|25|-215,8|7|7|8|41|41|74,48|94|113|135|314|487|743,78.71|78.71|78.71|74.78,3.42|2.41|2.78|5.27,4.62|4.67|5.20|6.82,5.27,6.82,12.09,3.83
Tanla Platforms,/company/TANLA/consolidated/,TANLA,7.76,,2.89,26.3,21.4,46.17,,7218.61,544.25,106.19,30,nse,consolidated,13.6,188,544,7219,Information Technology,Information Technology,Software Products,10,14,13,Jun 2026,Mar 2026,Jun 2026,1009|1003|1006|1002|1001|1000|1024|1041|1078|1121|1178|1226,,,242|432|579|792|1004|1943|2341|3206|3355|3928|4028|4418,32|16|10|8|10|9|19|22|18|19|17|16,,60|74|86|88|86|80|76|72|75|74|74|74,72|32|-30|239|561|486|247|590|642|574,95|51|466|452|350|257|257|305|484|700|739|761,27|29|22|0|0|0|0|0|0|0|0|0,44.12|44.11|44.11|45.49|46.17|46.17|46.17|46.17,14.64|12.48|10.39|7.31|9.06|8.34|7.60|7.63,0.79|0.46|0.80|0.94|0.76|0.30|0.28|0.38,7.63,0.38,8.01,1.63
Gokul Agro,/company/GOKULAGRO/consolidated/,GOKULAGRO,9.14,,5.06,36.7,30.0,74.24,,7210.15,244.34,18.2,30,nse,consolidated,17.2,48.2,244,7210,Fast Moving Consumer Goods,Fast Moving Consumer Goods,Edible Oil,31,24,21,Jun 2026,Mar 2026,Jun 2026,4119|3340|3938|4290|4810|4988|5462|4924|6638|6314|6200|5282,96|96|96|95|95|95|96|95|95|96|95|93,,3631|4288|5060|4545|5586|8371|10384|10740|13854|19551|24077,1.4|2.0|2.1|2.6|2.1|1.7|2.2|2.5|2.1|2.7|2.8,94|95|95|94|95|95|94|94|95|95|95,1|1|1|1|1|2|2|2|1|1|0,-7|-52|102|132|135|60|20|355|467|325,135|178|222|216|240|233|264|355|742|817|930,370|352|414|473|469|368|735|648|1298|1874|2323,73.67|73.67|73.67|73.67|73.67|74.24|74.24|74.24,1.11|1.35|1.51|1.44|1.87|1.58|1.51|1.87,0.05|0.03|0.04|0.01|0.01|0.01|0.09|0.11,1.87,0.11,1.98,0.3
Le Travenues,/company/IXIGO/consolidated/,IXIGO,53.00,,3.49,6.80,5.54,,,7205.57,163.36,17.95,30,nse,consolidated,82.3,46.7,163,7206,Consumer Discretionary,Consumer Services,"Tour, Travel Related Services",35,55,21,Jun 2026,Mar 2026,Jun 2026,164|171|165|182|206|242|284|316|283|320|308|357,,,40|112|136|380|501|656|914|1228,-134|-22|2.4|-3.2|6|6|8|5,,16|9|0|0|2|2|2|0,-42|34|-15|-34|31|43|122|196,8|6|100|289|292|271|286|528,,,59.83|61.07|59.48|59.90|59.64|63.70|64.19|61.28,8.50|8.19|9.74|10.94|9.37|9.32|10.10|13.00,61.28,13.00,74.28,5.87
Restaurant Brand,/company/RBA/consolidated/,RBA,22.63,,8.15,-0.47,-22.7,9.22,,7189.85,100.97,150.61,30,nse,consolidated,,12.4,101,7190,Consumer Discretionary,Consumer Services,Restaurants,11,23,13,Jun 2026,Mar 2026,Jun 2026,625|604|597|647|632|639|633|698|703|715|707|823,35.78|35.61|35.77|35.51|35.10|34.42|34.72|34.59|33.88|32.83|31.93|31.32,,1004|1490|2054|2437|2551|2823,2.5|6|5|10|11|12,39.52|36.89|35.81|35.78|34.94|33.30,14.80|13.66|14.78|13.96|13.79|13.04,48|69|124|346|350|303,1391|1514|1953|2320|2603|2801,20|23|32|35|44|39,13.17|13.16|11.27|11.27|11.27|11.26|11.26|9.22,17.53|15.34|20.37|20.52|20.64|16.82|10.59|9.25,37.75|38.84|40.45|39.97|40.07|37.26|45.60|39.62,9.25,39.62,48.87,2.55
Aeroflex,/company/AEROFLEX/consolidated/,AEROFLEX,59.59,,16.04,18.9,14.1,65.47,,7173.65,542.10,72.25,30,nse,consolidated,107,33.8,542,7174,Industrials,Capital Goods,Iron & Steel Products,18,25,36,Jun 2026,Mar 2026,Jun 2026,84|73|78|90|95|100|92|84|111|121|126|145,63|62|63|60|59|60|58|59|56|56|57|56,,144|144|241|269|318|376|442,15|16|20|20|20|21|23,66|65|65|63|63|58|57,5|6|5|4|5|7|6,13|12|32|7|44|27|66,44|43|46|56|83|172|213,32|34|36|56|59|67|84,66.99|66.99|66.99|66.99|66.99|66.99|65.47|65.47,0.13|1.57|0.66|0.39|0.23|0.99|1.49|3.61,5.59|5.66|5.91|3.87|3.43|3.55|3.80|1.48,3.61,1.48,5.09,16.23
Mrs Bectors,/company/BECTORFOOD/,BECTORFOOD,26.42,,6.08,12.9,10.4,49.04,,7148.89,232.87,150.41,30,nse,standalone,55.3,38.3,233,7149,Fast Moving Consumer Goods,Fast Moving Consumer Goods,Packaged Foods,15,18,11,Jun 2026,Mar 2026,Jun 2026,386|400|379|409|463|458|412|438|515|497|449|507,53|55|52|52|53|55|56|55|56|55|54|53,,559|556|588|650|736|708|838|924|1264|1512|1742|1899,11|11|10|11|11|12|16|12|12|14|13|12,58|56|58|56|54|54|53|56|56|53|54|55,8|6|6|6|7|7|6|6|6|5|5|5,|||100|105|71|147|133|137|189,149|146|191|231|335|331|332|381|394|490|573|734,26|31|26|34|33|42|56|77|79|102|134|123,49.03|49.03|49.04|49.04|49.04|49.04|49.04|49.04,13.12|15.63|16.03|15.75|14.38|12.81|10.40|8.07,20.92|19.71|19.53|20.07|22.06|23.55|25.20|25.96,8.07,25.96,34.03,3.76
M B Agro Prod.,/company/MBAPL/,MBAPL,31.29,,12.94,19.3,31.3,74.76,,7138.97,162.94,21.65,30,nse,standalone,46.1,12.6,163,7139,Commodities,Chemicals,Fertilizers,24,59,48,Jun 2026,Mar 2026,Jun 2026,278|244|146|200|278|284|297|410|450|612|395|416,73|80|45|62|71|69|68|73|71|76|73|68,,62|65|82|90|107|129|185|490|981|815|1058|1866,10|19|26|23|28|27|23|22|21|12|14|12,70|57|39|45|45|44|49|58|63|68|68|73,0|10|12|11|11|11|10|8|7|7|6|4,8|19|15|14|30|-72|-70|148|96|-127,59|88|94|102|93|83|85|153|203|265|279|436,9|6|18|14|21|33|53|158|214|207|167|360,74.51|74.56|74.56|74.56|74.63|74.76|74.76|74.76,0.00|0.00|0.03|0.11|0.43|0.19|0.46|0.67,0.00|0.00|0.00|0.00|0.00|0.00|0.00|0.01,0.67,0.01,0.68,3.83
JK Paper,/company/JKPAPER/consolidated/,JKPAPER,9.16,,1.29,7.39,4.77,52.94,,7099.54,391.55,34.59,30,nse,consolidated,21.7,304,392,7100,Commodities,Forest Materials,Paper & Paper Products,3,21,10,Jun 2026,Mar 2026,Jun 2026,1650|1706|1719|1714|1683|1632|1677|1661|1749|1717|1966|1887,52|55|55|57|59|63|63|60|62|63|62|59,,2160|2437|2629|2844|3257|3060|2751|3969|6437|6659|6662|7076,12|16|20|22|27|28|20|25|31|24|14|13,62|60|57|54|50|45|48|44|44|52|61|62,15|13|12|12|11|13|15|16|14|11|11|11,565|560|879|558|475|774|1762|1376|643|773,2370|2752|2688|2654|2706|3142|3031|5280|5756|5846|6255|6511,374|335|383|394|346|498|383|519|819|942|1214|1348,49.64|49.64|49.64|49.63|49.63|49.63|52.94|52.94,11.37|12.18|11.86|11.76|11.50|12.07|11.59|11.39,5.81|5.55|5.50|5.47|5.58|5.86|6.15|6.27,11.39,6.27,17.66,1
INDIA SHELTE FIN,/company/INDIASHLTR/,INDIASHLTR,11.25,,2.21,12.9,17.1,46.05,,7081.20,649.85,10.62,30,nse,standalone,13.4,294,650,7081,Financial Services,Financial Services,Housing Finance Company,38,37,26,Jun 2026,Mar 2026,Jun 2026,204|209|234|251|282|304|327|361|369|390|411|432,,,172|230|317|448|584|829|1165|1530,,,1.80|0.91|0.85|0.32|1.02|1.12|1.29|1.19,-341|-292|-421|-495|-853|-1233|-1436|-1183,7|18|15|17|24|30|29|29,,48.14|48.00|47.92|47.91|47.71|47.60|47.53|46.05,5.77|6.23|6.93|7.96|8.02|7.48|6.87|6.86,21.87|20.66|18.52|17.67|21.00|20.72|21.39|21.92,6.86,21.92,28.78,4.63
Sharda Cropchem,/company/SHARDACROP/consolidated/,SHARDACROP,5.93,,2.25,30.2,23.2,74.82,,7071.03,783.75,16.42,30,nse,consolidated,11.3,348,784,7071,Commodities,Chemicals,Pesticides & Agrochemicals,9,17,19,Jun 2026,Mar 2026,Jun 2026,581|632|1312|785|777|929|1829|985|929|1289|2065|1074,75|74|65|71|72|67|70|65|65|65|63|63,,1061|1222|1399|1707|1998|2003|2396|3580|4045|3163|4320|5268,17|23|23|21|19|17|19|19|16|10|14|20,67|64|64|67|69|69|68|70|71|74|70|64,0|0|0|0|0|0|0|0|0|0|0|0,181|17|556|146|246|267|328|341|604|656,88|130|210|226|372|416|544|592|668|708|750|989,140|160|288|530|365|382|526|893|1134|992|972|1120,74.82|74.82|74.82|74.82|74.82|74.82|74.82|74.82,2.52|3.77|4.69|5.48|5.26|4.20|4.60|3.12,12.77|10.07|10.28|9.38|9.26|9.95|9.70|9.18,3.12,9.18,12.3,1.34
Inox Green,/company/INOXGREEN/consolidated/,INOXGREEN,32.92,,4.09,8.42,5.62,56.12,,6996.40,174.26,18.89,30,nse,consolidated,57.1,42.5,174,6996,Services,Services,Diversified Commercial Services,3,10,16,Jun 2026,Mar 2026,Jun 2026,47|60|52|51|55|61|65|56|86|78|69|43,0.00|0.00|0.00|0.00|0.00|0.00|0.00|0.00|0.00|6.53|0.00|0.00,,368|164|165|172|172|254|224|236|281,4.2|50|53|37|48|23|33|22|8,15|0|0|0|8|21|1|0|4,53|35|34|31|28|40|39|42|0,65|-41|362|49|141|-26|-8|60|67,500|512|776|765|953|1095|755|704|15,281|415|359|355|21|31|71|97|102,56.35|55.93|55.93|55.97|55.97|54.82|56.12|56.12,9.12|8.79|8.93|7.19|7.88|7.57|8.74|7.86,3.70|3.71|3.72|1.33|1.08|1.41|1.50|1.87,7.86,1.87,9.73,24.9
Omnitech Engg.,/company/OMNI/consolidated/,OMNI,32.38,,10.29,17.6,18.0,74.19,,6993.93,565.55,111.38,30,nse,consolidated,67.3,55.0,566,6994,Industrials,Capital Goods,Industrial Products,42,,49,Jun 2026,Mar 2026,Jun 2026,74|107|103|125|134|149|167,24.63|26.21|32.28|19.68|20.06|24.54|28.06,,177|178|343|511,36|36|34|33,28.16|23.28|23.70|23.74,13.07|16.60|17.32|0.00,39|21|-69|-2,68|219|242|340,54|91|179|315,74.19|74.19,4.26|4.31,11.92|10.81,4.31,10.81,15.12,13.69
Redtape,/company/REDTAPE/consolidated/,REDTAPE,15.58,,6.81,24.5,26.6,71.83,,6965.93,126.01,6.08,30,nse,consolidated,28.3,18.5,126,6966,Consumer Discretionary,Consumer Durables,Footwear,18,,19,Jun 2026,Mar 2026,Jun 2026,325|618|507|442|416|661|506|464|492|787|676|481,49|52|54|54|53|54|53|53|61|55|57|53,,303|1468|1843|2021|2419,16|17|17|11|15,|52|51|54|57,|8|7|7|5,44|127|84|4|174,304|368|646|717|750,397|643|764|1221|1152,71.80|71.80|71.80|71.80|71.80|71.79|71.83|71.83,3.30|3.48|3.53|3.64|3.83|3.88|3.81|3.21,10.20|10.23|10.25|10.27|10.77|10.88|11.01|11.74,3.21,11.74,14.95,2.88
Nephrocare Health Services,/company/NEPHROPLUS/consolidated/,NEPHROPLUS,25.90,,6.23,15.3,8.83,63.85,,6962.20,692.35,11.23,30,nse,consolidated,81.8,111,692,6962,Healthcare,Healthcare,Healthcare Service Provider,32,28,32,Jun 2026,Mar 2026,Jun 2026,197|219|228|246|260|266|282,25.04|24.42|23.91|22.05|22.53|22.45|22.16,,286|318|437|566|756|999,13|5|11|18|22|23,31.58|33.32|32.59|0.00|0.00|0.00,4.12|4.82|4.17|35.28|31.04|28.34,32|14|11|72|135|233,192|205|239|356|396|517,16|15|26|26|27|33,63.85|63.85|63.85,9.30|9.94|8.78,8.10|8.64|9.05,8.78,9.05,17.83,6.97
Sheela Foam,/company/SFL/consolidated/,SFL,16.05,,2.14,6.11,4.80,65.39,,6956.25,637.00,19.01,30,nse,consolidated,34.2,298,637,6956,Consumer Discretionary,Consumer Durables,"Furniture, Home Furnishing",10,9,17,Jun 2026,Mar 2026,Jun 2026,613|879|845|810|813|967|850|821|875|1074|1050|1032,60|58|56|58|55|59|61|55|55|58|56|59,,1359|1550|1680|1889|2066|2121|2437|2866|2873|2982|3439|3821,7|11|12|11|10|14|15|11|10|10|7|10,61|51|54|55|55|48|54|63|60|57|56|54,8|8|8|7|6|8|5|5|5|6|7|6,122|134|138|157|254|197|218|406|247|409,286|288|318|348|412|851|894|883|865|3129|3080|3198,118|105|147|173|187|227|315|314|331|339|350|393,65.48|65.69|65.69|65.69|65.69|65.69|65.69|65.39,6.60|6.56|6.23|4.62|4.07|4.18|4.15|4.17,22.30|21.03|21.17|21.12|21.11|20.39|20.55|18.52,4.17,18.52,22.69,1.82
Suprajit Engg.,/company/SUPRAJIT/consolidated/,SUPRAJIT,14.90,,4.81,15.5,13.1,45.26,,6930.99,505.25,6.93,30,nse,consolidated,36.9,105,505,6931,Consumer Discretionary,Automobile and Auto Components,Auto Components & Equipments,12,18,18,Jun 2026,Mar 2026,Jun 2026,709|724|783|735|834|832|877|863|941|979|1042|1070,59|58|59|56|57|57|57|55|54|56|58|55,,605|940|1203|1431|1590|1563|1641|1840|2752|2896|3277|3825,16|17|17|17|15|14|14|14|11|11|10|10,62|60|57|56|58|59|58|59|59|59|57|56,4|4|3|3|3|3|3|3|3|3|3|3,126|217|145|232|161|182|239|249|185|171,168|330|556|544|553|613|598|588|807|852|1010|1128,80|169|206|241|282|290|328|362|532|502|628|788,44.64|44.64|44.60|45.09|45.13|45.14|45.26|45.26,6.30|6.83|7.05|7.11|6.64|6.79|6.50|6.54,17.20|17.24|17.20|16.73|17.08|17.10|17.17|17.01,6.54,17.01,23.55,1.81
Campus Activewe.,/company/CAMPUS/,CAMPUS,22.19,,7.61,21.2,18.0,72.08,,6912.64,226.14,19.48,30,nse,standalone,44.9,29.7,226,6913,Consumer Discretionary,Consumer Durables,Footwear,6,20,14,Jun 2026,Mar 2026,Jun 2026,259|472|364|339|333|515|406|343|387|589|456|385,45.65|48.72|50.13|47.03|47.65|49.16|48.28|45.38|46.67|47.39|48.54|45.02,,410|464|633|711|1194|1484|1448|1593|1774,13|12|11|16|20|17|15|15|16,62.26|60.09|63.84|54.34|50.51|50.66|48.02|48.17|47.14,6.11|6.52|6.91|8.12|7.72|9.00|8.79|8.82|9.80,|22|-21|125|18|126|264|235|135,48|54|146|255|322|373|354|430|516,76|98|155|207|358|457|415|403|474,73.87|73.84|72.14|72.13|72.13|72.11|72.09|72.08,5.67|5.35|6.61|6.67|5.99|6.15|6.07|6.03,11.81|11.40|11.12|11.79|11.82|11.71|11.60|11.39,6.03,11.39,17.42,3.9
DCB Bank,/company/DCBBANK/,DCBBANK,13.57,,1.05,7.40,12.0,16.22,,6860.80,212.97,52.81,30,nse,standalone,8.71,203,213,6861,Financial Services,Financial Services,Private Sector Bank,21,16,11,Jun 2026,Mar 2026,Jun 2026,1306|1374|1445|1489|1568|1671|1742|1814|1823|1861|1907|1984,,,1422|1698|2076|2413|3041|3537|3458|3513|4200|5362|6471|7404,,,0.61|0.69|0.60|0.68|0.66|0.65|0.69|0.84|0.96|0.88|0.95|1.07,240|230|-281|171|-1502|1606|-1566|485|-441|6640,237|248|489|494|526|546|569|608|783|841|832|949,,14.73|14.72|14.70|14.69|14.66|16.24|16.23|16.22,11.06|10.85|9.64|11.69|10.49|11.92|12.64|13.48,26.65|27.89|29.18|31.79|31.93|32.14|32.80|32.28,13.48,32.28,45.76,0.93
Senores Pharma.,/company/SENORES/consolidated/,SENORES,29.89,,7.3,15.1,13.4,45.82,,6825.60,1482.10,36.65,30,nse,consolidated,54.0,203,1482,6826,Healthcare,Healthcare,Pharmaceuticals,162,,51,Jun 2026,Mar 2026,Jun 2026,79|102|80|101|103|114|138|162|171|175|180,61.40|44.31|43.07|47.62|39.51|50.31|44.47|35.29|39.20|37.80|36.47,,14|35|215|398|633,14|36|19|23|27,56.67|36.13|34.58|22.36|39.78,0.28|0.17|22.69|33.48|0.00,-10|-1|-26|-46|62,7|27|235|301|755,3|3|37|57|89,45.77|45.78|45.78|45.80|45.81|45.82|45.82,4.25|4.17|3.66|4.28|3.35|3.64|6.62,11.77|9.66|9.51|8.62|9.32|9.62|9.77,6.62,9.77,16.39,10.78
Electronics Mart,/company/EMIL/consolidated/,EMIL,15.21,,4.18,8.14,6.50,65.17,,6823.52,177.35,178.94,30,nse,consolidated,34.8,42.3,177,6824,Consumer Discretionary,Consumer Services,Diversified Retail,10,18,20,Jun 2026,Mar 2026,Jun 2026,1313|1775|1524|1927|1335|1805|1664|1739|1591|1940|1913|2419,85|86|86|84|85|86|85|85|86|86|85|83,,3172|3202|4349|5446|6285|6965|7183,7|6|7|6|7|6|6,85|86|86|86|85|86|86,1|1|1|1|1|2|0,36|64|116|-1|160|176|444,223|674|785|1142|1356|1758|1932,402|481|614|774|969|1242|1241,65.17|65.17|65.17|65.17|65.17|65.17|65.17|65.17,8.80|9.23|8.68|7.18|6.86|6.15|5.19|4.77,18.93|17.96|18.55|17.22|17.90|18.93|20.08|20.89,4.77,20.89,25.66,0.95
Transport Corp.,/company/TCI/consolidated/,TCI,10.67,,2.66,19.4,19.2,68.66,,6823.37,888.10,3.21,30,nse,consolidated,14.9,334,888,6823,Services,Services,Logistics Solution Provider,9,12,10,Jun 2026,Mar 2026,Jun 2026,994|1002|1079|1045|1121|1147|1179|1139|1205|1249|1324|1248,,,2417|1727|1943|2350|2754|2718|2802|3259|3783|4024|4492|4917,8|5|8|9|9|9|9|13|11|10|10|11,,82|82|82|82|83|82|83|80|81|82|82|81,99|157|179|243|305|368|361|299|359|444,521|532|542|626|727|772|805|801|791|862|964|1193,2|2|3|3|5|7|7|8|5|11|7|15,68.78|68.73|68.81|68.73|68.73|68.73|68.74|68.66,3.01|3.35|3.17|3.18|3.19|3.10|3.03|3.04,12.36|12.33|12.39|12.37|12.65|12.81|12.86|12.69,3.04,12.69,15.73,1.39
Birla Corpn.,/company/BIRLACORPN/consolidated/,BIRLACORPN,6.45,,0.92,9.78,7.83,62.90,,6786.12,881.20,7.58,30,nse,consolidated,12.2,956,881,6786,Commodities,Construction Materials,Cement & Cement Products,4,7,4,Jun 2026,Mar 2026,Jun 2026,2286|2310|2654|2190|1953|2257|2815|2454|2207|2159|2836|2646,16.78|14.22|16.83|13.32|14.62|14.93|16.72|18.79|12.49|11.58|17.51|16.63,,3210|3268|4348|5730|6549|6916|6785|7461|8682|9656|9214|9656,9|9|14|14|14|19|20|15|9|15|13|15,14.69|18.48|15.62|14.55|14.38|13.29|14.55|14.12|12.60|16.37|15.03|15.36,46.06|41.50|39.33|38.72|39.51|36.36|34.97|39.78|46.49|37.07|37.24|36.45,677|805|1064|1341|1328|1039|805|1620|1669|950,1928|2033|6362|7368|7263|7326|7324|7577|9843|9790|9535|9558,553|567|630|687|783|788|815|830|1078|986|997|1144,62.90|62.90|62.90|62.90|62.90|62.90|62.90|62.90,5.46|5.60|6.27|7.05|6.70|6.54|6.26|6.13,16.20|16.24|15.60|15.55|15.79|15.49|16.72|16.97,6.13,16.97,23.1,0.7
AXISCADES Tech.,/company/AXISCADES/consolidated/,AXISCADES,54.38,,9.33,3.57,4.06,58.03,,6782.82,1594.70,21.58,30,nse,consolidated,207,171,1595,6783,Industrials,Capital Goods,Aerospace & Defense,-14,0,4,Jun 2026,Mar 2026,Jun 2026,252|232|256|224|265|275|268|94|299|343|109|183,24|15|20|14|24|23|21|40|24|24|43|53,,318|375|487|519|608|673|524|610|822|955|1031|531,13|14|8|3.5|2.2|14|12|12|18|14|14|9,0.00|0.00|13.76|10.57|15.55|15.24|18.80|19.12|21.81|19.42|20.70|44.68,9.75|12.01|4.09|4.30|3.76|4.14|10.30|10.29|8.13|5.80|5.93|0.00,9|-38|37|65|122|31|71|79|88|-1,49|48|159|344|339|355|288|286|312|414|398|468,0|0|2|30|23|23|23|53|67|69|61|79,59.86|59.56|59.49|58.20|58.08|58.05|58.05|58.03,0.40|0.51|0.69|1.62|2.17|1.45|1.16|1.45,4.08|3.82|2.03|1.34|1.16|0.94|1.63|1.96,1.45,1.96,3.41,12.77
SPARC,/company/SPARC/,SPARC,4.45,,5.06,165,281,65.68,,6740.64,207.71,20.63,30,nse,standalone,4.22,41.1,208,6741,Healthcare,Healthcare,Pharmaceuticals,99,49,2856,Jun 2026,Mar 2026,Jun 2026,21|14|17|17|13|15|27|10|8|8|1853|40,31|65|45|27|65|31|21|53|78|85|0|19,,156|161|181|78|183|77|253|137|239|76|72|1879,-23|-39|-68|-310|-83|-404|-53|-136|-90|-534|-456|85,6.49|11.70|13.90|34.26|6.85|31.15|7.19|13.31|0.00|0.00|0.00|0.00,79.59|81.83|82.62|167.58|89.17|20.48|8.91|15.80|21.47|81.42|75.71|2.73,-128|-183|-172|-211|-152|-208|-69|-429|-362|-239,67|70|69|52|58|104|91|92|106|103|95|85,,65.68|65.68|65.68|65.67|65.67|65.67|65.67|65.68,2.15|2.23|1.45|1.47|1.76|2.04|2.04|3.90,0.21|0.64|1.13|0.97|1.05|0.78|0.88|0.09,3.90,0.09,3.99,3.59
JK Lakshmi Cem.,/company/JKLAKSHMI/consolidated/,JKLAKSHMI,8.34,,1.73,12.0,10.7,45.12,,6714.35,540.85,13.69,30,nse,consolidated,17.5,313,541,6714,Commodities,Construction Materials,Cement & Cement Products,2,7,9,Jun 2026,Mar 2026,Jun 2026,1575|1703|1781|1564|1234|1497|1898|1741|1532|1588|1902|1905,21.77|17.69|19.62|23.41|19.81|18.36|18.40|17.61|17.49|19.66|20.49|20.99,,2316|2635|2922|3748|4316|4364|4727|5420|6452|6788|6193|6763,15|10|13|12|11|18|20|18|13|15|14|15,25|26|26|22|20|18|21|20|20|20|20|19,26|26|25|29|33|50|46|52|56|53|53|54,396|493|760|650|1032|680|634|899|784|1082,2708|2851|3556|3627|3451|3585|3427|3536|3527|5076|5554|5361,228|247|321|356|352|481|366|581|842|991|865|645,46.34|46.34|46.34|46.34|45.12|45.12|45.12|45.12,11.53|11.93|12.06|12.81|12.54|12.35|11.96|8.64,24.95|25.23|25.24|25.11|22.83|23.17|23.00|26.57,8.64,26.57,35.21,0.99
Rain Industries,/company/RAIN/consolidated/,RAIN,5.38,,0.84,8.26,0.60,41.35,,6703.79,199.31,120.68,30,nse,consolidated,12.5,238,199,6704,Commodities,Chemicals,Petrochemicals,-7,10,17,Jun 2026,Dec 2025,Jun 2026,4160|4101|3670|4094|3934|3676|3768|4401|4476|4301|4521|5167,62|61|56|56|59|59|56|57|57|57|54|53,,11921|10205|9258|11303|14049|12361|10465|14527|21011|18141|15374|16946,10|13|17|20|14|12|16|16|17|5|8|13,58|52|48|48|55|54|47|51|54|61|58|57,11|11|11|9|9|9|10|12|12|11|12|11,1567|868|1706|2240|1823|834|1036|3063|1943|897,8712|8540|8923|8690|9261|9492|11124|10939|11977|11357|11184|12543|12630,1534|1621|1268|1999|2368|1742|1586|2512|4515|3176|3052|3623|4880,41.14|41.14|41.18|41.19|41.19|41.19|41.35|41.35,10.07|10.48|10.65|10.82|10.40|8.54|8.06|8.02,2.93|3.16|4.20|4.85|4.62|4.87|2.15|2.67,8.02,2.67,10.69,0.4
Ganesh Housing,/company/GANESHHOU/consolidated/,GANESHHOU,16.60,,3.18,18.8,16.0,73.06,,6700.99,803.60,3.78,30,nse,consolidated,25.3,253,804,6701,Consumer Discretionary,Realty,"Residential, Commercial Projects",-6,25,-29,Jun 2026,Mar 2026,Jun 2026,163|181|277|214|237|257|251|151|174|91|95|280,19|19|42|26|11|14|9|7|8|7|8|53,,250|321|401|499|258|267|168|383|616|891|959|511,53|64|51|39|27|-20|-29|35|41|70|81|83,-160.19|-9.78|-1.71|36.85|33.78|103.42|99.01|-15.02|-13.93|8.15|-0.36|-9.18,196.93|35.97|42.30|16.93|27.68|6.62|16.73|73.29|67.45|17.75|15.32|17.34,202|75|129|123|132|41|31|638|410|213,216|221|231|223|225|223|208|208|261|438|435|432,684|713|720|510|815|538|370|429|515|442|447|497,73.06|73.06|73.06|73.06|73.06|73.06|73.06|73.06,0.97|0.75|0.95|0.47|0.43|0.57|0.70|0.63,0.06|0.33|0.13|0.54|0.44|0.41|0.32|0.33,0.63,0.33,0.96,13.11
Dilip Buildcon,/company/DBL/consolidated/,DBL,7.09,,0.97,13.3,10.3,63.14,,6610.69,406.95,41.78,30,nse,consolidated,11.8,420,407,6611,Industrials,Construction,Civil Construction,-5,-2,-19,Jun 2026,Mar 2026,Jun 2026,2849|2877|3366|3134|2497|2590|3096|2620|1926|2138|2300|2378,83|83|86|80|72|76|74|75|69|77|75|76,,2762|4206|5227|7891|9403|9701|10166|9564|10630|12012|11317|8984,25|23|22|19|19|21|21|8|9|12|19|20,24|23|-1|28|28|29|29|35|41|39|38|74,46|49|75|50|48|46|46|53|46|46|38|0,614|1299|1169|44|1082|1624|2845|1080|131|1204,2193|1655|1967|2044|3031|2908|2730|1789|1529|1531|1427|1421,948|1580|1664|2026|2504|2645|3049|3439|3368|3480|3486|3441,70.15|70.15|70.15|63.14|63.14|63.14|63.14|63.14,3.07|3.18|3.13|2.76|2.91|2.47|1.97|1.99,9.51|9.54|6.59|6.93|6.13|6.23|6.10|6.12,1.99,6.12,8.11,0.74
R C F,/company/RCF/consolidated/,RCF,8.77,,1.29,10.2,8.02,75.00,,6609.80,119.81,16.31,30,nse,consolidated,15.9,92.8,120,6610,Commodities,Chemicals,Fertilizers,-5,17,18,Jun 2026,Mar 2026,Jun 2026,4155|4904|3880|4396|4290|4518|3730|3371|5293|4236|5581|3586,59.21|61.90|57.28|66.91|58.40|62.39|54.09|55.80|65.83|56.17|66.40|47.05,,7694|8241|7099|7255|8885|9698|8281|12812|21452|16981|16934|18480,11|6|6|3.7|4.9|6|9|8|7|3.1|4.0|5,47|43|43|43|45|47|44|49|56|59|60|62,34|45|42|43|42|39|39|37|33|34|31|20,1595|1078|-1636|-522|5211|-592|787|-422|2364|-471,1552|1507|1547|1910|1950|2130|2182|2134|2543|2558|2905|3294,1009|1174|817|766|1506|975|815|2355|2615|2604|1599|1597,75.00|75.00|75.00|75.00|75.00|75.00|75.00|75.00,2.32|2.26|2.46|2.28|2.31|2.50|2.60|2.43,0.29|0.29|0.30|0.31|0.33|0.41|0.39|0.30,2.43,0.30,2.73,0.36
Timex Group,/company/TIMEX/,TIMEX,51.07,,87.55,82.8,158,51.00,,6599.61,653.75,22.62,30,nse,standalone,74.0,7.47,654,6600,Consumer Discretionary,Consumer Durables,"Gems, Jewellery And Watches",28,41,42,Jun 2026,Mar 2026,Jun 2026,126|94|92|109|174|120|135|169|244|151|235|219,57|61|59|57|60|57|56|56|57|57|56|55,,142|173|200|207|242|252|141|264|383|419|538|799,-6|-1.6|0.8|5|4.7|1.4|-2.5|3.1|10|8|9|14,52|54|56|53|52|56|55|56|57|58|58|57,4|1|1|1|1|1|1|1|7|7|7|6,-23|-1|6|10|22|-18|10|32|-3|91,11|12|8|7|8|23|20|17|17|15|12|11,25|34|37|45|45|43|33|54|96|106|151|197,74.93|74.93|74.93|59.93|59.93|51.00|51.00|51.00,0.22|0.10|0.11|1.10|1.61|2.02|1.32|2.50,0.01|0.01|0.01|0.15|0.48|0.49|0.51|1.37,2.50,1.37,3.87,8.26
Kovai Medical,/company/KOVAI/,KOVAI,13.67,,5,22.6,20.5,56.53,,6599.56,6032.50,2.98,30,nse,standalone,25.8,1206,6032,6600,Healthcare,Healthcare,Hospital,16,18,15,Jun 2026,Mar 2026,Jun 2026,303|321|321|315|344|355|357|374|392|407|414|431,26.51|26.12|26.37|27.07|27.52|26.50|28.45|27.90|27.22|27.69|28.14|28.62,,402|465|531|588|628|712|690|905|1020|1220|1371|1586,23|20|23|22|21|24|28|29|27|28|28|28,30.48|30.93|30.08|29.25|29.82|28.77|28.04|28.31|27.74|26.56|28.88|28.26,26.99|28.51|25.57|26.86|26.28|25.30|22.59|22.76|23.70|23.43|20.62|20.43,99|87|126|166|186|262|263|344|335|362,281|337|354|443|469|643|1033|1085|1088|1118|1283|1474,8|9|9|11|10|13|10|13|14|15|16|21,56.51|56.55|56.55|56.55|56.52|56.53|56.53|56.53,0.44|0.55|1.10|1.27|1.25|1.31|1.21|1.25,4.37|4.43|4.03|4.52|4.89|4.73|4.47|4.24,1.25,4.24,5.49,4.16
Dodla Dairy,/company/DODLA/consolidated/,DODLA,18.44,,3.93,16.7,16.4,58.92,,6596.24,1093.40,3.61,30,nse,consolidated,26.7,278,1093,6596,Fast Moving Consumer Goods,Fast Moving Consumer Goods,Dairy Products,14,16,13,Jun 2026,Mar 2026,Jun 2026,768|747|787|912|998|901|910|1007|1019|1025|1074|1198,73|70|72|71|75|72|73|74|72|74|77|77,,1590|1692|2139|1944|2243|2812|3125|3720|4125,7|8|7|13|9|7|9|10|8,77|74|77|69|72|76|73|73|74,5|6|5|3|3|3|3|3|3,87|136|166|245|171|161|-1|520|295,327|500|536|549|566|624|713|750|1056,134|125|120|96|121|120|389|162|155,59.69|59.69|59.69|59.69|58.92|58.92|58.92|58.92,11.58|11.03|10.41|10.03|8.91|7.36|6.44|6.08,17.96|18.84|19.14|19.22|21.50|23.76|25.34|25.85,6.08,25.85,31.93,1.6
Tanfac Inds.,/company/506854/,506854,58.34,,16.59,23.7,20.5,48.73,,6581.66,3103.25,8.26,30,bse,standalone,97.3,187,3103,6582,Commodities,Chemicals,Commodity Chemicals,24,37,13,Jun 2026,Mar 2026,Jun 2026,81|88|103|95|112|178|172|176|169|173|193|187,56|58|62|58|50|53|58|62|61|64|64|63,,120|133|126|162|222|165|148|320|375|378|557|711,7|7|11|13|24|16|22|24|20|19|24|16,61|60|48|51|47|50|46|52|58|57|53|63,21|22|26|23|19|19|19|15|13|13|14|7,16|17|37|22|37|44|43|34|33|43,53|49|45|41|34|33|40|40|55|61|168|212,21|18|11|17|30|17|25|42|53|59|90|93,51.82|51.82|51.82|51.82|51.82|51.82|51.82|48.73,0.00|0.00|0.14|0.08|0.12|0.10|0.03|1.53,0.39|0.39|0.42|0.39|0.42|0.39|0.33|4.16,1.53,4.16,5.69,9.26
Powerica Ltd,/company/POWERICA/consolidated/,POWERICA,13.87,,,15.7,17.4,77.18,,6551.59,517.70,9.34,30,nse,consolidated,23.3,,518,6552,Industrials,Capital Goods,Heavy Electrical Equipment,8,28,14,Jun 2026,Mar 2026,Jun 2026,704|722|616|832|763|801|780,69|73|63|61|67|69|66,,890|1488|2378|2210|2653|3012,14|12|15|16|13|12,64|69|66|65|68|65,4|3|2|7|9|0,219|214|257|283|256|453,981|863|1091|951|865|1211,88|152|203|270|207|321,77.18,2.05,16.58,2.05,16.58,18.63,2.18
Ajax Engineering,/company/AJAXENGG/,AJAXENGG,20.00,,4.68,23.9,17.8,80.00,,6534.03,571.10,3.94,30,nse,standalone,28.4,122,571,6534,Industrials,Capital Goods,Construction Vehicles,22,23,2,Jun 2026,Mar 2026,Jun 2026,399|657|469|301|548|756|467|445|434|758|475,70|76|70|69|73|76|74|76|75|74|74,,736|742|763|1151|1741|2074|2103,18|17|12|15|16|15|13,66|67|72|72|73|73|75,1|4|2|1|1|1|0,131|72|85|185|207|43|377,0|112|157|167|167|176|182,143|254|172|173|227|258|165,80.00|80.00|80.00|80.00|80.00|80.00,5.95|6.47|6.51|6.15|5.65|4.67,7.92|8.94|9.42|9.71|10.15|11.17,4.67,11.17,15.84,3.11
KSH Internationa,/company/KSHINTL/,KSHINTL,26.86,,8.1,21.5,20.1,74.58,,6530.63,963.85,34.3,30,nse,standalone,49.9,119,964,6531,Industrials,Capital Goods,Cables - Electricals,44,46,81,Jun 2026,Mar 2026,Jun 2026,472|516|508|559|712|818|1018|1164,89|88|89|88|89|90|90|90,,470|871|1049|1383|1928|3107,5|6|4.9|5|6|6,85|87|89|89|89|90,3|3|2|2|2|2,5|-44|62|-17|-9|-65,87|88|107|140|133|313,40|101|109|133|211|425,74.58|74.58|74.58,3.72|5.05|5.71,13.09|13.89|10.87,5.71,10.87,16.58,2.1
V-Mart Retail,/company/VMART/,VMART,13.26,,6.83,13.2,14.2,44.15,,6522.40,819.65,12.71,30,nse,standalone,47.0,120,820,6522,Consumer Discretionary,Consumer Services,Diversified Retail,15,29,19,Jun 2026,Mar 2026,Jun 2026,549|889|669|786|661|1027|780|885|807|1126|971|1089,65|64|68|65|66|64|67|65|66|64|68|66,,720|809|1002|1222|1434|1662|1075|1666|2465|2786|3254|3789,9|8|8|11|9|13|12|12|11|8|12|14,70|71|70|68|68|68|67|65|65|66|65|66,5|4|4|4|4|4|4|5|6|6|5|5,69|58|76|86|149|-11|177|386|349|501,98|110|117|145|165|667|697|1111|1445|1661|1039|1366,183|204|269|307|329|478|428|668|871|816|987|988,44.32|44.29|44.28|44.19|44.18|44.15|44.20|44.15,16.02|17.32|17.48|18.29|17.46|17.01|16.92|16.47,32.79|32.45|32.93|31.51|32.11|32.46|31.87|30.90,16.47,30.90,47.37,1.72
Tour. Fin. Corp.,/company/TFCILTD/,TFCILTD,25.55,,4.96,11.1,9.75,3.85,,6506.68,140.54,198.12,30,nse,standalone,42.2,28.4,141,6507,Financial Services,Financial Services,Financial Institution,6,1,15,Jun 2026,Mar 2026,Jun 2026,58|67|58|62|65|57|68|64|66|70|74|81,,,186|185|208|224|230|266|258|254|231|242|252|277,,,0.65|0.66|0.39|0.46|0.46|0.49|0.39|0.43|0.62|0.52|0.58|0.66,-7|135|-54|161|-171|139|-137|-7|55|-46,30|29|20|15|14|18|16|17|15|15|14|13,,7.85|3.85|3.85|3.85|3.85|3.85|3.85|3.85,2.78|2.85|3.44|5.16|4.61|4.34|2.77|5.46,0.00|0.00|0.00|0.08|0.08|0.01|0.05|0.00,5.46,0.00,5.46,23.49
Seshaasai Tech.,/company/STYL/,STYL,14.70,,4.55,28.0,23.6,81.80,,6506.21,402.10,8.05,30,nse,standalone,24.2,88.4,402,6506,Financial Services,Financial Services,Financial Technology (Fintech),8,31,7,Jun 2026,Mar 2026,Jun 2026,360|395|339|369|311|351|374|404|376,60|59|58|56|55|54|54|53|58,,369|673|1146|1558|1462|1441,12|15|17|19|25|27,60|62|57|58|58|54,7|3|10|8|0|0,32|58|51|202|165|225,127|225|285|351|428|499,59|100|133|158|152|188,81.80|81.80|81.80|81.80,1.24|0.69|0.33|0.29,5.24|7.26|7.05|7.74,0.29,7.74,8.03,4.51
Cyient DLM,/company/CYIENTDLM/consolidated/,CYIENTDLM,37.79,,6.4,9.90,7.49,52.11,,6502.29,819.10,73.46,30,nse,consolidated,79.2,128,819,6502,Industrials,Capital Goods,Aerospace & Defense,15,,-12,Jun 2026,Mar 2026,Jun 2026,292|321|362|258|389|444|428|278|311|303|369|374,79|78|76|75|79|73|66|60|59|59|61|62,,832|1192|1520|1261,11|9|9|10,78|77|73|60,2|1|2|3,54|-71|-62|54,161|192|346|355,425|464|571|647,52.16|52.16|52.16|52.12|52.12|52.12|52.12|52.11,7.76|3.64|2.38|2.48|2.19|0.47|0.79|0.24,27.77|29.41|28.64|28.16|28.74|28.81|26.67|29.19,0.24,29.19,29.43,5.16
Supriya Lifesci.,/company/SUPRIYA/,SUPRIYA,21.24,,5.4,25.1,19.1,68.30,,6472.02,804.15,24.23,30,nse,standalone,32.6,149,804,6472,Healthcare,Healthcare,Pharmaceuticals,22,16,28,Jun 2026,Mar 2026,Jun 2026,140|140|158|161|166|186|184|145|200|206|277|190,44.00|38.99|36.84|30.26|27.68|33.28|29.78|21.91|27.89|29.65|38.09|29.71,,184|213|278|312|391|530|461|570|696|828,9|10|23|32|44|40|28|31|37|36,66.92|63.64|52.57|44.44|32.75|36.94|39.23|38.88|30.32|30.68,10.45|10.05|0.00|5.53|5.72|6.13|10.81|10.00|11.00|0.00,27|28|49|117|76|49|64|113|165|,89|91|85|99|100|190|262|310|453|689,38|32|31|49|72|92|116|85|118|160,68.30|68.30|68.30|68.30|68.30|68.30|68.30|68.30,6.03|6.52|7.19|6.78|5.46|5.19|5.16|6.18,5.45|4.93|4.26|4.86|5.22|5.00|5.70|5.30,6.18,5.30,11.48,7.82
Hind.Construct.,/company/HCC/consolidated/,HCC,10.92,,3.03,24.8,11.9,16.18,,6454.37,24.64,70.03,30,nse,consolidated,47.7,8.12,24.6,6454,Industrials,Construction,Civil Construction,-22,-14,-21,Jun 2026,Mar 2026,Jun 2026,1833|1474|1773|1816|1407|1007|1374|1091|961|925|992|993,10.53|12.47|15.53|10.10|10.34|43.92|9.47|10.70|13.68|13.73|15.25|13.65,,10353|8540|9867|10132|10544|9444|8248|10668|8270|7007|5603|3970,12|12|8|7|7|9|4.7|11|7|10|11|16,10|12|9|11|8|9|-0|-0|12|12|16|13,65|61|70|69|71|69|81|76|67|63|54|53,48|1441|183|538|348|947|16|91|134|892,4494|1865|1713|1729|575|771|866|723|623|449|242|247,6873|2409|2608|2504|632|467|480|485|491|436|128|133,18.59|16.72|16.72|16.72|16.72|16.81|16.72|16.18,9.73|13.34|10.57|9.83|9.58|10.41|10.92|11.38,5.97|7.50|6.85|6.83|6.79|4.76|4.11|3.70,11.38,3.70,15.08,1.63
Piccadily Agro,/company/PICCADIL/consolidated/,PICCADIL,27.27,,7.12,18.0,17.4,68.56,,6419.51,651.25,27.8,30,nse,consolidated,45.7,91.4,651,6420,Fast Moving Consumer Goods,Fast Moving Consumer Goods,Breweries & Distilleries,20,16,29,Jun 2026,Mar 2026,Jun 2026,114|178|269|196|185|182|255|214|212|276|335|251,35|37|43|57|33|49|52|53|36|44|53|53,,344|271|329|334|371|399|488|572|598|742|797|1038,8|9|14|8|7|10|11|12|10|20|23|22,61|61|55|67|69|67|62|60|58|48|41|52,22|19|21|18|17|15|18|20|21|20|21|5,98|41|58|-0|22|45|37|51|-27|118,149|162|156|152|148|141|135|144|195|218|282|580,108|101|115|132|126|148|178|174|191|196|303|410,70.97|70.97|70.97|70.47|68.62|68.62|68.56|68.56,0.88|0.78|0.71|0.73|0.95|1.15|0.76|0.81,0.03|0.01|0.01|0.00|0.97|0.74|0.79|0.88,0.81,0.88,1.69,6.18
Aditya Bir. Fas.,/company/ABFRL/consolidated/,ABFRL,12.57,,1.1,-3.76,-13.6,46.61,,6406.46,52.49,36.32,30,nse,consolidated,,47.8,52.5,6406,Consumer Discretionary,Consumer Services,Speciality Retail,-13,9,11,Jun 2026,Mar 2026,Jun 2026,3226|4167|1575|1674|1761|2201|1719|1831|1982|2374|1990|2026,46.61|43.50|45.29|46.77|46.06|43.18|36.82|42.66|42.12|41.19|43.89|43.39,,8118|8788|5249|8136|12418|6441|7351|8176,7|14|11|14|13|6|10|9,48.35|48.07|48.83|45.72|44.71|48.03|43.22|42.41,4.52|4.72|5.69|4.98|5.07|7.69|9.41|9.82,528|644|1104|951|636|1341|1681|161,2555|4940|5627|6059|8359|11879|9417|10377,1921|2367|1847|2930|4214|4505|2454|2828,49.25|49.24|46.58|46.58|46.61|46.61|46.61|46.61,19.68|18.35|22.20|17.63|18.62|18.36|15.53|12.87,14.76|14.56|14.65|12.14|8.07|7.90|6.62|5.69,12.87,5.69,18.56,0.78
Praj Industries,/company/PRAJIND/consolidated/,PRAJIND,29.98,,4.89,6.12,1.48,32.81,,6394.86,347.90,37.3,30,nse,consolidated,127,71.2,348,6395,Industrials,Capital Goods,Industrial Products,-4,19,2,Jun 2026,Mar 2026,Jun 2026,882|829|1019|699|816|853|860|640|842|841|845|716,57|54|56|47|53|57|48|47|46|54|57|55,,1012|1024|915|917|1141|1102|1305|2343|3528|3466|3228|3168,9|11|8|6|7|7|9|8|9|11|10|4.9,50|46|51|51|53|50|56|62|62|57|51|51,11|11|12|12|12|14|12|12|13|16|19|25,20|101|33|15|225|188|162|199|43|200,302|272|270|297|290|294|284|286|317|474|567|560,227|101|105|81|126|111|129|345|334|221|253|266,32.81|32.81|32.81|32.81|32.81|32.81|32.81|32.81,19.03|18.63|17.16|16.86|17.53|17.32|17.74|17.75,17.34|18.19|19.51|17.43|14.83|13.64|12.68|14.09,17.75,14.09,31.84,2.02
Jeena Sikho,/company/JSLL/,JSLL,16.62,,13.62,70.7,60.0,63.62,,6370.41,512.50,32.41,30,nse,standalone,26.9,37.6,512,6370,Consumer Discretionary,Consumer Services,Wellness,58,43,57,Jun 2026,Mar 2026,Jun 2026,100|114|116|139|174|190|222|216|224,6.77|9.46|14.53|12.00|6.36|12.69|10.90|11.56|11.44,,106|94|136|146|204|324|469|801,10|11|13|12|23|29|27|44,21.47|12.98|11.99|10.56|8.40|6.71|6.68|11.42,0.93|1.61|1.60|1.61|2.87|4.46|4.67|0.00,1|12|18|17|17|37|69|262,13|17|23|28|60|67|153|307,13|11|9|6|4|7|12|20,67.91|65.84|63.53|63.53|63.61|63.62|63.62|63.62,0.26|4.05|5.95|5.91|6.59|6.31|6.17|4.78,0.00|0.07|0.17|0.18|0.15|0.11|0.46|0.36,4.78,0.36,5.14,7.95
Jai Balaji Inds.,/company/JAIBALAJI/,JAIBALAJI,16.78,,2.79,9.73,6.03,64.84,,6315.78,69.23,2.9,30,nse,standalone,43.2,24.8,69.2,6316,Commodities,Metals & Mining,Iron & Steel,-2,16,2,Jun 2026,Mar 2026,Jun 2026,1547|1539|1846|1718|1557|1486|1590|1357|1353|1329|1745|1683,65|63|64|61|63|64|68|68|72|73|72|71,,1478|1213|1564|2389|3077|2912|2785|4644|6125|6414|6351|5784,-1.4|-13|-6|-3.9|0.8|1.2|3.5|4.5|5|14|14|6,80|87|82|80|78|77|74|72|70|65|64|71,15|16|15|17|16|16|15|13|13|16|17|0,-104|66|40|291|143|463|321|839|311|358,1700|1588|1486|1409|1324|1238|1181|1165|1132|1382|1614|1573,497|481|420|488|496|579|699|758|821|950|1248|1419,64.84|64.84|64.84|64.84|64.84|64.84|64.84|64.84,3.00|3.23|3.56|3.63|3.48|3.70|3.00|2.78,0.09|0.10|0.11|0.11|0.12|0.12|0.11|0.10,2.78,0.10,2.88,1.09
G S F C,/company/GSFC/consolidated/,GSFC,5.53,,0.51,7.16,5.51,37.84,,6294.75,157.97,11.94,30,nse,consolidated,9.09,308,158,6295,Commodities,Chemicals,Fertilizers,-1,7,29,Jun 2026,Mar 2026,Jun 2026,3119|2008|1965|2163|2635|2814|1922|2184|3187|2941|2633|3583,67|61|60|64|62|69|59|64|68|70|69|75,,5311|6108|5265|6266|8491|7798|7634|9085|11369|9155|9534|10946,11|11|9|9|9|4.1|7|15|14|6|7|7,62|62|60|63|67|67|64|59|61|64|64|68,14|16|18|17|16|17|17|18|17|20|19|8,911|358|508|-8|1783|237|924|-268|83|136,1958|1656|2022|2108|2821|2902|2804|2680|2580|2549|2504|3331,634|586|705|873|1655|1374|997|1392|1324|1305|1479|1879,37.84|37.84|37.84|37.84|37.84|37.84|37.84|37.84,12.60|11.81|11.83|11.64|12.29|11.90|12.35|12.36,5.87|6.06|7.48|7.34|7.81|7.28|7.30|7.32,12.36,7.32,19.68,0.58
Greenlam Industr,/company/GREENLAM/consolidated/,GREENLAM,19.82,,5.32,8.12,5.02,50.98,,6285.56,246.35,5.22,30,nse,consolidated,68.2,46.2,246,6286,Consumer Discretionary,Consumer Durables,Plywood Boards/ Laminates,15,20,20,Jun 2026,Mar 2026,Jun 2026,604|563|624|605|681|602|682|674|808|706|858|797,48.59|45.23|47.02|47.97|48.36|45.02|49.32|46.94|45.39|44.46|48.45|47.11,,926|1030|1076|1145|1281|1321|1200|1703|2026|2306|2569|3046,10|13|13|13|12|14|14|11|12|13|11|11,56.98|52.18|52.68|52.27|53.70|50.77|50.15|55.44|53.27|47.15|47.74|46.38,4.73|4.85|4.10|4.14|4.14|3.81|4.08|5.19|5.45|5.64|6.19|6.43,185|109|64|96|213|71|169|194|210|292,328|353|324|331|330|429|413|468|506|986|1749|1709,231|247|228|256|308|371|378|503|513|609|665|764,50.98|50.98|50.98|50.98|50.98|50.98|50.98|50.98,1.72|1.78|1.77|1.75|1.74|1.74|1.77|1.47,15.63|15.72|15.73|15.15|14.60|14.48|13.96|10.89,1.47,10.89,12.36,2.06
Sunflag Iron,/company/SUNFLAG/consolidated/,SUNFLAG,13.21,,0.71,4.06,2.36,51.16,,6276.14,348.25,7.85,30,nse,consolidated,29.5,492,348,6276,Industrials,Capital Goods,Iron & Steel Products,4,16,9,Jun 2026,Mar 2026,Jun 2026,858|854|919|895|866|892|883|1023|973|942|1001|1079,63|65|66|66|60|61|63|66|63|62|60|62,,1640|1524|1456|2018|2186|1758|1892|2698|3488|3415|3536|3939,10|12|10|12|11|10|13|15|13|11|11|12,63|58|59|60|63|61|64|61|64|65|62|63,15|20|18|16|16|18|12|16|16|16|18|0,-18|117|177|209|223|43|278|244|187|390,572|543|513|515|537|1147|1190|1252|1591|1525|1485|1577,394|315|391|433|552|563|544|837|866|833|931|976,51.16|51.16|51.16|51.16|51.16|51.16|51.16|51.16,0.89|0.60|0.48|0.60|0.64|0.47|0.54|0.86,0.12|0.13|0.14|0.18|0.18|0.17|0.04|0.21,0.86,0.21,1.07,1.59
Vikram Solar,/company/VIKRAMSOLR/consolidated/,VIKRAMSOLR,6.78,,1.97,30.6,21.4,63.01,,6258.22,172.71,92.43,30,nse,consolidated,17.4,87.6,173,6258,Industrials,Capital Goods,Other Electrical Equipment,32,24,33,Jun 2026,Mar 2026,Jun 2026,631|573|1026|1194|1134|1110|1106|1453|1563,71|75|83|69|69|67|69|72|81,,1640|1610|1730|2073|2511|3415|4803,9|11|3.4|9|16|14|19,77|76|80|78|67|75|69,4|5|6|4|6|3|5,227|13|201|195|152|290|667,357|381|547|644|505|534|1079,227|193|265|373|393|429|815,63.12|63.01|63.01|63.01,2.08|1.82|2.94|3.37,6.20|4.71|4.80|4.04,3.37,4.04,7.41,1.3
Triven.Engg.Ind.,/company/TRIVENI/consolidated/,TRIVENI,14.50,,1.86,9.02,8.68,60.58,,6254.34,283.82,28.66,30,nse,consolidated,23.9,153,284,6254,Fast Moving Consumer Goods,Fast Moving Consumer Goods,Sugar,4,6,4,Jun 2026,Mar 2026,Jun 2026,1408.84|1311.18|1302.13|1300.68|1490.95|1268.32|1629.29|1547.93|1706.15|1478.14|1408.18|1580.52,79|65|60|77|82|72|61|82|80|70|63|82,,2061|1915|2824|3370|3152|4437|4674|4291|5617|5220|5689|6290,-0.9|7|18|8|10|12|12|15|11|12|8|9,80|72|65|77|71|73|74|67|73|69|73|73,9|8|6|6|8|5|5|7|7|8|7|7,145|621|-169|510|791|-173|397|100|-106|188,875|862|858|847|842|1087|1073|1077|1470|1517|2334|2398,1236|1412|1678|1583|2123|1916|1738|2042|2002|2426|2744|2994,60.98|60.98|60.98|60.98|60.98|60.98|60.98|60.58,4.66|5.18|5.57|6.21|5.70|6.96|7.44|7.69,9.99|9.71|9.49|8.87|8.35|8.51|8.21|7.64,7.69,7.64,15.33,0.99
Bajaj Consumer,/company/BAJAJCON/consolidated/,BAJAJCON,21.34,,8.25,30.0,24.7,42.97,,6236.37,477.45,34.34,30,nse,consolidated,28.0,57.8,477,6236,Fast Moving Consumer Goods,Fast Moving Consumer Goods,Personal Care,7,5,25,Jun 2026,Mar 2026,Jun 2026,235|239|240|246|234|234|250|273|265|306|327|342,44.85|46.01|44.47|43.93|46.66|47.28|45.33|42.13|39.81|40.03|36.23|38.20,,817|800|797|828|918|852|922|880|961|984|965|1165,29|34|33|31|30|24|26|20|15|16|13|19,24.30|37.26|33.78|32.53|33.04|32.10|35.77|41.91|45.78|44.96|45.77|39.47,15.16|0.85|0.86|1.48|1.05|1.96|3.26|3.05|2.85|2.77|2.87|2.74,212|180|176|179|237|129|101|116|65|197,185|139|162|158|154|151|149|152|160|158|154|298,39|50|42|47|61|63|43|57|51|56|55|66,40.95|40.95|40.95|40.95|40.95|42.97|42.97|42.97,10.85|10.54|10.59|10.95|10.12|9.70|16.59|16.11,20.71|20.23|18.54|16.82|15.27|15.75|14.27|14.91,16.11,14.91,31.02,5.35
Happiest Minds,/company/HAPPSTMNDS/consolidated/,HAPPSTMNDS,13.44,,3.68,13.3,13.8,44.21,,6212.81,408.00,83.11,30,nse,consolidated,26.5,111,408,6213,Information Technology,Information Technology,Computers - Software & Consulting,17,25,12,Jun 2026,Mar 2026,Jun 2026,407|410|417|464|522|531|545|550|574|588|604|629,,,590|698|773|1094|1429|1625|2061|2315,9|14|25|24|25|21|17|17,,12|12|11|14|12|10|8|8,58|112|144|168|207|213|236|261,61|38|128|158|432|413|1211|1172,,44.23|44.23|44.22|44.22|44.21|44.21|44.21|44.21,5.33|5.34|5.04|5.33|5.39|5.89|5.94|6.00,4.18|6.08|10.58|10.57|10.20|9.62|8.99|5.66,6.00,5.66,11.66,2.68
KPI Green Energy,/company/KPIGREEN/consolidated/,KPIGREEN,10.35,,2.04,13.8,17.4,49.41,,6211.84,314.25,41.8,30,nse,consolidated,13.6,154,314,6212,Utilities,Power,Power Generation,61,92,40,Jun 2026,Mar 2026,Jun 2026,215|330|289|348|360|458|569|603|634|663|796|694,55|54|50|48|47|56|56|55|54|53|49|52,,34|59|102|230|644|1024|1735|2696,45|46|57|47|32|33|32|36,-11|-2|-1|-0|-0|-0|-1|52,48|39|33|47|64|62|61|0,-17|40|-27|102|159|-57|208|424,84|213|244|482|801|979|2361|4508,15|35|40|107|165|334|466|1449,48.77|48.78|48.78|48.67|48.67|49.25|49.49|49.41,9.95|8.78|8.05|8.26|9.16|8.68|8.24|8.16,1.50|1.87|1.64|0.81|0.77|0.63|0.64|0.67,8.16,0.67,8.83,2.3
Skipper,/company/SKIPPER/,SKIPPER,11.83,,4.17,23.5,16.3,61.48,,6169.20,546.25,39.88,30,nse,standalone,27.2,131,546,6169,Industrials,Capital Goods,Heavy Electrical Equipment,41,29,17,Jun 2026,Mar 2026,Jul 2026,772|802|1154|1092|1110|1135|1288|1254|1262|1371|1667|1310,64|76|79|77|78|77|78|76|76|76|79|74,,1310|1501|1665|2074|1871|1391|1582|1707|1980|3282|4624|5553,17|15|16|15|10|10|9|10|10|10|10|10,67|63|66|64|68|64|65|67|64|51|62|64,11|10|12|12|12|15|16|13|12|29|18|15,176|80|134|214|180|17|284|199|153|277,351|385|497|521|514|579|657|657|697|749|901|1167,228|250|368|562|535|492|601|786|913|1203|1197|1059,66.48|66.48|66.48|66.48|66.48|66.50|66.50|61.48,4.82|5.13|5.42|6.55|6.37|6.07|4.11|10.64,0.48|0.30|0.25|0.49|0.80|1.66|1.92|2.24,10.64,2.24,12.88,1.11
Smartworks Cowor,/company/SMARTWORKS/consolidated/,SMARTWORKS,8.12,,11.62,8.30,3.30,58.33,,6162.28,538.75,9.84,30,nse,consolidated,221,46.4,539,6162,Services,Services,Diversified Commercial Services,36,45,36,Jun 2026,Mar 2026,Jun 2026,313|350|352|358|379|425|472|520|546,0.00|0.00|0.00|0.00|0.84|0.04|0.05|0.82|1.07,,254|280|360|711|1039|1374|1796,53|59|57|60|63|62|64,0.00|0.00|0.00|0.00|0.00|0.00|0.44,0.00|0.00|0.00|29.80|27.62|28.08|0.00,114|153|216|532|743|929|1197,1066|1174|2328|3724|3412|3780|5238,,58.18|58.18|58.33|58.33,0.93|0.33|0.16|0.28,9.03|8.96|9.06|8.92,0.28,8.92,9.2,3.43
Paisalo Digital,/company/PAISALO/consolidated/,PAISALO,13.85,,3.43,12.4,14.4,46.71,,6144.73,67.56,71.08,30,nse,consolidated,24.4,19.7,67.6,6145,Financial Services,Financial Services,Non Banking Financial Company (NBFC),25,22,23,Jun 2026,Mar 2026,Jun 2026,145|183|195|187|187|204|194|219|224|240|261|260,,,190|204|264|302|361|375|346|392|471|656|764|931,,,0.32|0.44|0.39|0.86|0.33|0.29|0.20|0.24|0.50|0.41|0.16|0.18,-203|-382|-3|35|-98|-396|-452|-570|-842|-783,3|3|3|7|9|66|64|64|66|66|75|84,1011|1107|1375|0|0|0|0|0|0|0|0|0,52.38|52.62|50.37|48.21|41.16|41.75|41.75|46.71,10.72|9.53|10.38|8.08|20.89|20.08|17.55|6.79,12.69|11.44|10.77|10.34|7.68|7.69|6.84|6.83,6.79,6.83,13.62,6.6
Indiabulls,/company/IBULLSLTD/consolidated/,IBULLSLTD,12.23,,1.98,16.2,23.1,32.91,,6136.03,26.31,15.74,30,nse,consolidated,12.7,13.3,26.3,6136,Services,Services,Diversified Commercial Services,1864,38,166,Jun 2026,Mar 2026,Jun 2026,0|-0|0|0|115|106|102|92|236|97|409|359,||||0.00|0.00|0.00|0.00|0.00|0.00|28.83|10.69,,207|310|223|233|171|225|168|1|0|0|-6|833,22|27|14|22|-1.2|-25|3.2|-7349|-10309|-22850|-46|33,12.35|3.51|3.25|6.23|18.74|0.00|0.04|0.00|0.00|0.00|0.00|14.13,15.42|17.76|67.28|36.83|37.31|58.99|60.85|5629.92|2609.09|1600.00|0.00|0.00,-529|-76|-175|-218|841|-487|-11|-12|5|194,690|937|604|502|420|355|235|6|1|0|0|571,16|20|16|18|21|28|26|1|0|0|0|371,27.46|27.46|27.46|27.46|27.46|32.89|32.89|32.91,0.00|0.01|0.50|0.53|1.29|17.92|17.00|17.08,0.00|0.00|0.00|0.05|0.05|0.08|0.16|0.11,17.08,0.11,17.19,7.37
SIS,/company/SIS/consolidated/,SIS,8.09,,2.39,13.7,13.9,71.86,,6091.37,431.00,7.08,30,nse,consolidated,15.2,180,431,6091,Consumer Discretionary,Consumer Services,Other Consumer Services,12,12,25,Jun 2026,Mar 2026,Jun 2026,3074|3073|3138|3130|3269|3362|3428|3548|3759|4185|4489|4604,2|1|1|1|1|1|7|1|1|1|1|1,,3546|3835|4385|5833|7093|8485|9127|10059|11346|12261|13189|15982,4.5|4.4|5|5|5.0|6|6|5.0|4.3|4.2|2.3|4.5,0|0|0|1|1|1|1|1|1|1|1|1,7|7|0|0|0|0|0|13|10|8|8|7,100|215|205|201|640|234|171|394|742|770,329|308|400|717|1575|1659|1560|1602|1627|1605|1294|1985,7|1|3|14|25|34|31|34|31|31|28|47,71.85|72.09|71.99|72.13|72.09|72.02|71.88|71.86,13.56|13.17|13.01|12.43|13.17|11.77|12.56|13.27,5.25|5.25|5.26|5.83|5.88|7.15|6.62|6.25,13.27,6.25,19.52,0.38
Shakti Pumps,/company/SHAKTIPUMP/consolidated/,SHAKTIPUMP,14.99,,3.58,23.6,18.0,50.36,,6090.31,493.55,19.72,30,nse,consolidated,28.7,138,494,6090,Industrials,Capital Goods,"Compressors, Pumps & Diesel Engines",41,24,14,Jun 2026,Mar 2026,Jun 2026,153|496|609|568|635|649|665|622|666|551|858|859,64|71|64|62|64|61|63|64|65|71|74|73,,297|264|428|435|544|383|930|1179|968|1371|2516|2698,16|8|14|18|16|3.2|15|9|7|16|24|16,44|49|55|55|60|65|71|77|77|67|62|69,3|4|2|2|2|3|1|1|1|5|6|7,53|20|-2|50|141|17|39|50|20|124,106|110|121|121|140|153|147|146|147|149|227|315,97|108|104|116|136|145|133|216|207|298|342|456,51.57|51.57|51.61|51.61|50.31|50.34|50.36|50.36,3.36|3.16|5.16|5.06|5.60|5.34|4.83|5.08,6.79|5.27|4.33|4.84|6.71|6.30|4.97|2.39,5.08,2.39,7.47,2.26
Transrail Light,/company/TRANSRAILL/consolidated/,TRANSRAILL,6.83,,2.66,29.2,20.0,71.12,,6078.44,452.75,14.32,30,nse,consolidated,14.6,170,453,6078,Industrials,Capital Goods,Heavy Electrical Equipment,30,26,15,Jun 2026,Mar 2026,Jun 2026,977|1392|916|1088|1358|1946|1660|1561|1796|1863|1736,55.91|51.82|49.02|49.30|47.06|48.53|41.20|41.95|44.00|50.84|49.70,,1881|2172|2338|3152|4077|5308|6880,15|13|11|12|14|15|12,49.00|48.58|50.83|57.52|54.47|48.40|44.71,8.62|8.90|7.71|13.56|14.87|19.48|0.00,188|65|46|143|35|287|643,321|317|334|379|374|425|600,269|232|278|311|378|539|763,71.12|71.12|71.12|71.12|71.12|71.12|71.12,1.00|0.61|1.43|1.16|1.14|2.17|2.49,15.15|14.08|12.44|8.41|8.21|8.14|6.51,2.49,6.51,9,0.88
Neogen Chemicals,/company/NEOGEN/consolidated/,NEOGEN,45.58,,7.15,6.46,3.58,53.00,,6050.80,2209.80,45.14,30,nse,consolidated,170,309,2210,6051,Commodities,Chemicals,Specialty Chemicals,8,21,18,Jun 2026,Mar 2026,Jun 2026,162|164|200|180|193|201|203|187|209|220|247|250,54|55|56|54|57|54|53|54|53|53|55|53,,84|100|110|161|239|306|336|487|686|691|778|862,15|14|18|18|18|19|19|18|16|16|18|16,59|61|58|59|59|60|59|56|57|55|54|54,14|14|13|13|12|10|12|14|13|13|14|0,0|12|-4|-35|84|1|-30|-29|196|-231,13|17|56|67|83|111|127|285|347|496|404|475,24|32|40|50|72|130|114|195|293|382|309|568,51.22|51.22|51.22|51.22|51.22|51.22|51.22|53.00,8.17|7.73|7.79|7.35|5.15|4.57|4.46|4.11,22.48|22.52|22.75|22.96|25.22|21.99|22.65|19.60,4.11,19.60,23.71,7.02
Shivalik Bimetal,/company/SBCL/consolidated/,SBCL,37.45,,12.55,26.6,21.8,33.61,,6043.83,1049.20,85.12,30,nse,consolidated,56.7,83.6,1049,6044,Industrials,Capital Goods,Iron & Steel Products,7,23,19,Jun 2026,Mar 2026,Jun 2026,128|126|128|126|127|123|132|137|137|134|163|182,55|57|58|58|56|57|57|55|53|53|57|57,,95|109|119|158|193|187|204|324|470|509|508|571,11|13|16|16|18|11|18|23|23|21|20|23,59|59|52|52|50|57|50|50|52|56|57|55,8|6|7|5|5|5|8|6|5|5|7|6,12|6|4|41|30|-3|66|69|94|55,37|41|43|45|45|45|46|79|118|120|137|150,34|27|26|41|69|51|70|115|132|128|131|153,33.18|33.18|33.18|33.18|33.18|33.18|33.36|33.61,3.96|3.93|3.63|3.14|3.03|2.59|1.73|2.04,20.02|21.11|21.06|21.00|20.20|19.71|20.00|14.54,2.04,14.54,16.58,10.58
Innova Captab,/company/INNOVACAP/consolidated/,INNOVACAP,23.72,,5.52,15.0,13.7,50.90,,6037.80,1055.10,7.12,30,nse,consolidated,39.2,191,1055,6038,Healthcare,Healthcare,Pharmaceuticals,21,32,34,Jun 2026,Mar 2026,Jun 2026,283|302|263|294|318|316|315|352|380|450|448|471,68|67|64|68|65|66|63|63|64|65|66|65,,356|373|411|801|926|1081|1244|1630,11|14|13|12|12|14|15|15,79|76|76|77|60|54|51|51,2|3|3|3|19|19|20|21,19|31|42|59|67|146|64|117,78|73|79|183|183|358|830|842,39|65|91|128|117|144|208|283,50.90|50.90|50.90|50.90|50.90|50.90|50.90|50.90,1.01|0.74|0.35|0.23|0.08|0.10|0.23|0.34,20.61|19.96|19.77|19.67|20.17|20.24|20.14|19.92,0.34,19.92,20.26,3.7
Arvind Fashions.,/company/ARVINDFASN/consolidated/,ARVINDFASN,9.55,,6.39,19.6,14.1,35.10,,6023.94,450.65,15.04,30,nse,consolidated,46.0,70.6,451,6024,Consumer Discretionary,Consumer Services,Speciality Retail,9,19,14,Jun 2026,Mar 2026,Jun 2026,1174|1125|1094|955|1273|1203|1189|1107|1418|1377|1365|1278,49.68|46.65|48.83|44.76|49.63|45.05|46.12|44.15|47.51|44.56|45.93|43.28,,1292|4219|4644|3614|2201|3056|4069|4259|4620|5266,6|6|6|7|-0.2|6|11|12|13|14,53.85|46.91|49.28|55.13|58.47|55.95|50.78|47.83|46.53|45.62,18.22|16.16|9.86|11.35|12.23|11.74|10.58|10.82|11.41|11.87,-146|-78|175|206|-79|300|317|434|530|404,340|532|537|1234|1045|661|865|896|1008|1080,944|727|1184|1306|810|831|982|909|1080|1390,35.21|35.20|35.19|35.14|35.14|35.11|35.10|35.10,10.44|9.99|9.42|9.38|11.94|12.10|11.97|12.15,21.00|21.81|21.94|23.61|22.79|23.18|24.63|24.99,12.15,24.99,37.14,1.14
Just Dial,/company/JUSTDIAL/,JUSTDIAL,8.42,,1.18,7.01,3.38,74.14,,5992.13,704.55,32.5,30,nse,standalone,11.5,600,705,5992,Consumer Discretionary,Consumer Services,Internet & Catalogue Retail,13,12,7,Jun 2026,Mar 2026,Jun 2026,261|265|270|281|285|287|289|298|303|306|307|327,,,590|668|719|782|892|953|675|647|845|1043|1142|1214,28|22|15|21|26|29|23|-0.3|10|21|29|29,,5|7|6|5|5|4|2|3|3|2|2|2,136|226|276|153|139|39|179|259|311|269,92|139|156|149|126|172|138|134|152|147|143|109,,74.15|74.15|74.15|74.15|74.15|74.15|74.15|74.14,7.82|7.32|6.57|6.49|5.93|5.96|4.82|3.21,8.37|8.32|8.92|8.80|9.05|8.96|9.31|9.87,3.21,9.87,13.08,4.94
Archean Chemical,/company/ACI/consolidated/,ACI,25.33,,3.08,7.41,5.42,53.43,,5979.09,484.30,18.62,30,nse,consolidated,61.8,157,484,5979,Commodities,Chemicals,Specialty Chemicals,-9,,0,Jun 2026,Mar 2026,Jun 2026,290|413|284|213|240|242|346|292|233|255|301|327,6.46|11.38|-2.79|-8.48|5.69|-6.52|3.57|8.82|0.06|-0.37|13.05|9.35,,608|1130|1441|1330|1041|1081,24|41|44|35|30|22,0.06|3.48|0.19|6.59|-0.75|5.95,0.00|16.63|15.55|14.99|17.18|17.72,|315|496|379|176|140,|1086|1110|1160|1378|1383,|121|168|127|168|215,53.46|53.44|53.44|53.44|53.44|53.43|53.43|53.43,10.17|10.65|10.93|11.05|11.16|11.08|11.09|11.00,22.02|22.86|23.17|24.69|25.51|25.26|25.83|24.18,11.00,24.18,35.18,5.53
Lohia Corp,/company/LCL/consolidated/,LCL,18.05,,,43.8,44.6,68.66,,5970.28,565.10,88.75,30,nse,consolidated,24.1,,565,5970,Industrials,Capital Goods,Industrial Products,-4,,25,Jun 2026,Mar 2026,Jul 2026,315|511|503,57|58|56,,2237|1919|1377|1717,11|10|16|19,68|64|56|56,7|7|4|4,125|18|141|325,538|502|393|381,399|375|296|396,68.66,5.65,17.51,5.65,17.51,23.16,3.48
Krishana Phosch.,/company/KRISHANA/,KRISHANA,19.52,,10.66,27.2,38.2,72.93,,5963.58,192.91,26.78,30,nse,standalone,30.3,18.1,193,5964,Commodities,Chemicals,Fertilizers,96,67,73,Jun 2026,Mar 2026,Jun 2026,265|230|263|281|301|304|473|396|608|659|755|532,68|74|62|67|69|67|65|63|72|75|74|67,,73|89|80|96|146|162|188|318|323|923|1355|2418,13|13|19|20|23|22|21|17|16|14|14|12,54|65|52|52|52|53|55|62|64|67|67|72,0|8|12|14|10|12|8|8|12|8|8|0,14|25|18|23|10|-5|-33|-83|154|-191,72|72|80|112|106|96|94|85|358|322|295|450,31|15|26|18|33|32|41|55|111|142|149|311,71.03|71.23|71.86|71.86|71.96|72.26|72.94|72.93,0.01|0.00|0.04|1.37|0.60|0.20|0.26|0.37,0.00|0.00|0.00|0.00|0.00|0.00|0.00|0.03,0.37,0.03,0.4,2.47
Fedbank Financi.,/company/FEDFINA/,FEDFINA,12.13,,2.03,9.06,12.6,60.67,,5960.51,158.94,14.18,30,nse,standalone,15.6,78.2,159,5961,Financial Services,Financial Services,Non Banking Financial Company (NBFC),24,26,13,Jun 2026,Mar 2026,Jun 2026,395|413|408|477|513|530|536|517|535|555|616|670,,,255|464|692|869|1180|1577|2037|2224,,,6.30|5.41|4.16|4.53|5.22|4.42|4.13|0.00,-445|-1397|-371|-578|-1474|-776|-978|-1664,46|107|133|154|146|146|189|220,,61.16|61.04|61.03|60.97|60.88|60.81|60.79|60.67,0.63|0.52|0.49|0.77|1.17|0.91|0.66|9.30,22.56|21.36|20.81|20.11|19.36|18.17|18.82|10.89,9.30,10.89,20.19,2.68
Stylam Industrie,/company/STYLAMIND/,STYLAMIND,24.27,,7.37,26.6,19.9,56.86,,5944.53,3507.50,48.48,30,nse,standalone,35.1,476,3508,5945,Consumer Discretionary,Consumer Durables,Plywood Boards/ Laminates,6,19,10,Jun 2026,Mar 2026,Jun 2026,234|215|240|243|263|255|265|283|292|271|283|326,53|51|48|56|51|55|56|55|54|53|51|53,,214|264|294|339|461|462|480|659|952|914|1025|1129,11|11|16|15|17|17|21|16|16|20|18|20,61|54|52|54|56|54|51|57|56|52|54|53,13|12|10|13|11|12|11|10|10|10|9|9,26|19|28|66|79|6|66|109|107|177,49|56|80|186|233|195|188|179|172|175|177|201,25|43|54|59|66|67|72|133|160|145|185|218,54.61|52.19|52.19|52.19|52.19|52.19|54.10|56.86,3.62|3.95|3.68|2.79|2.77|2.04|2.81|2.62,7.90|11.59|12.62|12.30|13.63|13.24|13.31|12.14,2.62,12.14,14.76,5.27
Ceigall India,/company/CEIGALL/consolidated/,CEIGALL,10.24,,2.77,17.3,15.7,82.05,,5940.39,341.00,14.21,30,nse,consolidated,18.5,123,341,5940,Industrials,Construction,Civil Construction,25,36,20,Jun 2026,Mar 2026,Jun 2026,741|695|944|822|772|831|1012|838|807|991|1387|970,78|71|79|78|80|80|83|83|81|82|81|81,,873|1134|2068|3029|3437|4022,18|16|14|17|15|15,39|36|33|35|30|81,39|42|49|44|51|0,103|-135|-73|-211|-520|-91,67|126|249|301|339|341,28|39|107|118|104|99,82.05|82.05|82.05|82.05|82.05|82.05|82.05|82.05,2.97|1.58|1.47|1.81|2.48|2.90|3.14|3.88,6.88|7.67|8.23|7.33|5.67|5.08|5.37|3.65,3.88,3.65,7.53,1.48
Kusumgar,/company/KUSUMGAR/,KUSUMGAR,32.27,,,18.8,18.6,75.01,,5912.06,563.10,47.15,30,nse,standalone,47.0,,563,5912,Consumer Discretionary,Textiles,Other Textile Products,29,29,-16,Jun 2026,Mar 2026,Jul 2026,125|307|242,41.41|39.10|36.01,,192|221|313|474|806|676,19|18|21|27|23|25,52.00|48.41|49.75|39.36|48.81|39.88,6.23|10.46|13.94|20.69|14.44|16.13,30|14|17|199|-47|36,67|77|93|181|229|304,37|46|61|136|132|190,75.01,1.82,10.03,1.82,10.03,11.85,8.75
Mastek,/company/MASTEK/consolidated/,MASTEK,8.38,,1.97,18.0,15.6,35.77,,5895.55,1901.40,51.93,30,nse,consolidated,13.4,965,1901,5896,Information Technology,Information Technology,Computers - Software & Consulting,13,17,6,Jun 2026,Mar 2026,Jun 2026,766|784|780|813|867|870|905|915|940|906|938|985,,,1013|527|560|817|1033|1071|1722|2184|2563|3055|3455|3699,4.7|3.5|8|12|13|15|21|21|18|17|16|16,,19|5|3|2|2|2|3|2|2|2|2|0,43|65|75|184|287|273|108|420|395|542,279|66|180|179|167|857|807|841|1740|1950|1818|1939,,36.24|36.23|35.97|35.96|35.79|35.78|35.77|35.77,8.14|9.40|10.00|11.05|11.24|10.27|8.03|7.45,10.41|9.27|9.84|10.52|11.52|12.65|19.02|19.86,7.45,19.86,27.31,1.59
Universal Cables,/company/UNIVCABLES/consolidated/,UNIVCABLES,16.53,,3.11,11.7,8.90,61.89,,5874.62,1693.20,35.11,30,nse,consolidated,29.4,545,1693,5875,Industrials,Capital Goods,Cables - Electricals,11,19,34,Jun 2026,Mar 2026,Jun 2026,494|467|580|489|638|608|674|600|814|768|840|945,78|70|70|75|77|78|74|72|76|74|77|77,,817|1180|1415|1568|1280|1813|2202|2020|2407|3022,9|9|12|11|7|7|8|8|7|9,70|72|67|70|73|77|76|73|76|75,11|9|11|11|10|8|8|10|10|10,70|-42|-59|38|90|-12|143|33|176|63,134|122|155|172|187|167|161|200|255|417,138|166|263|267|260|301|280|284|395|608,61.89|61.89|61.89|61.89|61.89|61.89|61.89|61.89,0.18|0.24|0.18|0.18|0.41|0.81|0.68|1.11,6.63|6.58|6.62|6.66|6.10|4.51|4.54|3.30,1.11,3.30,4.41,1.94
Orchid Pharma,/company/ORCHPHARMA/consolidated/,ORCHPHARMA,87.17,,3.84,1.73,1.35,69.84,,5842.40,975.60,8.39,30,nse,consolidated,324,254,976,5842,Healthcare,Healthcare,Pharmaceuticals,23,22,14,Jun 2026,Mar 2026,Jun 2026,198.76|220.59|217.10|244.41|222.70|217.34|237.48|263.19|193.52|207.27|368.33|304.17,62|55|59|61|59|57|58|70|68|69|67|67,,1747|873|797|683|600|484|450|560|666|819|922|1233,18|20|0.4|3.6|-2.0|-6|7|10|13|14|13|2.7,|46|49|51|48|42|51|56|58|59|59|68,|13|13|14|15|18|14|14|14|12|12|0,401|9|12|81|24|92|18|126|19|101,1795|1637|1497|1386|1256|858|670|584|573|620|633|692,252|242|211|194|170|142|153|173|229|264|326|256,69.84|69.84|69.84|69.84|69.84|69.84|69.84|69.84,1.94|2.53|2.69|1.39|1.56|1.17|0.87|0.80,18.30|19.00|20.10|19.43|19.04|19.38|20.24|20.75,0.80,20.75,21.55,4.74
CSB Bank,/company/CSBBANK/,CSBBANK,13.91,,1.19,7.05,13.5,40.00,,5834.33,336.30,18.8,30,nse,standalone,8.78,282,336,5834,Financial Services,Financial Services,Private Sector Bank,25,19,25,Jun 2026,Mar 2026,Jun 2026,687|762|795|832|865|919|981|1041|1109|1154|1201|1287,,,1545|1483|1336|1297|1348|1510|1872|2038|2320|2928|3597|4505,,,0.41|0.41|0.52|0.59|0.63|0.87|0.73|0.80|0.72|0.65|1.14|0.73,395|27|-893|-1109|1374|-852|2211|1783|-5256|-314,175|215|215|216|218|253|269|288|319|406|450|708,,40.00|40.00|40.00|40.00|40.00|40.00|40.00|40.00,12.71|12.80|13.07|15.37|14.23|14.16|12.84|12.63,17.59|17.06|16.89|14.63|16.10|15.64|15.22|15.07,12.63,15.07,27.7,1.3
Fineotex Chem,/company/FCL/consolidated/,FCL,28.55,,6.6,18.3,13.5,62.30,,5826.00,50.03,63.83,30,nse,consolidated,47.6,7.58,50.0,5826,Commodities,Chemicals,Specialty Chemicals,14,29,91,Jun 2026,Mar 2026,Jun 2026,145|138|153|142|146|126|120|137|138|184|314|377,61|59|62|61|62|59|64|66|62|65|71|65,,102|110|127|141|182|196|219|368|517|569|533|772,16|26|23|21|19|18|19|19|22|26|24|17,67|58|54|56|60|59|61|60|63|59|59|65,3|3|7|7|7|6|7|7|5|5|5|4,19|6|12|28|9|13|107|97|69|-24,18|19|27|29|36|41|59|84|99|141|179|278,10|11|13|21|25|21|29|60|47|50|64|155,62.88|62.87|62.88|62.89|62.89|62.57|62.30|62.30,3.28|3.36|2.84|2.51|2.35|2.53|2.92|3.16,3.63|3.61|3.71|3.17|1.63|1.28|1.27|1.35,3.16,1.35,4.51,7.55
Valor Estate,/company/DBREALTY/consolidated/,DBREALTY,65.95,,1.42,1.55,-0.19,47.17,,5823.82,107.37,5.66,30,nse,consolidated,,75.4,107,5824,Consumer Discretionary,Realty,"Residential, Commercial Projects",32,130,-50,Jun 2026,Mar 2026,Jun 2026,68.02|142.80|144.22|6.79|3.48|329.50|537.09|840.33|136.85|529.18|86.91|110.79,8.04|-2.38|6.50|43.74|6484.77|67.59|97.54|99.06|50.44|49.59|-91.74|46.69,,263|206|141|120|365|169|25|219|698|357|1133|1593,6|-29|-59|-199|-28|-139|-444|-45|-102|8|-11|1.6,-118|-135|-105|-346|-45|19|-912|-30|110|-53|51|68,191|189|201|450|135|32|842|86|72|64|39|0,555|-40|-195|227|95|-267|96|237|540|939,481|243|431|353|348|212|153|75|72|2429|2427|161,2305|2173|2322|2734|2244|2159|2381|3348|2582|2958|2331|1456,47.38|47.37|47.37|47.43|47.43|47.45|47.17|47.17,3.46|3.56|4.68|5.46|5.16|4.98|5.07|4.79,0.37|0.43|0.38|0.50|0.50|0.43|0.29|0.39,4.79,0.39,5.18,3.66
Morepen Labs.,/company/MOREPENLAB/consolidated/,MOREPENLAB,28.91,,4.65,8.05,6.20,35.66,,5818.72,106.19,207.14,30,nse,consolidated,49.6,22.8,106,5819,Healthcare,Healthcare,Pharmaceuticals,8,9,9,Jun 2026,Mar 2026,Jun 2026,422|445|423|455|438|453|466|425|412|484|485|570,65|61|61|62|62|64|68|62|64|61|62|56,,401|485|595|607|769|853|1188|1547|1418|1690|1812|1806,12|13|10|11|9|8|10|9|6|9|10|7,61|62|61|61|65|65|66|68|67|63|64|62,3|3|3|3|3|3|2|3|4|5|5|2,41|63|17|11|51|-60|-91|73|32|33,322|297|272|264|236|216|225|252|267|307|489|513,37|42|65|77|94|138|175|276|229|249|300|272,35.66|35.66|35.66|35.66|35.66|35.66|35.66|35.66,2.08|2.22|1.94|1.72|1.62|1.62|1.59|1.46,1.69|1.64|1.67|1.50|1.49|1.25|1.25|1.28,1.46,1.28,2.74,3.22
Senco Gold,/company/SENCO/consolidated/,SENCO,7.44,,2.32,21.2,25.6,64.48,,5816.03,354.85,89.62,30,nse,consolidated,10.2,153,355,5816,Consumer Discretionary,Consumer Durables,"Gems, Jewellery And Watches",27,26,43,Jun 2026,Mar 2026,Jun 2026,1147|1652|1137|1404|1500|2046|1378|1826|1536|3071|1997|3056,88|81|83|83|88|90|83|81|83|80|78|84,,1318|1434|2660|3535|4077|5241|6328|8430,5|6|7|8|8|7|6|12,90|88|86|84|84|85|87|80,2|2|1|3|2|2|2|2,-7|-61|182|-70|-78|-23|-221|-789,62|67|212|223|280|362|405|475,265|358|1039|1391|1885|2457|3299|5296,67.47|64.10|64.33|64.38|64.39|64.47|64.49|64.48,8.58|8.88|7.18|6.76|8.81|8.21|7.60|6.88,9.58|13.31|12.55|12.77|11.58|12.08|12.61|13.54,6.88,13.54,20.42,0.69
TVS Supply,/company/TVSSCS/consolidated/,TVSSCS,8.92,,2.86,10.1,9.70,43.03,,5804.74,131.56,29.68,30,nse,consolidated,81.9,46.1,132,5805,Services,Services,Logistics Solution Provider,3,10,17,Jun 2026,Mar 2026,Jun 2026,2263|2222|2426|2539|2513|2445|2499|2592|2663|2716|3032|3335,16.16|18.52|19.27|19.24|17.28|16.01|18.63|18.80|16.76|17.33|21.53|19.95,,6780|6605|6934|9250|9994|9200|9996|11003,8|3.9|6|7|7|8|7|7,12.15|13.26|13.10|12.53|13.73|17.93|17.56|18.54,14.81|15.35|14.86|14.28|55.79|46.23|48.10|47.40,372|190|712|601|734|128|672|746,2019|2021|1987|2141|2296|2350|2165|2859,166|170|228|292|345|387|381|533,43.09|43.04|43.03|43.03|43.03|43.03|43.03|43.03,2.35|3.31|3.58|3.36|3.48|2.73|2.45|2.38,3.10|3.73|3.42|2.45|2.31|2.19|2.18|2.17,2.38,2.17,4.55,0.53
ISGEC Heavy,/company/ISGEC/consolidated/,ISGEC,8.49,,2.12,10.8,4.19,62.43,,5801.85,789.05,5.42,30,nse,consolidated,22.2,372,789,5802,Industrials,Construction,Civil Construction,2,5,20,Jun 2026,Mar 2026,Jun 2026,1473|1493|1868|1540|1644|1495|1744|1356|1691|1739|2048|1980,59|57|65|59|61|57|59|54|56|54|55|60,,3952|4507|3916|3790|5050|5882|5426|5499|6399|6218|6422|6789,7|8|10|8|6|6|9|6|7|9|9|8,62|63|55|57|62|59|60|61|61|59|58|55,13|15|18|19|17|21|19|21|20|20|20|0,236|101|-238|104|228|-70|208|735|116|765,554|615|623|629|749|833|803|977|947|956|973|1791,840|895|1076|840|1209|1196|1153|1403|1164|1410|1477|1653,62.43|62.43|62.43|62.43|62.43|62.43|62.43|62.43,3.91|4.20|3.47|3.53|3.48|3.60|3.85|3.76,11.26|11.57|11.11|10.63|10.39|10.47|10.31|10.24,3.76,10.24,14,0.85
Latent View,/company/LATENTVIEW/consolidated/,LATENTVIEW,17.35,,3.3,15.8,11.9,65.10,,5785.62,279.60,23.21,30,nse,consolidated,29.6,84.8,280,5786,Information Technology,Information Technology,Computers - Software & Consulting,25,28,23,Jun 2026,Mar 2026,Jun 2026,156|166|172|179|209|228|232|236|258|278|289|287,,,33|78|288|310|306|408|539|641|848|1060,36|33|25|26|34|30|27|21|23|22,,0|0|0|0|0|0|1|1|1|2,||64|63|90|87|97|115|130|165,2|7|37|35|30|29|23|28|401|397,,65.39|65.24|65.24|65.20|65.20|65.10|65.10|65.10,2.66|2.87|3.02|2.10|2.17|3.72|3.15|2.12,3.65|3.66|3.27|3.25|3.40|4.20|4.13|3.60,2.12,3.60,5.72,5.46
Man Industries,/company/MANINDS/consolidated/,MANINDS,10.60,,2.76,16.2,9.23,43.21,,5762.24,768.20,59.69,30,nse,consolidated,28.2,278,768,5762,Industrials,Capital Goods,Iron & Steel Products,17,11,11,Jun 2026,Mar 2026,Jun 2026,1018|833|811|749|806|732|1218|742|834|830|1157|1053,80|76|79|83|76|71|80|80|72|60|47|65,,1364|1392|1060|1608|2222|1759|2080|2139|2231|3142|3505|3564,8|9|4.6|8|8|10|10|8|6|8|9|12,79|77|77|75|76|72|68|74|79|76|69|63,4|3|7|8|6|6|4|8|6|5|13|0,-75|132|137|214|-60|451|-120|345|68|515,416|349|346|355|396|368|337|318|553|605|643|864,272|128|109|418|217|380|332|318|407|646|1269|1535,46.15|46.15|46.20|48.21|43.21|43.21|43.21|43.21,2.52|2.16|3.33|2.19|2.32|3.35|2.41|2.87,3.27|2.64|1.03|0.88|1.68|1.26|1.34|1.43,2.87,1.43,4.3,1.62
IOL Chemicals,/company/IOLCP/,IOLCP,17.02,,3.18,11.3,8.42,62.28,,5722.32,194.95,63.07,30,nse,standalone,32.4,61.3,195,5722,Healthcare,Healthcare,Pharmaceuticals,2,3,19,Jun 2026,Mar 2026,Jun 2026,545|520|504|502|526|523|528|552|568|580|619|756,65|68|64|67|68|68|66|66|65|66|60|63,,385|580|711|983|1685|1894|1967|2184|2217|2133|2079|2319,2.9|9|14|12|24|30|30|12|10|11|10|12,73|71|67|71|62|56|56|72|70|66|67|64,14|10|8|7|5|5|4|5|8|9|8|9,83|120|273|471|380|91|123|290|179|214,403|400|374|406|412|469|512|561|751|933|1170|1181,213|228|263|207|189|188|295|410|326|425|361|371,48.19|52.62|52.62|52.62|52.62|52.62|57.48|62.28,1.63|1.49|1.47|2.59|2.25|2.08|1.72|4.87,0.07|0.08|0.07|0.02|0.05|0.03|0.02|0.43,4.87,0.43,5.3,2.47
Jana Small Finan,/company/JSFB/,JSFB,13.84,,1.29,7.45,7.63,16.94,,5721.21,541.00,66.69,30,nse,standalone,15.1,421,541,5721,Financial Services,Financial Services,Other Bank,20,16,18,Jun 2026,Mar 2026,Jun 2026,979|1038|1112|1167|1166|1177|1184|1241|1305|1374|1445|1515,,,1555|1251|1992|2498|2727|3075|4014|4710|5353,,,0.00|3.56|2.06|1.21|0.99|0.92|0.88|0.82|0.00,|2771|949|615|859|-1137|708|4073|594,385|332|259|211|170|123|139|150|199,,22.38|22.35|22.28|21.88|21.87|21.86|21.85|16.94,1.09|0.51|0.89|0.28|1.21|4.11|4.31|4.01,17.99|18.47|15.89|16.03|14.81|12.92|14.29|15.31,4.01,15.31,19.32,1.07
Marine Electric.,/company/MARINE/consolidated/,MARINE,46.49,,11.56,18.2,13.2,68.20,,5692.94,406.80,38.09,30,nse,consolidated,87.6,35.2,407,5693,Industrials,Capital Goods,Industrial Products,26,28,22,Jun 2026,Mar 2026,Jun 2026,137|147|237|138|184|194|251|167|222|210|277|259,76|77|78|72|70|74|74|70|69|70|73|72,,236|250|272|369|400|263|251|376|443|622|767|877,8|8|9|9|6|9|11|9|9|8|9|11,71|67|66|78|79|71|69|75|74|76|73|71,7|9|11|1|2|2|2|2|2|2|2|0,13|31|-53|23|2|47|-2|-7|55|-16,40|43|56|39|43|53|48|49|66|75|75|99,22|13|35|48|56|75|79|79|64|92|79|85,71.17|68.45|68.45|68.45|68.46|68.54|68.20|68.20,0.25|0.96|0.15|0.08|0.18|0.65|0.59|1.12,0.08|0.04|0.04|0.07|0.12|0.12|0.34|0.41,1.12,0.41,1.53,6.49
Kalpat.,/company/KALPATARU/consolidated/,KALPATARU,60.94,,1.38,1.27,2.73,81.34,,5692.72,276.45,5.88,30,nse,consolidated,46.3,200,276,5693,Consumer Discretionary,Realty,"Residential, Commercial Projects",-2,25,62,Jun 2026,Mar 2026,Jun 2026,492|530|506|588|597|443|794|505|1694|472,,,1359|1111|990|3633|1930|2222|3436,8|6|-4.9|-2.2|-7|2.5|3.5,73|82|86|0|0|0|0,1|1|1|94|90|87|81,871|757|402|2139|376|488|848,647|725|699|682|639|767|702,3985|5441|10353|9708|10654|12790|13660,81.34|81.34|81.34|81.34|81.34,7.66|7.68|7.96|8.09|5.87,6.26|6.79|6.51|6.29|8.23,5.87,8.23,14.1,1.66
Vadilal Inds.,/company/VADILALIND/consolidated/,VADILALIND,16.31,,6.68,22.0,19.6,64.72,,5680.10,7900.00,24.55,30,nse,consolidated,25.9,1183,7900,5680,Fast Moving Consumer Goods,Fast Moving Consumer Goods,Dairy Products,12,27,31,Jun 2026,Mar 2026,Jun 2026,289|174|251|464|296|204|275|507|341|239|416|680,50|52|48|51|48|47|48|55|51|45|46|54,,406|450|482|547|567|599|463|698|1058|1125|1240|1503,10|13|12|9|13|13|8|14|16|20|19|17,60.87|55.21|69.08|57.09|52.02|52.67|52.80|50.98|52.99|50.93|39.17|41.64,12.54|13.63|-0.59|14.03|14.72|14.23|15.20|12.38|10.96|10.86|20.73|18.41,46|17|44|67|82|32|39|192|111|143,226|225|251|257|267|318|312|307|403|444|478|536,97|94|123|102|127|155|141|165|256|229|311|336,64.72|64.72|64.72|64.72|64.72|64.72|64.72|64.72,0.35|0.30|0.68|0.77|0.57|0.56|0.58|1.02,0.05|0.00|0.00|0.44|0.47|0.42|0.42|1.26,1.02,1.26,2.28,3.78
I T D C,/company/ITDC/consolidated/,ITDC,44.28,,13.43,29.8,21.0,87.03,,5679.22,662.15,48.22,30,nse,consolidated,68.6,49.3,662,5679,Consumer Discretionary,Consumer Services,Hotels & Resorts,5,25,-7,Jun 2026,Mar 2026,Jun 2026,131.03|134.93|141.05|84.91|145.63|143.53|199.94|87.75|118.49|184.78|142.01|90.10,32.53|29.96|28.85|20.01|38.12|30.44|43.05|21.72|29.77|44.20|32.16|20.88,,492|459|349|346|354|347|177|294|464|509|570|533,2.8|3.9|2.5|-8|5|5|-25|0.7|16|18|15|17,16.61|15.06|21.44|19.21|24.09|8.72|8.50|10.66|9.56|6.81|5.47|34.11,42.85|43.20|29.23|32.74|26.60|38.83|42.93|40.09|37.11|45.29|51.18|0.00,-7|15|-29|8|-13|16|-12|-3|53|70,52|51|57|57|55|51|45|40|46|40|42|42,13|15|14|11|10|10|11|10|10|13|19|18,87.03|87.03|87.03|87.03|87.03|87.03|87.03|87.03,0.00|0.01|0.00|0.00|0.01|0.00|0.02|0.03,1.80|1.80|1.78|1.78|1.78|1.78|1.78|1.78,0.03,1.78,1.81,10.65
Lumax Industries,/company/LUMAXIND/consolidated/,LUMAXIND,13.46,,6.18,17.7,22.0,75.00,,5676.39,6071.00,12.02,30,nse,consolidated,28.2,982,6071,5676,Consumer Discretionary,Automobile and Auto Components,Auto Components & Equipments,22,24,27,Jun 2026,Mar 2026,Jun 2026,644|632|743|766|812|887|923|923|1009|1053|1200|1223,64|62|62|60|61|55|63|59|62|63|64|64,,1252|1271|1649|1851|1602|1426|1751|2320|2637|3400|4184,7|8|8|8|10|7|8|9|9|8|10,67|64|66|66|55|60|61|62|63|60|62,8|8|7|7|14|11|11|10|10|16|11,100|140|104|103|76|108|108|133|212|373,408|419|518|549|653|627|711|749|968|1106|1434,105|116|169|204|179|222|264|378|582|511|643,75.00|75.00|75.00|75.00|75.00|75.00|75.00|75.00,1.18|0.92|0.97|1.18|1.13|1.38|1.63|1.36,3.56|4.94|5.63|5.75|5.98|5.71|6.07|6.70,1.36,6.70,8.06,1.36
Gulf Oil Lubric.,/company/GULFOILLUB/,GULFOILLUB,7.69,,3.62,27.2,24.1,66.85,,5668.66,1143.90,11.39,30,nse,standalone,14.3,316,1144,5669,Energy,"Oil, Gas & Consumable Fuels",Lubricants,10,19,18,Jun 2026,Mar 2026,Jun 2026,802|817|853|885|849|905|915|996|957|998|1040|1320,59|58|59|59|58|57|57|57|57|57|59|59,,967|1011|1087|1332|1706|1644|1652|2192|2999|3284|3554|3991,13|16|16|18|17|17|16|13|11|13|13|13,55|49|49|46|49|45|48|52|55|52|51|52,7|7|7|7|8|7|7|9|8|8|7|7,134|110|17|237|194|-24|273|348|423|363,89|107|118|260|270|280|254|273|277|250|275|286,142|157|150|237|339|328|377|476|472|484|477|553,67.22|67.14|67.14|67.14|67.11|67.11|67.01|66.85,7.07|7.29|7.52|8.48|9.53|9.22|8.91|7.78,9.55|9.59|9.53|7.84|7.45|8.13|8.17|8.70,7.78,8.70,16.48,1.42
Gokaldas Exports,/company/GOKEX/consolidated/,GOKEX,14.89,,2.6,8.39,4.72,9.15,,5626.26,767.80,20.51,30,nse,consolidated,54.6,295,768,5626,Consumer Discretionary,Textiles,Garments & Apparels,22,27,8,Jun 2026,Mar 2026,Jun 2026,500|552|812|932|929|988|1015|956|984|979|1069|1154,47.09|44.32|49.28|51.85|52.01|46.44|49.75|46.29|52.15|45.78|48.73|47.60,,1090|1143|930|1031|1175|1371|1211|1790|2222|2379|3864|3988,2.3|3.3|-3.4|-2.3|5|6|8|11|12|11|10|9,49.63|51.92|57.05|52.01|44.55|50.47|49.97|49.61|52.97|47.72|49.95|48.27,6.18|6.00|1.97|7.51|5.44|4.32|4.52|4.97|3.80|4.24|4.23|0.00,12|25|51|99|119|117|369|-177|57|52,135|96|97|96|107|172|237|288|280|1136|1399|1540,213|199|192|178|263|289|259|434|293|604|682|875,9.39|9.38|9.38|9.17|9.16|9.15|9.15|9.15,27.02|26.54|25.79|24.88|22.93|23.71|19.85|14.46,33.77|37.01|36.82|37.17|38.94|39.03|37.58|43.41,14.46,43.41,57.87,1.41
Prism Johnson,/company/PRSMJOHNSN/consolidated/,PRSMJOHNSN,8.38,,3.65,5.92,-5.41,74.87,,5596.36,111.18,41.86,30,nse,consolidated,47.7,30.4,111,5596,Commodities,Construction Materials,Cement & Cement Products,0,6,5,Jun 2026,Mar 2026,Jun 2026,1838|1728|2066|1763|1640|1821|1960|1789|1855|1753|2110|1835,33.99|28.02|38.17|27.29|33.46|35.35|33.50|30.85|32.20|35.59|41.35|29.71,,5654|5223|5012|5508|6194|5956|5587|6306|7361|7427|6811|7381,6|7|7|8|10|9|11|8|5|7|7|9,39.86|37.86|37.05|37.29|31.96|33.14|33.77|32.86|32.64|33.66|34.21|35.85,24.42|26.37|24.54|24.49|26.50|24.83|22.31|24.61|28.70|26.83|28.43|25.94,676|587|654|667|1281|573|592|473|737|503,2413|2472|2415|2602|2626|2821|2946|2970|2947|3260|3285|3195,714|645|562|617|709|742|580|805|748|826|774|684,74.87|74.87|74.87|74.87|74.87|74.87|74.87|74.87,3.67|3.76|3.42|3.42|3.47|3.53|3.55|2.74,6.02|5.32|5.57|5.62|6.08|6.23|6.04|6.45,2.74,6.45,9.19,0.76
FDC,/company/FDC/consolidated/,FDC,11.68,,2.24,16.7,12.5,69.65,,5576.25,342.50,9.03,30,nse,consolidated,18.1,153,342,5576,Healthcare,Healthcare,Pharmaceuticals,7,10,3,Jun 2026,Mar 2026,Jun 2026,486|458|462|638|514|464|492|648|473|465|585|668,34.83|32.90|33.19|36.19|35.62|34.67|32.80|32.27|30.56|32.61|35.16|32.00,,888|994|1013|1074|1089|1341|1331|1525|1784|1943|2108|2171,22|23|24|22|21|23|25|17|14|17|15|16,38.25|36.00|33.34|32.80|31.70|31.74|31.11|34.77|36.76|33.77|34.93|32.75,6.81|7.25|8.34|9.05|9.70|8.25|8.41|9.27|9.63|9.82|9.32|-0.00,154|150|112|250|207|162|155|221|318|200,393|675|678|674|682|674|689|705|699|680|852|1000,123|131|137|160|174|210|215|305|329|389|375|355,69.66|69.66|69.66|69.66|69.66|69.66|69.65|69.65,2.62|2.67|2.56|2.41|2.43|2.32|2.40|1.40,6.02|6.08|6.37|7.17|6.81|6.27|6.29|6.31,1.40,6.31,7.71,2.57
Ashapura Minech.,/company/ASHAPURMIN/consolidated/,ASHAPURMIN,9.52,,3.36,20.7,28.0,48.04,,5560.57,582.10,36.88,30,nse,consolidated,13.5,173,582,5561,Commodities,Metals & Mining,Industrial Minerals,42,35,63,Jun 2026,Mar 2026,Jun 2026,554|713|440|714|604|865|555|1356|952|960|1969|1616,29.73|19.81|10.88|21.72|22.53|26.43|12.49|28.93|23.67|27.56|25.89|23.10,,1753|1775|833|794|622|334|1148|1278|1831|2654|2739|5237,15|14|4.7|0.6|-0.7|-14|11|8|10|10|14|11,15|22|34|39|42|46|25|26|25|18|17|27,15|6|4|14|15|24|14|17|13|11|12|0,72|-18|-217|16|-20|114|97|148|188|463,333|345|336|308|254|544|527|539|584|577|1349|1499,208|285|254|245|161|224|289|414|532|520|654|585,47.70|47.70|47.76|47.76|47.79|47.88|48.03|48.04,15.72|16.00|16.56|16.42|18.02|19.25|19.50|19.22,0.13|0.14|0.38|0.26|0.35|0.38|0.33|0.40,19.22,0.40,19.62,1.06
Quess Corp,/company/QUESS/consolidated/,QUESS,15.03,,4.76,24.0,21.3,56.82,,5559.92,372.25,44.43,30,nse,consolidated,21.5,78.1,372,5560,Services,Services,Diversified Commercial Services,-4,7,5,Jun 2026,Mar 2026,Jun 2026,4748|4842|3537|3587|3705|4019|3656|3651|3832|3930|3892|4182,3|2|2|0|0|0|0|0|0|0|0|0,,2567|3435|4315|6167|8527|10991|10837|13692|17158|13695|14967|15305,5|4.4|6|6|5|6|4.2|4.6|3.4|1.7|2.1|2.1,|1|2|2|3|2|2|2|3|2|0|0,|2|5|5|5|4|4|5|5|3|2|2,68|109|202|361|715|554|466|529|380|230,129|252|1172|1632|1656|1487|1505|1657|1796|1695|341|387,0|2|7|8|22|28|29|27|28|7|0|0,56.60|56.56|56.99|56.98|56.92|56.87|56.83|56.82,15.81|15.24|14.82|14.58|14.11|9.15|8.31|8.58,10.96|10.45|9.77|8.74|9.77|12.45|12.40|11.86,8.58,11.86,20.44,0.36
Ram Ratna Wires,/company/RAMRAT/consolidated/,RAMRAT,19.22,,9.53,23.6,20.6,69.30,,5525.33,591.90,22.16,30,nse,consolidated,42.7,62.1,592,5525,Industrials,Capital Goods,Other Electrical Equipment,25,28,61,Jun 2026,Mar 2026,Jun 2026,757|698|803|892|940|889|957|982|1163|1278|1753|1853,91|91|91|91|92|90|90|90|90|89|90|91,,747|728|801|1138|1423|1446|1527|2289|2650|2983|3677|5177,4.7|4.8|6|6|4.7|4.2|4.0|4.8|4.1|4.0|4.2|5,90|89|87|88|88|88|89|90|90|90|90|89,2|2|2|2|3|4|3|3|3|3|2|2,21|2|-8|64|-26|151|65|138|227|-93,48|52|72|141|169|167|158|151|147|214|404|639,16|20|40|45|100|102|133|126|187|196|234|486,73.04|72.98|72.98|72.98|68.84|69.30|69.30|69.30,0.48|0.31|0.17|0.17|0.11|0.09|0.17|0.47,0.00|0.00|0.24|0.35|0.33|0.42|0.44|0.62,0.47,0.62,1.09,1.07
Rashi Peripheral,/company/RPTECH/consolidated/,RPTECH,11.44,,2.7,17.0,14.7,64.04,,5502.05,828.55,54.37,30,nse,consolidated,17.2,307,829,5502,Information Technology,Information Technology,Computers Hardware & Equipments,19,22,40,Jun 2026,Mar 2026,Jun 2026,3023|2624|3002|4267|3706|2826|2973|3152|4155|4030|4489|5102,95|95|95|95|95|94|94|94|95|94|94|95,,3991|3934|5925|9313|9454|11095|13773|15827,1.5|2.2|3.6|3.2|2.7|2.7|2.2|2.9,95|94|94|94|94|95|95|94,0|0|0|0|0|0|0|0,-26|82|-109|-315|-115|-102|-299|114,24|60|62|70|77|71|63|80,337|489|573|1199|1493|1825|2000|2554,63.41|63.41|63.61|63.65|63.80|63.98|64.01|64.04,0.90|1.67|1.11|1.05|1.39|0.66|0.78|3.27,15.28|16.09|16.36|16.39|17.84|18.45|17.45|12.68,3.27,12.68,15.95,0.35
Indigo Paints,/company/INDIGOPNTS/,INDIGOPNTS,19.50,,4.65,17.9,13.4,53.88,,5497.85,1151.80,16.96,30,nse,standalone,33.2,248,1152,5498,Consumer Discretionary,Consumer Durables,Paints,7,13,8,Jun 2026,Mar 2026,Jun 2026,270|341|366|294|289|327|367|295|298|339|398|350,54|52|51|53|56|53|53|54|55|53|51|55,,90|124|289|411|536|625|723|906|1073|1255|1277|1330,-8|-4.5|-0.7|6|10|15|17|15|17|19|18|19,52|49|56|56|56|52|52|57|55|52|53|53,1|1|1|12|2|2|2|2|11|12|11|11,-26|27|50|72|121|65|116|152|205|211,12|13|91|95|149|201|249|253|265|548|525|549,12|15|48|51|69|77|95|118|118|166|149|173,53.93|53.93|53.93|53.93|53.88|53.88|53.88|53.88,12.31|12.50|12.41|11.71|11.81|11.21|7.42|5.73,16.14|17.06|16.74|19.29|19.68|21.13|23.00|25.25,5.73,25.25,30.98,4.13
Fiem Industries,/company/FIEMIND/consolidated/,FIEMIND,12.28,,4.52,29.3,22.6,54.51,,5494.76,2087.70,27,30,nse,consolidated,20.9,462,2088,5495,Consumer Discretionary,Automobile and Auto Components,Auto Components & Equipments,15,18,17,Jun 2026,Mar 2026,Jun 2026,509|487|558|578|612|593|639|659|715|690|751|775,61|60|62|62|62|62|62|61|61|60|61|62,,824|987|1015|1240|1449|1379|1221|1572|1848|2029|2423|2816,12|13|12|11|11|11|11|12|13|13|13|14,60|58|58|60|62|61|62|63|61|61|62|61,10|11|11|10|9|9|8|8|7|7|6|6,46|125|121|207|136|92|131|135|233|161,334|416|479|554|564|591|547|508|494|496|553|604,51|66|102|140|147|129|117|185|176|204|233|267,58.96|58.96|58.96|58.96|54.51|54.51|54.51|54.51,3.70|3.22|2.99|4.68|7.19|6.93|6.86|7.03,5.77|6.04|7.05|8.51|10.05|10.87|11.40|11.60,7.03,11.60,18.63,1.95
L G Balakrishnan,/company/LGBBROSLTD/consolidated/,LGBBROSLTD,9.68,,2.55,19.6,15.5,34.84,,5478.16,1717.70,4.05,30,nse,consolidated,17.1,675,1718,5478,Consumer Discretionary,Automobile and Auto Components,Auto Components & Equipments,12,14,21,Jun 2026,Mar 2026,Jun 2026,600|600|607|571|661|677|669|657|787|817|815|799,47.02|45.40|43.43|41.95|45.08|44.15|43.70|41.86|43.83|44.29|44.18|45.33,,1151|1175|1258|1418|1688|1543|1609|2102|2203|2346|2578|3076,12|12|13|14|12|12|16|19|17|17|16|16,47.76|45.70|44.56|45.48|45.63|45.72|45.99|45.15|46.56|45.53|43.78|43.63,19.85|20.56|19.73|19.39|20.04|19.08|17.03|16.91|16.83|17.42|18.48|0.00,150|128|102|203|226|202|304|343|288|332,316|381|407|424|532|585|552|508|487|573|812|1098,231|228|231|253|307|290|301|436|400|389|432|514,34.80|34.80|34.80|34.80|34.82|34.82|34.83|34.84,6.45|6.05|5.92|5.96|5.85|6.99|6.61|6.42,14.43|13.94|13.87|13.74|13.47|12.88|13.35|13.46,6.42,13.46,19.88,1.78
ION Exchange,/company/IONEXCHANG/consolidated/,IONEXCHANG,21.94,,4.06,14.2,12.0,25.43,,5447.93,371.45,16.03,30,nse,consolidated,49.5,91.3,371,5448,Utilities,Utilities,Water Supply & Management,14,15,10,Jun 2026,Mar 2026,Jun 2026,532.97|553.85|781.81|567.57|644.47|690.51|834.56|583.19|733.94|734.44|863.27|700.46,62|60|66|60|63|63|65|59|63|63|68|64,,798|868|1009|1046|1162|1480|1450|1577|1990|2348|2737|2915,6|7|7|8|9|9|14|14|13|12|11|7,65|65|69|65|63|65|62|60|63|62|63|64,2|2|2|6|5|6|5|6|5|5|6|5,176|86|127|102|197|91|63|130|32|-28,85|103|99|145|161|194|190|192|215|367|392|753,79|81|129|101|130|134|128|181|222|237|299|441,25.90|25.78|25.76|25.71|25.67|25.58|25.52|25.43,5.44|5.83|5.50|5.27|4.85|4.68|4.63|4.86,13.24|13.62|13.88|14.09|14.29|14.22|14.80|15.32,4.86,15.32,20.18,1.87
Onemi Technology,/company/KISSHT/consolidated/,KISSHT,10.46,,,22.6,24.0,24.80,,5429.76,306.30,46.82,30,nse,consolidated,17.1,,306,5430,Financial Services,Financial Services,Other Financial Services,30,66,62,Jun 2026,Mar 2026,Jun 2026,369|463|591|619|670,,,175|517|1000|1700|1352|2188,-13|17|12|23|32|30,,1|0|1|1|1|-0,79|-16|48|-637|-661|-461,18|12|66|57|53|49,,24.80,7.64,19.05,7.64,19.05,26.69,2.48
IFB Industries,/company/IFBIND/,IFBIND,15.52,,5.46,18.2,14.5,74.96,,5416.71,1336.80,8.43,30,nse,standalone,34.7,245,1337,5417,Consumer Discretionary,Consumer Durables,Household Appliances,10,15,13,Jun 2026,Mar 2026,Jun 2026,1068|1133|1055|1237|1177|1228|1300|1301|1320|1375|1447|1524,57|59|60|62|59|59|62|60|58|61|64|63,,1262|1501|1741|2152|2538|2551|2731|3339|4104|4312|4942|5443,7|4.7|6|7|5.0|4.7|7|1.3|3.9|4.9|6|6,56|57|58|56|58|57|56|60|61|59|61|61,11|11|11|11|11|11|7|8|7|7|7|7,93|118|50|165|298|45|107|349|103|291,273|274|305|294|313|570|626|672|669|606|671|668,223|214|235|311|393|373|458|572|567|536|668|631,74.96|74.96|74.96|74.96|74.96|74.96|74.96|74.96,1.11|0.91|1.06|0.76|0.92|0.96|0.92|0.79,6.70|6.80|6.41|6.26|6.22|6.03|6.16|6.15,0.79,6.15,6.94,1
Saatvik Green,/company/SAATVIKGL/consolidated/,SAATVIKGL,13.98,,3.94,32.9,42.4,75.99,,5367.64,422.30,5.66,30,nse,consolidated,21.6,107,422,5368,Industrials,Capital Goods,Other Electrical Equipment,96,,47,Jun 2026,Mar 2026,Jun 2026,233.50|245.98|475.30|518.19|918.94|915.73|768.03|1257.02|1607.66|511.01,83|71|76|75|73|70|70|80|84|78,,609|1088|2158|4548,2.5|14|15|12,89|76|74|78,2|2|3|0,5|44|43|-27,50|117|320|451,132|221|650|702,75.99|75.99|75.99|75.99,0.46|0.25|0.03|0.19,8.05|9.35|10.52|10.97,0.19,10.97,11.16,1.18
MAS FINANC SER,/company/MASFIN/consolidated/,MASFIN,9.94,,1.79,11.3,13.4,66.66,,5341.99,294.40,5.09,30,nse,consolidated,13.4,164,294,5342,Financial Services,Financial Services,Non Banking Financial Company (NBFC),26,26,23,Jun 2026,Mar 2026,Jun 2026,310|335|347|364|384|410|439|466|480|507|542|562,,,238|309|365|477|605|710|627|690|989|1289|1599|1998,,,0.57|1.64|0.45|1.53|0.37|0.36|0.21|0.35|5.14|4.01|4.44|6.51,-164|-386|-468|196|-578|-805|-1488|-1366|-1123|-1787,4|8|9|58|13|15|12|14|17|25|27|74,,66.63|66.63|66.63|66.63|66.63|66.63|66.66|66.66,2.72|3.02|3.12|3.07|3.18|3.13|3.46|3.69,20.23|20.02|20.13|19.99|20.15|20.23|20.04|19.68,3.69,19.68,23.37,2.67
AvenuesAI,/company/CCAVENUE/consolidated/,CCAVENUE,10.24,,1.13,7.71,6.64,27.29,,5326.78,15.27,21.63,30,nse,consolidated,18.0,13.6,15.3,5327,Financial Services,Financial Services,Financial Technology (Fintech),61,64,110,Jun 2026,Mar 2026,Jun 2026,787|907|716|745|1017|1070|1161|1280|1965|2381|2490|2680,,,288|337|441|839|1159|633|676|1294|1962|3150|3993|8116,-0.8|7|15|19|15|24|21|11|9|8|8|4.3,77|69|62|34|17|-0|-0|-0|-0|-0|-0|-0,2|2|1|22|35|64|66|80|84|87|87|-0,59|97|308|22|155|122|113|728|72|537,51|67|90|2115|2102|2126|2101|2080|2143|2125|2275|3104,12|24|9|12|-0|-0|-0|-0|-0|-0|-0|-0,27.43|27.36|27.36|27.36|27.28|27.29|27.29|27.29,6.80|7.17|7.72|6.38|5.91|5.66|5.74|5.93,0.12|0.15|0.20|0.18|0.22|0.23|0.21|0.17,5.93,0.17,6.1,0.66
Epigral,/company/EPIGRAL/,EPIGRAL,9.91,,2.39,15.3,15.8,68.83,,5318.46,1232.80,14.04,30,nse,standalone,19.6,515,1233,5318,Commodities,Chemicals,Specialty Chemicals,5,25,5,Jun 2026,Mar 2026,Jun 2026,478|472|525|651|626|645|628|607|587|597|736|705,57|53|51|55|53|52|52|53|56|60|58|56,,394|392|598|710|611|829|1551|2188|1929|2550|2527,38|37|42|43|32|32|33|31|25|28|22,45|44|40|36|45|46|49|51|55|53|57,10|13|9|7|12|11|11|11|12|11|13,|||165|229|284|626|398|441|436,364|398|347|295|440|1102|1068|1804|1767|2238|2117,37|28|30|41|48|54|154|212|263|388|349,71.58|68.94|68.95|68.83|68.83|68.83|68.83|68.83,2.10|3.01|3.01|3.06|2.71|2.36|1.54|1.03,1.17|4.31|4.66|4.78|4.93|5.13|4.90|5.56,1.03,5.56,6.59,2.1
C.E. Info System,/company/MAPMYINDIA/consolidated/,MAPMYINDIA,22.83,,5.85,19.1,12.0,51.41,,5289.37,965.90,37.84,30,nse,consolidated,38.4,165,966,5289,Information Technology,Information Technology,Software Products,19,25,2,Jun 2026,Mar 2026,Jun 2026,91|92|107|101|104|115|144|122|114|94|145|140,14.49|15.22|20.67|10.28|15.39|11.41|12.04|8.95|13.89|15.18|13.39|15.51,,135|149|152|200|281|379|463|474,19|20|34|43|42|41|38|36,14.68|9.80|10.75|9.28|17.11|16.75|12.25|12.73,3.10|2.97|2.02|1.81|1.48|1.15|1.02|0.99,27|27|82|29|90|76|117|93,44|41|33|43|49|61|90|98,5|5|3|10|18|12|19|20,51.67|51.67|51.65|51.65|51.36|51.36|51.41|51.41,6.44|4.66|4.44|5.36|4.63|3.90|3.15|1.52,5.76|7.14|8.91|12.06|13.07|13.95|14.31|12.74,1.52,12.74,14.26,11.16
MOIL,/company/MOIL/,MOIL,8.08,,1.94,12.4,9.77,64.68,,5255.01,258.25,54.44,30,nse,standalone,17.3,133,258,5255,Commodities,Metals & Mining,Industrial Minerals,3,5,5,Jun 2026,Mar 2026,Jun 2026,348|306|416|493|292|367|433|348|348|348|444|371,-0.96|-14.25|3.68|-0.63|-13.55|1.20|-2.18|-2.93|-3.97|-7.93|5.09|-13.69,,822|632|978|1314|1438|1034|1172|1433|1339|1447|1582|1470,46|11|31|41|41|25|25|38|28|30|33|28,-8.61|0.54|7.66|3.75|2.61|-2.89|8.46|3.48|-1.73|-0.22|-1.52|-1.57,22.97|27.33|18.55|14.74|15.77|22.77|19.16|17.71|27.39|27.31|28.19|30.17,118|529|424|58|291|360|212|253|434|157,294|311|326|348|430|587|663|676|852|926|920|1051,144|163|122|97|103|178|110|100|171|213|289|363,64.68|64.68|64.68|64.68|64.68|64.68|64.68|64.68,4.87|3.12|3.25|6.16|6.05|4.83|4.16|3.73,7.92|8.24|7.65|6.64|7.12|6.81|7.63|6.82,3.73,6.82,10.55,3.57
Goldiam Intl.,/company/GOLDIAM/consolidated/,GOLDIAM,16.43,,4.75,23.9,18.5,58.51,,5247.67,348.55,41.11,30,nse,consolidated,24.9,73.4,349,5248,Consumer Discretionary,Consumer Durables,"Gems, Jewellery And Watches",22,19,27,Jun 2026,Mar 2026,Jul 2026,133|202|148|166|137|280|199|230|193|320|235|326,66|70|66|67|58|69|65|69|67|68|61|70,,320|326|308|311|435|365|406|688|533|603|781|977,7|10|9|8|13|12|19|19|20|19|21|21,81|77|77|78|76|75|67|71|66|68|66|66,4|4|4|5|4|4|4|4|5|4|5|0,13|-15|86|67|49|-10|65|107|-13|24,23|23|22|23|23|22|43|42|45|45|60|93,114|102|134|139|106|93|107|177|248|223|388|583,62.38|62.06|61.87|58.51|58.51|58.51|58.51|58.51,0.74|1.35|0.87|1.47|0.74|0.63|1.99|2.18,0.37|0.68|0.91|1.15|1.10|0.95|0.78|0.06,2.18,0.06,2.24,5.37
Yasho Industries,/company/YASHO/,YASHO,32.22,,11.86,8.44,4.98,67.91,,5231.33,4338.80,35.26,30,nse,standalone,100,366,4339,5231,Commodities,Chemicals,Specialty Chemicals,7,18,33,Jun 2026,Mar 2026,Jun 2026,139|129|176|176|162|151|190|198|176|198|245|314,66|60|65|64|54|56|60|60|59|62|62|59,,169|180|195|250|340|297|359|614|670|596|680|817,9|11|11|11|11|13|14|15|17|17|17|17,64|62|66|66|68|63|65|64|63|65|59|61,0|0|9|9|11|10|9|8|7|8|10|8,20|-5|54|27|35|16|14|90|-44|151,57|55|58|69|73|103|120|161|177|203|624|634,58|68|60|73|68|73|80|134|161|125|245|235,71.92|71.92|67.99|67.99|67.99|67.99|67.91|67.91,0.99|1.41|7.24|6.98|6.90|6.99|5.70|5.74,0.09|0.28|0.51|0.94|0.96|1.05|1.97|2.21,5.74,2.21,7.95,6.4
PDS,/company/PDSL/consolidated/,PDSL,10.92,,2.96,12.5,6.48,61.37,,5230.50,369.75,5.26,30,nse,consolidated,44.5,125,370,5230,Consumer Discretionary,Textiles,Trading - Textile Products,7,16,5,Jun 2026,Mar 2026,Jun 2026,2463|2580|3215|2621|3306|3125|3526|2999|3419|3172|3519|3444,78|79|80|79|80|80|80|81|80|77|80|80,,3872|4277|4616|4924|6486|6648|6213|8828|10577|10373|12578|13110,1.4|1.0|1.2|0.8|2.1|3.1|3.9|3.8|4.5|4.0|3.8|3.1,86|86|87|86|85|83|83|84|83|80|80|79,0|0|0|0|0|0|0|0|0|0|0|0,121|58|213|281|379|407|510|190|-37|781,192|195|210|273|354|479|464|463|484|504|701|858,89|50|35|65|136|183|197|305|256|329|483|557,61.69|61.52|61.42|61.41|61.41|61.40|61.37|61.37,5.23|5.15|5.00|4.43|3.68|3.22|3.32|3.78,5.30|5.74|5.74|5.92|5.66|5.78|5.77|5.18,3.78,5.18,8.96,0.4
Optiemus Infra.,/company/OPTIEMUS/consolidated/,OPTIEMUS,37.24,,6.62,10.9,9.16,71.40,,5226.05,579.60,17.76,30,nse,consolidated,71.9,87.6,580,5226,Telecommunication,Telecommunication,Telecom - Equipment & Accessories,15,58,21,Jun 2026,Mar 2026,Aug 2026,274|482|490|493|477|472|449|435|418|430|485|883,82|89|80|91|87|86|86|88|85|87|90|87,,2570|1922|1538|714|1173|333|182|472|1174|1528|1890|1769,4.2|4.2|2.9|8|-5|-27|-54|-4.2|1.6|5|6|6,91|92|92|75|91|94|92|95|89|85|88|88,3|1|2|7|3|2|1|1|1|4|1|0,91|-26|73|44|-56|28|1|40|-13|-12,205|181|181|226|159|147|17|113|210|254|293|305,43|10|121|157|61|8|7|7|115|337|244|314,74.89|73.70|73.70|72.57|72.42|72.17|72.17|71.40,0.20|1.41|1.71|2.42|2.61|2.86|3.24|3.31,0.51|1.39|1.48|1.56|1.72|1.46|0.98|2.40,3.31,2.40,5.71,2.95
Gujarat Alkalies,/company/GUJALKALI/consolidated/,GUJALKALI,8.94,,1,1.42,-0.05,47.28,,5191.11,706.85,11.05,30,nse,consolidated,78.2,707,707,5191,Commodities,Chemicals,Commodity Chemicals,-1,12,7,Jun 2026,Mar 2026,Jun 2026,971|921|1002|977|991|1029|1075|1105|1083|1044|1125|1245,43.43|42.53|42.11|42.90|40.39|38.68|37.20|39.74|39.71|34.12|34.57|30.35,,1995|2070|2455|3161|2725|2429|3759|4516|3807|4073|4358,17|22|32|35|21|15|26|21|0.8|7|9,34.07|31.76|26.83|26.92|34.22|38.46|34.07|33.42|41.85|39.72|37.05,36.51|32.67|29.52|27.74|30.82|31.86|28.31|31.24|42.76|39.57|40.83,502|514|838|630|421|735|960|67|381|406,1821|2073|2104|2300|2610|2587|2702|4250|4617|4584|4343,185|170|265|231|236|226|353|461|407|486|450,46.28|46.28|46.28|46.28|46.28|46.28|47.28|47.28,1.94|1.79|1.71|1.02|1.02|0.96|0.94|3.26,3.76|4.14|4.17|4.35|4.52|4.75|3.72|3.02,3.26,3.02,6.28,1.19
Canara Robeco,/company/CRAMC/,CRAMC,17.08,,6.95,40.1,30.3,75.00,,5182.86,259.90,39.14,30,nse,standalone,23.7,37.4,260,5183,Financial Services,Financial Services,Asset Management Company,31,30,13,Jun 2026,Mar 2026,Jun 2026,104|97|101|121|108|121|104|145,,,96|120|164|203|318|404|454,24|42|53|53|63|65|62,,1.68|3.89|0.87|0.84|1.28|1.05|1.07,21|30|53|68|107|159|172,3|2|20|18|17|16|23,,75.00|75.00|75.00,1.38|1.72|1.28,12.49|10.18|9.35,1.28,9.35,10.63,11.42
Bajaj Hindusthan,/company/BAJAJHIND/consolidated/,BAJAJHIND,38.97,,5.15,3.11,24.4,13.33,,5180.57,21.67,92.01,30,nse,consolidated,40.0,4.21,21.7,5181,Fast Moving Consumer Goods,Fast Moving Consumer Goods,Sugar,-5,-4,-2,Jun 2026,Mar 2026,Jun 2026,1133|1741|1870|1386|1160|1476|1554|1248|1157|1380|1669|1126,88|79|71|85|88|84|61|88|92|76|69|97,,4535|4690|4399|5847|6806|6669|6666|5576|6338|6104|5573|5455,-3.7|17|19|4.7|4.4|7|2.5|3.1|4.2|4.1|5|7,91|73|68|84|85|81|82|79|82|80|79|80,5|4|4|4|5|5|8|9|6|6|5|4,700|953|1118|910|332|619|792|646|280|230,4944|7974|7736|7543|7397|7194|6993|6805|7800|7582|7326|7136,2179|1924|3010|2848|2765|2711|2541|2746|2613|2721|2680|2425,24.96|24.96|24.96|24.96|24.96|24.96|13.42|13.33,4.32|3.41|2.61|2.16|1.89|1.86|1.14|1.14,8.14|8.08|8.10|8.12|7.84|7.83|50.41|50.67,1.14,50.67,51.81,0.95
VRL Logistics,/company/VRLLOG/,VRLLOG,8.92,,4.53,18.3,21.7,60.24,,5177.26,295.95,17.95,30,nse,standalone,19.4,65.3,296,5177,Services,Services,Logistics Solution Provider,7,13,6,Jun 2026,Mar 2026,Jun 2026,709|737|768|727|799|825|809|744|797|827|853|879,,,1673|1723|1803|1922|2110|2119|1763|2164|2649|2889|3161|3221,17|16|12|12|12|14|14|17|15|14|18|20,,17|18|70|67|68|65|66|65|67|67|62|59,198|205|192|257|272|371|318|424|555|654,707|712|694|625|705|990|954|1098|1482|1901|2243|2305,15|18|18|24|30|29|40|46|53|41|43|44,60.24|60.24|60.24|60.24|60.24|60.24|60.24|60.24,3.94|3.65|3.62|3.98|3.99|3.75|2.98|2.68,25.47|25.57|25.33|24.55|24.28|23.49|25.05|24.92,2.68,24.92,27.6,1.61
Sh.Renuka Sugar,/company/RENUKA/consolidated/,RENUKA,73.50,,-1.91,-3.12,,62.48,,5138.17,24.14,46.58,30,nse,consolidated,,-12.6,24.1,5138,Fast Moving Consumer Goods,Fast Moving Consumer Goods,Sugar,1,10,-5,Jun 2026,Mar 2026,Jun 2026,2555|3055|3376|3054|2566|2603|2691|2010|2423|2273|2548|2120,86|81|79|87|80|84|71|91|92|70|72|81,,10088|9849|11844|6250|4504|4876|5645|6431|9017|11320|10907|9169,-2.0|-2.9|3.1|-42|-31|1.2|10|6|7|6|6|0.2,87|90|87|106|82|83|76|80|78|80|81|82,3|2|2|3|4|4|6|6|7|9|7|0,1118|-22|255|561|-1564|-134|926|913|950|-122,6008|7702|7587|6192|4023|3886|3776|4004|4296|4561|4493|4062,2233|2094|1428|1031|1732|1679|2442|2073|2279|4477|3469|2603,62.48|62.48|62.48|62.48|62.48|62.48|62.48|62.48,4.25|3.28|3.46|3.37|3.49|3.30|3.52|2.16,10.12|10.13|10.15|10.16|10.11|10.11|10.09|9.14,2.16,9.14,11.3,0.56
MSTC,/company/MSTCLTD/consolidated/,MSTCLTD,12.19,,5.7,30.3,26.6,64.75,,5136.74,729.65,23.12,30,nse,consolidated,21.9,128,730,5137,Services,Services,Trading & Distributors,-20,-14,21,Jun 2026,Mar 2026,Jun 2026,81|185|199|69|72|81|89|77|85|88|119|94,26.61|8.51|8.92|0.00|0.00|0.00|0.00|0.00|0.00|0.00|0.00|0.00,,5689|3225|1739|2265|3292|1231|780|876|721|316|311|370,2.9|-5.0|8|-14|-6|12|-7|1.0|27|26|57|59,91.12|84.42|70.56|70.19|78.72|49.96|27.92|24.44|8.89|0.00|0.00|0.00,0.10|4.07|7.51|6.40|4.79|20.37|19.53|19.88|23.84|3.72|4.18|0.00,-519|21|101|222|681|170|844|-283|260|-28,73|62|66|69|83|96|89|142|141|68|65|206,150|19|74|5|7|7|6|7|6|0|0|0,64.75|64.75|64.75|64.75|64.75|64.75|64.75|64.75,6.21|6.18|5.47|5.37|4.06|3.80|3.93|4.91,1.63|1.68|1.68|1.34|1.22|1.22|1.20|1.29,4.91,1.29,6.2,13.88
Puravankara,/company/PURVA/consolidated/,PURVA,9.88,,2.86,11.2,3.62,75.00,,5117.22,215.78,22.81,30,nse,consolidated,31.9,75.4,216,5117,Consumer Discretionary,Realty,"Residential, Commercial Projects",45,31,116,Jun 2026,Mar 2026,Jun 2026,368|574|920|658|496|318|542|524|644|1069|1502|849,-43.95|-6.21|23.36|13.68|-9.30|-78.99|-28.35|-28.31|-27.29|11.46|18.61|1.94,,1672|1584|1407|1415|2050|2128|963|955|1236|2185|2014|3740,23|21|29|22|21|21|29|22|19|21|14|18,46|47|-66|17|39|43|5|-26|-27|-3|-18|2,11|12|118|40|21|19|38|64|67|53|65|0,-277|-29|-131|578|244|134|145|896|-531|345,112|88|114|125|128|122|111|96|107|163|232|1102,2817|3468|4551|4687|6766|6076|6412|6820|7623|8465|10675|11490,75.00|75.00|75.00|75.00|75.00|75.00|75.00|75.00,17.17|17.24|17.33|17.26|17.23|17.18|16.73|16.62,0.83|0.84|0.79|0.66|0.49|0.51|0.54|0.58,16.62,0.58,17.2,1.37
Thomas Cook (I),/company/THOMASCOOK/consolidated/,THOMASCOOK,7.96,,2,14.9,9.21,64.77,,5100.34,108.43,25.39,30,nse,consolidated,22.7,54.1,108,5100,Consumer Discretionary,Consumer Services,"Tour, Travel Related Services",18,60,-4,Jun 2026,Mar 2026,Jun 2026,1843|1893|1664|2106|2004|2061|1969|2408|2074|2146|1771|2092,,,3244|6094|8762|11248|6603|6833|795|1888|5048|7299|8140|8398,7|3.0|3.9|3.3|1.3|1.6|-44|-10|3.5|6|6|5,,|33|42|42|78|76|51|67|73|74|75|74,273|-244|253|120|-581|-139|649|829|717|643,1200|1903|2843|1723|2403|2707|2628|2580|2576|2770|2809|3147,3|4|9|1|16|23|18|22|30|40|36|50,63.83|63.83|63.83|63.83|63.83|63.83|63.83|64.77,3.58|4.38|4.52|4.41|5.32|7.28|7.56|6.18,9.84|9.48|8.10|7.78|7.33|6.83|6.54|6.53,6.18,6.53,12.71,0.61
Centum Electron,/company/CENTUM/consolidated/,CENTUM,34.43,,14.78,25.5,-12.5,46.82,,5082.27,3442.80,17.27,30,nse,consolidated,58.1,233,3443,5082,Industrials,Capital Goods,Aerospace & Defense,1,3,8,Jun 2026,Mar 2026,Jun 2026,248|298|297|246|260|273|267|179|277|237|340|204,48|49|51|49|50|52|60|59|53|66|69|64,,488|404|692|778|930|883|817|780|923|1091|740|953,21|13|8|3.0|9|11|11|9|8|8|13|14,61|64|45|43|41|40|42|39|45|48|62|65,2|2|2|2|2|2|2|2|3|2|3|2,-53|-27|50|109|81|103|71|202|-29|60,72|72|250|239|205|256|253|239|220|238|217|140,151|157|184|270|237|236|194|225|261|317|347|456,58.75|58.75|51.52|51.52|46.99|46.89|46.88|46.82,0.38|1.03|0.81|1.93|2.85|2.39|2.37|3.31,8.53|8.06|15.36|15.69|19.29|19.95|21.51|19.67,3.31,19.67,22.98,5.33
CARE Ratings,/company/CARERATING/consolidated/,CARERATING,19.06,,5.43,26.3,19.7,,,5062.10,1682.10,8.44,30,nse,consolidated,28.5,310,1682,5062,Financial Services,Financial Services,Ratings,19,14,18,Jun 2026,Mar 2026,Jun 2026,96|79|90|79|117|96|110|94|136|112|131|112,,,261|279|287|333|319|244|248|248|279|332|402|473,61|62|63|63|55|33|39|32|36|34|39|42,,1.43|1.35|0.67|1.53|1.86|2.85|1.02|1.03|1.01|2.66|1.10|0.97,119|134|109|67|86|68|82|91|123|148,65|64|61|60|83|93|85|96|107|109|119|122,,,24.79|24.75|23.75|24.62|23.61|23.00|23.25|23.41,25.28|27.50|29.38|29.76|31.60|31.30|31.38|31.58,23.41,31.58,54.99,10.7
Artemis Medicare,/company/ARTEMISMED/,ARTEMISMED,22.40,,5.38,14.5,11.9,58.39,,5053.93,319.25,13.38,30,nse,standalone,43.8,59.3,319,5054,Healthcare,Healthcare,Hospital,14,21,15,Jun 2026,Mar 2026,Jun 2026,217|210|217|217|235|227|235|250|270|267|274|282,,,368|402|459|503|547|563|402|545|714|845|913|1060,12|11|11|12|12|11|9|12|13|15|16|17,27|26|26|0|0|-0|0|0|0|0|0|0,8|7|5|33|32|33|37|65|66|64|63|63,58|72|41|56|27|61|129|108|150|129,239|249|283|309|381|387|372|476|584|699|729|790,7|6|6|6|7|11|9|12|13|9|9|13,67.17|67.17|67.17|66.53|66.53|58.38|58.39|58.39,0.21|0.65|0.31|0.24|0.37|12.47|12.19|12.28,3.60|4.51|5.04|4.76|4.27|2.91|2.89|2.40,12.28,2.40,14.68,4.77
Electrost.Cast.,/company/ELECTCAST/consolidated/,ELECTCAST,12.18,,0.85,5.00,3.04,50.14,,5038.20,81.50,11.37,30,nse,consolidated,31.7,95.8,81.5,5038,Industrials,Capital Goods,Iron & Steel Products,-7,11,-16,Jun 2026,Mar 2026,Jun 2026,1919|1869|2004|2012|1828|1780|1701|1558|1396|1472|1493|1426,51|46|49|51|50|48|49|49|51|60|55|51,,2402|2204|2079|2263|2699|2711|3474|5281|7276|7478|7320|5918,13|13|14|11|15|14|13|13|10|16|14|6,49|44|44|45|45|43|46|47|55|50|49|54,16|18|19|14|13|14|17|15|13|15|14|15,421|450|-46|225|444|-279|452|803|480|1147,1154|1780|1707|1678|1633|1703|2633|2763|2731|2928|3102|3212,689|592|630|610|754|897|1229|2245|2269|2273|2464|2398,46.22|46.22|46.22|46.22|46.22|46.22|50.14|50.14,19.73|19.91|20.06|20.27|19.26|19.38|15.73|12.80,1.98|0.62|0.63|0.21|0.25|0.24|0.23|0.37,12.80,0.37,13.17,0.85
Sharda Motor,/company/SHARDAMOTR/consolidated/,SHARDAMOTR,9.64,,3.83,36.0,27.9,64.31,,5035.80,877.20,7.33,30,nse,consolidated,15.0,229,877,5036,Consumer Discretionary,Automobile and Auto Components,Auto Components & Equipments,8,14,26,Jun 2026,Mar 2026,Jun 2026,763|689|703|685|711|690|750|756|787|882|972|1011,77|75|74|74|74|74|74|75|75|77|78|80,,751|927|1042|1155|1140|863|1737|2255|2700|2809|2837|3397,9|9|12|13|13|11|7|10|10|13|14|12,73|70|69|68|68|68|82|80|80|76|74|76,8|8|7|7|6|5|3|3|3|4|4|0,164|116|95|-64|148|192|-200|370|271|363,229|243|204|179|194|186|179|156|221|219|251|283,62|83|72|86|103|107|139|131|204|197|207|282,64.31|64.31|64.31|64.31|64.31|64.31|64.31|64.31,2.38|2.16|2.20|2.26|2.46|2.23|2.43|1.73,11.41|11.94|11.72|11.52|11.44|11.70|11.51|11.99,1.73,11.99,13.72,1.48
AGI Greenpac,/company/AGI/,AGI,7.40,,2.08,19.6,15.8,60.39,,5012.75,774.80,11.58,30,nse,standalone,13.6,372,775,5013,Industrials,Capital Goods,Packaging,5,16,4,Jun 2026,Mar 2026,Jun 2026,615|623|622|566|599|658|705|688|602|634|742|785,29.74|29.43|31.62|29.96|28.64|27.76|32.62|30.79|23.22|27.01|33.96|29.30,,1817|1959|2072|2250|1605|1859|1260|1430|2281|2418|2529|2665,19|17|14|12|11|15|21|19|20|23|24|22,36.33|38.27|38.79|39.51|38.07|37.10|30.43|27.57|33.40|30.60|29.82|29.07,23.81|20.09|20.17|20.46|33.55|29.83|33.77|38.73|32.85|31.44|32.00|19.24,205|58|250|107|349|181|523|588|429|572,1560|1514|1523|1681|1842|1820|1831|1529|1862|1970|2032|2023,436|490|492|564|291|408|436|302|328|397|399|457,60.23|60.23|60.23|60.23|60.23|60.23|60.39|60.39,7.20|8.32|7.54|7.61|7.49|7.24|6.78|6.26,1.31|0.87|1.06|1.51|2.22|2.24|2.03|1.06,6.26,1.06,7.32,1.88
PNC Infratech,/company/PNCINFRA/consolidated/,PNCINFRA,5.39,,0.73,8.46,7.00,56.07,,5008.16,195.22,14.19,30,nse,consolidated,8.25,266,195,5008,Industrials,Construction,Civil Construction,-12,-1,-6,Jun 2026,Mar 2026,Jun 2026,1911|2047|2600|2168|1427|1470|1704|1423|1128|1201|1617|1688,66|66|61|46|61|61|65|58|60|63|68|56,,1861|2837|2252|2411|3774|5603|5788|7208|7956|8650|6769|5368,15|22|27|32|27|24|25|21|20|23|31|21,33|32|37|35|39|39|39|44|42|39|30|63,34|37|21|19|20|24|25|20|26|31|30|0,285|591|197|525|190|-499|-1454|-231|-56|4593,683|2447|2405|2279|2234|1978|1797|1482|1291|1159|992|692,223|236|153|176|404|267|354|481|764|765|861|761,56.07|56.07|56.07|56.07|56.07|56.07|56.07|56.07,10.05|6.95|7.10|7.14|6.99|6.95|7.18|7.28,25.50|26.60|26.26|25.90|26.51|26.22|24.55|23.83,7.28,23.83,31.11,0.93
Bansal Wire Inds,/company/BANSALWIRE/consolidated/,BANSALWIRE,18.07,,3.48,13.8,12.1,75.00,,4978.48,318.00,6.09,30,nse,consolidated,34.5,91.4,318,4978,Industrials,Capital Goods,Iron & Steel Products,20,,21,Jun 2026,Mar 2026,Jun 2026,603|606|709|817|825|925|940|939|1055|1029|1136|1168,81|80|79|78|77|77|78|78|76|76|77|81,,2197|2412|2466|3507|4159,4.8|4.4|6|8|7,80|82|80|78|77,11|9|9|8|9,-12|103|-541|-153|333,116|116|229|693|831,265|244|314|639|708,77.99|77.99|77.99|77.99|77.99|77.99|77.99|75.00,2.91|2.90|2.36|2.07|2.35|2.12|0.88|1.99,14.92|15.50|16.19|16.15|15.92|15.67|17.06|15.57,1.99,15.57,17.56,1.2
Man Infra,/company/MANINFRA/consolidated/,MANINFRA,14.55,,2.19,13.2,9.16,62.52,,4957.43,122.81,22.89,30,nse,consolidated,22.9,56.2,123,4957,Consumer Discretionary,Realty,"Residential, Commercial Projects",-31,8,-30,Jun 2026,Mar 2026,Jun 2026,215|242|297|342|230|242|294|183|149|153|146|218,18.19|-1.31|29.54|40.24|32.67|11.92|27.68|25.01|25.35|18.34|-9.89|19.88,,275|226|452|652|371|267|427|961|1890|1263|1108|630,11|16|24|31|27|-0.8|23|26|22|26|27|20,18.76|-20.96|13.48|12.03|7.08|23.50|22.27|20.35|39.49|19.62|18.37|0.54,52.11|83.35|48.13|42.98|46.06|50.33|39.94|39.40|28.05|35.04|31.56|47.96,94|-169|16|88|78|187|448|573|133|-50,43|37|40|34|83|81|59|60|61|53|49|61,129|165|233|320|385|380|403|449|380|505|530|738,67.18|66.62|66.65|65.10|62.29|62.43|62.46|62.52,3.71|4.56|3.81|4.28|5.21|3.92|3.80|1.92,1.69|2.15|2.16|2.12|2.03|2.03|1.93|1.13,1.92,1.13,3.05,7.87
CMR Green Tech.,/company/CMRGREEN/consolidated/,CMRGREEN,13.55,,,14.0,14.6,84.00,,4931.16,225.11,17.21,30,nse,consolidated,22.3,,225,4931,Industrials,Capital Goods,"Aluminium, Copper & Zinc Products",14,24,30,Jun 2026,Mar 2026,Jun 2026,1627|1893|2202|2365|3123,90|87|89|87|89,,2913|5010|5869|5952|6666|8640,12|10|3.6|3.7|4.5|5,79|82|89|89|88|88,4|4|4|4|4|0,-85|-206|614|74|-92|-410,1580|1639|1713|613|669|809,424|752|617|620|827|1317,84.00,2.49,4.33,2.49,4.33,6.82,0.57
Tempsens Instruments,/company/TEMPSENS/consolidated/,TEMPSENS,43.74,,,17.8,14.4,65.67,,4918.04,586.65,101.21,30,nse,consolidated,73.7,,587,4918,Industrials,Capital Goods,Industrial Products,23,26,18,,Mar 2026,Aug 2026,,,,138|194|240|275|379|445,19|22|18|20|24|23,58|59|62|61|53|54,2|5|5|3|5|5,|14|22|37|54|42,54|64|80|99|286|299,23|31|44|57|86|112,65.67,3.27,10.92,3.27,10.92,14.19,11.05
Energy InfrTrust,/company/542543/consolidated/,542543,7.02,,9.87,5.39,11.5,,,4889.03,73.63,4.84,30,bse,consolidated,61.3,7.46,73.6,4889,Energy,"Oil, Gas & Consumable Fuels",Gas Transmission/Marketing,12,16,-2,Jun 2026,Mar 2026,,984.75|999.32|964.77|969.72|923.10|952.39|1001.79|1095.12,,,28|2407|1792|2592|2744|3666|3893|3817,-149|52|55|76|74|60|34|39,,58.40|41.32|35.53|16.99|18.22|21.47|18.79|17.90,-77|1870|2046|1875|1600|2079|1182|1688,16881|16082|15297|14456|13583|12709|11772|10884,107|115|106|137|237|208|250|246,,,,,,,1.28
KDDL Ltd,/company/KDDL/consolidated/,KDDL,11.81,,4.48,11.7,8.90,50.15,,4842.10,3936.90,24.28,30,nse,consolidated,49.4,878,3937,4842,Consumer Discretionary,Consumer Durables,"Gems, Jewellery And Watches",24,31,32,Jun 2026,Mar 2026,Jun 2026,340|372|348|360|396|472|420|465|517|597|575|634,56|59|57|60|59|60|58|59|60|60|58|58,,412|450|453|502|625|652|549|816|1119|1391|1648|2153,10|7|6|9|11|12|12|14|15|18|16|15,58|62|62|60|58|58|59|58|56|57|59|59,6|5|5|5|6|6|5|5|6|5|6|6,21|15|8|64|90|42|46|98|-4|144,74|79|79|84|144|269|246|267|305|350|603|725,169|185|190|201|240|253|225|280|381|490|658|793,50.44|50.44|50.44|50.44|50.44|50.44|50.44|50.15,9.68|9.33|8.75|8.40|8.30|8.38|8.16|7.98,1.48|1.71|2.10|2.04|1.71|1.83|1.88|2.16,7.98,2.16,10.14,2.25
Jamna Auto Inds.,/company/JAMNAAUTO/consolidated/,JAMNAAUTO,11.41,,4.22,27.5,22.4,49.84,,4831.82,120.80,29.54,30,nse,consolidated,20.0,28.7,121,4832,Consumer Discretionary,Automobile and Auto Components,Auto Components & Equipments,4,19,16,Jun 2026,Mar 2026,Jun 2026,607|604|640|557|513|562|638|573|531|668|840|611,64|62|64|63|63|61|64|62|63|60|63|57,,1095|1256|1292|1738|2135|1129|1079|1718|2325|2427|2270|2612,9|13|16|14|13|10|12|13|11|14|13|15,67|63|60|63|64|63|61|65|67|64|63|62,13|10|11|10|11|10|11|10|11|11|11|-0,81|126|281|-1|100|1|374|90|289|510,242|211|281|301|373|369|351|436|434|468|504|849,109|107|113|158|229|130|210|313|325|358|318|329,49.94|49.94|49.93|49.93|49.93|49.93|49.85|49.84,5.40|4.25|2.75|2.04|2.37|5.20|9.25|9.01,5.28|4.41|5.62|6.28|7.04|8.07|4.83|3.91,9.01,3.91,12.92,1.85
Keystone Realtor,/company/RUSTOMJEE/consolidated/,RUSTOMJEE,18.86,,1.67,4.68,2.80,74.59,,4801.32,380.30,13.5,30,nse,consolidated,40.9,227,380,4801,Consumer Discretionary,Realty,"Residential, Commercial Projects",57,25,53,Jun 2026,Mar 2026,Jun 2026,618|521|812|422|533|464|585|273|499|266|1596|470,94|87|82|74|66|72|76|61|77|62|86|61,,1211|849|1269|686|2222|2004|2635,11|12|14|15|4.9|10|4.6,22|18|-0|-27|41|-1|79,52|54|78|91|44|75|-0,351|642|-110|306|183|-11|-509,195|29|33|39|355|375|366,2765|2193|2254|2570|3710|3861|3669,78.35|78.35|78.34|78.34|78.25|74.59|74.59|74.59,3.40|3.28|3.10|2.81|3.07|3.07|2.54|2.35,16.12|16.15|16.19|16.30|15.76|16.61|17.13|16.38,2.35,16.38,18.73,1.82
Wakefit Innovati,/company/WAKEFIT/,WAKEFIT,19.57,,4.23,10.9,23.1,36.88,,4799.24,144.71,87.09,30,nse,standalone,24.4,34.3,145,4799,Consumer Discretionary,Consumer Durables,"Furniture, Home Furnishing",22,30,17,Jun 2026,Mar 2026,Jun 2026,385|303|347|377|421|344|405,48.45|46.39|44.22|42.31|46.17|44.04|42.93,,409|633|813|986|1274|1489,-10|-12|-10|3.7|4.7|12,59.39|59.05|57.34|47.15|45.01|44.24,7.15|11.15|9.72|8.56|18.39|17.25,-69|-148|-20|81|76|245,49|227|290|329|415|389,76|137|116|131|164|198,37.39|37.03|36.88,19.54|15.38|14.48,22.44|26.61|25.85,14.48,25.85,40.33,3.22
Surya Roshni,/company/SURYAROSNI/consolidated/,SURYAROSNI,7.64,,1.82,15.6,10.9,63.02,,4798.00,220.46,16.29,30,nse,consolidated,15.4,121,220,4798,Industrials,Capital Goods,Iron & Steel Products,-2,6,12,Jun 2026,Mar 2026,Jun 2026,1916|1938|2080|1893|1529|1868|2146|1605|1845|1927|2163|2046,77|77|77|76|78|76|74|77|78|77|76|79,,2994|3507|2964|3145|5975|5471|5561|7731|7997|7809|7436|7540,8|9|8|7|6|6|7|6|8|7|8|6,78|76|73|75|78|77|77|80|77|77|75|76,5|4|3|3|3|3|3|3|3|3|3|3,208|181|120|276|540|285|280|546|395|401,1159|1196|753|787|1089|1061|1029|943|912|835|841|892,553|496|470|541|846|918|869|988|1152|1087|902|1005,62.96|62.47|62.47|62.47|62.47|62.89|63.00|63.02,4.87|4.53|4.12|4.67|4.94|4.75|4.68|3.81,1.03|1.46|1.63|1.69|1.67|2.04|2.10|1.90,3.81,1.90,5.71,0.64
Foseco India,/company/FOSECOIND/consolidated/,FOSECOIND,24.08,,4.63,17.4,12.6,63.54,,4795.20,6362.00,6.59,30,nse,consolidated,46.0,1375,6362,4795,Commodities,Chemicals,Specialty Chemicals,,,23,Jun 2026,Dec 2025,Jun 2026,136|149|151|189|202|231,56.50|54.52|53.32|49.83|50.16|48.20,,525|643,17|19,55|53,5|5,42|98,45|774,37|54,74.98|74.98|74.98|74.98|74.98|63.54|63.54|63.54,0.14|0.14|0.13|0.15|0.12|0.10|0.08|0.08,0.30|0.56|0.57|0.59|0.68|0.59|0.58|0.38,0.08,0.38,0.46,7.46
Juniper Hotels,/company/JUNIPER/consolidated/,JUNIPER,13.34,,1.67,8.04,6.19,77.53,,4774.68,214.59,6.73,30,nse,consolidated,25.8,129,215,4775,Consumer Discretionary,Consumer Services,Hotels & Resorts,16,44,12,Jun 2026,Mar 2026,Jun 2026,168|236|245|200|215|252|278|221|230|295|301|250,7.98|7.92|7.33|7.95|8.41|8.23|7.14|7.88|8.00|7.67|6.60|7.65,,539|166|309|667|818|944|1048,32|-2.6|22|41|38|36|40,9.60|-0.00|-0.00|-0.00|-0.00|-0.00|-0.00,12.31|48.18|42.55|34.78|33.89|35.69|31.52,224|54|-36|286|327|309|394,2557|2905|2830|2739|3467|3633|3584,9|6|7|8|9|10|11,77.53|77.53|77.53|77.53|77.53|77.53|77.53|77.53,9.91|9.39|7.41|7.30|7.29|5.03|4.49|4.47,9.68|9.65|10.70|10.80|10.76|12.47|12.51|12.18,4.47,12.18,16.65,4.56
Laxmi Organic,/company/LXCHEM/consolidated/,LXCHEM,19.55,,2.39,4.72,4.11,69.34,,4761.79,171.34,35.07,30,nse,consolidated,37.9,71.6,171,4762,Commodities,Chemicals,Specialty Chemicals,1,10,5,Jun 2026,Mar 2026,Jun 2026,652|694|792|718|771|786|710|693|700|719|735|968,71|69|64|64|64|67|65|69|67|66|66|63,,1074|1047|1076|1376|1569|1534|1768|3084|2797|2865|2985|2847,8|8|11|11|10|8|12|12|9|9|10|6,76|74|69|70|70|71|66|68|66|67|65|67,7|8|9|10|10|11|11|10|14|15|15|15,150|-7|188|196|106|46|199|561|108|175,226|215|202|293|346|338|325|394|715|879|1166|1481,84|121|75|146|171|152|203|374|294|283|378|365,69.50|69.39|69.39|69.38|69.36|69.36|69.36|69.34,1.67|1.97|2.48|1.63|1.60|1.60|1.16|0.69,3.22|3.47|3.38|4.05|3.19|3.40|3.82|3.83,0.69,3.83,4.52,1.67
Savita Oil Tech,/company/SOTL/,SOTL,7.51,,2.58,14.0,8.88,68.93,,4752.61,693.20,51.44,30,nse,standalone,11.1,269,693,4753,Energy,"Oil, Gas & Consumable Fuels",Lubricants,6,18,26,Jun 2026,Mar 2026,Jun 2026,889|958|973|956|907|945|1006|989|1076|1074|1224|1480,83|80|86|83|83|85|82|81|83|84|80|63,,1835|1484|1496|1782|2261|2044|1911|2937|3629|3740|3813|4360,3.4|6|10|10|9|8|16|12|9|7|4.2|6,86|78|73|74|77|77|70|77|81|83|83|82,1|1|1|1|1|1|1|1|1|1|1|1,55|97|128|177|124|369|-64|177|64|138,265|235|230|210|202|189|185|184|180|192|207|201,304|312|406|415|437|449|591|591|829|850|797|884,68.91|68.91|68.91|68.91|68.91|68.91|68.93|68.93,1.43|1.20|0.91|0.84|0.83|0.87|0.88|1.02,11.47|12.32|12.96|12.96|13.10|13.18|13.18|13.18,1.02,13.18,14.2,1.09
ICRA,/company/ICRA/consolidated/,ICRA,15.28,,4.02,23.0,16.7,51.86,,4741.46,4912.80,21.55,30,nse,consolidated,24.2,1223,4913,4741,Financial Services,Financial Services,Ratings,14,15,26,Jun 2026,Mar 2026,Jun 2026,105|115|124|115|126|121|136|124|137|164|175|163,,,322|341|333|309|328|321|301|343|403|446|498|600,22|30|31|37|34|30|27|35|35|33|36|36,,8|9|3|3|3|6|5|4|4|4|4|3,63|62|81|21|76|97|99|107|145|157,91|92|37|36|34|54|46|46|47|91|90|313,,51.86|51.86|51.86|51.86|51.86|51.86|51.86|51.86,8.77|9.06|8.78|8.66|6.87|7.25|7.92|6.90,24.09|23.92|24.17|24.38|26.15|25.55|24.51|24.27,6.90,24.27,31.17,7.9
Subros,/company/SUBROS/consolidated/,SUBROS,13.06,,3.8,19.8,14.7,36.79,,4737.42,726.20,4.07,30,nse,consolidated,27.6,191,726,4737,Industrials,Capital Goods,Other Industrial Products,10,16,14,Jun 2026,Mar 2026,Jun 2026,813|732|832|810|828|821|908|878|880|948|1050|1032,74|73|73|72|72|72|73|72|73|73|74|73,,1192|1298|1535|1913|2124|1993|1796|2239|2806|3071|3368|3756,11|12|11|11|11|9|9|7|6|8|10|9,68|68|70|70|70|71|72|74|77|74|72|73,5|5|5|5|5|4|5|4|4|4|4|0,111|315|100|239|154|151|141|166|175|105,537|563|497|670|690|765|745|726|723|745|719|756,173|177|205|240|249|234|281|318|339|375|374|451,36.79|36.79|36.79|36.79|36.79|36.79|36.79|36.79,33.05|32.81|32.80|32.93|33.14|32.78|32.79|32.68,10.67|10.72|11.18|11.32|11.30|11.05|10.76|10.70,32.68,10.70,43.38,1.26
Rolex Rings,/company/ROLEXRINGS/,ROLEXRINGS,15.96,,4.06,21.2,15.7,52.24,,4736.42,180.55,91.85,30,nse,standalone,24.5,44.6,181,4736,Consumer Discretionary,Automobile and Auto Components,Auto Components & Equipments,-1,13,2,Jun 2026,Mar 2026,Jun 2026,321|273|316|311|300|260|284|292|271|275|306|304,51.61|50.31|50.40|51.07|48.17|50.11|53.22|49.30|48.38|51.44|45.25|44.36,,598|696|770|904|666|616|1010|1179|1222|1155|1144,18|22|21|22|18|18|23|22|21|21|20,48.18|46.35|47.30|47.98|49.45|46.64|45.94|50.88|51.33|50.63|48.51,18.57|16.86|17.33|19.26|19.85|21.49|19.50|17.06|17.53|16.84|0.00,156|136|194|184|59|59|213|221|227|190,335|346|336|382|374|372|380|391|466|444|447,132|132|161|160|131|171|262|256|240|244|235,53.35|53.35|53.35|53.35|53.35|53.37|52.24|52.24,7.97|8.09|7.27|7.15|6.97|5.96|6.01|5.40,31.86|31.62|32.05|31.96|30.95|30.17|30.27|28.76,5.40,28.76,34.16,4.14
Datamatics Glob.,/company/DATAMATICS/consolidated/,DATAMATICS,10.35,,3.03,20.8,16.4,66.33,,4680.64,791.90,8.04,30,nse,consolidated,18.4,261,792,4681,Information Technology,Information Technology,IT Enabled Services,11,12,13,Jun 2026,Mar 2026,Jun 2026,377|369|413|394|407|425|497|468|490|510|519|514,0|0|0|0|0|1|0|0|0|0|0|0,,828|816|852|910|1133|1203|1149|1201|1459|1550|1723|1987,10|10|10|9|12|10|12|16|17|16|13|19,1|1|1|1|1|1|1|0|0|0|0|0,3|3|4|6|5|7|6|6|10|8|10|0,86|53|90|83|112|182|130|184|224|324,238|256|263|310|352|347|213|209|218|219|839|851,0|0|0|0|0|0|0|0|0|0|0|4,66.41|66.33|66.33|66.33|66.33|66.33|66.33|66.33,1.45|1.15|1.14|1.02|0.78|0.53|0.48|0.50,0.17|0.19|0.20|0.12|0.25|0.13|0.11|0.10,0.50,0.10,0.6,2.36
Shilchar Tech.,/company/SHILCTECH/,SHILCTECH,24.48,,9.52,50.7,37.8,62.12,,4672.41,4084.20,13.58,30,nse,standalone,34.0,429,4084,4672,Industrials,Capital Goods,Other Electrical Equipment,33,41,-7,Jun 2026,Mar 2026,Jun 2026,106|118|105|107|131|154|232|159|171|170|152|135,65|65|62|63|61|64|62|59|61|60|69|73,,106|102|109|88|118|71|118|180|280|397|623|652,8|13|16|11|12|4.3|8|11|19|29|30|29,79|69|71|72|73|72|77|78|71|63|62|62,6|5|5|8|6|8|6|5|4|3|3|3,12|5|1|6|10|-6|39|76|40|192,18|18|17|16|41|39|37|36|39|41|59|69,9|9|8|11|17|21|27|32|23|60|93|92,64.01|64.01|64.01|64.01|64.01|62.12|62.12|62.12,3.22|2.29|2.05|2.12|2.73|2.75|2.55|2.57,0.03|0.11|0.11|0.13|0.33|1.49|1.91|1.95,2.57,1.95,4.52,7.17
PTC India,/company/PTC/consolidated/,PTC,2.35,,0.78,13.4,10.3,16.22,,4667.76,157.69,47.22,30,nse,consolidated,9.13,202,158,4668,Utilities,Power,Power Trading,2,-2,13,Jun 2026,Mar 2026,Jun 2026,5070|3428|3507|4555|5128|3421|2924|4009|5459|3405|3898|4774,93|90|89|94|90|89|92|94|95|94|94|95,,13838|13447|15311|12766|15155|18101|18346|16856|15971|16763|16241|16771,7|8|9|9|13|10|9|9|8|6|7|5,92|-0|88|84|84|88|88|88|89|92|90|94,0|90|1|2|1|0|1|1|1|0|2|-0,111|-1438|-108|3294|2108|3049|3575|2451|2132|2817,49|387|2155|2061|1967|1884|1787|1693|1617|43|38|32,,16.22|16.22|16.22|16.22|16.22|16.22|16.22|16.22,33.31|28.67|25.72|28.75|28.92|27.81|27.46|28.88,5.73|5.69|6.77|6.81|6.83|6.71|7.52|8.95,28.88,8.95,37.83,0.28
Steel Str. Wheel,/company/SSWL/,SSWL,9.71,,2.69,16.0,12.3,61.15,,4647.18,295.50,25.53,30,nse,standalone,20.8,110,296,4647,Consumer Discretionary,Automobile and Auto Components,Auto Components & Equipments,9,24,20,Jun 2026,Mar 2026,Jun 2026,1134|1110|1069|1025|1095|1075|1234|1187|1201|1321|1475|1510,66|64|65|65|63|64|66|65|64|66|67|65,,1148|1177|1330|1518|2041|1563|1749|3560|4041|4357|4429|5183,9|12|12|13|12|11|12|13|11|11|11|10,65|60|60|60|64|62|63|61|66|65|65|66,10|12|11|11|9|10|11|11|10|10|10|0,121|233|184|104|169|406|348|65|518|331,542|705|745|1029|1329|1307|1259|1360|1349|1457|1628|1826,138|148|177|266|338|329|496|647|734|697|743|953,60.98|60.98|61.24|61.15|61.15|61.15|61.15|61.15,6.56|6.84|6.71|7.91|8.73|8.33|8.22|8.60,4.79|4.86|5.05|5.27|4.62|4.71|5.08|3.15,8.60,3.15,11.75,0.9
eMudhra,/company/EMUDHRA/consolidated/,EMUDHRA,25.00,,5.09,15.7,12.6,54.40,,4634.56,559.65,10.23,30,nse,consolidated,40.3,110,560,4635,Information Technology,Information Technology,IT Enabled Services,41,40,30,Jun 2026,Mar 2026,Jun 2026,96|97|100|92|141|139|147|147|173|188|193|191,11.14|11.15|8.47|8.05|5.85|3.49|7.84|5.97|6.83|9.72|6.91|3.33,,102|116|132|183|249|373|519|702,32|27|30|37|35|29|24|23,20.11|21.19|14.22|16.26|12.00|8.99|6.17|7.45,12.48|12.83|11.44|7.89|13.60|24.67|41.37|40.04,17|23|41|22|34|73|102|133,62|62|125|117|162|253|419|727,0|1|1|2|1|3|1|4,54.40|54.40|54.40|54.40|54.40|54.40|54.40|54.40,4.40|5.04|4.23|4.20|4.15|4.16|3.13|3.92,15.03|14.85|15.98|16.01|16.74|16.75|13.33|10.55,3.92,10.55,14.47,6.6
Northern Arc,/company/NORTHARC/consolidated/,NORTHARC,10.63,,1.19,9.74,11.1,,,4619.19,285.75,29.94,30,nse,consolidated,10.5,241,286,4619,Financial Services,Financial Services,Non Banking Financial Company (NBFC),27,32,21,Jun 2026,Mar 2026,Jun 2026,437|492|564|578|585|576|603|605|627|721|742|780,,,370|602|634|682|911|1306|1891|2344|2691,,,0.14|0.38|4.06|4.68|6.75|10.46|12.90|12.93|12.10,|-336|-54|-711|-1326|-1296|-2134|-1047|-1541,5|5|25|22|24|51|57|76|65,,,4.68|4.28|5.23|9.16|7.58|7.70|7.51|8.64,23.36|23.13|22.52|6.89|7.44|8.29|7.11|5.63,8.64,5.63,14.27,1.72
GMM Pfaudler,/company/GMMPFAUDLR/consolidated/,GMMPFAUDLR,11.27,,3.83,13.6,6.69,25.18,,4615.76,1026.70,33.85,30,nse,consolidated,36.6,268,1027,4616,Industrials,Capital Goods,Industrial Products,4,29,14,Jun 2026,Mar 2026,Jun 2026,937|856|741|785|805|801|807|795|902|884|944|925,42.92|40.83|34.17|38.95|40.37|39.23|38.65|36.63|36.65|39.95|44.56|39.61,,308|292|353|406|503|591|1001|2541|3178|3446|3199|3524,12|12|13|15|15|19|14|11|14|14|11|11,43.53|41.32|42.30|41.54|46.34|43.04|44.71|39.91|40.33|40.05|39.30|39.59,17.73|18.04|18.38|18.80|15.23|15.72|12.35|11.31|11.28|10.70|10.41|10.04,22|68|27|27|157|236|185|284|378|389,46|53|61|71|78|134|1043|1002|1213|1251|1165|1497,74|71|82|96|115|126|576|670|771|625|540|637,25.18|25.18|25.18|25.18|25.18|25.18|25.18|25.18,14.62|19.67|20.75|21.03|20.77|17.73|17.15|14.39,15.80|14.45|15.42|15.74|16.20|16.30|17.58|18.42,14.39,18.42,32.81,1.31
Bosch Home Comfort,/company/BOSCH-HCIL/,BOSCH-HCIL,50.41,,9.21,4.64,2.28,74.52,,4609.25,1695.20,9.11,30,nse,standalone,228,184,1695,4609,Consumer Discretionary,Consumer Durables,Household Appliances,4,10,13,Jun 2026,Mar 2026,Jun 2026,280|300|772|996|396|432|933|853|405|476|965|1096,73|65|69|74|72|62|70|71|71|67|68|72,,1573|1641|1917|2185|2241|2197|1647|2159|2384|1919|2756|2699,9|7|9|9|7|8|7|4.5|-0.8|-0.0|4.9|2.5,61|62|64|64|64|64|63|70|75|70|70|69,2|3|3|3|4|5|5|5|5|5|5|-0,172|97|-81|140|321|-55|-31|254|83|113,243|265|257|244|232|401|428|391|382|349|334|314,490|494|460|442|555|727|704|822|869|656|773|845,74.25|74.25|74.25|74.25|74.25|82.22|82.22|74.52,0.86|1.00|1.23|1.11|1.03|0.74|0.67|0.38,7.95|7.37|6.96|6.55|6.54|1.16|1.17|6.30,0.38,6.30,6.68,1.71
Alok Industries,/company/ALOKINDS/consolidated/,ALOKINDS,222.48,,-0.21,-3.95,,75.00,,4587.88,9.24,7.89,30,nse,consolidated,,-43.4,9.24,4588,Consumer Discretionary,Textiles,Other Textile Products,-19,-1,4,Jun 2026,Mar 2026,Jun 2026,1372|1253|1469|1006|886|864|953|932|941|858|983|993,66|70|68|55|56|51|51|48|50|48|57|51,,24153|12924|8723|5514|3352|3298|3848|7310|6989|5510|3709|3715,21|-21|-15|-245|-3.9|-4.2|5|8|-1.1|0.9|-2.4|0.8,|79.57|91.02|95.88|67.84|65.04|52.86|63.02|68.97|66.31|51.74|48.86,|5.86|8.83|13.60|22.68|24.44|24.96|20.84|22.03|20.62|31.70|32.11,-3032|-98|115|-266|345|225|813|-1161|115|419,8687|16645|16763|16063|15572|15033|6043|5820|5520|5215|4762|4692,8543|8300|3330|510|421|420|964|1284|1039|942|866|886,75.00|75.00|75.00|75.00|75.00|75.00|75.00|75.00,2.44|2.38|2.40|2.33|2.32|2.35|2.48|1.90,0.42|0.41|0.43|0.43|0.44|0.45|0.40|0.39,1.90,0.39,2.29,1.23
Afcom Holdings,/company/544224/,544224,18.90,,6.65,33.5,36.0,35.84,,4582.84,1596.05,13.16,30,bse,standalone,31.2,240,1596,4583,Services,Services,Logistics Solution Provider,91,111,144,Jun 2026,Mar 2026,Jun 2026,40|50|100|119|121|153|190|176,0|0|42|56|0|49|58|56,,14|48|84|148|239|583,-43|20|22|24|29|40,0|0|0|0|0|54,119|69|67|69|62|0,-13|-4|-33|31|27|36,0|0|0|0|17|322,0|0|9|16|16|18,42.73|42.73|42.73|42.59|42.59|40.61|35.84,3.51|0.00|0.00|0.11|0.05|0.05|0.68,0.90|1.00|1.26|1.59|1.90|0.85|7.96,0.68,7.96,8.64,7.86
MPS,/company/MPSLTD/consolidated/,MPSLTD,16.45,,7.67,38.7,29.7,68.34,,4580.77,2677.90,32.83,30,nse,consolidated,25.0,349,2678,4581,Consumer Discretionary,"Media, Entertainment & Publication",Printing & Publication,15,13,10,Jun 2026,Mar 2026,Jun 2026,130|134|149|181|178|186|182|186|194|182|205|224,,,224|257|289|267|363|332|423|449|501|545|727|768,36|35|32|33|26|24|25|28|31|31|29|31,,11.91|12.00|14.95|14.42|17.60|16.67|18.14|18.39|17.62|16.32|17.83|18.51,45|78|54|53|99|115|113|118|101|197,33|36|49|49|103|115|154|144|173|388|343|540,,68.34|68.34|68.34|68.34|68.34|68.34|68.34|68.34,2.69|2.02|1.98|1.82|1.47|1.63|1.47|1.38,0.34|0.43|0.88|0.78|0.47|1.16|1.96|2.14,1.38,2.14,3.52,5.96
Uflex,/company/UFLEX/consolidated/,UFLEX,5.65,,0.56,7.03,4.27,44.58,,4580.74,634.35,53.48,30,nse,consolidated,6.62,1125,634,4581,Industrials,Capital Goods,Packaging,2,12,10,Jun 2026,Mar 2026,Jun 2026,3369|3309|3426|3654|3833|3735|3814|3901|3832|3612|4056|5366,62|60|62|62|62|61|61|60|60|58|57|56,,6130|6366|6505|6802|7957|7405|8889|13127|14663|13364|15036|15401,12|13|13|13|12|15|20|17|12|10|11|12,62|56|55|60|61|57|53|59|63|62|62|59,11|16|16|12|11|11|11|10|11|11|11|11,779|651|553|849|1174|709|1383|825|1135|992,3240|3255|3394|3766|3759|3808|5032|6417|7786|8223|8739|9783,661|621|679|797|844|855|1151|1831|2311|1918|2535|2408,44.58|44.58|44.58|44.58|44.58|44.58|44.58|44.58,7.64|7.94|7.58|7.62|7.75|8.97|9.20|10.03,0.59|0.52|0.52|0.52|0.52|0.52|0.52|0.59,10.03,0.59,10.62,0.3
Laser Power,/company/LASERPOWER/consolidated/,LASERPOWER,16.45,,,20.5,16.8,75.30,,4571.10,325.65,93.07,30,nse,consolidated,41.6,,326,4571,Industrials,Capital Goods,Cables - Electricals,21,,-10,Jun 2026,Mar 2026,Jul 2026,454|674|522,69|74|70,,1079|1314|1748|2570|2326,12|8|9|10|13,6|79|74|74|71,70|3|11|11|11,-56|140|171|60|-119,107|144|192|176|214,235|352|569|511|564,75.30,2.09,10.26,2.09,10.26,12.35,1.97
Sterling & Wils.,/company/SWSOLAR/consolidated/,SWSOLAR,10.48,,7.01,26.8,40.1,45.73,,4562.70,195.37,17.7,30,nse,consolidated,14.6,27.8,195,4563,Industrials,Construction,Civil Construction,55,8,3,Jun 2026,Mar 2026,Jun 2026,760|583|1178|915|1030|1837|2519|1762|1749|2092|1946|1590,62|61|75|70|71|75|72|64|61|64|59|62,,6872|8240|5575|5081|5199|2015|3035|6302|7548,8|8|6|-7|-17|-56|-0.2|4.2|4.2,|0|0|0|0|0|0|0|0,|88|87|99|109|138|90|90|91,251|-723|338|201|-1690|-1829|538|38|-257,21|31|45|46|42|44|56|46|41,19|13|15|3|4|2|1|3|2,45.75|45.74|45.74|45.74|45.73|45.73|45.73|45.73,14.08|10.39|8.43|8.41|7.11|7.19|6.96|5.07,9.70|9.82|7.50|5.02|3.18|2.98|3.19|4.80,5.07,4.80,9.87,0.6
DEE Development,/company/DEEDEV/consolidated/,DEEDEV,23.54,,4.7,10.9,9.33,65.13,,4560.64,606.15,5.59,30,nse,consolidated,55.6,129,606,4561,Industrials,Capital Goods,Industrial Products,24,18,40,Jun 2026,Mar 2026,Jul 2026,179|210|243|185|194|162|286|224|270|287|362|294,22.98|37.37|40.27|38.03|34.67|30.10|35.97|32.40|40.07|43.76|47.82|45.88,,723|495|461|596|789|827|1142,12|11|15|12|14|16|17,55.41|47.74|37.28|31.94|34.74|34.97|41.95,7.97|10.39|22.36|25.66|23.70|20.71|-0.00,71|96|67|14|103|-60|20,388|365|354|381|414|422|658,248|184|242|289|400|585|576,70.17|70.29|70.22|70.22|70.18|70.18|70.18|65.13,0.83|0.65|0.81|0.79|0.78|0.99|2.17|4.67,16.53|17.43|17.33|16.60|14.87|13.91|10.79|14.16,4.67,14.16,18.83,3.99
NRB Bearings,/company/NRBBEARING/consolidated/,NRBBEARING,16.98,,4.73,18.4,15.6,44.73,,4551.97,469.65,21.83,30,nse,consolidated,30.5,99.3,470,4552,Consumer Discretionary,Automobile and Auto Components,Auto Components & Equipments,8,12,14,Jun 2026,Mar 2026,Jun 2026,279|258|285|289|302|279|329|310|325|328|372|370,38.54|38.82|37.33|39.27|36.56|35.52|39.52|38.17|38.11|36.91|43.37|39.77,,669|673|726|855|965|776|762|943|1057|1094|1199|1335,19|17|16|20|19|11|14|16|17|16|17|17,37.61|38.62|37.49|38.44|36.43|39.33|37.76|36.65|38.55|38.27|38.19|39.29,15.79|15.88|16.01|13.14|15.43|20.07|18.09|19.42|18.14|18.95|17.55|16.81,85|133|71|102|158|16|61|115|84|241,258|259|247|260|322|364|359|358|351|337|377|421,164|145|172|158|268|227|203|289|369|418|437|434,51.16|51.12|51.20|51.20|51.20|51.20|51.20|44.73,13.74|13.45|13.65|14.05|14.29|14.12|14.69|18.92,17.08|15.34|14.56|13.33|12.27|10.31|10.06|13.85,18.92,13.85,32.77,3.41
Aye Finance,/company/AYE/,AYE,9.88,,1.79,11.4,9.24,,,4538.88,183.92,42.34,30,nse,standalone,19.1,103,184,4539,Financial Services,Financial Services,Non Banking Financial Company (NBFC),43,30,24,Jun 2026,Mar 2026,Jun 2026,361|409|405|437|443|515|477,,,495|432|623|1040|1460|1815,,,1.12|1.08|1.02|0.73|0.13|0.11,125|-279|-720|-1323|-812|-1355,27|27|27|32|41|62,,,18.66|15.70,18.39|19.75,15.70,19.75,35.45,2.5
Greaves Cotton,/company/GREAVESCOT/consolidated/,GREAVESCOT,15.49,,3.16,10.1,8.10,55.77,,4528.81,194.41,36.21,30,nse,consolidated,45.5,61.4,194,4529,Industrials,Capital Goods,"Compressors, Pumps & Diesel Engines",8,18,21,Jun 2026,Mar 2026,Jun 2026,726.69|665.38|672.53|639.70|705.31|750.60|822.83|745.43|815.46|875.47|1000.26|974.12,69|66|67|67|69|67|69|65|66|67|70|69,,1698|1616|1634|1792|2015|1911|1500|1710|2699|2633|2918|3437,11|13|15|14|14|11|5|1.5|4.7|3.4|4.7|7,68|64|65|68|69|69|72|74|73|68|68|67,2|2|2|3|3|3|4|4|3|5|4|4,114|280|145|102|147|-56|-135|-153|-23|33,326|283|292|278|339|380|372|364|369|825|846|875,106|108|129|109|134|194|175|193|215|276|336|314,55.88|55.88|55.88|55.81|55.80|55.80|55.78|55.77,1.04|2.41|2.86|2.45|2.64|2.25|1.85|1.35,3.81|3.50|3.31|3.52|3.80|4.08|3.67|4.17,1.35,4.17,5.52,1.32
Dec.Gold Mines,/company/DECNGOLD/consolidated/,DECNGOLD,-141.28,,9.08,-13.1,-14.1,20.53,,4523.25,227.64,58.87,30,nse,consolidated,,25.1,228,4523,Commodities,Metals & Mining,Precious Metals,250,,159,Jun 2026,Mar 2026,Jun 2026,0.06|0.31|3.23|3.08|3.65|1.07|0.47|0.38|3.06|1.41|9.33|0.60,50|-10|78|44|5|-1|0|484|-19|6|0|272,,0|0|0|0|0|0|0|0|0|3|4|14,||||-646|-1821|-7850|-6625|-712|-347|-1638|-316,||||0|0|0|0|0|74|28|10,||||0|0|0|325|112|11|30|0,-6|-5|-3|-2|3|-0|-2|-57|-51|-52,0|1|1|1|0|0|0|0|0|148|137|192,0|0|0|0|0|0|0|0|0|42|49|52,25.19|24.96|24.68|24.16|24.16|20.84|20.62|20.53,1.87|1.86|1.84|1.83|1.88|1.87|1.84|2.14,0.00|0.04|0.11|0.14|0.16|0.25|0.23|0.53,2.14,0.53,2.67,323.07
SG Finserve,/company/SGFIN/,SGFIN,18.76,,3.06,9.32,10.3,56.95,,4510.84,684.55,25.94,30,nse,standalone,28.8,224,685,4511,Financial Services,Financial Services,Non Banking Financial Company (NBFC),100,169,106,Jun 2026,Mar 2026,Jun 2026,44|52|59|44|31|42|54|68|75|86|105|136,,,6|4|1|1|0|0|2|2|41|190|170|334,,83.44|80.66|-0.00|-0.00|-0.00|-0.00|-0.00|-0.00|-0.00|-0.00|-0.00|-0.00,-0.00|-0.00|1.35|3.17|6.90|6.25|1.70|4.63|0.02|0.25|0.35|0.21,-0|-0|-1|-1|0|0|-941|-629|-492|-1571,0|0|2|2|2|1|1|1|0|2|2|2,1|1|2|2|2|1|3|5|0|0|0|0,48.38|48.38|48.38|48.38|48.38|50.30|52.92|56.95,0.07|0.07|0.08|0.12|0.17|0.07|0.26|0.54,1.83|1.92|2.30|4.44|4.03|3.46|3.28|2.18,0.54,2.18,2.72,13.51
Ellen.Indl.Gas,/company/ELLEN/,ELLEN,25.18,,4.62,15.2,14.2,77.15,,4507.12,319.80,21.47,30,nse,standalone,37.4,69.3,320,4507,Commodities,Chemicals,Industrial Gases,19,14,8,Jun 2026,Mar 2026,Jun 2026,24|29|24|67|95|68|82|84|89|81|87|99,13.93|19.88|13.71|11.43|14.10|3.91|14.60|11.16|9.42|12.59|13.27|10.69,,87|96|116|123|154|174|175|247|205|269|312|342,9|8|15|16|19|14|26|25|16|23|35|34,19.89|18.23|15.65|16.22|12.03|3.32|10.53|14.11|12.62|20.37|11.43|11.58,52.50|52.28|44.94|55.53|56.85|48.05|36.85|29.72|42.37|33.72|28.32|21.58,34|-1|33|125||13|39|44|4|133,164|165|163|163|196|228|238|221|182|331|339|453,12|8|4|3|3|4|5|9|8|11|14|14,74.94|74.94|29.65|77.16|77.16|77.16|77.15|77.15,0.00|0.00|0.00|1.98|1.20|0.83|1.31|1.08,0.00|0.00|0.00|10.57|14.37|15.42|13.02|11.63,1.08,11.63,12.71,13.18
Turtlemint Fintech,/company/TURTLEMINT/consolidated/,TURTLEMINT,-36.76,,,-35.6,-36.2,13.21,,4495.22,152.65,34.14,30,nse,consolidated,,,153,4495,Financial Services,Financial Services,Financial Technology (Fintech),38,,66,Jun 2026,Mar 2026,Jun 2026,252|210|278|357|294,,,294|420|79|663|1098,-58|-75|-269|-28|-12,,6|3|11|1|0,-186|-286|-242|-216|-182,18|57|38|44|34,,13.21,6.34,13.33,6.34,13.33,19.67,4.09
Sunteck Realty,/company/SUNTECK/consolidated/,SUNTECK,14.15,,1.24,7.54,5.95,63.14,,4493.37,306.00,10.22,30,nse,consolidated,21.1,246,306,4493,Consumer Discretionary,Realty,"Residential, Commercial Projects",46,13,55,Jun 2026,Mar 2026,Jun 2026,25|42|427|316|169|162|206|188|252|344|339|192,-20.29|-6.62|49.69|73.24|49.04|30.90|33.57|46.53|46.37|54.50|46.99|26.96,,303|243|952|888|857|560|614|513|362|565|853|1124,44|10|36|41|44|30|22|19|18|21|22|27,0.00|0.00|0.00|0.00|0.00|-20.03|21.61|-117.83|-371.00|-32.06|17.46|48.97,47.33|80.98|59.49|55.26|50.03|66.01|38.48|168.66|408.74|75.35|34.23|0.00,243|-169|-8|-78|251|-30|283|111|190|-432,73|48|72|70|72|55|53|122|149|490|497|639,3459|3130|2802|2643|2632|2744|2614|4042|5725|5966|6206|7896,63.25|63.25|63.28|63.30|63.30|63.30|63.14|63.14,19.41|19.76|19.35|19.40|19.36|19.70|20.58|18.12,8.61|8.25|8.22|7.48|6.41|5.99|5.61|5.30,18.12,5.30,23.42,4
Goodluck India,/company/GOODLUCK/consolidated/,GOODLUCK,12.02,,3,14.4,12.9,54.00,,4486.20,449.90,38.38,30,nse,consolidated,22.0,150,450,4486,Industrials,Capital Goods,Iron & Steel Products,10,21,10,Jun 2026,Mar 2026,Aug 2026,886|878|902|913|976|942|1105|983|991|1037|1088|1287,73|72|75|72|74|72|73|70|72|69|67|69,,1071|984|1093|1274|1661|1636|1572|2613|3072|3525|3936|4100,6|9|8|8|8|8|7|7|7|8|8|10,77|70|71|74|75|71|71|72|73|73|73|69,8|10|10|8|8|10|10|8|9|9|9|0,23|73|57|58|43|78|65|-46|158|200,203|235|256|252|333|341|325|364|401|522|800|1203,153|184|234|239|304|315|353|428|520|609|628|856,55.78|55.78|56.44|56.44|56.44|56.44|54.00|54.00,1.72|1.64|1.20|1.97|1.48|1.56|2.48|1.92,1.97|2.06|2.06|3.22|4.42|4.99|6.50|6.14,1.92,6.14,8.06,1.09
Guj. Themis Bio.,/company/GUJTHEM/,GUJTHEM,54.73,,15.57,17.9,17.4,70.87,,4479.02,411.05,7.69,30,nse,standalone,92.0,26.4,411,4479,Healthcare,Healthcare,Pharmaceuticals,4,13,18,Jun 2026,Mar 2026,Jun 2026,40|39|42|39|35|40|38|36|42|43|44|44,20.13|17.95|19.66|15.55|15.09|17.69|16.48|18.48|12.73|13.42|8.03|8.72,,31|33|36|39|41|85|91|115|148|170|151|166,21|19|17|16|18|37|45|51|50|46|46|46,0.92|0.98|4.17|5.54|3.17|13.31|16.97|14.47|17.85|21.60|16.25|12.91,61.10|63.03|62.65|62.40|62.10|39.23|28.00|25.81|22.38|19.62|23.26|19.23,3|6|1|1|11|40|39|64|91|49,10|9|11|11|15|17|19|19|33|38|41|289,0|0|1|0|0|6|6|12|15|3|5|15,70.87|70.87|70.87|70.87|70.87|70.87|70.86|70.87,1.49|1.42|1.91|2.51|2.95|1.96|1.80|1.76,1.17|1.17|1.17|1.17|1.17|1.17|1.17|1.17,1.76,1.17,2.93,26.98
Texmaco Rail,/company/TEXRAIL/consolidated/,TEXRAIL,11.50,,1.87,11.4,7.63,48.34,,4452.73,109.44,14.58,30,nse,consolidated,20.5,58.4,109,4453,Industrials,Capital Goods,Railway Wagons,25,21,-14,Jun 2026,Mar 2026,Jun 2026,805|896|1145|1088|1346|1326|1346|911|1258|1042|1167|757,81|82|83|81|83|81|82|81|81|81|81|75,,1102|1324|1135|1858|1832|1689|1814|2243|3503|5107|4377,4.5|6|6|9|9|7|8|6|8|9|9,73|72|67|70|67|70|60|72|76|77|81,11|11|13|11|14|12|11|12|9|7|2,-34|-175|4|10|40|27|-103|96|-47|363,329|370|372|393|437|406|389|431|460|993|1023,353|232|291|450|537|309|361|676|724|852|868,48.14|48.14|48.27|48.27|48.27|48.34|48.34|48.34,7.87|8.09|8.14|8.14|7.03|7.07|7.22|5.01,8.70|8.50|7.91|7.38|7.21|6.25|5.79|5.13,5.01,5.13,10.14,1.02
Netwrk.18 Media,/company/NETWORK18/consolidated/,NETWORK18,22.65,,0.9,3.01,0.75,56.89,,4440.96,28.80,13.54,30,nse,consolidated,,31.9,28.8,4441,Consumer Discretionary,"Media, Entertainment & Publication",Media & Entertainment,-30,-15,-49,Jun 2026,Mar 2026,Jun 2026,1866|1774|2419|3141|1825|1360|561|468|498|539|616|516,,,3127|1527|1491|1839|5116|5357|4705|5880|6223|9297|6888|2121,-5|3.5|-10|-2.0|1.3|11|16|18|2.2|-7|-4.9|2.0,0.18|0.20|0.17|0.11|0.05|0.06|0.02|0.00|0.00|0.00|0.00|0.00,35.32|15.16|20.73|16.16|7.29|7.04|6.28|6.13|7.11|6.30|7.84|23.60,-178|90|-204|78|1346|641|-2804|-6465|-1912|-28,2627|1680|1766|2907|2868|2973|2929|2876|3055|3681|1788|1753,409|10|2|1344|1905|2037|1886|2588|5891|10210|9|2,75.00|56.89|56.89|56.89|56.89|56.89|56.89|56.89,2.34|6.61|6.98|6.85|6.54|6.26|6.29|4.33,0.09|0.18|0.19|0.22|0.15|0.15|0.13|0.12,4.33,0.12,4.45,2.09
Vishnu Chemicals,/company/VISHNU/consolidated/,VISHNU,16.44,,4.1,16.4,14.3,69.21,,4390.30,652.20,8.94,30,nse,consolidated,29.3,159,652,4390,Commodities,Chemicals,Specialty Chemicals,5,19,17,Jun 2026,Mar 2026,Jun 2026,308|304|300|339|344|371|393|347|401|411|450|433,38.17|41.87|27.05|40.10|45.70|40.43|42.26|40.89|45.64|43.69|41.57|44.81,,418|480|507|643|769|674|679|1069|1391|1213|1447|1610,19|18|13|13|13|12|12|15|17|17|16|16,43.97|41.93|45.53|48.79|44.77|44.72|42.40|40.17|38.60|36.43|42.10|42.98,19.65|20.85|21.67|19.51|23.90|22.83|28.04|27.70|30.24|31.57|26.05|24.77,73|89|100|49|67|90|134|68|90|127,186|202|290|349|350|338|387|463|465|635|702|836,116|173|170|182|190|208|191|168|208|318|404|514,68.36|68.36|69.21|69.21|69.21|69.21|69.21|69.21,0.90|0.70|0.83|2.74|2.23|2.20|2.30|2.51,6.57|7.37|6.72|5.42|5.59|5.71|5.72|5.94,2.51,5.94,8.45,2.73
Hirect,/company/HIRECT/consolidated/,HIRECT,58.72,,20.4,18.8,25.2,42.58,,4389.07,1237.80,13.93,30,nse,consolidated,112,60.7,1238,4389,Industrials,Capital Goods,Industrial Products,,,42,Jun 2026,Mar 2026,Jul 2026,136.63|151.36|135.53|165.85|168.94|185.05|214.77|227.15|277.39|279.82|258.45,73|75|72|72|74|74|74|75|72|75|72,,518|655|999,9|11|9,74|73|74,1|2|2,34|36|86,90|107|196,97|121|149,43.98|43.98|43.98|43.93|43.93|43.93|43.92|42.58,6.28|6.03|6.30|6.64|6.21|6.38|6.57|6.84,0.07|0.01|0.06|0.13|0.13|0.13|0.20|3.22,6.84,3.22,10.06,4.39
GE Power,/company/GVPIL/consolidated/,GVPIL,9.65,,7.54,82.0,62.2,68.58,,4387.94,652.70,17.46,30,nse,consolidated,11.9,86.6,653,4388,Industrials,Capital Goods,Heavy Electrical Equipment,-11,-18,19,Jun 2026,Mar 2026,Jun 2026,241|294|247|246|217|317|266|287|281|386|316|309,79|67|63|59|58|74|74|71|67|55|50|60,,2124|1711|1993|1338|1903|2446|3343|2620|1796|1039|1047|1269,8|-10|2.6|10|10|6|4.9|-5|-17|-14|0.9|21,28.11|40.34|28.52|19.58|49.66|51.33|59.85|55.04|49.84|31.55|32.17|40.29,27.28|25.62|28.72|26.13|12.40|20.15|20.16|29.79|34.05|54.42|40.34|24.06,430|48|-241|-563|-478|49|90|182|379|469,396|374|350|271|151|307|283|133|110|98|63|40,407|364|354|466|180|230|200|81|88|87|88|150,68.58|68.58|68.58|68.58|68.58|68.58|68.58|68.58,0.43|0.85|0.41|0.56|0.11|0.15|1.26|1.17,2.80|2.80|2.30|0.46|0.40|0.43|1.13|1.05,1.17,1.05,2.22,3.46
WPIL,/company/WPIL/consolidated/,WPIL,10.51,,2.75,14.6,10.7,70.79,,4373.21,447.75,3.29,30,nse,consolidated,25.8,163,448,4373,Industrials,Capital Goods,Industrial Products,5,13,8,Jun 2026,Mar 2026,Jun 2026,319|431|591|363|491|382|572|379|426|539|511|501,22.67|22.40|17.92|17.50|20.42|25.91|30.47|25.32|22.03|23.67|28.68|21.84,,482|730|708|845|1156|909|995|1181|1605|1664|1807|1855,13|7|7|11|20|13|16|18|17|18|16|17,50.58|41.96|47.87|47.24|44.97|43.23|42.71|23.82|21.56|20.88|24.17|25.01,6.53|6.64|6.10|5.55|7.24|8.44|9.29|25.40|41.15|38.10|36.94|28.40,63|182|141|55|230|115|187|-90|-150|-93,141|207|180|182|176|449|429|421|467|439|503|654,47|202|194|194|196|259|253|296|342|370|367|362,70.79|70.79|70.79|70.79|70.79|70.79|70.79|70.79,5.68|5.67|5.57|5.54|5.60|5.61|5.62|5.60,2.61|2.58|2.56|2.56|2.56|2.57|2.59|2.77,5.60,2.77,8.37,2.36
Dhanuka Agritech,/company/DHANUKA/,DHANUKA,10.41,,2.62,23.8,18.5,69.81,,4351.29,976.10,3.75,30,nse,standalone,16.2,373,976,4351,Commodities,Chemicals,Pesticides & Agrochemicals,6,8,-6,Jun 2026,Mar 2026,Jun 2026,618|403|368|494|654|445|442|528|598|410|483|462,60|61|56|65|58|60|57|64|58|60|57|65,,785|829|883|963|1006|1120|1387|1478|1700|1759|2035|2020,17|17|19|17|15|16|19|18|16|19|20|20,55|61|49|53|55|58|57|58|60|56|54|54,9|1|8|6|7|7|7|6|6|6|7|7,63|138|13|162|231|104|136|134|263|196,70|133|138|131|117|117|167|159|165|338|504|467,192|173|264|205|207|250|296|347|345|418|399|517,70.29|70.29|70.32|69.88|69.72|69.72|69.72|69.81,2.01|2.16|2.19|2.67|2.30|2.14|1.93|1.64,19.03|18.73|18.06|17.63|18.08|18.78|19.43|18.71,1.64,18.71,20.35,2.15
V I P Inds.,/company/VIPIND/consolidated/,VIPIND,-19.77,,15,-28.9,-92.4,42.35,,4344.00,305.80,8.6,30,nse,consolidated,,20.4,306,4344,Consumer Discretionary,Consumer Durables,Plastic Products - Consumer,-4,25,-11,Jun 2026,Mar 2026,Jun 2026,546|546|516|639|544|501|494|561|406|454|436|578,44|44|50|56|55|53|53|55|69|71|63|59,,1017|1192|1252|1410|1785|1714|619|1290|2082|2245|2178|1858,8|9|11|14|13|17|-10|11|15|9|4.0|-13,56|56|54|49|49|46|57|48|47|46|53|64,4|4|4|6|7|8|12|10|8|10|11|-0,126|85|-56|292|85|-24|175|-132|292|181,71|67|61|77|117|371|288|265|309|532|507|507,227|287|283|317|527|448|302|518|587|916|698|472,51.74|51.74|51.74|51.74|49.74|42.35|42.35|42.35,7.82|7.43|7.68|7.27|6.95|6.73|7.06|5.17,12.28|13.31|12.75|13.78|16.06|17.42|16.87|16.63,5.17,16.63,21.8,2.34
Deep Industries,/company/DEEPINDS/consolidated/,DEEPINDS,9.68,,2.16,16.5,19.2,63.49,,4316.48,674.45,47.47,30,nse,consolidated,10.4,312,674,4316,Energy,"Oil, Gas & Consumable Fuels",Oil Equipment & Services,38,36,49,Jun 2026,Mar 2026,Jun 2026,101|105|120|123|131|155|167|200|221|222|249|279,43.02|44.03|41.80|39.83|38.12|40.76|44.91|45.64|44.32|39.83|49.42|48.19,,313|318|262|194|322|341|427|576|891,52|48|48|42|36|38|39|42|40,-0.13|0.35|-4.73|-2.65|-1.46|6.30|0.00|0.00|0.00,33.32|35.89|41.90|40.65|48.79|37.70|43.50|42.32|45.55,200|92|47|81|55|88|255|210|270,1085|980|948|868|868|1007|979|1081|1472,15|14|26|39|40|46|49|60|94,63.49|63.49|63.49|63.49|63.49|63.49|63.49|63.49,2.08|1.99|2.17|1.50|2.08|1.71|1.81|1.47,0.00|1.03|1.17|1.15|1.15|1.10|1.13|1.53,1.47,1.53,3,4.84
Swaraj Engines,/company/SWARAJENG/,SWARAJENG,14.07,,8.82,58.4,43.6,52.11,,4306.88,3544.80,4.28,30,nse,standalone,21.1,402,3545,4307,Industrials,Capital Goods,"Compressors, Pumps & Diesel Engines",12,15,21,Jun 2026,Mar 2026,Jun 2026,389|280|351|418|464|346|454|484|504|473|546|588,79|79|79|79|79|79|79|79|78|78|78|79,,540|526|666|771|872|773|987|1138|1422|1419|1682|2007,14|14|16|16|15|13|14|14|13|13|14|14,76|75|74|74|75|77|78|78|80|79|79|78,3|4|3|3|3|3|2|2|2|2|2|2,82|89|69|100|28|100|133|142|177|117,84|101|91|92|110|103|92|95|88|76|110|107,33|28|26|32|47|37|62|62|70|71|78|75,52.12|52.12|52.12|52.12|52.12|52.12|52.11|52.11,3.23|3.35|3.47|3.73|3.93|3.15|2.82|2.43,8.89|9.77|9.89|9.32|9.65|9.74|9.09|8.78,2.43,8.78,11.21,2.15
Ahluwalia Contr.,/company/AHLUCONT/consolidated/,AHLUCONT,7.58,,2.09,20.4,13.8,55.32,,4294.57,641.10,5.97,30,nse,consolidated,19.1,307,641,4295,Industrials,Construction,Civil Construction,17,18,12,Jun 2026,Mar 2026,Jun 2026,902|1026|1164|919|1011|952|1216|1005|1177|1061|1322|1126,54|54|54|51|50|51|51|50|47|44|51|53,,1060|1250|1427|1647|1755|1885|1982|2692|2838|3855|4099|4565,11|13|12|13|12|8|8|10|11|10|8|10,51.06|48.57|50.91|45.91|44.15|47.70|45.93|45.88|47.94|47.69|43.80|48.11,22.47|22.99|24.29|30.84|32.95|32.28|34.34|35.99|32.83|33.52|37.45|0.00,126|81|86|110|259|66|301|257|359|281,121|118|198|190|191|226|235|228|293|337|456|634,167|205|201|189|150|223|297|242|244|316|339|342,55.32|55.32|55.32|55.32|55.32|55.32|55.32|55.32,12.85|12.51|12.07|12.44|12.85|13.53|13.74|14.05,24.96|24.70|24.33|24.26|23.80|23.37|22.32|22.32,14.05,22.32,36.37,0.94
Moschip Tech.,/company/MOSCHIP/consolidated/,MOSCHIP,70.59,,10.43,11.0,11.0,39.31,,4286.57,219.77,56.4,30,nse,consolidated,134,21.1,220,4287,Information Technology,Information Technology,Computers Hardware & Equipments,43,41,8,Jun 2026,Mar 2026,Jun 2026,71.85|89.63|75.42|80.35|125.63|126.16|134.71|135.59|146.94|149.39|153.23|116.21,4|19|3|8|4|2|1|1|4|3|0|1,,6|5|38|60|75|99|105|148|198|294|467|585,-37|-165|0.4|-9|-21|-15|7|15|13|12|12|10,2|1|21|34|13|13|4|10|1|8|3|2,29|23|5|13|15|14|12|0|7|9|31|0,-39|-20|-21|-11|11|16|14|31|100|93,0|0|32|48|105|96|91|94|110|236|229|313,7|5|6|6|5|3|2|2|1|1|-0|-0,46.10|44.55|44.51|44.28|41.65|40.97|39.83|39.31,3.64|2.19|2.42|1.01|0.81|0.47|0.40|0.77,,0.77,,0.77,7.33
Mahindra Holiday,/company/MHRIL/consolidated/,MHRIL,10.92,,5.48,8.12,9.90,66.73,,4271.27,211.39,3.36,30,nse,consolidated,91.3,38.5,211,4271,Consumer Discretionary,Consumer Services,Hotels & Resorts,6,12,7,Jun 2026,Mar 2026,Jun 2026,655.27|634.82|800.19|652.86|670.75|678.43|778.83|701.40|717.34|752.70|820.29|732.81,,,812|1602|2267|2317|2239|2372|1730|2013|2517|2705|2781|2992,23|17|15|16|8|16|14|16|19|19|21|21,3.51|12.29|15.50|15.19|18.59|20.32|15.90|13.14|13.97|13.23|12.10|11.60,13.18|12.28|12.71|12.75|17.61|16.76|17.40|17.90|14.55|14.75|15.33|15.97,276|551|263|561|382|498|681|624|621|531,1032|1339|1273|1459|2439|3862|3971|4186|4418|4589|5003|5741,6|379|395|520|570|552|554|541|570|597|694|833,66.76|66.75|66.74|66.74|66.74|66.74|66.74|66.73,5.31|5.37|5.36|5.42|5.44|5.51|5.30|4.01,10.25|10.19|10.07|10.17|10.01|10.38|11.01|11.00,4.01,11.00,15.01,1.43
RattanIndia Pow.,/company/RTNPOWER/consolidated/,RTNPOWER,10.44,,0.92,6.21,1.14,44.06,,4269.23,7.95,11.24,30,nse,consolidated,38.3,8.64,7.95,4269,Utilities,Power,Power Generation,-3,14,-6,Jun 2026,Mar 2026,Jun 2026,796|806|914|932|682|733|936|822|654|728|788|799,,,625|2596|1391|2054|1924|1774|1560|3260|3231|3364|3284|2991,4.1|37|51|27|29|29|41|25|23|19|18|14,,67|58|37|60|59|54|47|69|69|74|75|77,1206|215|836|610|736|934|1015|1306|410|372,8795|9268|10793|15011|14592|14410|13995|13381|13051|6412|6253|6103,84|270|83|153|442|654|277|137|136|238|263|202,44.06|44.06|44.06|44.06|44.06|44.06|44.06|44.06,4.39|5.01|5.25|4.95|5.12|5.23|5.13|5.25,6.57|6.53|6.65|6.67|6.65|6.65|6.62|6.58,5.25,6.58,11.83,1.43
SEAMEC Ltd,/company/SEAMECLTD/consolidated/,SEAMECLTD,9.33,,3.28,20.0,21.8,72.72,,4262.76,1676.60,17.08,30,nse,consolidated,16.6,512,1677,4263,Services,Services,Shipping,30,30,60,Jun 2026,Mar 2026,Jun 2026,84|213|236|215|88|149|200|211|97|317|327|297,,,350|328|208|194|314|384|257|350|437|729|652|952,20|11|-54|17|36|44|26|37|29|33|33|42,,45.72|60.22|51.23|42.49|34.86|36.41|46.83|35.47|46.70|45.87|43.42|0.00,13|29|97|234|106|94|53|150|299|321,217|174|206|168|236|248|291|411|585|717|655|897,17|20|17|14|15|18|20|28|41|54|43|56,72.31|72.31|72.31|72.31|72.72|72.72|72.72|72.72,4.08|3.44|3.05|3.25|3.62|3.36|3.73|5.93,6.22|6.47|6.63|6.17|3.75|4.08|4.49|4.39,5.93,4.39,10.32,4.48
Pitti Engg.,/company/PITTIENG/consolidated/,PITTIENG,13.57,,4.28,14.8,12.5,54.17,,4221.72,1121.20,13.41,30,nse,consolidated,33.9,262,1121,4222,Industrials,Capital Goods,Industrial Products,20,30,12,Jun 2026,Mar 2026,Jun 2026,303|302|336|391|429|415|469|457|478|477|501|529,62|58|60|61|61|57|60|61|61|60|61|61,,525|518|954|1100|1244|1705|1913,15|15|14|14|15|16|17,66|65|71|71|62|60|61,0|4|3|3|8|10|9,|32|88|222|80|289|205,|285|327|364|465|1027|1153,|157|272|239|287|329|395,53.58|54.17|54.17|54.17|54.17|54.17|54.17|54.17,1.29|1.31|0.90|0.79|0.87|0.93|1.12|1.54,17.53|18.36|18.80|19.15|20.53|20.23|20.23|20.10,1.54,20.10,21.64,2.21
Shoppers Stop,/company/SHOPERSTOP/consolidated/,SHOPERSTOP,9.32,,14.51,7.03,-6.37,66.06,,4219.22,382.85,2.22,30,nse,consolidated,,26.4,383,4219,Consumer Discretionary,Consumer Services,Diversified Retail,8,24,10,Jun 2026,Mar 2026,Jun 2026,1039|1238|1046|1069|1115|1379|1064|1161|1257|1416|1210|1291,59|60|59|59|60|60|56|59|61|61|59|61,,4217|4595|3757|3697|3578|3464|1749|2519|4022|4317|4628|5043,6|3.9|3.4|4.1|7|16|2.5|11|17|17|15|15,64|62|62|61|58|58|62|60|58|59|59|60,6|6|6|6|7|8|13|10|8|8|9|8,64|298|202|576|-3|383|543|561|549|838,903|907|922|673|615|1901|1721|1723|2097|2582|2971|3030,506|579|578|356|1072|1239|856|1008|1500|1687|2041|2100,65.57|65.54|65.52|65.52|65.53|65.70|66.06|66.06,7.08|3.32|3.13|3.09|2.94|2.79|2.06|1.92,22.67|25.32|25.51|25.48|25.58|25.44|25.45|25.70,1.92,25.70,27.62,0.84
Raymond Lifestyl,/company/RAYMONDLSL/consolidated/,RAYMONDLSL,7.43,,0.44,3.52,1.14,59.61,,4211.96,691.35,12.14,30,nse,consolidated,28.2,1582,691,4212,Consumer Discretionary,Textiles,Other Textile Products,,,9,Jun 2026,Mar 2026,Jun 2026,1803|1726|1685|1220|1708|1754|1494|1430|1832|1849|1776|1516,47.42|43.90|44.42|43.32|44.75|46.33|44.79|44.68|45.96|44.96|48.32|45.98,,6535|6177|6888,14|8|10,44.78|44.93|46.03,12.90|14.73|13.62,38|404|546,7469|7727|7685,1733|1757|1888,54.67|54.67|54.67|56.13|57.14|58.22|59.52|59.61,12.63|12.34|10.51|8.78|8.97|8.71|8.69|7.32,7.89|7.91|7.88|7.84|7.47|6.17|5.12|5.72,7.32,5.72,13.04,0.61
RPG LifeScience.,/company/RPGLIFE/,RPGLIFE,22.59,,6.93,25.7,19.3,72.95,,4196.94,2537.60,5.54,30,nse,standalone,36.0,366,2538,4197,Healthcare,Healthcare,Pharmaceuticals,11,13,12,Jun 2026,Mar 2026,Jun 2026,154|154|127|165|172|173|143|169|182|180|177|196,29.13|31.34|32.63|33.25|31.46|32.49|34.05|35.53|36.65|36.05|34.25|34.83,,242|279|294|344|330|376|389|440|513|582|653|708,6|8|7|11|10|16|18|20|20|22|25|21,34.96|32.74|34.94|33.32|33.33|34.02|33.69|32.22|33.32|31.70|32.75|35.63,9.73|9.36|7.88|7.91|7.52|6.73|7.65|8.02|6.87|6.95|7.02|6.76,7|15|46|50|58|65|91|94|78|56,105|109|137|131|128|123|113|104|124|114|172|197,34|39|46|54|41|47|58|83|95|101|93|124,72.82|72.95|72.95|72.95|72.95|72.95|72.95|72.95,1.35|1.30|1.46|1.35|1.11|1.00|0.87|0.95,5.45|6.06|6.14|6.49|6.70|7.04|7.45|8.68,0.95,8.68,9.63,5.93
Indostar Capital,/company/INDOSTAR/consolidated/,INDOSTAR,43.61,,1.11,-2.58,-23.6,70.36,,4184.45,258.85,4.21,30,nse,consolidated,,234,259,4184,Financial Services,Financial Services,Non Banking Financial Company (NBFC),6,2,-2,Jun 2026,Mar 2026,Jun 2026,234|238|391|307|352|373|373|344|357|346|347|364,,,528|644|720|789|1206|1597|1283|1173|1178|1106|1408|1393,,,,-690|-547|-2091|1710|1068|-1564|899|-2208|-1061|-989,1|3|9|56|370|383|366|386|377|381|365|355,,73.60|73.59|73.29|72.98|72.96|70.39|70.38|70.36,2.26|2.43|2.68|3.10|2.89|2.27|2.59|2.56,1.82|1.86|2.29|2.39|2.49|2.09|2.17|2.20,2.56,2.20,4.76,3
RattanIndia Ent,/company/RTNINDIA/consolidated/,RTNINDIA,-8.03,,5.43,-4.76,-19.6,74.87,,4179.98,30.24,3.67,30,nse,consolidated,,5.56,30.2,4180,Consumer Discretionary,Consumer Services,E-Retail/ E-Commerce,22,845,2,Jun 2026,Mar 2026,Jun 2026,1615|1880|1294|2494|1801|1921|1505|2313|2124|2006|1697|1870,72|77|81|47|80|84|78|57|79|78|76|76,,0|0|0|0|0|0|0|14|4124|6187|6866|7531,||||||-1670|-156|1.0|10|3.7|-1.1,||||||0|-274|83|76|79|78,||||||0|343|0|11|14|0,-2|0|14|-17|67|-14|-678|-37|306|-56,205|0|0|0|0|0|0|40|273|251|262|262,0|0|0|0|0|0|0|38|1072|919|824|1003,74.86|74.86|74.86|74.86|74.86|74.86|74.87|74.87,4.83|5.99|6.09|5.94|6.16|6.18|5.55|5.40,0.10|0.10|0.12|0.13|0.09|0.09|0.08|0.07,5.40,0.07,5.47,0.56
Raymond,/company/RAYMOND/consolidated/,RAYMOND,14.61,,1.47,3.14,168,48.87,,4173.17,626.85,31.25,30,nse,consolidated,24.8,427,627,4173,Industrials,Capital Goods,Industrial Products,-35,-8,13,Jun 2026,Mar 2026,Jun 2026,470|678|266|450|474|466|557|524|528|557|603|606,49.96|57.48|35.43|33.90|33.77|35.46|39.08|35.60|33.11|34.60|32.57|33.06,,5333|5177|5353|5906|6582|6482|3446|6179|8215|973|1947|2212,8|7|6|7|9|8|-1.7|11|15|1.6|7|10,43.78|42.41|44.04|42.42|42.63|43.20|47.68|36.26|36.50|34.75|35.73|33.93,16.56|16.30|14.42|16.29|15.46|16.36|17.74|25.07|23.02|27.03|25.75|24.10,348|395|251|390|704|677|804|533|233|42,1274|1174|1169|1741|1935|2441|2044|1878|1934|3475|1772|1524,1158|1173|1289|1611|1902|2201|1634|2011|2497|3514|419|487,48.87|48.87|48.87|48.87|48.87|48.87|48.87|48.87,15.67|15.38|15.64|13.79|13.61|11.01|9.74|7.89,7.30|7.19|6.84|4.80|3.53|3.43|3.61|3.81,7.89,3.81,11.7,1.89
Avantel,/company/AVANTEL/consolidated/,AVANTEL,72.95,,12.36,9.63,5.29,37.04,,4166.08,156.79,13.02,30,nse,consolidated,243,12.7,157,4166,Industrials,Capital Goods,Aerospace & Defense,13,23,-3,Jun 2026,Mar 2026,Jun 2026,54.33|59.33|41.76|51.76|77.42|70.68|49.26|51.91|55.42|51.72|63.83|70.42,25.38|29.87|3.86|36.38|21.76|21.29|26.78|39.80|28.22|20.57|28.90|33.33,,16|23|78|105|154|224|249|223,12|22|29|25|30|36|37|22,56.79|49.80|34.74|44.68|40.91|34.35|25.66|29.35,10.66|10.29|12.10|7.88|8.91|7.85|9.32|14.34,4|-1|45|-32|2|65|50|10,7|8|16|27|31|48|115|181,4|4|3|17|45|46|60|93,40.06|38.58|38.57|37.15|37.15|37.08|37.04|37.04,0.11|0.18|0.48|0.47|0.66|0.60|0.55|1.54,0.65|0.92|0.43|0.18|0.16|0.00|0.92|1.14,1.54,1.14,2.68,18.68
Rossell Techsys,/company/ROSSTECH/consolidated/,ROSSTECH,57.84,,26.89,11.5,15.7,74.80,,4163.95,1104.60,30.32,30,nse,consolidated,157,41.1,1105,4164,Industrials,Capital Goods,Aerospace & Defense,,,83,Jun 2026,Mar 2026,Jun 2026,60.03|58.01|56.38|44.90|51.10|75.74|87.93|87.22|125.91|129.93|142.07|154.46,50|57|53|59|50|52|55|59|63|62|64|61,,217|260|485,15|14|13,52|54|62,3|3|0,1|-42|-83,103|114|124,175|218|315,74.81|74.81|74.80|74.80|74.80|74.80|74.80|74.80,1.51|1.47|1.48|1.48|1.50|1.50|1.60|1.68,2.69|2.42|2.42|2.42|2.42|2.77|3.51|0.78,1.68,0.78,2.46,8.59
Responsive Ind,/company/RESPONIND/consolidated/,RESPONIND,21.13,,2.63,10.8,10.3,59.14,,4093.77,153.55,15.9,30,nse,consolidated,40.2,58.5,154,4094,Consumer Discretionary,Consumer Durables,"Furniture, Home Furnishing",13,13,-13,Jun 2026,Mar 2026,Jun 2026,268.35|267.27|288.19|319.90|349.52|367.82|380.66|338.71|313.75|311.32|430.34|192.87,62|61|64|66|67|71|67|65|63|74|79|68,,2106|2247|2006|1247|775|533|756|1103|974|1087|1418|1394,12|9|8|9|15|18|17|10|11|22|21|17,82|85|87|83|71|62|70|77|70|64|68|71,3|3|2|3|7|10|6|5|7|6|5|5,107|142|306|90|145|-20|7|225|75|40,1063|919|801|765|692|617|915|820|691|815|797|740,62|44|125|117|77|54|102|187|214|126|191|206,59.14|59.14|59.14|59.14|59.14|59.14|59.14|59.14,34.77|32.48|31.62|31.41|30.60|31.23|32.20|7.48,3.56|3.51|3.52|3.35|3.30|3.28|3.22|3.22,7.48,3.22,10.7,2.94
Rallis India,/company/RALLIS/,RALLIS,9.32,,2,14.1,10.2,55.08,,4076.65,209.63,26.57,30,nse,standalone,17.8,105,210,4077,Commodities,Chemicals,Pesticides & Agrochemicals,-1,4,4,Jun 2026,Mar 2026,Jun 2026,832|598|436|783|928|522|430|957|861|623|456|1022,61|58|56|62|60|54|60|64|58|58|57|62,,1493|1288|1386|1498|1984|2252|2429|2604|2967|2648|2663|2897,17|16|17|15|12|12|13|11|7|12|11|13,59|57|53|54|55|59|57|58|62|56|56|56,9|8|11|13|12|10|10|12|11|11|12|11,353|-5|79|338|216|166|217|269|295|172,373|342|350|351|581|593|631|771|758|1008|904|849,277|258|244|375|673|699|763|938|793|808|751|959,55.08|55.08|55.08|55.08|55.08|55.08|55.08|55.08,10.58|11.86|11.41|11.28|14.20|12.08|11.55|9.12,13.83|13.29|13.78|13.84|11.20|11.30|11.32|11.72,9.12,11.72,20.84,1.41
Gufic BioScience,/company/GUFICBIO/,GUFICBIO,26.39,,6.13,12.2,9.98,72.50,,4074.48,406.30,3.8,30,nse,standalone,55.4,66.2,406,4074,Healthcare,Healthcare,Pharmaceuticals,11,14,15,Jun 2026,Mar 2026,Jun 2026,215|202|195|203|204|208|205|227|230|231|252|261,50.78|47.25|45.44|46.72|47.08|45.32|43.74|46.41|43.36|43.63|45.69|44.09,,148|201|245|306|351|379|488|779|691|807|820|940,10|10|9|13|13|14|17|19|20|19|17|16,54.92|50.75|49.26|47.21|51.54|47.39|51.32|52.87|48.05|48.33|45.71|44.79,6.65|6.65|6.43|6.58|7.01|6.38|5.77|4.93|5.78|5.71|5.82|8.28,-4|-5|5|47|87|106|-27|-7|123|44,25|22|22|23|24|83|100|115|160|159|506|491,37|50|63|94|94|122|94|116|183|200|217|324,72.51|72.51|72.51|72.51|72.50|72.50|72.50|72.50,0.23|0.30|0.31|0.32|0.33|0.44|0.42|0.47,2.51|2.99|3.39|3.38|3.66|3.74|3.83|3.67,0.47,3.67,4.14,4.33
GHCL,/company/GHCL/consolidated/,GHCL,5.48,,1.14,17.4,13.0,19.83,,4067.11,441.45,6.1,30,nse,consolidated,8.91,386,441,4067,Commodities,Chemicals,Commodity Chemicals,-12,4,-4,Mar 2026,Mar 2026,Jun 2026,1019|805|798|823|830|793|779|781|796|721|757|791,37.67|33.75|39.97|37.77|35.93|35.15|30.34|30.84|34.05|33.58|38.29|36.81,,2356|2531|2784|2919|3341|3305|2491|3052|4551|3447|3183|3064,22|25|24|21|23|22|24|24|33|25|28|22,39.11|37.40|40.91|43.70|42.28|44.04|45.60|38.47|35.00|37.30|33.12|35.70,23.53|22.07|19.01|19.96|20.70|20.31|19.13|22.07|21.11|23.91|23.17|24.57,458|590|530|624|621|643|856|797|638|687,1934|2049|2410|2502|2591|2664|2675|2474|1731|1842|1844|1821,487|503|584|637|768|791|764|944|772|651|626|597,19.03|19.03|19.03|18.97|18.97|19.83|19.87|19.83,25.70|25.41|26.06|26.41|25.67|25.22|24.66|22.44,9.79|10.35|10.09|10.28|10.52|9.49|10.57|11.20,22.44,11.20,33.64,1.33
Symphony,/company/SYMPHONY/consolidated/,SYMPHONY,21.77,,7.44,20.6,2.96,73.42,,4059.51,591.15,5.69,30,nse,consolidated,1044,79.4,591,4060,Consumer Discretionary,Consumer Durables,Household Appliances,-2,5,-12,Jun 2026,Mar 2026,Jun 2026,275|247|332|393|289|242|488|251|163|233|338|378,54|53|52|47|51|50|54|50|51|52|54|50,,525|446|764|798|844|1103|900|1039|1188|1156|1576|1130,25|31|26|28|16|19|16|16|12|15|20|11,46|45|48|48|54|53|55|55|56|52|51|52,2|2|2|1|2|2|2|1|1|2|1|1,95|107|140|157|89|57|125|162|259|-81,68|77|79|82|237|318|354|355|351|327|322|171,46|55|77|80|119|118|118|173|250|231|284|312,73.42|73.42|73.42|73.42|73.42|73.42|73.42|73.42,6.11|6.78|6.17|6.47|5.98|5.30|3.28|2.43,8.96|8.45|8.68|8.60|8.84|8.74|8.72|8.47,2.43,8.47,10.9,3.59
TVS Srichakra,/company/TVSSRICHAK/consolidated/,TVSSRICHAK,14.17,,3.41,7.54,5.89,45.70,,4053.90,5292.30,27.45,30,nse,consolidated,39.6,1554,5292,4054,Consumer Discretionary,Automobile and Auto Components,Tyres & Rubber Products,7,13,19,Jun 2026,Mar 2026,Jun 2026,740|719|765|791|842|803|818|819|926|917|981|1068,54|55|55|56|58|59|59|60|60|57|56|58,,2176|2185|1961|2152|2431|2104|1939|2543|2985|2926|3254|3643,10|15|14|12|11|10|12|7|8|10|7|8,60|55|56|59|61|54|54|59|59|55|58|58,6|6|8|7|7|12|12|11|11|11|11|0,64|185|64|299|307|-62|206|228|197|297,382|384|532|620|662|687|666|708|905|1084|1167|1188,264|208|412|332|499|421|426|813|779|703|798|742,45.70|45.70|45.70|45.70|45.70|45.70|45.70|45.70,1.05|1.03|1.06|0.99|0.99|0.97|0.97|0.92,4.95|4.95|4.95|4.95|5.05|6.17|6.17|6.18,0.92,6.18,7.1,1.11
Kaveri Seed Co.,/company/KSCL/consolidated/,KSCL,12.69,,2.3,18.8,18.2,60.50,,4047.23,786.80,10.73,30,nse,consolidated,16.2,342,787,4047,Fast Moving Consumer Goods,Fast Moving Consumer Goods,Other Agricultural Products,9,6,1,Jun 2026,Mar 2026,Jun 2026,171|143|98|803|137|174|90|859|219|210|107|742,56.86|43.97|47.38|52.60|52.85|46.36|41.17|48.71|70.10|51.08|44.37|45.07,,1159|743|703|818|808|929|1033|968|1068|1146|1202|1395,27|25|20|27|26|27|29|21|24|25|24|24,38|54|58|51|52|52|52|55|53|51|51|52,0|0|0|0|0|0|0|0|0|0|0|0,218|148|128|192|252|110|297|389|197|-6,161|202|200|189|240|250|246|242|261|297|417|432,494|504|448|443|561|639|720|761|718|743|1029|1210,60.50|60.50|60.50|60.50|60.50|60.50|60.50|60.50,19.84|19.51|20.41|20.34|20.36|19.95|18.55|17.54,3.77|3.55|2.91|2.87|2.87|2.78|2.87|3.49,17.54,3.49,21.03,2.9
West Coast Paper,/company/WSTCSTPAPR/consolidated/,WSTCSTPAPR,7.02,,1.12,6.17,4.25,56.58,,4045.56,612.50,19.46,30,nse,consolidated,17.6,546,612,4046,Commodities,Forest Materials,Paper & Paper Products,-5,14,8,Jun 2026,Mar 2026,Jun 2026,1194|1045|1070|960|1045|1016|1041|955|1043|1036|1245|1051,50|50|53|54|59|64|64|60|66|64|64|55,,1710|1979|2493|2245|3378|4921|4448|4062|4279,21|26|25|12|19|33|25|12|10,53|50|48|52|50|42|48|58|61,15|14|14|18|16|14|15|16|16,326|394|649|338|591|1238|764|99|400,1035|991|2018|1873|1757|1659|1882|2126|2182,343|428|548|412|396|492|682|871|807,56.53|56.53|56.55|56.55|56.55|56.55|56.58|56.58,6.17|5.30|4.20|3.77|3.31|3.26|3.24|2.59,8.19|9.35|9.82|11.74|12.61|12.65|13.11|13.62,2.59,13.62,16.21,0.95
NACL Industries,/company/NACLIND/consolidated/,NACLIND,39.21,,5.89,8.13,2.37,53.68,,4020.32,171.63,20.15,30,nse,consolidated,155,29.2,172,4020,Commodities,Chemicals,Pesticides & Agrochemicals,-9,6,12,Jun 2026,Mar 2026,Jun 2026,580|365|457|325|440|268|201|448|457|318|361|383,78|74|76|74|69|76|82|69|65|70|68|62,,746|692|735|847|865|1015|1191|1633|2116|1779|1235|1584,6|8|8|6|1.6|7|10|8|9|1.0|-5|7,66|63|56|62|71|70|70|74|76|72|74|68,9|7|13|11|7|6|6|5|4|11|5|6,58|24|36|103|83|-124|-20|50|469|-104,176|167|163|158|141|191|220|238|402|439|439|459,186|183|212|202|224|164|228|411|491|347|274|283,63.65|63.65|63.07|63.07|53.08|53.74|53.70|53.68,0.18|0.17|0.12|0.03|0.17|0.02|0.05|0.09,0.00|0.00|0.00|1.74|1.32|1.42|1.46|1.32,0.09,1.32,1.41,2.54
Ideaforge Tech,/company/IDEAFORGE/consolidated/,IDEAFORGE,87.24,,5.86,-2.81,-3.34,25.26,,4014.71,807.65,23.57,30,nse,consolidated,1022,138,808,4015,Industrials,Capital Goods,Aerospace & Defense,7,45,221,Jun 2026,Mar 2026,Jul 2026,23.73|90.90|102.30|86.19|37.10|17.61|20.31|12.78|40.76|31.55|141.04|68.59,58|46|57|67|75|54|64|38|50|76|32|51,,14|35|159|186|314|161|226,-88|-31|47|26|18|-32|2.6,53|55|26|32|52|68|43,9|6|3|4|4|8|7,-16|-31|67|-53|76|-77|-63,5|13|26|49|67|97|138,11|23|49|105|98|94|143,29.23|29.17|29.10|28.97|28.97|29.04|28.96|25.26,1.36|1.56|0.60|0.25|0.20|0.73|4.89|8.27,2.48|1.52|1.51|1.49|1.49|1.50|2.69|10.98,8.27,10.98,19.25,17.77
John Cockerill,/company/COCKERILL/consolidated/,COCKERILL,130.37,,-41.87,,,70.44,,4010.99,8123.00,10.67,30,nse,consolidated,,-194,8123,4011,Industrials,Capital Goods,Industrial Products,,,,Jun 2026,Dec 2025,Jun 2026,221|253|228|345|299,45|66|53|45|63,,962,-3.2,49.07,,,81|95,19|25,75.00|75.00|75.00|75.00|75.00|70.44|70.44|70.44,0.02|0.02|0.02|0.02|0.02|0.02|0.02|0.32,0.00|0.00|0.00|0.00|0.00|0.00|0.00|0.11,0.32,0.11,0.43,4.17
CMS Info Systems,/company/CMSINFO/consolidated/,CMSINFO,6.25,,1.64,17.6,13.2,0.00,,4002.14,242.55,18.53,30,nse,consolidated,13.3,148,243,4002,Services,Services,Diversified Commercial Services,9,14,2,Jun 2026,Mar 2026,Jun 2026,544|582|627|599|625|581|619|627|609|618|633|635,6.79|8.97|13.15|10.92|13.21|5.31|9.70|8.95|8.12|8.85|7.43|3.06,,978|1146|1383|1306|1590|1915|2265|2425|2487,15|17|18|22|25|28|26|26|24,4|8|14|14|10|6|9|10|8,4|4|4|3|3|4|5|4|0,149|102|214|185|257|407|440|483|390,264|381|426|533|750|869|836|857|1155,24|42|43|89|63|74|127|80|69,0.00|0.00|0.00|0.00|0.00|0.00|0.00|0.00,39.99|37.95|37.80|36.96|33.15|28.20|24.97|22.70,26.66|27.03|26.45|26.61|28.69|32.61|35.17|36.00,22.70,36.00,58.7,1.61
Harsha Engg Intl,/company/HARSHA/consolidated/,HARSHA,15.19,,2.85,13.0,10.5,75.00,,3995.47,438.85,7,30,nse,consolidated,25.8,154,439,3995,Industrials,Capital Goods,Other Industrial Products,6,13,20,Jun 2026,Mar 2026,Jun 2026,339|324|380|343|353|339|373|365|378|409|474|457,58|54|56|49|53|54|54|51|51|52|54|52,,886|874|1321|1364|1392|1408|1627,10|14|13|14|12|12|15,52|47|56|54|56|52|52,14|14|14|14|14|14|14,113|121|36|137|136|206|68,334|342|356|387|418|414|660,232|268|376|377|354|334|394,74.61|74.61|74.61|74.72|75.00|75.00|75.00|75.00,0.56|0.58|0.54|0.88|0.39|0.41|2.37|1.79,8.85|8.72|8.64|11.86|12.48|12.42|12.42|13.02,1.79,13.02,14.81,2.46
Capillary Tech.,/company/CAPILLARY/consolidated/,CAPILLARY,27.59,,3.89,3.42,2.95,51.45,,3991.37,501.50,62.63,30,nse,consolidated,77.9,129,502,3991,Information Technology,Information Technology,Software Products,32,34,23,Jun 2026,Mar 2026,Jun 2026,159.00|152.08|179.89|179.33|184.04|191.35|256.64,,,171|223|323|525|598|735,-7|-23|-20|-2.2|11|13,,0.00|17.65|14.97|0.00|0.00|0.00,1|7|-20|97|-46|150,27|215|203|298|301|460,,52.29|52.23|51.45,3.93|3.43|3.34,17.75|18.60|19.38,3.34,19.38,22.72,5.43
Indo Tech.Trans.,/company/INDOTECH/,INDOTECH,27.59,,10.67,37.7,28.4,72.18,,3990.04,3757.10,5.09,30,nse,standalone,40.2,352,3757,3990,Industrials,Capital Goods,Heavy Electrical Equipment,28,31,22,Jun 2026,Mar 2026,Jun 2026,96|139|175|82|146|177|206|164|183|196|239|228,71|75|66|67|69|74|74|71|69|69|74|73,,157|190|149|220|213|205|206|280|371|503|612|782,-6|-0.5|-2.0|-0.6|-1.0|0.9|5|8|10|14|14|15,82|79|74|79|77|75|69|70|71|70|72|71,6|6|6|4|5|5|4|5|4|3|4|0,-12|4|17|-14|8|22|-4|32|56|57,66|62|54|50|52|48|44|41|44|49|50|75,41|36|49|44|36|48|36|53|74|122|137|197,75.00|75.00|75.00|75.00|75.00|75.00|75.00|72.18,0.39|0.48|0.24|0.16|0.17|0.19|0.27|0.28,0.00|0.66|0.66|0.41|0.60|0.66|0.00|0.05,0.28,0.05,0.33,5.1
Kolte Patil Dev.,/company/KOLTEPATIL/consolidated/,KOLTEPATIL,20.01,,3.29,-0.32,-4.36,73.81,,3974.64,448.20,30.51,30,nse,consolidated,32.0,136,448,3975,Consumer Discretionary,Realty,"Residential, Commercial Projects",-21,1,8,Jun 2026,Mar 2026,Jun 2026,198|76|526|341|308|350|719|82|139|265|249|920,66|79|87|75|77|75|75|65|73|71|72|70,,697|754|964|1403|866|1130|692|1117|1488|1371|1717|735,29|26|25|22|29|21|9|17|13|1.3|10|-8,0|0|0|0|0|65|72|69|73|78|-8|-234,55|57|64|69|54|1|2|1|2|2|85|309,143|230|67|335|324|355|198|-111|282|217,119|135|127|118|104|294|286|286|109|136|168|261,1467|2039|2061|1836|2827|2758|2864|2837|2894|3469|3611|5275,69.45|69.45|69.45|69.45|73.81|73.81|73.81|73.81,3.13|3.05|4.15|8.12|8.77|8.77|9.96|10.61,5.19|5.96|5.59|4.49|3.70|3.76|3.38|3.30,10.61,3.30,13.91,5.41
Unichem Labs.,/company/UNICHEMLAB/consolidated/,UNICHEMLAB,13.91,,1.46,4.13,3.17,70.22,,3972.64,564.25,14.05,30,nse,consolidated,32.5,386,564,3973,Healthcare,Healthcare,Pharmaceuticals,18,12,7,Jun 2026,Mar 2026,Jun 2026,416|466|432|483|507|533|587|527|579|521|575|633,39.17|42.00|38.66|39.88|42.34|35.93|45.06|46.53|46.70|45.49|46.60|45.62,,1202|1333|698|815|1180|1104|1235|1270|1343|1785|2111|2202,8|12|-6|-16|-6|-4.5|7|6|-3.4|4.9|13|9,36.81|34.36|37.15|43.98|37.68|35.08|30.72|32.75|41.02|41.27|40.91|46.35,6.18|5.56|10.74|11.20|12.13|13.14|11.13|12.24|13.23|10.40|9.00|9.49,68|-112|-328|20|33|-260|-85|14|-7|4,416|403|491|578|810|870|884|990|1257|1252|1300|1213,208|231|282|273|339|397|538|600|625|736|989|975,70.22|70.22|70.22|70.22|70.22|70.22|70.22|70.22,0.94|1.05|0.98|0.98|0.99|0.99|1.00|0.90,11.65|11.63|11.32|10.92|10.74|10.73|10.63|10.46,0.90,10.46,11.36,1.8
Shanthi Gears,/company/SHANTIGEAR/,SHANTIGEAR,35.88,,9.02,25.6,19.0,70.47,,3971.96,517.75,31.16,30,nse,standalone,59.0,57.4,518,3972,Industrials,Capital Goods,Industrial Products,5,19,-17,Jun 2026,Mar 2026,Jun 2026,135.42|125.54|153.64|138.82|155.08|157.51|153.21|134.89|131.91|116.82|135.10|115.49,48|49|48|46|48|47|47|46|47|45|51|52,,155|164|183|214|242|242|216|337|446|536|605|519,12|19|20|17|17|14|12|18|20|19|21|20,41.64|36.76|37.72|42.28|44.64|47.79|48.04|49.42|48.09|47.87|47.02|47.17,11.30|13.12|13.44|13.87|14.53|12.77|13.26|11.60|11.40|13.14|13.20|12.31,14|42|27|56|31|35|63|36|91|70,82|66|65|57|59|60|74|66|70|72|79|106,65|67|75|59|70|61|78|64|67|85|80|113,70.47|70.47|70.47|70.47|70.47|70.47|70.47|70.47,3.29|3.25|3.23|3.26|3.22|3.16|3.13|3.13,0.73|0.73|0.75|0.48|0.28|0.23|0.23|0.23,3.13,0.23,3.36,7.65
Refex Industries,/company/REFEX/consolidated/,REFEX,8.31,,2.62,22.7,17.8,56.57,,3945.75,287.55,15.86,30,nse,consolidated,13.8,110,288,3946,Utilities,Utilities,Waste Management,12,29,38,Jun 2026,Mar 2026,Jun 2026,352|306|342|591|428|686|594|352|415|576|934|916,88|85|83|89|88|90|86|84|79|81|81|85,,85|78|38|77|461|661|633|1629|1383|2259|2277,7|3.4|6|2.3|6|8|11|11|11|9|16,76|77|53|74|87|84|83|87|71|88|81,0|1|1|1|0|0|1|0|16|0|0,-25|4|-4|44|12|123|28|3|-248|107,16|15|15|14|15|22|87|147|204|345|212,1|1|1|5|8|3|5|11|7|7|76,57.12|53.49|53.37|53.33|53.33|55.80|55.85|56.57,1.53|1.76|2.00|1.86|1.71|2.03|1.37|0.93,0.00|0.00|0.11|0.16|0.15|0.16|0.13|0.38,0.93,0.38,1.31,1.73
Uniparts India,/company/UNIPARTS/consolidated/,UNIPARTS,13.65,,4.52,21.6,18.3,65.87,,3943.24,873.15,15.81,30,nse,consolidated,21.6,193,873,3943,Consumer Discretionary,Automobile and Auto Components,Auto Components & Equipments,-5,5,27,Jun 2026,Mar 2026,Jun 2026,294|259|290|261|241|208|253|274|277|281|339|347,37.88|35.48|36.07|37.70|37.56|33.30|38.15|34.40|30.56|32.52|35.26|33.41,,805|1061|907|903|1227|1366|1140|964|1170,11|13|11|13|22|22|18|15|21,39.45|35.11|36.24|39.07|32.72|35.69|37.13|36.83|33.29,13.07|19.74|18.30|17.00|17.34|16.54|17.71|17.08|0.00,|-6|133|153|85|253|200|182|174,257|356|340|322|325|337|330|325|359,218|370|358|347|459|470|436|393|430,65.66|65.66|65.66|65.66|65.89|65.89|65.87|65.87,1.78|1.81|2.18|1.83|1.99|2.45|2.82|3.38,8.47|7.84|6.29|5.95|4.78|4.89|5.34|4.94,3.38,4.94,8.32,3.37
Aurionpro Sol.,/company/AURIONPRO/consolidated/,AURIONPRO,12.22,,2.25,16.3,13.4,26.86,,3910.32,707.60,14.73,30,nse,consolidated,18.7,314,708,3910,Information Technology,Information Technology,Computers - Software & Consulting,29,30,15,Jun 2026,Mar 2026,Jun 2026,211|231|247|262|278|306|327|337|358|371|346|358,0.69|1.13|-4.31|-0.19|-1.26|0.57|0.72|-0.38|0.25|0.33|-0.20|-0.37,,737|710|493|418|522|470|374|505|659|887|1173|1411,17|14|9|19|23|19|22|22|22|22|21|20,1.01|-0.08|-0.45|-1.63|-2.58|1.63|0.17|0.99|-1.06|-0.56|0.01|0.01,37.02|34.90|36.61|31.92|38.15|39.32|29.72|36.43|39.62|34.97|35.19|0.00,109|132|64|22|49|62|41|164|157|56,201|225|370|310|296|317|143|144|213|449|732|892,7|7|9|16|29|27|26|21|28|33|33|33,26.88|26.88|26.88|26.88|26.88|26.88|26.88|26.86,13.93|14.82|15.01|14.58|15.55|16.77|16.29|16.02,1.44|2.73|3.00|3.08|1.89|0.89|1.25|1.47,16.02,1.47,17.49,2.77
Sandhar Tech,/company/SANDHAR/consolidated/,SANDHAR,9.34,,2.94,12.3,11.5,70.38,,3907.88,649.25,17.17,30,nse,consolidated,18.7,221,649,3908,Consumer Discretionary,Automobile and Auto Components,Auto Components & Equipments,19,21,27,Jun 2026,Mar 2026,Jun 2026,885|890|918|913|984|974|1014|1090|1270|1185|1307|1382,61|61|60|60|62|61|62|63|63|62|64|64,,1482|1513|1611|1946|2336|1943|1864|2324|2909|3521|3884|4852,9|9|9|10|10|10|10|8|8|10|10|9,61|60|59|58|59|57|59|61|63|61|61|63,12|13|13|13|13|14|13|13|12|12|11|11,96|188|133|239|124|49|308|275|247|210,476|528|595|678|743|831|842|942|1172|1336|1343|1652,157|160|162|206|220|196|212|260|301|338|410|561,70.38|70.38|70.38|70.38|70.38|70.38|70.38|70.38,0.90|0.73|0.69|0.83|0.66|1.16|0.77|2.09,16.17|15.69|15.70|15.75|15.85|15.88|17.39|14.82,2.09,14.82,16.91,0.81
Kirloskar Indus.,/company/KIRLOSIND/consolidated/,KIRLOSIND,5.11,,0.62,7.01,3.77,71.87,,3904.41,3715.10,3.08,30,nse,consolidated,12.7,5947,3715,3904,Industrials,Capital Goods,Iron & Steel Products,2,27,4,Jun 2026,Mar 2026,Jun 2026,1578|1554|1729|1559|1688|1614|1748|1698|1782|1624|1817|1772,52|55|57|56|55|55|59|59|54|55|57|54,,1368|1119|1137|1826|2222|1916|2080|3810|6490|6396|6629|6958,11|13|15|8|12|14|23|18|14|15|12|13,60|53|52|68|61|59|53|69|58|52|57|55,21|24|23|19|18|16|15|13|19|20|21|21,88|107|112|185|256|317|760|576|600|871,548|556|587|599|650|897|1057|2780|3107|3259|3597|3669,118|93|122|217|246|236|284|992|1135|1027|1127|1073,71.31|72.57|72.56|72.53|72.52|71.87|71.87|71.87,0.70|0.59|0.59|0.54|0.53|0.47|0.50|0.49,1.95|1.88|1.90|1.91|1.94|1.92|1.88|1.87,0.49,1.87,2.36,0.56
Mahindra Logis.,/company/MAHLOG/consolidated/,MAHLOG,9.95,,3.33,7.36,0.32,59.58,,3899.12,392.75,16.64,30,nse,consolidated,99.0,118,393,3899,Services,Services,Logistics Solution Provider,11,16,17,Jun 2026,Mar 2026,Jun 2026,1365|1397|1451|1420|1521|1594|1570|1625|1685|1898|1791|2003,0.00|0.00|0.00|0.00|0.00|0.00|0.00|0.00|0.00|0.00|0.00|0.00,,1931|2064|2667|3416|3851|3471|3264|4141|5128|5506|6105|6999,3.0|2.5|2.9|3.5|3.9|4.6|4.1|4.5|5|4.2|4.7|5,0|0|0|0|0|0|0|0|0|0|0|0,87|86|85|88|88|85|85|86|86|85|86|86,-34|12|95|85|294|191|119|227|343|254,26|50|62|66|71|231|361|501|830|836|930|1147,0|0|0|0|0|0|0|1|0|0|0|0,58.03|58.03|57.97|57.97|59.60|59.60|59.58|59.58,4.95|5.02|5.22|4.79|3.86|4.40|4.82|4.09,18.22|15.92|13.85|13.87|13.65|12.33|13.86|14.44,4.09,14.44,18.53,0.56
Pondy Oxides,/company/POCL/,POCL,17.42,,4.85,24.0,20.0,36.39,,3884.09,509.20,25.27,30,nse,standalone,26.2,105,509,3884,Commodities,Metals & Mining,Diversified Metals,26,24,50,Jun 2026,Mar 2026,Jun 2026,393|454|357|437|572|502|517|596|635|776|932|931,89|88|88|89|90|90|89|88|86|88|91|90,,373|466|759|940|1049|1220|1004|1455|1472|1526|2028|2939,4.8|6|7|6|6|3.0|2.4|5|5|4.9|5|7,91|90|89|90|89|93|93|89|88|89|90|89,2|2|1|1|2|1|2|3|3|4|3|2,-7|-19|23|135|-91|63|65|64|-79|-54,15|26|27|32|34|61|54|60|96|114|130|211,30|59|71|97|110|70|124|146|151|124|232|269,43.76|40.59|40.61|39.90|39.34|39.34|39.34|36.39,0.22|2.83|2.10|1.33|1.75|2.34|2.22|3.14,0.14|5.05|4.88|6.15|7.02|6.78|7.15|7.50,3.14,7.50,10.64,1.32
Kalyani Steels,/company/KSL/,KSL,8.43,,1.85,14.7,13.0,64.70,,3877.92,888.35,4.9,30,nse,standalone,14.5,481,888,3878,Industrials,Capital Goods,Iron & Steel Products,-1,9,-5,Jun 2026,Mar 2026,Jun 2026,480|480|503|461|492|484|544|443|456|462|484|465,57|55|58|55|59|60|57|57|57|54|53|54,,1226|1180|1257|1345|1407|1199|1188|1706|1899|1959|1982|1846,14|20|23|15|15|16|22|20|13|19|19|20,48|37|48|57|56|52|52|57|62|57|58|55,26|27|18|18|20|19|17|16|15|15|14|15,152|191|286|257|62|263|-126|317|383|142,442|488|436|437|422|418|382|358|599|734|678|627,156|109|135|112|154|126|119|218|324|202|215|201,64.70|64.70|64.70|64.70|64.70|64.70|64.70|64.70,2.11|2.66|2.18|1.76|1.86|1.78|1.82|1.77,12.13|10.83|10.49|10.54|10.74|11.10|11.14|11.48,1.77,11.48,13.25,2.1
Dalmia Bharat,/company/DALMIASUG/consolidated/,DALMIASUG,10.91,,1.19,8.18,7.30,74.92,,3868.49,477.95,40.99,30,nse,consolidated,18.9,401,478,3868,Fast Moving Consumer Goods,Fast Moving Consumer Goods,Sugar,4,6,-5,Jun 2026,Mar 2026,Jun 2026,731.85|583.59|750.04|960.26|926.39|837.67|1015.52|940.88|988.72|697.75|990.73|848.19,74|60|63|76|79|71|66|79|81|63|67|81,,1150|1166|1686|2244|2018|2110|2685|3018|3252|2899|3725|3617,10|19|22|10|12|16|18|15|13|14|13|12,72|60|60|76|70|67|68|71|71|68|73|73,8|10|6|6|7|6|4|4|5|7|4|5,155|706|-220|59|346|567|583|-239|410|219,746|752|1280|1293|1316|1353|1308|1531|1652|1847|1657|1784,703|915|1021|750|1095|1329|1375|1242|1037|1773|1647|1693,74.92|74.92|74.92|74.92|74.92|74.92|74.92|74.92,1.02|0.89|0.75|1.08|0.97|0.70|0.72|0.52,0.05|0.05|0.05|0.05|0.05|0.09|0.12|0.27,0.52,0.27,0.79,1.07
Sindhu Trade,/company/SINDHUTRAD/consolidated/,SINDHUTRAD,27.11,,1.94,4.44,3.42,73.93,,3853.28,24.99,3.91,30,nse,consolidated,49.8,12.9,25.0,3853,Energy,"Oil, Gas & Consumable Fuels",Coal,-24,-10,-64,Jun 2026,Mar 2026,Aug 2026,397|416|446|554|370|511|297|165|124|119|115|129,74|62|47|55|93|51|45|79|82|76|71|73,,966|1281|1536|1176|892|1007|1177|1685|1731|524,15|14|10|7|4.8|12|4.4|9|-13|3.7,22|19|75|72|4|3|5|1|4|77,49|54|0|0|70|65|68|61|56|0,-237|-450|||-51|129|-108|691|-51|43,662|708||3238|3160|3264|3463|3488|82|79,41|91||37|40|48|60|78|11|13,74.97|74.96|74.97|74.97|74.97|74.97|74.97|73.93,0.00|0.04|2.15|2.93|3.18|3.18|3.18|7.47,0.06|0.01|0.00|0.00|0.00|0.00|0.00|0.00,7.47,0.00,7.47,7.35
CIAN Agro,/company/519477/consolidated/,519477,8.14,,1.79,12.3,10.8,67.61,,3848.76,1375.25,6.85,30,bse,consolidated,12.0,770,1375,3849,Fast Moving Consumer Goods,Fast Moving Consumer Goods,Edible Oil,98,53,52,Jun 2026,Mar 2026,Jun 2026,23|39|86|17|125|396|490|511|421|646|656|587,54|78|91|51|81|64|69|63|66|55|55|56,,101|198|156|212|265|254|290|171|1029|2234,3.0|3.0|11|10|9|9|9|11|14|21,87|87|69|63|28|-0|30|66|18|59,4|6|8|22|60|86|55|13|51|0,-20|-1|6|32|15|46|37|65|281|375,6|47|63|81|76|115|117|103|2409|2875,5|7|58|70|105|135|169|156|394|414,67.67|67.67|67.67|67.67|67.65|67.61|67.61|67.61,0.07|0.07|0.10|0.10|0.08|0.07|0.09|0.07,0.12|0.12|0.12|0.12|0.12|0.12|0.12|0.12,0.07,0.12,0.19,1.72
Sanghvi Movers,/company/SANGHVIMOV/consolidated/,SANGHVIMOV,9.52,,2.94,15.6,13.9,47.25,,3844.84,444.10,24.44,30,nse,consolidated,18.8,151,444,3845,Services,Services,Diversified Commercial Services,33,37,30,Jun 2026,Mar 2026,Jun 2026,146|140|167|151|156|208|267|273|210|236|351|380,,,224|335|456|782|1070,39|41|56|42|37,,0.00|37.56|29.09|43.51|47.12,|130|257|162|278,|769|858|1116|1428,|5|4|6|6,47.25|47.25|47.25|47.25|47.25|47.25|47.25|47.25,2.95|2.94|2.11|1.40|1.71|1.46|1.48|1.81,3.65|3.89|3.25|1.61|1.39|1.40|1.30|1.40,1.81,1.40,3.21,3.59
Orient Electric,/company/ORIENTELEC/,ORIENTELEC,14.93,,5.06,19.9,14.2,38.30,,3844.21,180.17,23.65,30,nse,standalone,32.2,35.6,180,3844,Consumer Discretionary,Consumer Durables,Household Appliances,10,10,13,Jun 2026,Mar 2026,Jun 2026,567|752|788|755|660|817|862|769|703|906|948|950,70|70|69|67|68|68|69|67|68|70|69|70,,216|1600|1864|2062|2033|2448|2529|2812|3094|3326,11|9|8|9|11|9|6|5|7|7,|65|68|68|70|72|72|70|68|69,|6|1|1|1|1|1|1|1|1,59|91|132|129|427|11|190|118|88|110,0|106|117|190|186|212|226|236|440|406,177|209|264|286|249|326|285|315|430|426,38.30|38.30|38.30|38.30|38.30|38.30|38.30|38.30,6.99|7.09|6.92|6.88|6.34|3.60|3.42|3.28,27.89|27.86|27.95|28.11|29.30|31.90|32.52|32.49,3.28,32.49,35.77,1.16
Bajaj Electrical,/company/BAJAJELEC/consolidated/,BAJAJELEC,15.58,,2.41,2.89,-0.72,62.70,,3839.69,332.75,25.59,30,nse,consolidated,,138,333,3840,Consumer Discretionary,Consumer Durables,Household Appliances,-3,-1,-5,Jun 2026,Mar 2026,Jun 2026,1113|1228|1188|1155|1118|1290|1265|1065|1107|1051|1240|1089,70|71|71|68|69|68|68|68|68|68|69|66,,4590|4254|4697|6662|4985|4584|4811|4889|4639|4826|4461,6|6|6|5|4.1|7|5|8|6|6|3.1,67|65|66|71|67|65|68|69|70|68|68,7|8|8|8|8|7|5|2|2|3|3,437|-103|-621|626|658|914|449|354|347|619,276|310|316|393|469|531|754|770|916|950|908,507|571|579|830|699|986|998|976|757|717|534,62.76|62.72|62.72|62.72|62.71|62.70|62.70|62.70,8.23|7.82|7.79|7.89|7.75|6.48|6.50|5.37,15.59|15.91|15.79|15.57|15.87|17.08|16.88|16.82,5.37,16.82,22.19,0.86
Aarti Drugs,/company/AARTIDRUGS/consolidated/,AARTIDRUGS,13.05,,2.46,11.9,13.4,54.43,,3820.11,418.55,8.22,30,nse,consolidated,19.8,170,419,3820,Healthcare,Healthcare,Pharmaceuticals,-2,4,11,Jun 2026,Mar 2026,Jun 2026,642|606|620|555|598|557|677|591|653|602|720|703,67|67|64|65|66|63|64|63|63|64|63|61,,1097|1140|1195|1244|1561|1806|2155|2489|2716|2529|2387|2565,16|16|16|16|14|15|20|13|11|13|12|12,67|66|64|62|67|64|60|67|69|65|63|63,11|11|12|14|12|13|11|12|13|15|16|0,175|70|143|251|155|70|133|359|245|254,448|493|581|602|625|644|665|690|676|811|866|1086,166|178|210|278|247|325|415|526|516|486|473|491,55.64|55.38|55.48|55.23|54.72|55.03|55.03|54.43,2.50|2.28|2.25|2.26|2.68|2.15|1.57|1.52,7.83|8.77|9.70|9.94|9.90|10.12|10.22|10.29,1.52,10.29,11.81,1.49
Tatva Chintan,/company/TATVA/consolidated/,TATVA,34.63,,4.88,7.18,5.54,72.02,,3812.90,1630.00,43.41,30,nse,consolidated,72.8,334,1630,3813,Commodities,Chemicals,Specialty Chemicals,6,11,41,Jun 2026,Mar 2026,Jun 2026,97|84|98|105|83|86|108|117|124|131|134|167,38.61|44.34|42.21|54.04|51.17|48.36|53.49|49.93|44.42|41.99|41.88|45.07,,136|206|263|300|434|424|394|383|506,17|17|21|22|25|14|17|9|18,52.34|55.37|50.44|50.61|44.88|53.37|44.26|51.98|44.39,9.00|6.92|9.22|8.78|10.74|9.83|13.82|13.59|13.80,13|7|25|20|20|28|98|25|31,57|67|111|120|160|196|427|529|609,29|36|64|72|170|162|153|134|196,72.02|72.02|72.02|72.02|72.02|72.02|72.02|72.02,3.33|3.36|3.30|3.26|3.40|4.17|3.81|3.93,6.83|6.34|5.46|5.11|3.87|3.32|2.99|3.11,3.93,3.11,7.04,7.54
Pace Digitek,/company/PACEDIGITK/consolidated/,PACEDIGITK,7.57,,1.73,21.3,17.6,69.52,,3802.22,176.15,18.01,30,nse,consolidated,12.7,102,176,3802,Telecommunication,Telecommunication,Telecom - Infrastructure,74,,15,Jun 2026,Mar 2026,Jun 2026,342|846|567|683|367|533|644|1097|555,55|34|22|30|7|21|42|61|54,,406|503|2434|2439|2641,7|6|17|20|17,25.51|36.84|62.32|33.13|41.04,42.87|35.57|15.21|37.78|0.00,57|-44|214|-176|-917,142|139|139|146|209,45|60|272|113|540,69.52|69.52|69.52,2.31|0.56|0.98,5.18|5.99|5.36,0.98,5.36,6.34,1.44
Jindal Worldwide,/company/JINDWORLD/consolidated/,JINDWORLD,24.93,,4.42,8.63,7.79,61.76,,3795.85,37.86,72.55,30,nse,consolidated,44.8,8.58,37.9,3796,Consumer Discretionary,Textiles,Other Textile Products,3,6,-2,Jun 2026,Mar 2026,Jun 2026,392|438|574|492|571|624|606|540|573|532|640|555,74|72|73|73|76|76|76|76|80|81|79|78,,837|1008|1157|1650|2212|2199|1700|2559|2070|1814|2288|2286,10|14|12|11|9|6|7|8|12|10|9|6,62|58|62|58|70|79|73|73|66|69|72|75,26|26|24|29|19|13|11|13|16|15|14|14,8|39|271|22|83|-95|315|5|167|216,350|338|299|395|568|296|224|205|370|374|356|182,108|111|115|246|275|245|280|257|323|332|325|301,59.81|59.80|59.80|59.79|61.15|61.77|61.76|61.76,0.21|0.26|0.13|0.13|0.13|0.18|0.16|0.09,0.03|0.04|0.04|0.05|0.05|0.05|0.00|0.00,0.09,0.00,0.09,1.66
VST Till. Tract.,/company/VSTTILLERS/,VSTTILLERS,21.36,,3.46,13.8,10.1,55.55,,3791.29,4381.60,4.4,30,nse,standalone,34.4,1268,4382,3791,Industrials,Capital Goods,Tractors,7,10,17,Jun 2026,Mar 2026,Jun 2026,279|170|273|191|283|219|301|282|315|314|328|313,67|69|67|68|68|69|69|68|69|69|68|69,,552|647|675|763|615|544|764|854|1006|968|995|1240,18|17|15|16|9|6|12|15|13|13|11|13,65|65|66|65|66|68|67|68|70|68|69|68,2|2|2|2|2|3|2|2|2|2|2|0,86|33|43|72|155|125|36|49|77|132,135|127|147|158|206|206|248|266|261|250|240|232,100|80|71|78|124|102|107|101|108|118|101|123,55.64|55.64|55.64|55.61|55.61|55.61|55.61|55.55,2.90|2.67|2.47|1.40|1.76|1.61|1.84|1.21,19.10|20.47|20.72|21.72|21.41|20.59|19.61|19.97,1.21,19.97,21.18,3.06
J Kumar Infra,/company/JKIL/,JKIL,4.09,,1.13,18.3,12.3,46.64,,3785.17,500.25,4.23,30,nse,standalone,9.76,444,500,3785,Industrials,Construction,Civil Construction,11,17,-3,Jun 2026,Mar 2026,Jun 2026,1104|1219|1425|1282|1292|1487|1633|1479|1337|1306|1573|1507,76|75|77|77|76|76|78|77|76|75|78|77,,1343|1409|1604|2051|2787|2971|2571|3527|4203|4879|5693|5694,19|18|16|16|16|14|12|14|14|14|15|14,60|63|60|59|62|61|63|64|66|65|66|66,11|8|9|7|4|4|5|8|11|11|11|11,-22|265|83|259|369|381|183|336|375|1116,430|430|511|716|779|854|806|790|925|971|1149|1236,543|486|644|814|919|313|286|366|393|481|503|330,46.64|46.64|46.64|46.64|46.64|46.64|46.64|46.64,9.99|10.50|11.95|12.60|12.85|12.73|12.55|11.68,16.58|16.17|15.50|15.42|15.41|15.26|15.16|15.16,11.68,15.16,26.84,0.66
Sanathan Textile,/company/SANATHAN/consolidated/,SANATHAN,14.91,,2.02,6.89,3.78,78.58,,3781.72,448.05,3.08,30,nse,consolidated,62.3,222,448,3782,Consumer Discretionary,Textiles,Other Textile Products,5,,49,Jun 2026,Mar 2026,Jun 2026,746|780|756|781|742|743|732|745|818|1079|1169|1335,72|72|71|71|71|71|69|69|69|72|70|70,,3185|3329|2958|2999|3811,17|8|8|9|8,64|72|72|71|70,13|14|15|15|17,295|362|192|383|322,897|950|931|934|2819,444|402|405|375|757,78.58|78.58|78.58|78.58|78.58|78.58|78.58,3.75|1.89|2.19|1.68|1.47|1.58|1.47,8.89|12.10|12.32|11.45|12.03|12.31|12.73,1.47,12.73,14.2,0.99
Wheels India,/company/WHEELS/consolidated/,WHEELS,9.83,,3.63,18.8,15.8,58.31,,3781.50,1547.70,13.67,30,nse,consolidated,23.1,426,1548,3782,Consumer Discretionary,Automobile and Auto Components,Auto Components & Equipments,6,18,17,Jun 2026,Mar 2026,Jun 2026,1284|1210|1271|1166|1176|1125|1277|1266|1264|1371|1564|1491,74|72|71|71|71|69|68|69|68|69|67|67,,1987|2173|2563|3441|2672|2413|3966|4640|4977|4744|5465,9|9|8|7|6|6|6|4.8|5|7|8,65|66|68|70|70|69|73|73|72|70|68,9|9|8|8|7|8|7|8|7|7|7,155|131|184|184|148|28|370|329|400|477,518|526|557|710|753|883|903|1060|1149|1295|1506,298|279|374|435|412|548|800|884|882|769|746,58.31|58.31|58.31|58.31|58.31|58.31|58.31|58.31,0.42|0.34|0.38|0.57|1.08|1.18|1.15|1.98,11.99|11.68|11.68|11.64|10.68|9.81|9.64|6.39,1.98,6.39,8.37,0.69
Sambhv Steel,/company/SAMBHV/,SAMBHV,13.05,,3.55,19.1,18.5,56.11,,3754.41,127.41,20.52,30,nse,standalone,22.6,35.8,127,3754,Industrials,Capital Goods,Iron & Steel Products,37,38,49,Jun 2026,Mar 2026,Jun 2026,358|331|316|369|495|559|580|589|685|732,72|68|71|69|72|70|72|73|70|71,,479|819|937|1286|1511|2413,13|15|13|12|10|11,81|76|74|72|70|71,0|5|7|10|11|8,46|34|66|142|127|216,114|235|294|337|715|699,35|122|141|149|254|443,56.14|56.15|56.15|56.15|56.11,3.61|2.32|1.67|1.52|1.53,6.82|3.01|2.68|3.09|3.17,1.53,3.17,4.7,1.56
Zota Health Care,/company/ZOTA/consolidated/,ZOTA,338.91,,5.42,-8.47,-15.0,49.38,,3749.67,1082.70,9.32,30,nse,consolidated,,200,1083,3750,Healthcare,Healthcare,Pharmaceuticals,57,38,79,Jun 2026,Mar 2026,Jun 2026,45|47|50|56|67|72|97|104|129|143|163|174,54.87|54.06|45.91|46.79|46.46|44.15|49.21|43.58|40.67|39.72|36.53|38.04,,25|38|50|56|85|95|106|131|139|180|292|539,14|13|13|15|9|4.8|0.6|11|5|4.2|-2.0|3.4,66.03|69.79|69.04|66.02|66.94|70.35|69.48|66.80|59.88|54.08|47.64|39.72,0.24|1.73|3.31|3.73|2.56|2.27|2.13|1.78|1.64|2.47|3.07|0.00,3|5|-3|6|-1|13|-2|-6|-50|-84,8|10|9|8|10|15|14|29|62|103|185|383,5|10|13|18|33|25|28|29|42|54|106|193,62.40|62.02|59.72|57.42|55.81|50.64|49.38|49.38,0.01|0.24|0.87|3.82|3.49|8.09|8.21|7.92,0.99|1.03|3.08|4.25|4.95|7.22|6.40|6.75,7.92,6.75,14.67,6.96
TruAlt Bioenergy,/company/TRUALT/consolidated/,TRUALT,11.25,,2.45,10.4,8.38,70.55,,3722.95,434.15,18.88,30,nse,consolidated,23.8,177,434,3723,Fast Moving Consumer Goods,Fast Moving Consumer Goods,Other Agricultural Products,31,,2,Jun 2026,Mar 2026,Jun 2026,197|388|415|907|304|115|713|596|627,72|84|50|66|72|80|69|52|62,,762|1223|1908|1728,14|15|16|17,66|66|67|65,14|12|8|10,233|35|342|-296,1302|1427|1826|2185,153|159|210|528,70.55|70.55|70.55,0.93|0.66|0.57,7.28|9.40|8.36,0.57,8.36,8.93,2.15
Polyplex Corpn,/company/POLYPLEX/consolidated/,POLYPLEX,5.25,,0.88,0.89,0.54,26.72,,3718.12,1184.40,14.14,30,nse,consolidated,23.9,1351,1184,3718,Industrials,Capital Goods,Packaging,-3,8,10,Jun 2026,Mar 2026,Jun 2026,1572|1496|1679|1686|1739|1721|1740|1739|1794|1682|1871|2254,66|65|65|63|62|64|63|61|63|62|65|58,,3204|3202|3201|3572|4570|4487|4918|6624|7652|6307|6885|7086,9|11|14|14|16|17|25|20|12|6|10|4.9,61|60|57|56|58|52|46|51|59|62|59|59,13|10|13|13|11|13|13|11|13|15|14|15,441|307|551|731|1102|560|802|455|438|537,2569|2406|2184|2218|2242|2824|2759|3152|3252|3002|3944|4226,434|410|436|567|664|678|814|1309|1363|1346|1566|1712,26.70|26.70|26.70|26.72|26.72|26.72|26.72|26.72,7.39|7.82|7.67|7.10|9.31|8.97|9.91|10.22,2.81|3.25|2.82|2.95|2.78|2.89|2.91|2.85,10.22,2.85,13.07,0.52
Vaibhav Global,/company/VAIBHAVGBL/consolidated/,VAIBHAVGBL,8.80,,2.25,16.4,17.9,57.33,,3713.57,221.55,12.21,30,nse,consolidated,13.0,98.6,222,3714,Consumer Discretionary,Consumer Durables,"Gems, Jewellery And Watches",11,8,10,Jun 2026,Mar 2026,Jun 2026,705|888|789|756|796|977|850|814|877|1066|935|917,36.08|35.03|34.52|30.98|33.79|36.82|36.01|34.04|34.43|35.23|34.22|29.91,,1376|1277|1439|1571|1814|1986|2540|2752|2691|3041|3380|3692,10|4.6|6|9|11|13|15|10|7|9|9|10,32.42|30.68|34.91|35.92|33.31|35.08|35.54|35.51|36.56|35.38|34.59|34.52,4.53|4.72|8.88|8.77|8.82|7.63|6.17|5.46|5.89|6.15|2.51|2.15,74|41|204|214|326|88|127|277|165|310,76|126|126|120|116|154|163|467|507|616|566|699,228|297|304|352|396|420|446|619|643|596|701|811,57.30|57.30|57.30|57.19|57.18|57.11|57.43|57.33,19.20|18.37|18.59|18.52|18.68|18.06|16.44|16.66,0.73|0.74|0.85|0.91|1.24|1.67|2.23|2.22,16.66,2.22,18.88,1.01
Raymond Realty,/company/RAYMONDREL/consolidated/,RAYMONDREL,8.33,,2.37,29.6,36.3,50.93,,3708.49,557.05,20.25,30,nse,consolidated,12.3,235,557,3708,Consumer Discretionary,Realty,"Residential, Commercial Projects",,,284,Jun 2026,Mar 2026,Jun 2026,130|226|92|117|380|696|758|1157|527,59.06|-88.83|-35.17|-9.65|1.61|-125.06|-80.58|-107.90|-9.05,,3|565|2991,-543|11|15,-20021|-30|-91,20112|111|163,-226|-237|-910,1|2|89,730|898|4281,48.87|48.87|49.02|50.71|50.93,15.52|11.19|8.54|7.62|5.85,6.35|4.51|4.40|3.92|2.90,5.85,2.90,8.75,1.24
Ashiana Housing,/company/ASHIANA/consolidated/,ASHIANA,19.86,,4.25,14.4,14.5,61.11,,3707.36,368.80,12.75,30,nse,consolidated,31.3,86.9,369,3707,Consumer Discretionary,Realty,"Residential, Commercial Projects",41,36,37,Jun 2026,Mar 2026,Jun 2026,346|184|290|123|55|133|218|293|166|362|323|107,80|66|80|79|70|60|70|80|57|67|77|59,,143|529|382|321|338|304|242|222|410|944|529|1143,26|27|24|17|10|-4.3|0.4|-4.0|7|10|3.3|11,-173|9|-11|8|21|16|-12|-70|-35|22|-50|72,220|52|69|52|45|60|84|138|104|55|120|0,-39|-54|-10|28|121|-61|12|212|234|342,68|63|86|121|121|130|98|93|74|101|128|110,624|614|670|638|625|620|741|1247|1529|1526|2285|2701,61.11|61.11|61.11|61.11|61.11|61.11|61.11|61.11,7.46|7.47|7.74|7.88|7.87|7.90|8.29|8.19,7.85|7.75|7.75|8.06|8.06|8.06|8.07|8.08,8.19,8.08,16.27,3.24
Hemisphere Prop,/company/HEMIPROP/,HEMIPROP,-686.10,,8.55,-1.14,-2.70,51.12,,3704.43,129.98,4.62,30,nse,standalone,,15.2,130,3704,Services,Services,Diversified Commercial Services,-21,,-4,Jun 2026,Mar 2026,Jun 2026,0.13|0.13|0.13|0.20|0.23|0.24|0.24|0.24|0.24|0.26|0.26|0.15,,,0|0|0|0|0|0|0|2|1|1|1,|||||||-392|-2550|-1098|-958,,|||||||0|2|20|0,-0|0|-0|-281|651|-14|-23|-7|-17|-151,0|0|0|0|282|933|944|944|947|947|948,0|0|0|0|0|0|0|0|0|0|131,51.12|51.12|51.12|51.12|51.12|51.12|51.12|51.12,1.21|1.11|1.24|0.63|0.79|0.29|1.65|1.08,0.33|0.34|0.39|0.38|0.36|0.36|0.34|0.29,1.08,0.29,1.37,3704
Share India Sec.,/company/SHAREINDIA/consolidated/,SHAREINDIA,1.90,,1.4,18.4,13.0,48.62,,3674.74,167.93,13.39,30,nse,consolidated,10.1,120,168,3675,Financial Services,Financial Services,Stockbroking & Allied,11,27,15,Jun 2026,Mar 2026,Jun 2026,366|374|465|414|453|342|239|341|341|372|416|448,0.54|1.13|2.88|8.75|11.97|2.37|1.84|4.79|1.87|8.58|20.40|11.92,,74|110|138|206|228|453|862|1088|1483|1449|1470,19|16|20|25|32|29|35|45|44|36|39,0.00|0.00|0.00|0.00|0.00|2.87|3.25|0.65|1.51|7.10|9.49,62.22|0.41|1.89|0.97|0.92|0.52|2.35|2.76|5.02|4.51|0.00,14|22|49|68|236|409|-170|-310|6|-182,8|8|8|35|33|38|53|63|76|74|65,2|4|8|21|16|65|45|45|104|175|0,50.44|48.45|48.67|48.75|48.61|48.62|48.62|48.62,1.91|1.70|1.88|0.98|0.72|1.44|1.54|1.87,0.12|0.48|1.05|0.39|0.40|0.42|0.47|0.48,1.87,0.48,2.35,2.5
Novartis India,/company/NOVARTIND/,NOVARTIND,21.67,,4.49,16.2,11.6,70.68,,3669.79,1486.30,4.33,30,nse,standalone,37.5,331,1486,3670,Healthcare,Healthcare,Pharmaceuticals,-2,-1,5,Jun 2026,Mar 2026,Jul 2026,79|85|81|92|87|93|84|88|90|86|91|104,57|54|70|58|56|54|59|53|56|57|58|54,,870|690|656|564|491|438|381|400|379|335|356|354,-0.4|5.0|3.8|-1.1|2.5|2.8|7|7|17|19|26|27,41|42|47|44|40|42|38|45|53|60|57|56,10|9|7|7|8|9|9|8|3|2|2|0,-41|161|-194|-23|-69|39|45|113|75|47,8|6|6|5|15|76|64|24|19|7|5|3,100|72|88|57|61|59|48|57|55|45|41|53,70.68|70.68|70.68|70.68|70.68|70.68|70.68|70.68,0.19|0.19|0.19|0.19|0.19|0.17|0.16|0.15,0.53|0.53|0.53|0.53|0.63|0.53|1.35|1.39,0.15,1.39,1.54,10.37
AGI Infra,/company/AGIIL/consolidated/,AGIIL,25.77,,7.77,20.1,25.0,71.29,,3613.67,289.10,48.33,30,nse,consolidated,35.3,37.2,289,3614,Consumer Discretionary,Realty,"Residential, Commercial Projects",14,26,4,Jun 2026,Mar 2026,Jun 2026,71|73|80|73|78|91|83|92|85|88|88|96,53.98|55.19|56.73|50.59|47.51|51.60|62.40|51.40|43.88|39.69|56.46|42.94,,61|146|121|81|91|110|197|240|292|325|353,20|11|21|30|36|30|25|24|26|29|35,55.67|75.05|54.12|36.93|24.26|41.75|-25.27|-32.95|56.98|53.20|47.94,4.52|3.16|4.01|5.40|2.37|5.33|84.59|94.56|2.29|1.51|0.00,1|8|-9|31|62|106|106|61|-20|-32,8|12|16|25|29|48|121|171|251|275|280,130|92|123|221|323|394|444|523|660|818|1082,72.95|72.95|72.95|72.95|72.95|72.95|71.29|71.29,0.03|1.21|0.56|0.12|1.78|0.83|3.98|4.68,0.02|0.02|0.02|0.03|0.03|0.02|0.01|0.01,4.68,0.01,4.69,10.24
D B Corp,/company/DBCORP/consolidated/,DBCORP,5.00,,1.49,18.3,14.3,74.50,,3610.91,202.57,2.75,30,nse,consolidated,10.3,136,203,3611,Consumer Discretionary,"Media, Entertainment & Publication",Print Media,3,9,4,Jun 2026,Mar 2026,Jun 2026,586|645|617|590|559|643|548|559|614|605|576|604,31.29|28.20|27.81|26.61|28.02|26.74|28.68|28.55|26.48|27.33|28.25|29.50,,2010|2049|2258|2311|2463|2224|1508|1769|2129|2402|2339|2356,28|26|29|24|21|22|20|17|15|26|23|21,32.24|30.19|29.27|31.62|37.50|34.46|27.97|31.28|39.97|30.61|27.47|27.62,11.35|11.51|8.98|9.22|9.14|9.68|10.60|12.54|12.98|11.97|13.51|14.96,360|364|235|363|374|371|244|579|414|365,816|867|910|1002|986|1221|1202|1154|1073|1059|997|1097,140|167|199|160|250|253|233|215|214|187|254|215,72.36|72.34|72.95|73.48|73.78|74.25|74.50|74.50,13.86|14.07|13.06|12.77|12.62|12.24|12.05|11.85,4.85|4.80|4.07|4.16|4.18|4.20|4.18|4.24,11.85,4.24,16.09,1.53
Lux Industries,/company/LUXIND/,LUXIND,19.63,,1.95,7.84,5.90,74.19,,3607.10,1199.50,2.66,30,nse,standalone,34.8,615,1200,3607,Consumer Discretionary,Textiles,Garments & Apparels,7,9,11,Jun 2026,Mar 2026,Jun 2026,638|452|708|535|671|553|819|604|779|673|881|615,45.77|45.34|52.68|41.35|43.45|44.51|46.71|38.39|45.56|43.63|53.86|44.02,,909|941|958|1078|1209|1664|1938|2273|2371|2324|2578|2937,9|10|12|14|15|16|20|21|9|9|9|6,52.80|48.37|21.74|33.50|39.30|29.09|33.18|27.70|42.75|37.01|34.89|46.13,0.21|0.21|44.04|32.92|29.08|37.00|33.27|35.87|28.82|33.11|34.43|0.00,21|-2|193|163|393|-225|182|244|-85|-153,37|37|114|126|132|157|194|231|284|341|360|389,189|200|233|299|251|487|464|815|664|636|827|987,74.19|74.19|74.19|74.19|74.19|74.19|74.19|74.19,1.14|1.24|1.21|0.96|0.95|0.89|0.74|0.72,4.84|4.82|4.84|4.88|4.89|4.88|4.76|4.76,0.72,4.76,5.48,1.23
The Anup Enginee,/company/ANUP/consolidated/,ANUP,25.62,,5.22,21.0,17.1,40.92,,3606.67,1800.50,9.44,30,nse,consolidated,42.0,345,1800,3607,Industrials,Capital Goods,Industrial Products,26,24,1,Jun 2026,Mar 2026,Jun 2026,144.17|125.21|139.85|145.99|193.14|171.74|221.70|175.23|232.28|206.92|207.86|125.25,55.38|46.01|58.39|55.33|54.92|50.37|56.04|47.81|46.49|46.65|50.51|49.45,,245|279|288|411|733|822,28|25|25|20|23|21,44.96|53.05|48.63|53.93|54.27|47.83,13.24|11.00|14.01|11.86|11.51|14.23,32|53|74|30|-7|2,171|212|203|217|363|398,106|67|90|127|147|101,41.03|40.98|40.98|40.98|40.98|40.92|40.92|40.92,1.60|3.51|4.59|4.72|3.97|4.03|3.18|2.88,13.41|14.53|15.06|15.21|15.73|16.11|16.41|16.52,2.88,16.52,19.4,4.39
Bhagiradha Chem.,/company/BHAGCHEM/consolidated/,BHAGCHEM,46.47,,5.17,4.53,2.63,19.60,,3603.50,277.90,3.92,30,nse,consolidated,131,53.8,278,3604,Commodities,Chemicals,Pesticides & Agrochemicals,2,11,34,Jun 2026,Mar 2026,Jun 2026,122|74|111|111|104|103|123|124|140|114|158|195,65|48|59|62|61|60|68|66|65|57|61|61,,246|318|436|502|408|440|536,7|15|16|15|11|8|11,61|60|63|62|59|62|62,18|16|13|14|18|17|15,48|4|7|14|34|-53|12,138|152|157|173|214|245|580,56|50|68|91|111|130|146,20.27|20.27|19.75|19.75|19.60|19.60|19.60|19.60,0.15|0.18|0.04|0.05|0.05|0.20|0.14|0.10,3.14|3.08|2.89|2.89|2.89|2.99|3.02|3.00,0.10,3.00,3.1,6.72
Kesar India,/company/543542/consolidated/,543542,52.33,,13.19,23.4,20.0,70.37,,3594.05,1150.15,8.68,30,bse,consolidated,76.8,87.2,1150,3594,Consumer Discretionary,Realty,"Residential, Commercial Projects",126,,64,Jun 2026,Mar 2026,Jul 2026,17|41|15|15|92|85|171,67|81|69|57|67|62|88,,15|53|108|176,7|28|24|24,52|53|61|65,8|5|1|0,-10|9|-8|-128,1|1|3|9,9|56|46|129,74.99|74.99|74.99|74.73|73.47|71.99|70.24|70.37,18.62|18.46|18.22|18.74|16.72|16.56|15.76|15.35,,15.35,,15.35,20.42
Divgi Torq,/company/DIVGIITTS/,DIVGIITTS,28.74,,5.65,10.2,7.59,60.56,,3593.95,1175.15,25.17,30,nse,standalone,56.8,208,1175,3594,Consumer Discretionary,Automobile and Auto Components,Auto Components & Equipments,9,14,77,Jun 2026,Mar 2026,Jun 2026,69|63|65|54|54|53|58|72|83|91|108|137,41.44|45.06|41.90|43.28|40.12|37.29|40.18|39.70|39.04|38.94|37.78|38.77,,159|187|159|187|234|271|253|219|353,28|29|23|28|28|28|21|17|20,33.63|35.64|36.59|35.89|40.05|41.10|41.91|40.24|38.76,7.42|7.07|12.23|10.72|10.73|15.24|18.96|21.72|18.26,||38|27|51|41|32|35|41,72|78|89|105|112|117|227|255|259,20|20|23|30|33|36|39|42|63,60.49|60.49|60.56|60.56|60.56|60.56|60.56|60.56,1.74|1.68|1.76|1.76|1.81|1.72|1.97|1.86,25.69|25.80|25.89|25.96|25.93|25.93|25.97|26.16,1.86,26.16,28.02,10.18
63 Moons Tech.,/company/63MOONS/consolidated/,63MOONS,-13.14,,1.01,-3.71,-1.60,45.63,,3577.54,776.40,102.36,30,nse,consolidated,,771,776,3578,Information Technology,Information Technology,Computers - Software & Consulting,-10,6,385,Jun 2026,Mar 2026,Jun 2026,159|135|10|12|10|12|14|30|21|27|134|137,0|0|0|0|0|0|0|0|0|0|29|61,,210|205|218|322|261|212|160|160|290|369|47|212,-126|-122|-73|-23|-74|-71|-52|-73|-9|23|-509|-133,0|0|0|1|2|2|0|0|0|0|0|18,16|23|25|11|23|20|17|19|14|12|98|0,-113|-60|-55|-64|-36|-102|71|47|-143|-293,457|286|382|362|364|381|364|382|387|369|350|357,6|3|0|0|0|0|0|0|0|0|0|0,45.63|45.63|45.63|45.63|45.63|45.63|45.63|45.63,3.05|1.55|1.41|2.20|1.17|1.08|1.31|1.61,0.01|0.01|0.00|0.01|0.00|0.00|0.00|0.00,1.61,0.00,1.61,16.88
Greenply Industr,/company/GREENPLY/consolidated/,GREENPLY,15.13,,3.99,14.3,11.8,51.93,,3575.32,286.25,6.21,30,nse,consolidated,32.0,71.6,286,3575,Consumer Discretionary,Consumer Durables,Plywood Boards/ Laminates,18,19,14,Jun 2026,Mar 2026,Jun 2026,568|582|600|584|640|614|649|601|689|673|776|725,61|60|61|59|61|60|58|57|62|59|58|58,,1567|1646|1668|912|1412|1420|1165|1563|1663|2180|2488|2739,13|15|15|7|10|11|10|10|8|9|8|9,58|56|53|62|60|59|59|60|62|60|60|59,6|6|6|4|3|4|4|3|3|5|5|5,212|113|98|58|228|92|62|111|219|247,533|542|526|580|252|314|308|353|459|865|857|907,190|139|158|231|169|177|179|226|278|348|518|364,52.01|51.66|51.69|51.69|51.69|51.80|51.90|51.93,5.60|5.76|5.42|4.52|4.49|4.35|4.19|4.44,30.66|30.91|31.05|32.41|32.41|32.12|31.83|31.42,4.44,31.42,35.86,1.31
VST Industries,/company/VSTIND/,VSTIND,7.49,,2.47,28.1,21.0,32.16,,3574.73,210.45,4.69,30,nse,standalone,12.8,85.1,210,3575,Fast Moving Consumer Goods,Fast Moving Consumer Goods,Cigarettes & Tobacco Products,4,6,4,Jun 2026,Mar 2026,Jun 2026,350|363|375|321|360|367|349|298|336|373|457|256,54.24|58.32|51.72|52.34|57.11|59.30|58.76|48.72|53.82|55.04|33.67|47.62,,836|883|922|948|1099|1239|1111|1178|1292|1420|1398|1465,29|27|27|31|32|33|37|35|30|25|20|31,47.54|49.29|50.78|49.63|50.06|48.30|43.11|43.58|48.05|53.14|57.00|46.81,1.47|1.24|1.39|1.50|1.54|1.47|1.88|2.41|2.29|2.01|2.59|2.33,146|420|290|331|286|277|181|167|193|218,198|174|220|195|213|187|173|195|590|268|307|244,366|377|329|253|282|298|297|296|349|455|485|675,32.16|32.16|32.16|32.16|32.16|32.16|32.16|32.16,1.82|1.98|1.87|1.60|1.38|1.22|1.34|1.79,9.07|8.96|7.22|6.24|6.23|6.31|6.63|6.03,1.79,6.03,7.82,2.44
Prem. Explosives,/company/PREMEXPLN/consolidated/,PREMEXPLN,57.33,,12.32,22.6,18.6,41.33,,3563.02,662.75,18.85,30,nse,consolidated,104,53.8,663,3563,Commodities,Chemicals,Explosives,24,21,-27,Jun 2026,Mar 2026,Jun 2026,78.42|44.56|86.79|82.86|94.60|165.92|74.08|142.15|75.58|81.41|89.21|102.56,38|31|49|41|53|73|45|66|48|50|58|65,,185|238|275|253|165|152|199|202|272|417|388,10|12|7|9|-3.2|4.3|11|13|22|14|10,55|53|59|58|52|48|49|43|41|57|58,4|7|7|6|8|5|6|8|6|5|0,-7|-24|50|-6|10|-2|21|79|118|-1,39|104|105|117|116|184|180|189|200|200|187,22|35|37|34|42|37|38|80|88|153|103,41.33|41.33|41.33|41.33|41.33|41.33|41.33|41.33,0.36|0.39|0.73|0.72|1.06|0.91|1.18|1.67,8.37|8.20|8.03|7.66|9.06|9.23|9.17|9.37,1.67,9.37,11.04,9.18
Styrenix Perfor.,/company/STYRENIX/consolidated/,STYRENIX,8.34,,2.6,13.8,14.2,46.24,,3554.59,2020.80,22.13,30,nse,consolidated,13.0,777,2021,3555,Commodities,Chemicals,Specialty Chemicals,,,9,Jun 2026,Mar 2026,Jun 2026,595|485|599|699|653|691|940|944|799|869|826|1011,73|73|75|76|73|77|72|73|71|78|69|63,,2009|2222|2982|3438,4.3|12|12|10,|74|74|72,|7|7|9,60|216|54|183,288|295|914|962,212|269|769|664,46.24|46.24|46.24|46.24|46.24|46.24|46.24|46.24,2.95|3.37|2.48|2.72|2.19|1.22|0.95|0.86,10.26|11.29|12.51|12.06|12.78|15.75|17.33|17.43,0.86,17.43,18.29,1.03
Muthoot Microfin,/company/MUTHOOTMF/,MUTHOOTMF,9.59,,1.25,9.31,6.22,55.47,,3554.08,208.46,14.8,30,nse,standalone,14.5,167,208,3554,Financial Services,Financial Services,Microfinance Institutions,18,28,1,Jun 2026,Mar 2026,Jun 2026,564|577|643|663|662|681|555|559|576|603|632|669,,,748|860|684|833|1429|2249|2563|2375,,,2.51|2.15|2.01|2.74|2.55|2.21|6.23|2.43,-602|114|-704|-1084|-2333|-1272|1382|-580,21|109|110|121|172|215|223|199,,55.47|55.47|55.47|55.47|55.47|55.47|55.47|55.47,25.85|25.79|25.46|23.40|23.25|23.17|22.81|23.11,2.57|2.44|2.32|2.49|2.84|3.03|3.51|3.38,23.11,3.38,26.49,1.5
Network People,/company/NPST/consolidated/,NPST,44.79,,8.06,19.7,15.0,60.48,,3549.09,1701.10,7.66,30,nse,consolidated,79.5,211,1701,3549,Financial Services,Financial Services,Financial Technology (Fintech),68,66,47,Jun 2026,Mar 2026,Jun 2026,28|31|44|59|67|21|26|34|47|53|62|56,11|34|1|-1|39|16|23|35|41|42|59|53,,18|18|15|15|19|41|128|173|195,14|17|15|19|18|30|34|35|26,0.00|0.00|1.78|-1.43|-11.38|-0.78|3.79|0.25|46.09,48.86|45.47|47.27|37.87|50.83|32.44|33.62|33.13|0.00,2|1|3|2|-7|24|51|29|-45,2|1|3|3|4|9|9|13|55,1|1|0|1|3|3|1|0|1,67.55|67.55|67.54|67.56|60.29|60.27|60.52|60.48,0.19|0.06|0.03|0.03|0.11|0.15|0.12|0.08,0.00|0.05|0.29|0.58|9.96|9.95|10.02|10.02,0.08,10.02,10.1,18.2
Welspun Special.,/company/WELSPLSOL/,WELSPLSOL,54.51,,7.74,9.90,4.80,55.17,,3531.06,53.29,4.47,30,nse,standalone,124,6.89,53.3,3531,Industrials,Capital Goods,Iron & Steel Products,28,57,15,Jun 2026,Mar 2026,Jun 2026,207.82|174.75|151.27|162.10|167.42|194.05|200.15|201.32|239.08|226.05|219.75|193.67,68|65|56|59|66|65|67|74|70|66|69|66,,332|267|262|240|441|295|93|163|418|697|724|886,-2.8|-4.8|-6|-4.5|-8|-24|-21|-11|4.0|8|4.3|5,68|59|51|56|62|78|63|59|60|63|65|69,28|37|46|39|38|28|31|32|22|19|19|16,18|-5|-2|-27|43|-84|50|7|58|128,123|118|110|105|100|219|224|212|207|198|195|200,45|46|44|66|119|71|54|114|198|269|243|258,55.17|55.17|55.17|55.17|55.17|55.17|55.17|55.17,0.03|0.02|0.03|0.02|0.01|0.01|1.30|1.30,0.00|0.00|0.22|0.00|0.00|0.03|0.00|0.05,1.30,0.05,1.35,3.99
PSP Projects,/company/PSPPROJECT/consolidated/,PSPPROJECT,14.55,,2.79,7.88,4.55,68.82,,3524.16,889.00,8.7,30,nse,consolidated,48.0,319,889,3524,Industrials,Construction,Civil Construction,18,20,45,Jun 2026,Mar 2026,Jun 2026,620|705|668|623|586|630|673|518|703|813|1115|853,83|84|84|81|87|88|89|86|86|87|87|86,,472|445|752|1050|1499|1241|1748|1938|2506|2512|3149,7|15|14|14|13|11|15|12|10|7|6,43.65|35.10|38.50|39.58|35.69|31.89|28.54|30.01|31.51|32.57|37.73,16.90|29.98|42.69|41.25|46.78|52.00|51.07|52.18|51.12|54.00|49.20,-8|70|21|16|73|147|45|-224|53|323,54|52|78|103|108|116|207|240|322|307|413,10|4|34|75|97|89|82|153|318|324|348,60.14|60.14|60.14|60.14|68.82|68.82|68.82|68.82,8.58|7.63|7.82|3.11|2.58|2.49|1.91|2.10,10.94|8.09|7.99|2.34|2.10|2.18|2.18|2.91,2.10,2.91,5.01,1.12
Nitin Spinners,/company/NITINSPIN/,NITINSPIN,9.22,,2.39,12.2,12.8,56.71,,3521.62,626.40,15.33,30,nse,standalone,16.6,262,626,3522,Consumer Discretionary,Textiles,Other Textile Products,10,15,0,Jun 2026,Mar 2026,Jun 2026,737|750|801|803|823|839|841|793|760|801|860|875,69|65|64|63|64|64|64|63|63|62|63|59,,616|766|933|1145|1241|1436|1622|2690|2404|2902|3300|3208,16|18|14|14|14|12|16|24|12|13|14|14,62|60|63|64|67|70|58|55|68|66|64|63,12|13|14|14|10|9|14|11|11|12|12|13,54|66|104|98|155|431|194|163|307|411,417|382|613|570|524|1140|1060|1012|1011|1709|1577|1489,94|115|170|205|228|265|355|406|492|564|607|608,56.51|56.51|56.62|56.62|56.62|56.71|56.71|56.71,0.74|1.50|0.99|0.82|0.89|0.93|1.10|1.92,14.85|15.48|15.42|15.69|15.69|14.34|14.28|14.68,1.92,14.68,16.6,1.1
JTEKT India,/company/JTEKTINDIA/,JTEKTINDIA,16.57,,2.94,9.77,7.81,74.98,,3505.74,126.38,3.04,30,nse,standalone,45.7,42.8,126,3506,Consumer Discretionary,Automobile and Auto Components,Auto Components & Equipments,9,15,17,Jun 2026,Mar 2026,Jun 2026,583.88|552.00|632.08|552.91|605.31|591.93|649.19|566.02|639.11|680.12|780.33|717.98,71|71|70|73|72|73|72|73|72|72|73|74,,1079|1077|1165|1525|1773|1531|1350|1610|2073|2245|2399|2666,11|11|11|13|11|8|7|7|8|10|8|8,67|66|66|67|68|70|72|72|73|71|73|73,6|6|6|5|5|5|5|5|5|5|5|5,150|164|170|108|83|96|83|172|194|99,406|438|443|516|495|450|391|367|447|503|581|826,72|71|78|96|105|108|125|138|183|206|194|227,74.98|74.98|74.98|74.98|74.98|74.98|74.98|74.98,0.43|0.43|0.45|0.46|0.56|0.46|0.48|0.60,8.85|9.32|9.30|10.70|11.23|11.12|11.14|10.24,0.60,10.24,10.84,1.32
Filatex India,/company/FILATEX/,FILATEX,10.20,,2.33,17.0,13.0,65.47,,3503.18,78.89,35.16,30,nse,standalone,18.2,33.9,78.9,3503,Consumer Discretionary,Textiles,Other Textile Products,-1,13,0,Jun 2026,Mar 2026,Jun 2026,1108|1083|1026|1054|1049|1069|1080|1049|1076|1050|985|1145,84|82|82|83|83|82|82|81|80|79|79|82,,1573|1278|1549|1933|2874|2782|2227|3828|4304|4286|4252|4161,5|7|9|8|8|8|16|14|5|6|6|8,86|82|75|77|79|76|66|71|79|79|78|80,5|5|10|10|9|11|13|11|12|11|11|0,67|189|251|157|301|304|325|168|312|244,388|492|629|945|928|1157|1135|1248|1343|1304|1324|1305,119|99|149|194|173|172|254|376|409|418|462|425,64.76|64.76|64.82|64.82|65.41|65.38|65.47|65.47,5.22|5.94|5.31|5.12|4.28|4.51|4.22|4.03,2.35|2.28|2.06|2.06|2.56|2.38|2.78|2.84,4.03,2.84,6.87,0.84
KNR Construct.,/company/KNRCON/consolidated/,KNRCON,8.23,,0.71,10.4,9.19,48.81,,3502.78,124.55,18.49,30,nse,consolidated,10.2,177,125,3503,Industrials,Construction,Civil Construction,-13,-1,-39,Jun 2026,Mar 2026,Jun 2026,1038|996|1414|985|1945|848|975|613|646|743|696|588,39.14|38.87|36.61|37.24|36.04|40.15|38.67|38.61|25.75|22.33|28.93|29.81,,904|1192|1642|2070|2292|2452|2904|3606|4062|4429|4753|2698,14|14|16|22|23|25|24|22|23|24|34|26,37.21|26.14|22.18|24.78|28.04|30.73|31.91|32.74|36.79|37.48|30.85|28.55,39.92|53.29|54.02|47.30|42.55|36.38|36.95|35.42|34.04|32.52|29.17|0.00,366|221|256|231|-76|-336|1194|-297|-567|-149,235|738|1228|1341|1321|1275|776|890|890|806|482|429,56|62|81|75|101|123|148|227|234|221|160|133,48.81|48.81|48.81|48.81|48.81|48.81|48.81|48.81,6.66|6.99|6.91|7.06|7.52|7.38|6.30|5.43,30.47|29.70|28.31|25.10|21.51|20.02|19.32|17.30,5.43,17.30,22.73,1.3
Enviro Infra,/company/EIEL/consolidated/,EIEL,10.91,,2.83,20.4,17.0,70.19,,3497.08,199.23,20.12,30,nse,consolidated,19.0,70.2,199,3497,Utilities,Utilities,Water Supply & Management,50,56,15,Jun 2026,Mar 2026,Jun 2026,120|150|300|205|213|247|393|241|227|250|427|359,72|74|66|65|66|71|68|62|59|61|73|67,,108|124|224|338|729|1066|1146,9|12|22|24|23|25|24,39|35|40|53|56|51|65,42|44|29|13|15|17|0,-2|5|42|101|-102|-47|-63,8|8|10|18|47|70|255,2|3|8|10|35|42|33,70.02|70.09|70.09|70.11|70.13|70.19|70.19,1.45|0.65|0.33|0.42|0.40|0.58|0.67,5.19|3.68|2.71|1.26|1.03|0.87|0.70,0.67,0.70,1.37,3.05
Natl.Fertilizer,/company/NFL/consolidated/,NFL,6.37,,1.23,9.10,7.47,74.71,,3487.53,71.09,5.61,30,nse,consolidated,9.57,57.9,71.1,3488,Commodities,Chemicals,Fertilizers,-10,13,23,Jun 2026,Mar 2026,Jun 2026,5660|7584|5284|5092|4390|5856|4457|3534|6763|6870|4347|4500,71|70|61|64|59|69|55|55|72|68|54|51,,8514|7757|7600|8943|12429|13135|11906|15857|29587|23556|19798|21519,4.5|7|7|6|8|6|8|2.4|3.6|2.6|3.1|3.9,50|47|44|48|52|53|53|58|66|67|61|63,34|33|33|30|28|26|24|28|23|22|26|24,2453|1661|-2703|-319|7021|-1029|-333|668|2593|-1342,4443|4259|4059|4080|3993|3726|3615|4230|3969|3831|3694|3534,288|489|577|528|1588|1278|440|2257|3072|1752|915|1089,74.71|74.71|74.71|74.71|74.71|74.71|74.71|74.71,0.41|0.42|0.60|0.49|0.91|1.06|0.70|0.54,7.27|7.28|6.83|6.21|5.99|5.91|5.53|4.92,0.54,4.92,5.46,0.16
TARC Ltd,/company/TARC/consolidated/,TARC,263.20,,3.28,2.26,1.81,65.12,,3479.19,117.90,12.92,30,nse,consolidated,,36.0,118,3479,Consumer Discretionary,Realty,"Residential, Commercial Projects",-4,12,365,Jun 2026,Mar 2026,Jun 2026,30|9|9|8|4|9|12|76|7|38|209|217,74.46|-287.96|-173.21|75.27|64.73|31.23|273.52|-187.73|86.03|19.12|4.32|21.87,,137|191|251|369|111|34|330,19|-0.1|-74|44|-20|-395|-80,0|0|0|-32|0|0|-135,68|88|114|47|55|112|0,116|144|-81|-81|158|43|191,1564|1662|1053|1066|1107|1215|1320,829|848|1065|1106|1385|1951|2396,64.96|64.96|65.12|65.12|65.12|65.12|65.12|65.12,2.72|2.35|2.46|2.30|2.00|1.22|0.92|0.99,3.31|4.34|4.89|5.44|5.81|6.31|6.40|6.44,0.99,6.44,7.43,10.54
TCPL Packaging,/company/TCPLPACK/,TCPLPACK,12.65,,4.83,17.9,15.5,55.73,,3477.75,3821.70,11.87,30,nse,standalone,28.8,791,3822,3478,Industrials,Capital Goods,Packaging,7,14,5,Jun 2026,Mar 2026,Jun 2026,391|354|384|391|439|458|410|409|438|453|436|474,58|58|57|57|58|61|55|56|61|58|60|58,,498|593|613|698|816|890|904|1076|1432|1491|1696|1736,17|17|16|12|13|14|15|15|16|17|17|16,56|54|52|58|60|58|58|60|61|58|58|59,15|15|17|13|12|13|13|11|10|11|11|10,80|48|81|86|115|77|119|236|140|267,228|282|365|358|418|452|448|504|496|644|703|827,59|67|96|109|124|134|145|174|229|198|206|235,55.74|55.74|55.74|55.74|55.74|55.74|55.74|55.73,0.93|0.91|1.18|0.94|0.92|0.96|1.04|1.01,11.35|11.68|11.55|11.63|12.15|12.66|13.56|13.69,1.01,13.69,14.7,2
Samhi Hotels,/company/SAMHI/consolidated/,SAMHI,11.19,,1.59,8.90,24.5,,,3469.03,156.01,15.17,30,nse,consolidated,8.25,98.2,156,3469,Consumer Discretionary,Consumer Services,Hotels & Resorts,19,49,12,Jun 2026,Mar 2026,Jun 2026,220|268|279|250|262|292|319|272|293|338|345|305,7.55|7.72|6.93|7.11|7.42|7.60|6.78|7.96|7.62|7.84|8.56|6.94,,471|606|170|323|739|957|1121|1248,17|25|-41|3.5|32|28|36|35,9.08|8.83|10.94|10.15|7.85|7.51|7.21|8.01,19.02|17.36|36.64|28.74|18.65|17.03|15.59|15.89,101|162|17|26|217|275|357|407,2480|2285|2193|2042|1916|2950|3192|3474,5|5|3|3|3|4|4|4,,58.38|54.76|51.94|47.47|45.87|44.14|44.28|44.62,19.67|18.56|13.97|15.06|16.48|18.07|16.39|17.35,44.62,17.35,61.97,2.78
Steelcast,/company/STEELCAS/,STEELCAS,25.56,,8.77,32.3,24.0,45.00,,3464.08,342.30,4.04,30,nse,standalone,38.2,39.0,342,3464,Industrials,Capital Goods,Castings & Forgings,-4,22,9,Jun 2026,Mar 2026,Jun 2026,102|90|98|77|75|102|120|107|107|97|112|125,25.63|22.72|20.67|22.70|15.38|18.14|19.93|21.27|21.74|17.95|21.08|15.88,,79|137|134|231|318|201|158|302|477|410|373|423,-1.6|19|19|19|19|19|20|21|24|29|28|27,24.97|23.64|15.08|18.29|27.69|23.29|21.52|22.52|27.94|24.79|19.16|20.57,55.90|39.24|46.66|48.23|40.12|41.34|41.69|43.95|36.94|33.05|36.29|35.86,|13|54|34|29|-0|107|82|75|86,135|134|125|123|117|107|98|109|142|138|142|158,28|19|25|40|24|23|26|62|51|32|43|41,45.00|45.00|45.00|45.00|45.00|45.00|45.00|45.00,0.10|0.16|0.24|0.37|0.19|0.22|0.25|0.29,0.00|0.00|0.30|0.86|1.11|2.23|2.53|2.55,0.29,2.55,2.84,8.19
Gopal Snacks,/company/GOPAL/,GOPAL,29.41,,7.19,11.7,4.72,81.45,,3443.92,276.25,5.52,30,nse,standalone,62.6,38.4,276,3444,Fast Moving Consumer Goods,Fast Moving Consumer Goods,Packaged Foods,3,6,12,Jun 2026,Mar 2026,Jun 2026,358|368|359|354|403|394|317|322|376|401|410|422,71|74|72|71|71|79|80|74|74|72|72|73,,886|1128|1351|1394|1402|1468|1508,10|5|7|14|12|7|7,78|-1|80|72|72|76|73,2|86|3|3|4|3|4,56|22|59|122|69|68|46,155|175|213|238|229|228|305,65|87|87|145|206|157|193,81.48|81.48|81.47|81.47|81.47|81.47|81.46|81.45,2.26|1.64|1.57|1.42|0.94|0.82|0.71|0.75,5.64|6.52|7.01|7.11|6.71|6.30|6.28|5.68,0.75,5.68,6.43,2.28
Kwality Pharma,/company/KPL/consolidated/,KPL,25.80,,10.36,24.1,22.6,54.86,,3438.98,3314.30,20.48,30,nse,consolidated,42.1,320,3314,3439,Healthcare,Healthcare,Pharmaceuticals,26,14,38,Jun 2026,Mar 2026,Jun 2026,70|78|92|80|90|84|116|111|111|123|157|162,49|51|50|49|49|46|53|52|49|48|55|54,,52|74|98|137|166|139|262|456|251|307|370|503,6|7|9|8|9|10|11|38|24|22|22|24,74|76|72|74|72|63|63|44|44|50|49|51,8|7|4|6|6|5|4|3|7|8|7|6,4|-1|14|6|27|61|41|43|53|17,13|13|17|20|29|43|57|92|120|139|146|156,6|10|14|15|11|22|17|53|93|78|83|78,54.82|54.82|54.82|54.82|54.82|54.82|54.87|54.86,0.00|0.00|0.00|0.00|0.00|0.50|2.79|3.13,0.02|0.03|0.32|0.33|0.33|0.33|0.36|0.56,3.13,0.56,3.69,6.84
Heritage Foods,/company/HERITGFOOD/consolidated/,HERITGFOOD,13.34,,3.12,14.8,12.6,41.30,,3438.56,370.55,11.38,30,nse,consolidated,27.1,119,371,3439,Fast Moving Consumer Goods,Fast Moving Consumer Goods,Dairy Products,12,13,12,Jun 2026,Mar 2026,Jun 2026,979|941|951|1033|1020|1034|1048|1137|1113|1119|1158|1338,81|79|76|75|75|76|75|76|75|77|78|79,,2073|2381|1894|2373|2515|2726|2473|2681|3241|3794|4135|4526,4.0|6|7|-11|2.2|-14|11|7|4.1|5|8|6,79|79|76|78|75|82|74|74|77|76|71|73,5|3|6|6|6|3|3|6|6|6|7|7,115|121|148|117|174|148|-61|390|214|237,281|312|296|433|476|481|580|579|622|704|748|1164,139|145|123|155|138|145|198|206|379|262|355|318,41.30|41.30|41.30|41.30|41.30|41.30|41.30|41.30,8.27|6.65|6.42|6.16|4.60|3.95|2.21|1.98,3.89|3.98|4.05|4.14|4.31|4.88|6.21|6.38,1.98,6.38,8.36,0.76
JTL Industries,/company/JTLIND/consolidated/,JTLIND,18.03,,2.31,9.57,7.28,49.26,,3433.41,89.87,23.55,30,nse,consolidated,29.9,38.9,89.9,3433,Industrials,Capital Goods,Iron & Steel Products,11,37,19,Jun 2026,Mar 2026,Jun 2026,502|567|466|516|480|452|469|544|429|471|693|722,88|89|85|87|88|87|89|89|83|85|84|85,,435|1355|1549|2040|1915|2136,8|7|8|7|6|7,90|89|87|88|88|85,0|2|3|3|3|0,-5|17|4|-22|-246|-67,28|49|65|111|218|501,53|119|168|150|217|271,48.91|48.91|48.91|48.91|48.91|49.26|49.26|49.26,5.60|5.00|4.86|4.44|3.39|3.34|3.40|4.84,1.64|2.22|3.04|3.36|2.21|0.02|0.00|0.14,4.84,0.14,4.98,1.61
Wonderla Holiday,/company/WONDERLA/,WONDERLA,14.67,,1.9,6.20,4.60,62.22,,3408.71,537.10,8.84,30,nse,standalone,32.2,283,537,3409,Consumer Discretionary,Consumer Services,Amusement Parks/ Other Recreation,7,68,31,Jun 2026,Mar 2026,Jun 2026,75|124|100|173|67|122|97|168|80|135|136|243,10.26|11.14|11.24|9.55|11.64|12.01|11.92|10.11|11.78|11.85|11.05|9.75,,182|205|263|271|282|271|38|129|429|483|459|519,45|41|26|33|41|39|-74|17|50|47|32|32,6.15|6.59|8.98|10.86|10.62|10.57|12.29|10.65|10.29|9.98|11.01|11.06,17.59|17.60|19.14|19.64|19.58|22.24|58.49|32.12|17.80|18.75|21.84|22.74,68|84|91|73|-24|21|192|178|123|135,139|153|708|834|801|785|750|724|726|759|957|1322,4.10|6.59|8.95|7.13|6.24|6.96|7.16|7.56|9.44|13.48|13.99|18.55,69.79|62.26|62.26|62.26|62.26|62.25|62.25|62.22,3.60|7.41|6.90|6.73|6.69|5.49|5.24|4.20,6.95|12.06|11.95|12.30|12.10|11.22|11.45|11.27,4.20,11.27,15.47,6.57
Venus Pipes,/company/VENUSPIPES/,VENUSPIPES,17.54,,5.06,21.3,17.0,48.41,,3385.63,1634.30,17.15,30,nse,standalone,32.6,323,1634,3386,Industrials,Capital Goods,Iron & Steel Products,28,30,22,Jun 2026,Mar 2026,Jun 2026,191|207|224|240|229|231|258|276|292|297|302|321,72|71|68|67|66|67|67|67|67|66|64|65,,119|178|309|387|552|802|959|1167,7|7|11|13|13|18|17|16,86|89|85|81|80|72|67|66,3|1|2|3|3|5|7|8,-7|2|11|-60|9|52|69|112,10|12|20|21|60|282|310|399,36|44|44|93|167|226|343|387,47.94|48.12|48.12|48.12|48.44|48.41|48.41|48.41,5.25|4.31|5.81|4.93|4.25|3.97|2.71|2.63,14.15|14.06|14.53|14.96|15.13|17.35|17.49|17.81,2.63,17.81,20.44,2.9
D.P. Abhushan,/company/DPABHUSHAN/,DPABHUSHAN,10.47,,5.35,39.6,40.9,74.89,,3385.38,1483.00,14.36,30,nse,standalone,14.1,277,1483,3385,Consumer Discretionary,Consumer Durables,"Gems, Jewellery And Watches",27,27,31,Jun 2026,Mar 2026,Jun 2026,546|765|557|505|1005|1084|717|540|968|1222|1335|852,94|94|92|89|94|92|91|85|89|89|93|86,,451|660|812|807|1215|1728|1971|2337|3307|4065,3.9|3.3|3.4|4.2|4.2|4.3|4.0|4.4|5|7,92|93|93|92|93|93|93|93|92|90,2|1|1|1|1|1|1|1|1|0,8|-9|37|7|-29|17|61|-0|-19|-97,19|26|27|30|42|50|49|49|65|75,109|148|185|230|320|350|346|455|722|1004,73.82|73.82|75.00|75.00|74.88|74.88|74.89|74.89,0.13|0.20|0.20|0.21|0.23|0.22|0.32|0.23,0.00|0.05|0.05|0.01|0.01|0.00|0.00|0.00,0.23,0.00,0.23,0.83
Websol Energy,/company/WEBELSOLAR/,WEBELSOLAR,7.37,,5.37,63.2,66.9,29.72,,3379.53,77.84,18.29,30,nse,standalone,10.8,14.5,77.8,3380,Industrials,Capital Goods,Other Electrical Equipment,294,47,76,Jun 2026,Mar 2026,Jun 2026,0|1|25|112|144|147|173|219|168|261|401|373,140.00|137.25|45.76|35.62|33.81|27.07|28.50|28.43|32.69|40.10|47.34|48.78,,356|280|296|183|69|196|154|213|17|26|575|1049,1.5|3.1|10|9|-36|1.4|22|12|-74|-5|44|41,89.68|82.40|74.17|71.02|83.50|77.80|59.88|68.67|53.02|51.89|30.84|39.25,3.57|9.07|8.16|11.50|16.67|9.05|8.44|10.94|34.26|18.48|9.13|0.00,142|10|5|1|36|-3|-8|35|167|255,280|266|283|304|287|254|239|225|210|270|285|459,53|21|4|18|34|12|18|22|14|19|34|160,27.71|27.71|27.71|27.71|27.71|27.71|29.72|29.72,0.48|2.46|4.24|4.39|5.47|5.40|4.12|3.74,0.00|0.09|0.02|0.44|0.26|0.31|0.32|0.43,3.74,0.43,4.17,3.22
Indrapr.Medical,/company/INDRAMEDCO/,INDRAMEDCO,10.36,,4.55,35.8,27.5,51.00,,3374.02,368.05,17.28,30,nse,standalone,18.0,80.8,368,3374,Healthcare,Healthcare,Hospital,11,19,11,Jun 2026,Mar 2026,Jun 2026,317|306|315|348|350|325|334|365|381|372|365|406,17.98|16.49|17.65|16.94|16.07|17.29|17.71|17.21|17.18|17.16|17.63|17.27,,714|755|766|753|788|831|613|888|1099|1245|1356|1483,12|11|10|10|10|11|7|14|14|16|18|18,0.00|0.00|0.00|0.00|0.00|0.00|0.00|0.00|0.00|0.00|0.00|17.29,52.89|55.02|54.33|49.62|48.39|47.45|23.82|24.08|21.98|21.75|20.73|0.00,28|48|75|86|27|94|144|200|157|167,286|301|296|294|280|303|283|277|275|347|328|365,12|10|10|9|8|12|9|10|8|8|7|8,51.00|51.00|51.00|51.00|51.00|51.00|51.00|51.00,2.64|2.88|2.94|2.73|2.41|2.72|2.43|2.77,3.19|3.18|3.56|3.56|3.51|0.82|0.87|0.59,2.77,0.59,3.36,2.28
Vardhman Special,/company/VSSL/,VSSL,14.32,,2.64,15.3,11.6,51.06,,3370.52,348.55,8.97,30,nse,standalone,23.5,132,349,3371,Industrials,Capital Goods,Iron & Steel Products,0,13,1,Jun 2026,Mar 2026,Jun 2026,415|397|439|415|495|427|428|434|432|431|458|486,63|61|58|58|65|59|63|62|58|57|59|57,,658|653|674|859|1121|846|937|1368|1735|1661|1764|1754,1.8|7|9|7|6|4.7|11|13|8|9|8|9,62|54|52|55|60|64|56|58|64|61|61|59,30|28|26|27|26|21|21|19|19|21|20|21,68|11|-19|135|87|59|74|142|127|106,230|251|265|250|280|310|283|289|294|325|309|585,133|107|118|159|313|152|192|304|363|356|335|350,60.53|60.49|60.37|60.37|51.13|51.10|51.06|51.06,0.60|0.58|0.64|0.58|0.54|0.54|0.55|0.55,3.84|4.51|4.17|4.17|3.63|3.30|3.34|3.27,0.55,3.27,3.82,1.92
Oswal Pumps,/company/OSWALPUMPS/consolidated/,OSWALPUMPS,6.76,,2,38.2,35.2,75.65,,3369.41,295.55,22.58,30,nse,consolidated,10.0,148,296,3369,Industrials,Capital Goods,"Compressors, Pumps & Diesel Engines",75,,29,Jun 2026,Mar 2026,Jun 2026,230|376|310|380|365|514|540|501|510|474,58|60|50|52|59|60|61|61|62|67,,360|385|759|1430|2064,11|15|20|29|25,71|69|66|56|61,5|4|4|4|0,65|50|17|-151|-77,71|81|97|134|162,75|68|122|212|221,75.67|75.67|75.67|75.67|75.65,4.40|3.76|2.64|0.85|0.10,9.12|9.78|8.78|6.60|5.47,0.10,5.47,5.57,1.63
Advanced Enzyme,/company/ADVENZYMES/consolidated/,ADVENZYMES,12.46,,2.05,14.0,10.2,43.25,,3357.04,299.80,9.43,30,nse,consolidated,21.3,146,300,3357,Healthcare,Healthcare,Biotechnology,11,8,12,Jun 2026,Mar 2026,Jun 2026,158|161|158|155|146|169|167|186|185|172|203|190,23.45|21.78|22.51|22.17|22.38|22.96|27.57|26.92|24.15|24.08|27.99|26.18,,222|293|329|391|420|444|502|529|541|624|637|746,41|47|46|42|44|46|46|38|29|33|31|31,21.52|21.04|21.59|20.84|18.41|18.22|19.74|20.72|24.38|23.17|23.84|25.87,9.06|7.20|6.85|7.66|7.29|7.94|7.51|9.90|11.92|11.79|10.89|10.56,107|116|129|141|163|122|140|141|142|157,287|285|421|491|495|563|601|619|649|650|679|692,53|60|68|76|77|80|94|121|124|148|157|177,42.95|42.92|43.08|43.08|43.08|43.04|43.26|43.25,12.63|12.57|11.90|23.45|25.41|25.85|25.50|26.70,8.02|8.17|8.19|8.45|6.41|5.51|5.41|4.77,26.70,4.77,31.47,4.5
Lords Mark Industries,/company/501261/,501261,25.09,,3.22,13.4,11.3,79.84,,3352.82,78.59,8.2,30,bse,standalone,39.5,24.4,78.6,3353,Services,Services,Consulting Services,1662,216,,Jun 2026,Mar 2026,Jun 2026,0|0|0|0|0|0|0|0|9|150|442|280,||||||||81|78|84|79,,4|5|4|3|6|6|2|1|0|0|0|602,2.5|4.2|1.9|-3.3|16|-9|25|0.0|-145|||14,0|20|0|0|7|26|16|6|0|||82,88|1|1|1|1|0|0|0|9|||0,0|-2|1|-2|1|-0|-1|0|-4|,0|0|0|0|0|0|0|0|0|0|0|402,0|0|0|0|0|0|0|0|0|0|0|127,49.01|49.01|49.01|49.01|49.01|49.01|80.84|79.84,,0.00|0.00|0.00|0.00|0.00|0.00|0.04|0.42,,0.42,0.42,5.57
Federal-Mogul Go,/company/FMGOETZE/consolidated/,FMGOETZE,7.13,,2.33,18.5,13.5,74.98,,3349.20,602.05,112.2,30,nse,consolidated,18.4,258,602,3349,Consumer Discretionary,Automobile and Auto Components,Auto Components & Equipments,6,12,9,Jun 2026,Mar 2026,Jun 2026,442|415|428|445|464|433|459|484|490|496|489|526,38.08|38.47|35.42|37.09|37.43|38.53|33.63|37.27|35.40|40.01|36.70|39.37,,1578|1329|1279|1325|1342|1085|1107|1343|1634|1696|1800|1958,12|13|17|17|17|12|12|12|13|14|16|15,|34.11|30.84|29.50|30.29|31.53|33.27|36.10|39.78|37.13|36.64|37.35,|18.31|20.65|20.27|20.37|19.37|19.20|19.27|18.66|18.45|17.49|0.00,159|138|133|191|152|111|210|160|221|321,486|540|534|554|578|555|547|528|508|534|516|474,205|206|191|191|218|195|187|186|196|193|186|225,74.98|74.98|74.98|74.98|74.98|74.98|74.98|74.98,0.76|0.47|0.30|0.44|0.68|0.54|0.38|0.39,0.13|0.31|0.22|0.34|0.43|0.44|0.49|0.49,0.39,0.49,0.88,1.71
Caliber Mining,/company/CMLL/consolidated/,CMLL,9.78,,,21.2,34.8,74.18,,3332.86,509.80,177.89,30,nse,consolidated,21.3,,510,3333,Energy,"Oil, Gas & Consumable Fuels",Coal,25,56,17,Jun 2026,Mar 2026,Jul 2026,393|572|657,2.06|0.00|0.10,,220|179|485|865|953|1430|1678,14|17|18|21|26|24|26,35|49|23|26|1|1|1,0|4|24|34|61|47|60,46|-8|53|90|48||411,20|62|208|351|837||1405,9|8|1|16|64||125,74.18,1.70,12.93,1.70,12.93,14.63,1.99
Mayur Uniquoters,/company/MAYURUNIQ/consolidated/,MAYURUNIQ,10.54,,2.94,24.5,18.0,58.77,,3332.38,766.90,8.31,30,nse,consolidated,16.1,261,767,3332,Consumer Discretionary,Consumer Durables,Leather And Leather Products,8,14,16,Jun 2026,Mar 2026,Jun 2026,203|178|221|213|208|208|251|216|240|237|273|269,57|56|60|55|55|56|60|58|58|53|50|57,,491|474|570|591|528|513|656|776|803|880|967,27|27|26|22|20|24|19|18|20|22|24,56|55|57|61|58|54|60|60|58|57|55,7|7|7|8|8|8|7|9|9|8|8,75|87|63|63|55|13|121|113|157|133,135|128|132|128|165|194|220|242|232|222|213,65|83|96|123|135|160|222|231|205|198|246,58.59|58.59|58.59|58.59|58.59|58.59|58.77|58.77,3.18|3.18|3.34|3.85|3.31|3.23|3.68|4.78,3.19|3.31|3.44|3.45|3.47|3.32|3.65|3.13,4.78,3.13,7.91,3.45
SMS Pharma.,/company/SMSPHARMA/consolidated/,SMSPHARMA,20.01,,4.24,13.3,14.3,68.07,,3329.80,355.55,6.14,30,nse,consolidated,32.5,83.9,356,3330,Healthcare,Healthcare,Pharmaceuticals,19,10,10,Jun 2026,Mar 2026,Jun 2026,167|161|246|164|197|173|248|196|242|210|238|207,59|57|65|53|59|49|60|57|58|54|56|54,,193|611|438|463|465|412|563|520|522|709|783|887,25|15|17|20|19|19|22|22|10|16|18|19,57|64|68|63|63|60|60|53|64|60|56|56,9|11|7|7|8|8|7|11|10|10|11|0,73|32|50|40|90|45|22|50|82|59,69|370|290|279|281|280|457|438|412|437|533|534,50|113|93|107|136|129|138|251|224|234|285|351,64.67|64.67|66.27|66.27|68.07|68.07|68.07|68.07,0.52|0.31|0.08|0.03|0.28|0.04|0.31|0.65,2.55|2.55|2.43|3.03|2.88|3.21|3.02|2.83,0.65,2.83,3.48,3.75
Shanti Educat.,/company/SEIL/consolidated/,SEIL,326.31,,43.49,10.3,7.99,49.88,,3327.39,206.67,6.19,30,nse,consolidated,573,4.76,207,3327,Consumer Discretionary,Consumer Services,Education,72,,-12,Jun 2026,Mar 2026,Jun 2026,4.52|3.19|2.90|9.83|9.77|20.55|18.84|15.16|11.42|5.83|23.17|16.30,8.63|7.52|15.52|15.97|22.21|54.84|60.56|28.17|18.91|0.34|56.62|32.76,,10.99|18.41|58.99|55.58,3.73|9.51|12.29|11.10,19.38|16.08|37.96|35.25,0.45|1.52|8.12|0.00,0.46|-1.11|-3.11|-0.19,18.15|19.19|22.45|22.68,1.52|1.89|6.94|9.73,64.47|64.47|64.47|64.47|62.37|52.24|49.88|49.88,18.53|18.52|18.46|18.46|21.85|22.50|24.65|25.67,0.00|0.00|0.00|0.00|0.01|0.16|0.16|0.00,25.67,0.00,25.67,59.86
Spectrum Electr.,/company/SPECTRUM/,SPECTRUM,37.01,,13.75,17.7,19.9,72.72,,3326.46,2116.90,8.69,30,nse,consolidated,66.5,154,2117,3326,Industrials,Capital Goods,Industrial Products,26,27,41,Jun 2026,Mar 2026,Jun 2026,126|73|82|70|172|85|116|120|184|156,76|65|70|62|75|65|68|67|70|70,,0|2|7|120|147|141|151|251|253|322|397|505,|23|19|14|12|10|12|10|9|12|13|15,|46|62|65|64|64|65|71|69|70|70|68,|19|11|10|12|13|11|9|11|9|9|0,9|-9|-17|3|12|24|8|-14|-18|71,0|2|6|50|45|45|70|80|75|82|128|136,0|1|1|22|36|39|56|66|69|63|75|130,72.53|72.53|72.54|72.54|72.72|72.72|72.72|72.72,2.51|2.69|3.67|4.11|4.33|4.66|4.94|3.63,0.31|0.33|0.34|0.34|0.34|0.34|0.34|0.36,3.63,0.36,3.99,6.59
Imagica. Enter.,/company/IMAGICAA/consolidated/,IMAGICAA,25.18,,2.62,1.86,0.05,74.02,,3285.96,58.07,13.16,30,nse,consolidated,258,22.2,58.1,3286,Consumer Discretionary,Consumer Services,Amusement Parks/ Other Recreation,14,76,8,Jun 2026,Mar 2026,Jun 2026,36|68|57|184|40|92|94|148|42|92|92|178,11.94|11.34|11.07|8.97|11.66|11.26|9.97|9.02|10.86|12.89|10.39|9.04,,189|234|239|236|240|200|22|72|251|269|410|374,11|17|25|26|20|-1.9|-159|45|34|39|43|31,8.50|10.59|10.10|10.99|10.16|10.91|12.80|-33.65|11.09|10.62|9.97|10.51,13.19|14.42|14.11|14.23|15.74|18.82|59.38|30.25|19.05|21.96|19.70|0.00,85|38|48|22|4|4|117|105|147|110,1344|1322|1233|1156|1146|916|822|731|788|691|1448|1430,15|111|113|115|116|84|82|114|15|16|20|20,74.09|74.09|74.02|74.02|74.02|74.02|74.02|74.02,0.86|0.53|0.55|0.57|0.40|0.40|0.59|0.36,2.51|2.51|2.40|2.41|2.42|2.14|1.98|1.88,0.36,1.88,2.24,8.79
Prince Pipes,/company/PRINCEPIPE/,PRINCEPIPE,11.58,,1.97,6.03,4.60,60.95,,3244.41,293.45,6.74,30,nse,standalone,31.2,149,293,3244,Industrials,Capital Goods,Plastic Products - Industrial,-1,5,5,Jun 2026,Mar 2026,Jun 2026,656|619|740|604|622|578|720|580|595|573|850|609,69|70|71|72|73|78|75|74|72|75|71|66,,957|1007|1246|1315|1572|1636|2072|2657|2711|2569|2524|2598,9|10|13|12|12|14|18|16|9|12|6|9,76|74|71|70|72|69|67|71|77|71|75|73,4|6|6|6|7|7|6|5|6|7|7|6,94|162|219|102|292|-20|360|33|119|526,224|238|269|345|363|489|503|646|681|798|961|1066,113|101|174|242|201|345|227|619|426|438|609|495,60.94|60.94|60.94|60.94|60.94|60.94|60.95|60.95,7.27|6.07|6.19|3.75|3.72|3.54|3.55|3.06,17.52|16.44|14.97|15.73|15.95|15.61|15.54|15.33,3.06,15.33,18.39,1.25
Jubilant Agri,/company/JUBLCPL/consolidated/,JUBLCPL,16.05,,7.04,40.4,33.2,74.36,,3243.24,2140.40,5.3,30,nse,consolidated,24.5,304,2140,3243,Commodities,Chemicals,Specialty Chemicals,,,20,Jun 2026,Mar 2026,Jun 2026,293|358|407|398|398|442|513|451|485|523,55|54|55|56|57|51|53|55|59|54,,1244|1541|1829,9|10|11,57|56|56,15|15|13,76|129|75,171|180|201,235|191|215,74.77|74.77|74.77|74.37|74.36|74.36,0.13|0.15|0.25|0.24|0.27|0.22,0.08|0.08|0.12|0.15|0.14|0.23,0.22,0.23,0.45,1.77
Apcotex Industri,/company/APCOTEXIND/,APCOTEXIND,12.05,,5.21,19.8,17.1,58.23,,3241.61,625.25,31.15,30,nse,standalone,20.1,120,625,3242,Industrials,Capital Goods,Rubber,10,22,11,Jun 2026,Mar 2026,Jun 2026,279|257|311|337|351|355|349|376|337|331|398|526,67|68|70|73|76|77|70|74|69|69|63|65,,352|265|388|526|626|496|541|957|1080|1125|1392|1442,12|14|8|12|11|7|13|15|15|10|9|12,68|66|67|66|69|68|60|63|63|67|72|66,8|5|10|9|8|10|10|9|10|10|7|7,22|53|39|36|75|48|121|40|85|203,63|90|88|79|76|125|145|157|385|386|386|364,15|43|44|49|48|60|56|87|105|125|138|128,58.23|58.23|58.23|58.23|58.23|58.23|58.23|58.23,0.48|0.47|0.52|0.50|0.59|0.62|0.64|0.69,0.59|0.68|0.69|1.00|2.19|2.23|2.23|1.91,0.69,1.91,2.6,2.25
H.G. Infra Engg.,/company/HGINFRA/consolidated/,HGINFRA,7.37,,0.99,11.3,8.52,71.78,,3235.75,496.50,12.02,30,nse,consolidated,12.5,501,496,3236,Industrials,Construction,Civil Construction,4,15,-3,Jun 2026,Mar 2026,Jun 2026,955|1365|1708|1528|902|1265|1361|1482|904|1421|1427|1101,67|76|75|73|66|69|74|74|65|71|75|62,,365|741|1056|1393|2014|2217|2610|3751|4622|5378|5056|5235,12|11|12|15|15|16|19|19|19|20|21|19,81.22|38.21|38.72|39.22|0.00|40.26|45.43|47.77|46.38|42.08|46.93|35.97,0.00|45.09|44.72|39.50|77.53|36.94|30.71|28.94|28.57|31.09|24.34|36.20,64|-8|66|36|71|-322|-139|-311|-878|250,|116|204|412|462|483|484|459|635|742|885|2297,|44|49|107|116|106|168|184|235|297|451|375,71.77|71.78|71.78|71.78|71.78|71.78|71.78|71.78,2.60|2.76|2.87|2.43|2.32|1.92|1.39|1.37,12.70|12.14|12.02|11.65|11.61|11.14|10.65|10.11,1.37,10.11,11.48,0.62
Grauer & Weil,/company/GRAUWEIL/consolidated/,GRAUWEIL,12.64,,2.98,21.4,16.2,69.04,,3233.73,71.32,2.41,30,nse,consolidated,20.2,23.9,71.3,3234,Commodities,Chemicals,Commodity Chemicals,7,14,10,Jun 2026,Mar 2026,Jun 2026,250|285|333|264|255|275|340|253|291|291|355|299,51|52|60|43|51|49|59|42|49|51|52|50,,409|413|432|497|600|618|605|768|981|1068|1134|1190,19|19|20|20|18|16|17|15|16|18|17|16,51.23|49.31|49.17|50.92|53.33|50.74|51.94|56.16|56.66|52.11|51.26|48.77,8.75|9.50|10.09|10.02|10.21|13.70|13.03|11.75|11.70|12.91|14.35|0.00,87|71|33|84|117|44|114|160|144|152,216|210|212|206|231|241|238|247|244|243|254|277,69|64|69|69|93|108|93|143|127|138|156|179,69.04|69.04|69.03|69.03|69.03|69.03|69.03|69.04,0.95|0.85|0.86|0.79|0.68|0.59|0.42|0.35,0.05|0.09|0.10|0.02|0.03|0.02|0.06|0.05,0.35,0.05,0.4,2.72
Ashika Global Securities.,/company/ASHIKAG/consolidated/,ASHIKAG,18.25,,1.67,13.3,7.49,74.32,,3227.22,436.55,12.27,30,nse,consolidated,43.0,261,437,3227,Financial Services,Financial Services,Non Banking Financial Company (NBFC),,,5562,Jun 2026,Mar 2026,Jun 2026,44|118|21|45|50|169,,,48|4|29|18|4|240,,93.30|54.33|86.79|0.00|0.00|0.00,0.13|1.64|0.38|0.38|1190.33|0.00,5|-13|13|-25|-390|-86,3|3|1|0|1|186,0|0|0|0|0|0,63.40|60.27|58.69|50.88|50.88|58.00|58.00|74.32,1.51|1.29|0.93|0.81|0.85|0.73|0.73|1.45,0.00|0.52|0.39|0.00|0.00|0.00|0.73|0.44,1.45,0.44,1.89,13.45
Fusion Finance,/company/FUSION/,FUSION,10.60,,1.31,5.92,0.68,53.97,,3221.39,199.24,15.6,30,nse,standalone,19.1,152,199,3221,Financial Services,Financial Services,Microfinance Institutions,-1,15,-18,Jun 2026,Mar 2026,Jun 2026,547|593|646|688|692|474|466|442|401|416|424|458,,,266|494|720|856|1151|1742|2317|2344|1699,,,2.31|0.28|1.96|1.73|1.26|1.17|1.77|2.49|4.13,-597|-1418|-749|-793|-1641|-1663|-1350|1448|1146,5|6|6|18|19|21|31|27|26,,57.71|57.71|57.71|55.02|54.96|54.92|54.55|53.97,2.82|0.56|1.69|2.99|3.92|4.89|4.75|4.77,19.19|18.13|16.91|12.57|11.88|11.94|14.43|15.25,4.77,15.25,20.02,1.9
NIIT Learning,/company/NIITMTS/consolidated/,NIITMTS,7.67,,2.08,20.9,15.5,34.25,,3216.43,233.07,3.29,30,nse,consolidated,14.0,112,233,3216,Consumer Discretionary,Consumer Services,Education,13,,22,Jun 2026,Mar 2026,Jun 2026,382|391|398|407|397|419|430|451|476|500|525|565,0.00|0.00|0.09|0.02|0.01|0.17|0.10|0.32|0.45|0.43|0.65|0.93,,1132|1362|1554|1653|1952,26|22|23|22|19,0.46|0.05|0.04|0.08|0.47,0.63|0.71|0.43|0.41|0.39,277|153|279|247|288,119|597|613|629|1083,1|0|0|0|0,34.52|34.49|34.45|34.35|34.21|34.19|34.09|34.25,17.66|17.63|17.56|17.48|17.43|17.13|16.75|14.44,18.72|21.53|21.88|22.15|23.73|24.27|24.46|25.38,14.44,25.38,39.82,1.65
Anand Rathi Shar,/company/ARSSBL/,ARSSBL,1.26,,2.36,19.8,14.2,69.62,,3214.49,509.70,8.03,30,nse,standalone,21.8,216,510,3214,Financial Services,Financial Services,Stockbroking & Allied,26,25,17,Jun 2026,Mar 2026,Jun 2026,211|230|204|199|201|227|248|255|246,,,246|303|423|468|681|844|931,18|16|27|25|34|37|41,,1.32|0.96|0.39|21.41|19.46|15.69|11.10,225|25|-39|15|188|674|745,39|36|51|56|74|84|77,,69.90|69.91|69.92|69.62,2.83|1.91|0.82|0.15,9.42|6.10|4.98|4.06,0.15,4.06,4.21,3.45
Kiri Industries,/company/KIRIINDUS/consolidated/,KIRIINDUS,9.22,,0.46,-1.69,-2.05,41.71,,3212.13,492.90,35.6,30,nse,consolidated,4.00,1072,493,3212,Commodities,Chemicals,Dyes And Pigments,-4,-3,25,Jun 2026,Mar 2026,Jun 2026,231|160|269|183|173|179|205|202|213|174|250|312,77|79|72|72|70|68|67|78|75|80|80|69,,931|1030|1125|1117|1394|1305|957|1497|945|949|740|840,11|11|14|16|17|14|9|8|-4.0|-1.3|-7|-26,71|73|68|62|64|61|62|67|71|73|70|78,9|8|12|14|13|15|17|17|20|17|18|0,206|64|141|124|72|92|89|-61|-342|4555,368|333|376|412|484|512|563|546|510|470|806|1067,102|86|82|119|169|143|169|245|195|202|153|169,26.72|31.72|31.72|31.72|36.72|36.72|36.72|41.71,33.37|25.98|25.94|23.79|22.25|19.67|18.32|16.75,1.11|1.22|1.20|1.25|0.85|0.37|1.28|1.29,16.75,1.29,18.04,3.82
Route Mobile,/company/ROUTE/consolidated/,ROUTE,3.09,,1.16,17.4,12.6,74.85,,3209.06,509.35,84.36,30,nse,consolidated,9.07,440,509,3209,Telecommunication,Telecommunication,Other Telecom Services,7,26,0,Jun 2026,Mar 2026,Jun 2026,1015|1024|1017|1103|1113|1184|1175|1051|1119|1107|1131|1152,79|79|78|78|79|79|81|79|78|76|77|79,,367|458|505|845|956|1406|2002|3569|4023|4576|4408,22|18|14|10|11|12|11|12|13|12|12,68|71|67|79|80|80|79|78|79|0|0,0|0|1|0|0|0|0|0|0|79|78,-60|28|23|98|222|135|73|-98|602|581,9|33|182|170|176|193|952|953|898|818|890,,74.90|74.86|74.86|74.86|74.86|74.85|74.85|74.85,6.65|4.73|4.45|3.60|2.98|2.73|2.49|2.40,6.14|7.87|8.12|7.86|7.19|5.98|4.01|3.46,2.40,3.46,5.86,0.73
Guj Inds. Power,/company/GIPCL/,GIPCL,7.64,,0.83,5.47,10.9,56.57,,3196.05,205.91,16.67,30,nse,standalone,6.36,247,206,3196,Utilities,Power,Power Generation,3,2,24,Jun 2026,Mar 2026,Jun 2026,280|354|373|320|276|322|338|372|321|370|428|499,41.99|49.61|45.02|40.37|41.30|45.49|41.65|49.23|37.59|45.24|29.18|32.81,,1215|1352|1311|1354|1407|1379|1335|1172|1356|1349|1256|1491,35|30|33|36|39|37|32|35|30|28|32|36,,55|62|58|54|52|52|57|52|59|57|55|51,433|337|590|445|193|362|410|562|610|649,1890|1859|2522|2680|2632|2883|2628|3056|2951|2981|2830|6018,148|151|160|152|166|160|222|223|259|224|231|208,55.43|55.43|56.57|56.57|56.57|56.57|56.57|56.57,4.49|4.78|4.21|4.04|3.69|2.63|2.74|2.88,6.27|6.04|5.68|5.60|5.16|4.96|5.07|4.99,2.88,4.99,7.87,2.14
Carraro India,/company/CARRARO/,CARRARO,13.27,,5.52,28.2,25.6,68.77,,3171.18,557.80,7.59,30,nse,standalone,23.2,101,558,3171,Consumer Discretionary,Automobile and Auto Components,Auto Components & Equipments,10,16,26,Jun 2026,Mar 2026,Jun 2026,431|389|470|437|445|441|489|582|565|603|540,73|72|74|73|75|71|73|75|73|75|74,,993|1062|1500|1695|1770|1792|2239,6|5|4.7|6|7|9|10,71|73|75|75|74|73|74,7|7|6|7|7|7|6,64|69|75|72|107|95|131,257|255|275|290|351|377|374,171|185|233|255|286|299|317,68.77|68.77|68.77|68.77|68.77|68.77|68.77,3.52|4.02|3.69|3.59|2.72|3.01|2.91,17.53|17.03|16.62|17.05|17.11|17.53|16.10,2.91,16.10,19.01,1.42
Carysil,/company/CARYSIL/consolidated/,CARYSIL,16.73,,5.2,18.0,17.4,41.34,,3165.09,1112.80,11.25,30,nse,consolidated,29.4,214,1113,3165,Consumer Discretionary,Consumer Durables,Household Appliances,16,24,14,Jun 2026,Mar 2026,Jun 2026,164|188|191|201|207|203|204|227|241|223|234|262,47.03|47.37|40.93|46.71|44.39|48.00|45.86|47.41|48.13|45.16|44.69|45.63,,127|174|181|196|252|276|310|484|594|684|816|924,19|18|15|14|17|17|22|22|18|19|17|19,38.20|39.66|38.37|42.05|45.78|43.85|39.86|37.03|43.57|32.45|34.09|32.11,14.73|12.76|17.17|16.94|13.15|13.92|15.31|16.72|16.93|24.55|23.29|25.20,6|16|24|30|45|52|71|53|60|109,58|67|98|111|119|125|152|206|328|404|414|479,32|35|41|48|54|60|55|104|131|173|221|259,41.37|41.37|41.37|41.34|41.34|41.34|41.34|41.34,1.22|1.29|1.27|1.55|1.44|1.55|1.59|1.63,11.09|11.69|11.56|11.19|11.33|11.35|11.74|11.91,1.63,11.91,13.54,3.43
Ashoka Buildcon,/company/ASHOKA/consolidated/,ASHOKA,2.41,,0.48,26.5,15.3,54.47,,3162.35,112.65,7.12,30,nse,consolidated,4.67,234,113,3162,Industrials,Construction,Civil Construction,-2,9,-25,Jun 2026,Mar 2026,Jun 2026,2154|2657|3052|2465|2489|2388|2694|1887|1851|1827|1954|1500,66|71|73|68|55|65|64|59|60|66|76|71,,2320|2825|2973|3601|4930|5070|4992|5999|8100|9798|10037|7520,20|33|31|32|28|31|31|30|24|23|29|25,3|31|20|23|31|23|26|25|33|37|30|65,67|28|39|38|34|37|32|37|36|33|34|0,827|621|-90|1070|155|353|492|749|1673|655,12571|8515|8016|7875|7874|7693|7488|1309|6927|6689|1124|1162,729|1073|360|419|426|435|437|450|561|702|544|440,54.47|54.47|54.47|54.47|54.47|54.47|54.47|54.47,7.95|8.52|7.48|7.29|7.45|7.46|5.90|4.39,17.79|15.46|14.93|14.16|14.06|14.45|14.39|14.02,4.39,14.02,18.41,0.42
Ind-Swift Labs.,/company/INDSWFTLAB/consolidated/,INDSWFTLAB,23.87,,2.28,4.70,3.87,42.93,,3156.01,362.92,47.35,30,nse,consolidated,48.5,159,363,3156,Healthcare,Healthcare,Pharmaceuticals,-19,-6,54,Jun 2026,Mar 2026,Jun 2026,290|288|529|33|12|129|138|153|153|151|170|191,49.86|54.06|50.49|82.33|69.48|47.88|41.74|47.86|50.86|46.56|36.21|40.91,,660|653|716|765|757|780|891|1039|1207|1281|562|641,13|16|15|18|17|19|21|19|19|20|-3.5|7,61.69|54.05|57.38|51.88|53.83|51.29|51.03|52.22|54.78|51.96|51.26|44.05,8.55|7.87|8.09|8.38|8.35|7.74|7.41|9.17|9.53|8.14|9.25|0.00,96|73|-64|125|135|150|195|-163|-25|-70,1117|1099|1042|934|914|843|753|630|587|8|273|306,348|356|344|317|317|343|376|428|439|10|114|148,42.01|42.01|40.94|40.94|39.49|39.49|43.00|42.93,0.65|0.46|3.07|4.27|14.80|14.33|13.88|10.70,0.94|0.94|0.91|0.91|0.68|0.68|0.00|0.17,10.70,0.17,10.87,4.92
Dredging Corpn.,/company/DREDGECORP/,DREDGECORP,15.51,,2.52,4.28,0.39,73.47,,3137.12,1120.40,20.41,30,nse,standalone,79.7,444,1120,3137,Services,Services,Dredging,1,10,7,Jun 2026,Mar 2026,Jun 2026,198|265|278|151|204|324|462|242|212|276|478|355,,,735|666|585|592|692|750|764|801|1165|946|1142|1208,24|19|20|23|24|19|-4.5|15|-1.6|21|12|20,,55|36|48|53|52|55|74|69|73|61|63|0,87|138|148|117|176|205|148|191|112|142,1871|1928|1808|1817|1719|1654|1609|1580|1531|1430|1343|1207,118|139|200|196|190|211|172|160|136|117|134|176,73.47|73.47|73.47|73.47|73.47|73.47|73.47|73.47,0.18|0.18|0.45|0.21|0.14|0.51|0.37|1.03,5.63|6.60|6.60|6.25|6.63|8.15|8.31|6.68,1.03,6.68,7.71,2.6
Bondada Engineer,/company/543971/consolidated/,543971,8.96,,4.52,39.4,35.7,61.52,,3134.62,280.70,4.18,30,bse,consolidated,14.4,62.2,281,3135,Telecommunication,Telecommunication,Telecom - Infrastructure,97,58,81,Jun 2026,Mar 2026,Jun 2026,376|714|558|659|712|914|692,24.76|66.22|57.64|61.85|44.64|45.46|49.52,,224|229|287|334|371|801|1571|2843,9|8|6|6|8|9|11|12,36|31|25|49|50|65|50|51,41|43|43|35|35|23|35|34,4|-18|3|11|-32|44|-141|125,14|13|13|13|15|41|125|154,29|36|56|44|60|138|201|536,63.33|63.33|63.34|62.42|61.55|61.55|61.57|61.52,0.80|1.03|1.28|1.35|1.29|0.65|0.58|0.53,0.00|0.02|0.00|0.22|0.24|0.28|0.14|0.12,0.53,0.12,0.65,1.1
Baazar Style,/company/STYLEBAAZA/,STYLEBAAZA,14.17,,6.8,7.43,5.16,44.80,,3126.90,410.80,43.53,30,nse,standalone,115,60.4,411,3127,Consumer Discretionary,Consumer Services,Speciality Retail,33,34,35,Jun 2026,Mar 2026,Jun 2026,188.45|333.10|223.42|275.71|310.91|411.60|345.32|377.44|531.66|466.46|465.71|486.38,71|63|68|67|70|62|67|64|70|62|70|66,,538|629|427|551|788|973|1344|1841,6|10|11|13|13|15|14|14,69|70|71|68|68|67|66|67,12|6|5|6|4|4|4|0,-13|63|52|16|33|112|53|126,99|352|338|386|468|620|1020|963,233|234|202|280|317|433|521|682,45.56|45.56|45.57|45.57|45.71|45.71|45.71|44.80,6.53|5.98|2.53|2.41|3.13|2.40|1.68|1.69,9.96|10.44|11.15|11.29|10.35|8.69|6.65|5.94,1.69,5.94,7.63,1.7
Kewal Kir.Cloth.,/company/KKCL/consolidated/,KKCL,10.98,,3.25,18.1,16.1,74.29,,3124.71,507.05,3.09,30,nse,consolidated,21.1,156,507,3125,Consumer Discretionary,Textiles,Garments & Apparels,16,32,16,Jun 2026,Mar 2026,Jun 2026,262|200|219|151|308|255|288|234|354|301|324|279,51.59|49.55|47.35|46.51|47.28|47.36|48.01|47.08|48.34|46.82|49.57|48.03,,87|444|466|460|503|530|303|608|779|860|1003|1213,23|23|21|21|22|18|6|16|19|21|19|20,32.01|29.41|31.32|28.72|23.02|23.24|36.21|18.04|15.71|28.28|14.92|48.05,20.29|25.45|23.26|24.21|25.93|27.07|24.44|41.65|42.57|29.02|44.30|0.00,80|56|-0|51|97|57|75|136|14|183,18|60|65|70|82|83|82|86|109|117|486|486,14|56|51|53|83|90|51|113|166|82|225|258,74.26|74.26|74.28|74.28|74.28|74.28|74.29|74.29,2.81|2.05|2.39|2.62|2.37|2.33|2.32|2.37,6.83|7.20|7.76|8.50|8.65|8.83|8.60|8.85,2.37,8.85,11.22,2.58
Windsor Machines,/company/WINDMACHIN/consolidated/,WINDMACHIN,93.52,,5.37,2.11,0.20,42.95,,3123.44,301.90,6.17,30,nse,consolidated,1048,56.2,302,3123,Industrials,Capital Goods,Industrial Products,15,13,51,Jun 2026,Mar 2026,Jun 2026,89.27|87.03|109.38|80.83|59.41|107.65|120.82|113.34|136.64|135.83|184.64|148.87,64|65|68|67|57|65|67|69|70|72|71|74,,259|309|354|393|350|283|314|369|376|354|369|570,2.0|6|9|9|3.6|1.9|9|8|7|6|7|6,64|63|73|62|64|62|63|65|65|66|65|71,4|3|-8|3|4|4|3|3|3|4|4|0,19|23|38|24|37|27|12|46|-41|-51,40|38|363|351|347|345|332|320|311|323|652|255,66|61|65|77|85|73|78|78|86|109|144|215,53.90|53.91|44.52|44.52|44.52|46.18|46.22|42.95,1.12|1.89|1.41|1.23|1.06|1.03|1.62|2.31,0.07|0.15|1.86|2.12|2.50|2.56|2.57|0.73,2.31,0.73,3.04,5.48
Rane (Madras),/company/RML/consolidated/,RML,10.24,,4.14,14.0,15.4,70.45,,3113.88,1126.70,5.99,30,nse,consolidated,25.8,272,1127,3114,Consumer Discretionary,Automobile and Auto Components,Auto Components & Equipments,18,25,16,Jun 2026,Mar 2026,Jun 2026,611|521|853|818|849|837|901|881|919|1015|1048|1042,63|63|58|58|57|58|58|58|59|60|60|60,,876|1195|1400|1555|1277|1267|1742|2354|3463|3406|3863,9|7|9|8|3.7|2.5|4.3|8|8|8|9,56|51|54|57|56|56|58|59|54|58|59,11|16|15|15|16|17|16|15|16|12|11,88|65|45|69|46|-6|88|191|316|219,361|365|386|386|382|415|477|490|667|693|739,101|126|153|172|157|159|211|254|421|434|497,72.65|72.65|72.65|70.45|70.45|70.45|70.45|70.45,0.21|0.08|0.09|0.03|0.04|0.05|0.06|0.33,0.13|0.13|0.12|1.04|1.04|1.03|0.97|0.79,0.33,0.79,1.12,0.81
Ravindra Energy,/company/RELTD/consolidated/,RELTD,22.62,,7.37,15.9,21.2,58.26,,3112.66,156.76,3.27,30,nse,consolidated,52.2,21.3,157,3113,Industrials,Capital Goods,Other Electrical Equipment,29,12,28,Jun 2026,Mar 2026,Jun 2026,26.58|16.49|30.12|22.71|15.58|53.14|158.99|162.64|120.33|127.17|133.06|119.97,48.53|11.28|24.97|31.26|49.10|62.50|66.77|64.76|46.66|57.94|54.34|44.84,,555|493|621|417|518|719|304|765|253|131|250|543,2.8|-0.8|0.7|-7|-39|3.6|4.9|-0.8|6|26|17|24,74|84|90|91|89|86|78|93|77|45|62|57,19|10|6|1|3|3|7|2|6|13|10|0,60|55|16|-29|53|19|122|61|71|172,191|196|93|239|176|178|174|190|187|257|318|870,8|1|3|14|5|9|3|1|4|3|4|15,74.99|64.77|64.77|64.77|64.77|64.77|63.66|58.26,0.04|3.19|3.21|2.97|2.59|2.08|1.98|3.27,0.09|1.36|1.36|1.91|1.91|1.91|2.81|2.99,3.27,2.99,6.26,5.73
M M Forgings,/company/MMFL/consolidated/,MMFL,13.46,,3.18,8.97,10.5,56.33,,3098.23,641.70,12.32,30,nse,consolidated,27.5,202,642,3098,Consumer Discretionary,Automobile and Auto Components,Auto Components & Equipments,3,16,10,Jun 2026,Mar 2026,Jun 2026,397|399|398|382|398|374|371|362|385|414|430|420,46.43|46.67|44.00|44.93|40.63|42.37|45.82|45.83|41.64|46.85|44.88|41.18,,191|207|158|639|934|769|752|1140|1462|1563|1525|1590,19|15|14|20|19|17|17|18|19|19|19|18,42.80|48.03|46.67|40.85|45.22|46.15|45.62|44.27|46.79|45.89|43.40|44.82,19.77|18.19|18.39|20.06|18.83|18.52|18.61|17.61|18.40|19.29|18.76|19.11,27|4|27|283|20|150|160|149|182|228,101|113|130|406|651|712|675|708|804|914|964|1101,43|41|31|127|195|136|179|204|306|345|342|334,56.33|56.33|56.33|56.33|56.33|56.33|56.33|56.33,3.41|3.75|3.09|1.79|1.76|1.74|1.85|2.44,10.50|9.85|8.92|8.33|8.31|8.55|8.38|7.49,2.44,7.49,9.93,1.95
Nilkamal Ltd,/company/NILKAMAL/consolidated/,NILKAMAL,9.24,,1.96,10.6,8.22,64.54,,3091.27,2071.90,29.66,30,nse,consolidated,23.0,1057,2072,3091,Consumer Discretionary,Consumer Durables,Plastic Products - Consumer,6,13,8,Jun 2026,Mar 2026,Jun 2026,776|803|834|743|822|854|894|883|968|962|965|820,58|58|57|57|57|57|57|58|57|55|56|55,,1895|1926|2024|2124|2362|2257|2092|2730|3131|3196|3313|3778,8|12|12|11|9|13|12|8|10|9|9|9,63|58|58|56|59|55|56|61|60|58|57|57,8|8|8|9|9|10|10|11|10|18|18|18,112|121|175|252|203|69|190|250|247|306,306|273|271|344|399|592|634|695|782|775|936|1031,292|305|336|379|393|406|498|661|656|596|689|645,64.54|64.54|64.54|64.54|64.54|64.54|64.54|64.54,1.10|1.08|1.01|1.00|1.02|1.00|0.98|0.97,14.31|14.41|14.41|14.38|14.34|14.21|13.72|12.90,0.97,12.90,13.87,0.82
Bhansali Engg.,/company/BEPL/consolidated/,BEPL,9.25,,2.85,23.8,17.3,57.48,,3073.90,123.52,106.35,30,nse,consolidated,15.4,43.5,124,3074,Commodities,Chemicals,Petrochemicals,-2,0,5,Jun 2026,Mar 2026,Jun 2026,314|292|321|340|367|346|345|308|325|301|342|472,68|69|69|69|72|71|70|68|69|67|63|69,,601|531|626|1032|1225|1104|1292|1394|1363|1222|1398|1276,4.1|7|10|15|6|8|35|33|13|17|15|17,84|77|86|72|83|81|53|54|72|68|71|66,5|6|-5|4|4|4|3|3|4|5|4|4,78|192|53|88|103|298|140|231|109|168,122|82|93|107|144|150|141|145|140|133|137|133,75|83|139|80|100|208|113|197|171|136|118|184,57.48|57.48|57.48|57.48|57.48|57.48|57.48|57.48,1.66|1.50|1.53|1.44|1.42|1.13|1.36|1.39,0.13|0.10|0.11|0.13|0.00|0.00|0.00|0.00,1.39,0.00,1.39,2.41
Vindhya Telelink,/company/VINDHYATEL/consolidated/,VINDHYATEL,8.87,,0.73,8.15,5.31,43.55,,3063.82,2585.50,20.22,30,nse,consolidated,13.0,3548,2586,3064,Industrials,Construction,Civil Construction,7,19,-18,Jun 2026,Mar 2026,Jun 2026,862|1084|1290|833|953|1037|1231|908|960|717|1009|719,84|86|87|84|85|85|85|83|83|85|84|77,,685|1016|998|1343|2095|1883|1502|1324|2900|4088|4054|3593,15|17|13|13|16|14|14|12|10|7|6|6,50|29|8|12|3|8|33|27|13|5|16|20,26|44|69|66|72|69|43|50|70|81|70|64,83|-122|-292|30|247|183|34|441|-590|-160,74|86|72|85|129|117|141|111|108|158|139|160,86|83|191|373|803|974|748|760|961|1190|1288|1312,43.55|43.55|43.55|43.55|43.55|43.55|43.55|43.55,1.41|1.47|1.43|1.50|1.46|1.49|1.33|1.40,8.34|8.26|8.26|8.27|8.27|8.26|8.26|8.31,1.40,8.31,9.71,0.85
Balmer Lawrie,/company/BALMLAWRIE/consolidated/,BALMLAWRIE,6.76,,1.47,14.6,13.7,,,3040.45,177.80,2.39,30,nse,consolidated,10.9,121,178,3040,Diversified,Diversified,Diversified,6,12,9,Jun 2026,Mar 2026,Jun 2026,586|585|577|638|639|630|608|681|635|657|744|749,66|66|65|67|68|65|62|66|65|64|66|65,,3254|1591|1702|1720|1772|1532|1526|2051|2312|2328|2505|2717,7|13|12|13|13|12|9|8|9|13|12|13,77|36|63|63|63|60|65|70|70|46|42|65,3|30|4|4|4|4|4|4|4|25|28|0,181|129|194|189|244|2|208|274|156|289,577|393|397|410|568|770|767|767|760|751|737|883,326|120|152|137|143|145|160|201|205|193|193|169,,3.22|3.58|2.58|2.34|2.26|2.16|2.22|2.38,1.90|1.89|1.79|1.79|1.79|1.79|1.79|1.79,2.38,1.79,4.17,1.12
Arvind SmartSp.,/company/ARVSMART/consolidated/,ARVSMART,11.22,,4.65,12.4,14.2,53.83,,3035.63,661.40,22.35,30,nse,consolidated,16.5,142,661,3036,Consumer Discretionary,Realty,"Residential, Commercial Projects",30,30,5,Jun 2026,Mar 2026,Jun 2026,73|84|117|74|266|210|163|102|141|166|155|318,10.54|33.76|35.44|42.46|53.96|51.69|25.25|39.87|47.11|39.85|13.84|23.14,,87|115|159|198|262|299|149|257|256|341|713|564,29|31|28|31|26|30|27|19|19|33|24|27,7|-30|-44|-41|9|-6|-22|-19|-67|-110|-3|-126,47|83|86|83|40|54|59|69|118|137|49|161,-19|-147|12|-16|91|161|-101|30|-84|-170,3|10|10|10|10|9|9|43|46|53|58|60,139|172|268|351|626|663|694|766|957|1362|1489|2222,50.28|50.28|50.27|49.96|49.83|49.83|53.83|53.83,2.51|2.65|2.01|1.60|1.00|0.83|0.67|0.69,12.77|12.86|12.65|13.88|14.70|15.82|8.60|8.99,0.69,8.99,9.68,5.38
Sangam India,/company/SANGAMIND/,SANGAMIND,11.60,,2.52,10.7,8.70,70.52,,3030.62,603.15,3.35,30,nse,standalone,24.1,239,603,3031,Consumer Discretionary,Textiles,Other Textile Products,6,19,11,Jun 2026,Mar 2026,Jun 2026,629|636|706|697|675|746|725|786|776|762|866|846,61|62|60|59|58|64|64|65|60|58|60|58,,1468|1504|1594|1638|1874|1783|1354|2438|2715|2648|2843|3190,14|15|11|8|9|9|9|13|11|8|8|10,58|55|57|58|59|57|55|55|57|56|58|57,16|17|16|19|17|18|18|15|18|21|19|19,147|95|174|183|132|248|193|179|433|249,563|585|654|699|648|616|590|602|655|919|1194|1426,265|294|360|357|354|368|372|528|510|651|559|564,70.17|70.17|70.17|70.17|70.17|70.35|70.52|70.52,2.69|2.68|2.68|2.64|2.65|2.46|2.40|2.50,0.57|0.57|0.57|0.57|0.57|0.09|0.09|0.09,2.50,0.09,2.59,0.95
Crizac,/company/CRIZAC/consolidated/,CRIZAC,9.11,,5.18,52.3,40.3,79.94,,3025.45,172.90,5.9,30,nse,consolidated,13.7,33.4,173,3025,Consumer Discretionary,Consumer Services,Internet & Catalogue Retail,30,56,15,Jun 2026,Mar 2026,Jun 2026,161|130|218|341|210|162|279|392|201,,,111|264|473|530|849|1042,25|34|23|27|25|27,,69|58|65|65|71|68,|||114|184|144,27|27|26|128|93|120,,79.94|79.94|79.94|79.94|79.94,2.99|3.74|2.48|2.30|1.61,7.05|3.80|3.48|3.48|3.22,1.61,3.22,4.83,2.9
Kernex Microsys.,/company/KERNEX/consolidated/,KERNEX,10.48,,12.16,47.8,43.5,28.73,,3024.65,1800.00,86.47,30,nse,consolidated,15.9,148,1800,3025,Services,Services,Transport Related Services,374,88,305,Jun 2026,Mar 2026,Jun 2026,1|8|9|29|41|37|83|56|47|73|255|504,-100.00|52.59|-314.14|54.08|50.36|40.37|57.12|49.58|38.90|34.86|39.61|48.99,,18|12|12|13|8|15|18|7|4|20|190|430,-37|-76|-171|-87|-158|-49|21|-142|-416|-117|22|35,-2.18|44.15|103.59|14.35|57.99|69.09|22.43|54.74|69.80|65.82|51.95|40.02,46.16|46.57|68.62|49.74|40.17|25.74|17.74|62.86|136.88|43.88|11.81|0.00,-26|3|-23|-11|3|-5|-36|-71|15|-100,53|50|55|54|43|33|32|25|24|24|25|34,26|25|10|10|11|8|11|10|17|74|56|371,29.14|29.08|29.08|28.97|28.97|28.89|28.85|28.73,0.49|1.16|0.07|0.52|0.54|0.07|0.30|2.48,0.04|0.73|1.10|1.11|0.39|0.07|0.02|0.05,2.48,0.05,2.53,7.03
Jash Engineering,/company/JASH/consolidated/,JASH,22.36,,5.82,17.7,16.0,43.24,,3022.56,478.30,5.09,30,nse,consolidated,35.1,82.1,478,3023,Industrials,Capital Goods,Industrial Products,22,20,1,Jun 2026,Mar 2026,Jun 2026,95.15|139.13|217.17|114.55|139.58|180.68|300.38|127.61|157.54|160.50|290.54|149.88,36.15|41.25|42.69|48.53|36.17|39.16|51.09|51.28|42.78|44.70|41.45|41.43,,119|120|158|175|248|278|299|368|402|516|735|736,17|16|13|5|9|14|17|13|16|19|17|14,48.61|47.37|50.78|49.77|47.83|45.19|43.38|48.36|42.77|40.91|44.92|44.15,11.26|11.00|11.32|11.95|13.01|13.35|13.31|9.64|9.76|9.57|9.08|0.00,21|-8|18|18|35|14|34|58|55|56,69|66|86|88|90|101|98|112|116|127|170|213,33|38|38|50|61|61|71|76|112|161|189|195,43.61|43.52|43.39|43.39|43.40|43.43|43.24|43.24,1.58|2.27|1.96|1.96|2.06|2.00|1.79|1.54,0.59|0.78|0.90|1.04|0.53|0.49|0.39|0.32,1.54,0.32,1.86,4.11
Shankara Buildpro,/company/BUILDPRO/consolidated/,BUILDPRO,12.70,,5.53,39.0,25.9,40.17,,3015.89,1243.70,10.13,30,nse,consolidated,22.7,225,1244,3016,Consumer Discretionary,Consumer Services,Speciality Retail,19,,26,Jun 2026,Mar 2026,Jun 2026,1239|1291|1560|1568|1595|1666|1996|1890,95|95|95|95|95|95|94|95,,4030|4828|5267|6826,2.9|3.1|2.9|3.3,94|94|95|95,0|0|0|0,92|10|68|90,281|293|41|46,425|485|382|481,40.17|40.17,10.97|9.27,12.13|13.24,9.27,13.24,22.51,0.44
ADF Foods,/company/ADFFOODS/consolidated/,ADFFOODS,19.35,,5.26,21.8,17.7,36.14,,3015.21,274.45,5,30,nse,consolidated,31.2,52.1,274,3015,Fast Moving Consumer Goods,Fast Moving Consumer Goods,Packaged Foods,15,13,19,Jun 2026,Mar 2026,Jun 2026,125|130|154|122|161|147|159|133|163|191|197|167,49.39|48.45|38.74|42.44|48.33|40.50|42.09|40.56|35.30|42.29|41.00|37.52,,204|210|201|201|231|285|370|421|450|520|590|683,8|9|11|10|13|19|18|16|18|20|17|19,50.50|50.73|43.49|45.71|41.66|44.22|50.35|42.35|38.75|33.47|31.63|31.07,4.21|3.54|13.73|14.13|13.60|11.07|10.12|10.11|12.44|17.20|20.04|18.22,17|24|20|31|36|34|51|70|37|58,93|83|81|80|69|77|77|160|175|182|186|258,28|25|25|24|35|55|73|76|63|53|90|120,36.17|36.14|36.14|36.14|36.14|36.14|36.14|36.14,9.55|10.06|9.84|11.29|11.30|11.31|11.55|11.59,8.81|23.65|23.65|22.71|23.10|23.11|23.21|21.30,11.59,21.30,32.89,4.41
EFC (I),/company/EFCIL/consolidated/,EFCIL,8.39,,3.7,19.8,34.3,56.08,,2992.36,202.26,6.76,30,nse,consolidated,11.6,54.6,202,2992,Services,Services,Diversified Commercial Services,116,,42,Jun 2026,Mar 2026,Jun 2026,98|172|93|102|166|177|211|220|255|270|293|283,0.00|49.72|-2.98|0.00|0.00|0.00|-0.85|1.36|-10.84|-1.60|21.15|8.74,,0|103|419|657|1037,|54|44|50|45,|0.00|19.73|-0.27|3.18,|36.31|24.95|35.99|0.00,-0|-51|11|134|56,0|341|371|702|760,0|0|35|3|38,45.58|45.58|45.55|45.46|45.46|60.45|60.44|56.08,5.36|4.59|3.87|4.22|3.84|2.36|2.17|1.26,2.03|3.72|4.58|5.14|6.71|5.80|6.35|8.88,1.26,8.88,10.14,2.89
United Foodbrands,/company/UFBL/consolidated/,UFBL,16.65,,9.62,1.52,-17.6,34.62,,2987.81,763.80,7.81,30,nse,consolidated,,79.4,764,2988,Consumer Discretionary,Consumer Services,Restaurants,3,21,20,Jun 2026,Mar 2026,Jun 2026,301.70|330.88|298.05|305.69|305.70|328.89|292.77|296.98|304.76|376.57|360.40|425.90,34.05|32.14|31.12|31.93|31.94|31.76|31.48|32.32|33.75|33.65|34.48|34.20,,403|503|586|739|847|507|861|1234|1255|1233|1339,12|13|21|17|19|9|16|19|17|17|14,37.04|35.70|0.00|0.00|34.50|35.15|35.41|33.65|33.35|31.78|33.60,12.61|10.80|46.80|47.27|12.94|14.96|15.04|14.46|14.85|14.28|0.00,54|128|122|181|68|60|228|221|193|223,165|198|548|682|813|732|872|1012|1036|1061|1161,12|16|19|19|15|20|36|42|39|47|44,33.56|33.55|33.72|33.74|33.74|34.57|34.60|34.62,15.16|12.84|10.46|10.14|9.68|9.33|9.66|10.55,25.68|25.90|21.49|19.92|18.62|16.79|16.73|17.22,10.55,17.22,27.77,2.23
Monarch Networth,/company/MONARCH/consolidated/,MONARCH,9.04,,3.07,27.7,20.5,53.83,,2986.75,376.60,12.66,30,nse,consolidated,16.5,123,377,2987,Financial Services,Financial Services,Stockbroking & Allied,32,29,7,Jun 2026,Mar 2026,Jun 2026,78|83|68|85|104|77|61|98|83|91|100|91,,,60|53|69|92|76|70|103|154|162|278|328|372,27|21|29|29|23|17|41|49|40|64|66|69,,3.97|4.88|3.57|27.78|26.95|24.73|19.26|18.83|16.18|10.48|10.14|0.00,53|36|3|264|-235|45|-21|-108|30|114,7|4|3|3|3|4|5|5|8|13|21|21,7|12|10|3|3|3|3|14|17|0|0|0,52.78|52.78|52.78|52.88|52.86|53.41|53.86|53.83,1.66|1.55|1.36|1.74|1.78|1.44|1.47|2.77,0.85|0.80|0.83|0.82|0.26|0.15|0.15|0.15,2.77,0.15,2.92,8.03
Parag Milk Foods,/company/PARAGMILK/consolidated/,PARAGMILK,11.37,,2.36,13.5,12.3,40.49,,2985.11,237.65,18.37,30,nse,consolidated,22.2,101,238,2985,Fast Moving Consumer Goods,Fast Moving Consumer Goods,Dairy Products,10,16,11,Jun 2026,Mar 2026,Jun 2026,798|801|790|758|871|885|918|852|1008|1013|945|945,77|74|75|72|77|73|73|73|74|74|72|73,,1443|1645|1731|1955|2396|2438|1842|2072|2893|3139|3432|3818,8|9|5|10|9|9|7|-21|4.2|6|7|7,74|73|66|62|62|74|74|93|72|70|71|73,10|8|12|16|14|6|7|15|14|10|8|0,-17|19|140|-66|100|-149|-190|102|212|149,291|345|334|397|406|466|473|459|436|466|578|643,212|272|429|438|463|633|695|479|574|615|578|730,42.61|42.61|42.61|42.61|42.61|40.65|40.65|40.49,10.08|8.20|8.46|9.24|9.92|9.26|8.77|7.46,7.11|7.06|6.91|6.87|6.62|6.16|5.25|5.80,7.46,5.80,13.26,0.78
Solara Active,/company/SOLARA/consolidated/,SOLARA,18.12,,1.8,4.86,-0.13,41.93,,2980.95,623.70,30.12,30,nse,consolidated,698,346,624,2981,Healthcare,Healthcare,Pharmaceuticals,-2,-3,15,Jun 2026,Mar 2026,Jun 2026,425|212|299|363|347|300|273|319|314|349|387|382,56|102|53|55|50|45|43|46|49|53|51|51,,521|1387|1322|1617|1268|1444|1289|1284|1369,11|15|20|24|6|9|-7|16|14,52|51|45|45|52|55|62|49|50,16|12|13|11|15|14|18|13|14,49|166|242|155|-242|156|109|213|153,1086|1218|1397|1382|1356|1364|1268|1193|1238,188|214|280|295|576|558|360|318|318,37.27|37.23|37.94|42.01|42.01|42.00|42.00|41.93,14.25|14.67|14.63|14.25|13.58|11.98|11.59|11.52,3.37|3.19|2.61|2.62|2.69|3.64|3.75|3.74,11.52,3.74,15.26,2.18
Navneet Educat.,/company/NAVNETEDUL/consolidated/,NAVNETEDUL,11.34,,1.46,10.2,8.03,63.29,,2975.54,134.51,2.72,30,nse,consolidated,23.8,92.3,135,2976,Fast Moving Consumer Goods,Fast Moving Consumer Goods,Stationary,1,16,-4,Jun 2026,Mar 2026,Jun 2026,266|259|435|798|272|282|434|794|247|250|430|788,49.44|50.10|44.69|50.63|48.16|41.49|42.40|47.98|40.89|41.60|43.72|49.49,,974|956|1168|1203|1442|1496|832|1112|1694|1748|1781|1721,25|22|24|19|19|21|11|8|17|17|18|16,47.66|48.07|46.65|48.64|48.69|48.73|47.71|47.83|49.95|50.25|46.96|44.97,5.04|4.85|5.10|5.36|5.56|4.88|8.27|9.10|7.86|9.16|9.71|0.00,79|48|95|286|268|29|-22|156|274|307,170|181|252|255|252|298|261|249|240|250|346|396,348|307|384|428|551|471|416|463|625|639|636|628,63.31|63.35|63.35|63.35|63.35|63.35|63.29|63.29,3.35|3.42|3.95|4.14|3.63|3.16|3.11|3.20,12.38|12.49|12.68|12.86|12.85|12.93|13.03|13.57,3.20,13.57,16.77,1.73
BLS E-Services,/company/BLSE/consolidated/,BLSE,26.59,,5.67,16.4,10.7,71.87,,2964.19,326.25,22.76,30,nse,consolidated,51.0,57.5,326,2964,Information Technology,Information Technology,IT Enabled Services,66,77,71,Jun 2026,Mar 2026,Jun 2026,81|72|74|75|77|128|239|244|270|281|323|304,0.00|0.00|0.00|0.00|0.00|0.00|0.00|0.56|0.00|0.00|0.60|0.73,,64|97|243|301|519|1118,7|7|14|14|12|7,0|3|3|9|2|1,67|66|64|61|76|87,9|20|29|20|67|51,8|15|88|93|179|180,0|0|1|2|0|0,68.89|68.89|68.89|68.89|68.89|68.89|69.81|71.87,1.42|0.78|0.41|0.25|0.21|0.99|0.46|0.64,0.01|0.01|0.02|0.00|0.00|0.11|0.01|0.02,0.64,0.02,0.66,2.65
Yash Highvoltage,/company/544310/,544310,47.43,,15.31,28.6,23.5,54.79,,2947.22,986.10,6.79,30,bse,standalone,75.7,64.4,986,2947,Industrials,Capital Goods,Other Electrical Equipment,38,44,57,Mar 2026,Mar 2026,Aug 2026,48|60|57|93|100|136,48|59|54|55|55|52,,38|37|65|90|108|150|235,16|20|22|21|20|22|24,60|54|54|53|51|53|51,4|6|8|7|7|5|5,3|7|7|9|14|10|9,0|8|14|17|18|42|52,8|11|12|16|22|30|67,57.70|57.89|57.94|57.94|57.24|54.79,2.19|1.15|0.18|0.05|0.62|2.17,12.79|10.64|10.13|11.06|9.50|8.99,2.17,8.99,11.16,12.54
R Systems Intl.,/company/RSYSTEMS/consolidated/,RSYSTEMS,7.34,,2.66,19.5,24.4,51.85,,2923.89,246.75,7.95,30,nse,consolidated,13.9,92.7,247,2924,Information Technology,Information Technology,IT Enabled Services,9,17,24,Jun 2026,Dec 2025,Jun 2026,457|416|417|432|444|449|442|462|499|555|575|602,,,605|588|593|700|809|809|881|1156|1516|1685|1742|1958,12|12|6|8|9|9|13|14|13|15|15|16,,4|3|7|6|7|0|4|4|4|4|4|4,37|31|64||125|87|96|211|235|220,80|80|46|45|72|72|111|127|156|627|571|1125|1109,,51.93|51.93|51.90|51.89|51.89|51.88|51.85|51.85,0.43|3.99|3.96|3.57|3.60|3.55|3.76|3.83,1.72|7.44|8.66|8.83|8.94|9.41|8.60|6.53,3.83,6.53,10.36,1.49
Mangalam Cement,/company/MANGLMCEM/,MANGLMCEM,15.27,,2.99,11.0,16.3,40.01,,2922.69,1062.90,16.63,30,nse,standalone,22.5,355,1063,2923,Commodities,Construction Materials,Cement & Cement Products,-1,6,1,Jun 2026,Mar 2026,Jun 2026,428|439|437|381|359|438|503|452|395|421|490|455,12.49|13.92|14.55|11.77|12.93|18.50|27.07|11.06|10.09|15.29|24.11|19.72,,922|842|1045|1080|1200|1228|1305|1566|1802|1725|1681|1758,10|5|11|8|4.8|16|19|14|8|12|10|13,21|25|16|18|18|12|17|18|16|13|18|16,32|27|37|32|37|32|27|33|40|58|55|54,163|86|84|216|234|189|139|182|188|94,757|744|814|831|821|915|980|1141|1170|1165|1185|1308,159|116|102|112|117|164|224|203|257|308|275|319,36.94|37.82|39.53|39.53|40.01|40.01|40.01|40.01,6.17|6.07|5.81|5.87|6.07|5.80|5.59|5.53,4.78|4.79|4.98|7.09|6.94|6.78|6.17|6.17,5.53,6.17,11.7,1.66
Ramco Inds.,/company/RAMCOIND/consolidated/,RAMCOIND,10.29,,0.64,4.57,6.75,54.84,,2915.27,335.70,35.78,30,nse,consolidated,9.27,521,336,2915,Commodities,Construction Materials,Other Construction Materials,7,8,13,Jun 2026,Mar 2026,Jun 2026,316|334|365|543|353|344|423|532|365|392|502|614,56|55|53|64|53|53|56|59|52|52|54|53,,863|865|881|932|1036|974|1209|1460|1458|1501|1674|1792,9|9|13|13|12|11|16|15|10|10|11|13,63|61|55|54|52|51|52|51|55|57|57|55,10|11|12|12|12|13|10|11|11|11|18|18,47|126|88|36|190|88|-43|135|133|201,407|407|424|424|443|467|472|523|563|565|559|557,290|294|342|285|287|357|374|416|601|610|606|631,54.81|54.81|54.81|54.81|54.79|54.79|54.79|54.84,0.96|1.42|0.81|1.12|1.26|0.82|0.82|1.00,4.18|4.18|4.19|3.85|3.51|3.25|3.35|3.35,1.00,3.35,4.35,1.63
GSP Crop Science,/company/GSPCROP/consolidated/,GSPCROP,14.67,,3.78,18.9,16.5,71.72,,2914.86,626.60,20.27,30,nse,consolidated,27.9,166,627,2915,Commodities,Chemicals,Pesticides & Agrochemicals,8,7,18,Jun 2026,Mar 2026,Jun 2026,276|308|377|467|270|402|386,65|58|66|60|61|67|63,,903|1077|1191|1203|1152|1287|1517,8|12|11|7|11|12|12,71|66|64|69|65|55|59,4|4|13|12|4|16|13,80|114|-44|104|207|38|59,159|161|166|169|177|214|228,210|299|378|351|226|370|356,71.72|71.72,11.54|9.19,2.96|0.37,9.19,0.37,9.56,1.92
Chemplast Sanmar,/company/CHEMPLASTS/consolidated/,CHEMPLASTS,48.97,,1.65,0.34,-6.80,54.99,,2888.35,182.68,10.2,30,nse,consolidated,,111,183,2888,Commodities,Chemicals,Specialty Chemicals,-5,2,-1,Jun 2026,Mar 2026,Jun 2026,988|888|1051|1145|993|1058|1151|1100|1033|835|1256|1125,66|68|69|60|63|65|66|67|62|69|58|75,,1254|1258|3799|5892|4941|3923|4346|4224,23|20|17|20|9|0.6|5|4.7,32|34|56|63|65|69|63|63,31|28|11|11|17|20|21|19,|166|1076|901|355|-245|172|294,2108|2174|3148|3259|3186|3907|4499|4386,200|182|407|711|643|569|657|602,54.99|54.99|54.99|54.99|54.99|54.99|54.99|54.99,13.42|13.19|13.27|13.33|13.15|13.16|12.48|12.02,25.75|25.82|25.81|25.65|25.62|25.52|25.62|23.71,12.02,23.71,35.73,0.68
Sasken Technol.,/company/SASKEN/consolidated/,SASKEN,19.22,,3.38,9.90,7.00,42.94,,2887.90,1901.00,4.83,30,nse,consolidated,39.1,563,1901,2888,Information Technology,Information Technology,IT Enabled Services,36,20,68,Jun 2026,Mar 2026,Jun 2026,103|96|109|123|135|145|148|274|255|250|334|339,0|0|0|0|0|0|0|26|20|11|26|27,,428|483|467|503|504|492|445|434|447|406|551|1113,-74|10|11|14|14|18|29|30|23|8|4.2|8,0|-0|0|0|0|0|0|0|0|0|0|21,6|6|4|3|3|5|3|2|4|4|4|2,28|79|20|112|119|107|71|59|-57|-23,42|40|38|37|40|44|34|34|39|48|76|353,0|2|0|0|0|0|0|0|0|0|0|35,43.10|43.11|43.07|43.07|43.08|43.08|42.95|42.94,18.27|18.48|18.45|18.48|18.52|18.87|18.54|19.11,1.31|1.31|1.21|1.21|1.21|0.66|1.05|1.39,19.11,1.39,20.5,2.59
DDev Plastiks,/company/DDEVPLSTIK/,DDEVPLSTIK,8.49,,2.85,31.0,21.8,74.99,,2887.52,279.05,4.99,30,nse,standalone,13.5,97.9,279,2888,Commodities,Chemicals,Specialty Chemicals,6,,15,Jun 2026,Mar 2026,Jun 2026,642|554|597|625|580|661|737|769|680|733|766|989,83|80|74|82|80|81|83|84|83|82|80|84,,0|2227|2504|2431|2603|2948,|4.7|6|11|10|10,|87|86|80|82|82,|2|2|2|2|0,0|26|145|116|137|85,0|207|225|231|275|304,0|276|218|205|242|392,74.99|74.99|74.99|74.99|74.99|74.99|74.99|74.99,0.03|0.03|0.36|0.36|1.13|0.90|0.90|1.47,0.26|0.49|0.52|1.15|0.80|0.96|0.64|0.09,1.47,0.09,1.56,0.98
Globus Spirits,/company/GLOBUSSPR/consolidated/,GLOBUSSPR,11.48,,2.44,11.2,8.76,46.74,,2882.17,916.10,9.33,30,nse,consolidated,28.7,375,916,2882,Fast Moving Consumer Goods,Fast Moving Consumer Goods,Breweries & Distilleries,9,17,8,Jun 2026,Mar 2026,Aug 2026,567|687|590|642|638|602|655|700|661|717|632|789,71|72|72|71|71|71|70|69|67|66|63|67,,586|706|774|853|987|1167|1224|2103|2415|2537|2710,8|9|7|8|9|11|21|12|7|6|9,60.02|58.03|60.45|60.57|60.69|61.37|53.48|59.97|60.17|55.44|49.66,19.59|19.46|19.28|22.51|21.52|19.98|17.48|22.15|23.88|28.24|29.46,50|67|56|31|135|148|102|168|67|268,460|434|632|609|574|569|579|826|957|1019|1249,50|41|68|60|78|106|103|159|189|209|287,50.86|50.90|50.76|50.76|50.75|50.59|50.56|46.74,6.00|6.35|6.33|6.54|6.47|7.52|7.46|13.77,5.31|5.75|6.13|9.47|10.11|10.93|10.56|10.46,13.77,10.46,24.23,1.06
Borosil,/company/BOROLTD/consolidated/,BOROLTD,15.67,,3.23,11.5,9.16,64.68,,2867.83,239.81,21.4,30,nse,consolidated,39.3,74.2,240,2868,Consumer Discretionary,Consumer Durables,Houseware,18,16,9,Jun 2026,Mar 2026,Jun 2026,235|304|229|217|278|338|270|233|340|339|284|254,40.13|44.61|38.14|31.67|35.41|42.15|35.84|33.24|42.85|42.45|37.36|30.90,,361|630|577|828|728|934|1090|1196,16|13|14|18|9|15|16|14,26.95|35.31|42.15|37.19|47.10|40.66|37.29|39.56,20.63|15.24|11.68|17.62|14.87|16.75|17.58|0.00,40|53|186|77|121|48|-19|119,339|327|348|276|353|548|583|531,173|184|148|193|144|253|333|366,64.70|64.67|64.65|64.63|64.61|64.61|64.68|64.68,0.96|0.80|0.28|0.35|0.43|0.35|0.34|0.35,5.15|5.44|6.27|6.13|6.07|6.09|6.18|6.20,0.35,6.20,6.55,2.4
Interarch Build.,/company/INTERARCH/,INTERARCH,13.59,,3.24,23.7,16.8,59.44,,2861.25,1701.40,9.85,30,nse,standalone,20.9,525,1701,2861,Industrials,Construction,Civil Construction,19,27,29,Jun 2026,Mar 2026,Jun 2026,298|316|385|303|323|364|464|381|491|523|504|460,64|63|65|63|59|61|62|60|61|62|58|61,,698|719|576|835|1124|1293|1454|1898,2.1|7|2.4|4.4|10|9|10|10,66|57|63|68|65|64|61|60,6|6|17|13|13|14|15|16,|63|39|26|31|82|53|-19,77|77|164|155|160|166|218|287,96|114|98|134|137|147|166|215,59.90|59.90|59.90|59.90|59.44|59.44|59.44|59.44,5.52|5.86|4.70|5.67|5.81|7.22|5.29|4.86,9.33|6.87|6.51|6.97|6.97|4.01|5.17|6.10,4.86,6.10,10.96,1.51
Maithan Alloys,/company/MAITHANALL/consolidated/,MAITHANALL,6.43,,0.69,14.8,11.0,74.96,,2859.19,982.15,3.49,30,nse,consolidated,9.84,1424,982,2859,Commodities,Metals & Mining,Ferro & Silica Manganese,-9,6,1,Jun 2026,Mar 2026,Jun 2026,444|448|433|375|464|531|435|632|491|490|559|540,52.36|56.14|52.83|52.52|56.01|63.58|48.89|55.73|50.85|43.89|43.83|41.55,,1103|1146|1337|1873|1979|1816|1615|2989|2883|1726|1802|2173,10|11|20|21|16|13|18|36|20|7|10|12,53.17|52.05|46.95|51.75|56.91|58.74|52.05|38.51|47.45|52.33|55.90|48.89,30.52|29.45|23.20|21.10|20.53|21.69|22.22|13.93|20.38|31.16|25.17|24.74,126|284|315|-45|117|237|968|-411|50|-10,280|267|242|238|229|217|203|276|267|253|312|304,175|151|187|248|261|277|349|676|304|350|1086|1247,74.99|74.99|74.96|74.96|74.96|74.96|74.96|74.96,1.33|1.32|1.12|1.39|1.41|1.24|1.25|1.06,0.45|0.31|0.20|0.17|0.07|0.06|0.01|0.02,1.06,0.02,1.08,1.32
Ador Welding,/company/ADOR/,ADOR,15.11,,5.05,22.7,16.4,53.76,,2846.40,1635.60,11.4,30,nse,standalone,23.8,324,1636,2846,Industrials,Capital Goods,Other Industrial Products,13,20,9,Jun 2026,Mar 2026,Jun 2026,276|260|296|268|268|273|308|251|280|287|318|309,64|63|65|63|65|64|66|61|62|62|64|64,,387|407|441|458|512|526|447|661|777|1067|1117|1135,7|10|7|8|9|8|5.0|9|11|11|9|11,68|66|71|71|71|70|72|71|67|64|65|62,6|6|6|6|6|6|6|6|6|7|7|9,0|-37|63|13|79|26|14|58|139|117,96|99|101|102|115|125|116|117|123|156|196|204,43|43|48|54|52|62|62|90|116|145|126|152,56.94|53.24|53.71|53.71|53.73|53.74|53.76|53.76,0.05|0.06|0.03|0.07|0.09|0.14|0.37|1.05,12.00|10.31|11.00|11.85|12.44|12.56|12.63|10.47,1.05,10.47,11.52,2.51
Prabha Energy,/company/PRABHA/consolidated/,PRABHA,1974.82,,8.89,-0.09,-0.15,74.94,,2844.49,207.77,9.26,30,nse,consolidated,2586,23.4,208,2844,Energy,"Oil, Gas & Consumable Fuels",Oil Exploration & Production,-43,,61,Jun 2026,Mar 2026,Jun 2026,0.63|1.02|0.94|0.97|1.02|1.02|1.13|1.77|1.76|1.44|1.69,46|53|60|51|54|43|65|75|73|72|57,,33.45|2.79|3.95|6.11,10.07|-35.13|-47.09|-10.97,,83|46|56|72,11.47|-43.73|-6.09|-2.66,321.95|322.71|323.90|321.57,5.86|21.18|35.41|34.64,80.22|80.22|80.22|80.22|80.22|80.22|74.94,0.58|0.58|0.57|0.45|0.44|0.66|1.82,0.00|0.00|0.00|0.00|0.01|0.01|0.07,1.82,0.07,1.89,465.47
Marathon Nextgen,/company/MARATHON/consolidated/,MARATHON,11.22,,1.25,12.5,11.8,56.42,,2843.13,421.55,12.27,30,nse,consolidated,14.6,337,422,2843,Consumer Discretionary,Realty,"Residential, Commercial Projects",-12,19,-1,Jun 2026,Mar 2026,Jun 2026,129|210|155|162|146|123|149|141|117|125|114|198,52|57|59|61|63|60|62|66|51|69|65|70,,197|193|69|82|241|206|306|717|705|580|496,31|29|62|63|27|31|24|34|33|30|24,64|58|-378|-15|6|6|-15|4|6|-6|63,0|6|395|33|55|54|78|56|54|68|0,-56|169|101|18|-109|76|315|22|-25|-54,0|0|105|221|294|287|286|283|286|237|173,132|20|282|512|514|501|547|518|620|655|837,73.63|73.63|73.63|73.63|55.93|55.93|56.38|56.42,3.15|2.34|2.28|0.94|6.89|5.13|5.09|4.68,1.61|2.47|2.43|2.31|15.59|14.40|14.74|14.71,4.68,14.71,19.39,5.73
RPSG Ventures,/company/RPSGVENT/consolidated/,RPSGVENT,5.43,,1.13,10.6,-5.35,63.51,,2836.00,857.15,2.57,30,nse,consolidated,,757,857,2836,Services,Services,Business Process Outsourcing (BPO)/ Knowledge Process Outsourcing (KPO),16,15,19,Jun 2026,Mar 2026,Jun 2026,1788|1846|2020|2516|2166|2385|2541|2971|2668|2756|2927|3576,4.37|4.74|4.01|3.43|4.37|4.21|3.51|3.03|3.55|3.88|2.67|2.78,,1993|4370|4608|5599|6670|7166|7951|9608|11323,11|9|9|13|13|11|16|14|14,-0|-0|5|3|4|4|4|4|3,9|10|4|4|4|4|4|4|5,-35|358|184|901|662|726|1038|1098|1233,2976|3140|3983|4078|9934|9956|10066|11272|12714,42|54|53|52|64|69|77|79|98,63.51|63.51|63.51|63.51|63.51|63.51|63.51|63.51,3.37|3.51|3.61|3.41|3.44|3.34|3.27|4.01,1.93|1.94|1.93|2.00|1.88|1.88|1.93|1.98,4.01,1.98,5.99,0.25
Sportking India,/company/SPORTKING/,SPORTKING,9.56,,2.73,13.2,12.1,74.36,,2832.94,222.94,20.31,30,nse,standalone,17.5,81.7,223,2833,Consumer Discretionary,Textiles,Other Textile Products,4,14,6,Jun 2026,Mar 2026,Jun 2026,628|599|611|634|652|610|629|586|627|646|637|704,75|71|70|70|72|69|67|67|69|70|67|62,,1127|1035|1010|1053|1160|1354|1305|2153|2204|2376|2524|2495,12|12|12|10|11|10|16|28|13|9|11|12,67|65|63|66|65|67|61|54|70|72|70|68,13|13|16|15|13|12|13|9|8|10|9|10,111|139|97|148|103|96|520|-236|415|292,442|399|340|293|471|466|417|382|757|786|759|729,160|268|303|281|310|211|281|522|372|645|435|391,74.36|74.36|74.36|74.36|74.36|74.36|74.36|74.36,0.01|0.17|0.02|0.06|0.01|0.02|0.23|0.36,0.23|0.18|0.00|0.00|0.00|0.00|0.00|0.00,0.36,0.00,0.36,1.14
Panama Petrochem,/company/PANAMAPET/consolidated/,PANAMAPET,4.58,,1.91,19.2,15.6,63.16,,2814.16,465.20,48.72,30,nse,consolidated,5.88,243,465,2814,Energy,"Oil, Gas & Consumable Fuels",Lubricants,11,16,46,Jun 2026,Mar 2026,Jun 2026,574|512|741|671|699|728|695|693|773|775|823|1735,84|83|83|83|84|84|82|83|84|85|80|69,,805|752|834|1326|1269|1003|1447|2132|2249|2357|2793|3064,4.0|6|9|8|8|5|13|14|14|11|9|9,88|86|82|85|82|83|75|78|77|82|83|82,2|0|2|2|2|3|2|0|1|1|1|1,59|34|-78|179|56|170|210|-28|162|-69,119|123|125|134|156|173|185|230|248|287|312|321,167|165|302|445|384|254|365|491|324|492|409|669,61.94|61.94|61.94|62.22|62.51|63.16|63.16|63.16,14.71|15.77|12.44|12.07|12.02|11.29|11.28|11.72,0.06|0.05|0.29|0.35|0.47|0.67|0.67|0.67,11.72,0.67,12.39,0.92
Patel Engineerin,/company/PATELENG/consolidated/,PATELENG,4.10,,0.63,13.3,8.95,31.49,,2811.73,28.34,10.28,30,nse,consolidated,7.16,44.8,28.3,2812,Industrials,Construction,Civil Construction,9,21,-1,Jun 2026,Mar 2026,Jun 2026,1021|1061|1343|1102|1174|1206|1612|1233|1208|1239|1421|1281,74|71|71|68|73|71|76|75|74|75|71|74,,3415|4041|3884|2275|2362|2617|1995|3380|3891|4544|5093|5103,15|10|11|23|16|7|12|16|14|15|15|13,0|0|0|0|0|0|0|0|0|0|0|0,75|77|77|62|70|80|73|72|73|72|73|74,567|403|836|407|389|514|702|688|279|560,658|622|629|556|578|607|683|1181|1231|1319|1328|1338,3969|4701|4855|3162|3546|3566|3630|3591|3676|3792|1092|978,36.11|36.11|36.11|36.11|36.11|31.48|31.48|31.49,3.09|4.74|5.01|2.71|2.53|2.52|2.86|3.28,4.45|4.51|4.70|4.91|4.75|5.81|6.17|4.76,3.28,4.76,8.04,0.55
GK Energy,/company/GKENERGY/,GKENERGY,7.53,,3.17,40.9,36.8,79.20,,2808.21,138.46,9.99,30,nse,standalone,12.5,43.6,138,2808,Industrials,Construction,Civil Construction,75,,41,Jun 2026,Mar 2026,Jun 2026,152|270|320|353|295|358|460|419|505,73|63|65|61|66|69|65|63|72,,70|285|411|1095|1533,7|6|13|18|20,86|90|76|64|65,4|3|7|15|12,1|-16|-5|-99|53,6|6|11|14|106,10|12|20|60|58,79.20|79.20|79.20|79.20,1.68|1.02|0.79|1.30,8.64|8.03|8.29|7.16,1.30,7.16,8.46,1.83
Prataap Snacks,/company/DIAMONDYD/,DIAMONDYD,30.78,,3.97,3.08,1.54,56.77,,2782.58,1162.80,6.47,30,nse,standalone,218,293,1163,2783,Fast Moving Consumer Goods,Fast Moving Consumer Goods,Packaged Foods,1,11,6,Jun 2026,Mar 2026,Jun 2026,433.70|408.30|388.10|421.44|441.09|444.61|400.59|411.00|431.89|461.58|420.18|492.50,66|67|67|69|71|77|74|71|70|72|71|73,,559|757|894|1011|1092|1226|1010|1397|1653|1618|1708|1725,6|8|4.8|9|7|7|6|4.2|3.8|9|2.9|4.7,72|69|70|68|69|70|70|74|72|67|73|71,8|7|8|8|9|9|10|8|10|11|10|0,48|86|7|67|76|46|80|127|26|50,158|168|218|226|266|341|307|550|581|653|576|556,58|69|79|87|111|125|121|145|135|142|149|130,59.53|59.53|54.92|54.92|54.86|54.81|55.59|56.77,6.31|7.37|6.84|6.79|5.62|5.02|4.79|4.38,8.96|4.14|8.51|7.61|7.21|7.21|7.21|7.35,4.38,7.35,11.73,1.61
Apollo Pipes,/company/APOLLOPIPE/consolidated/,APOLLOPIPE,48.20,,3.39,1.23,-0.88,51.72,,2779.44,631.00,26.69,30,nse,consolidated,,186,631,2779,Industrials,Capital Goods,Plastic Products - Industrial,,,-2,Jun 2026,Mar 2026,Jun 2026,71|83|256|308|250|308|315|275|236|247|347|295,64|68|74|70|67|70|72|70|67|69|73|75,,100|233|268|987|1182|1105,8|10|12|10|8|6,72|68|66|72|70|70,5|6|6|6|7|7,7|22|16|125|29|35,37|45|49|497|555|571,25|14|23|199|213|242,45.90|46.49|46.84|46.84|46.84|46.84|51.72|51.72,4.47|4.03|3.47|4.28|3.71|3.58|2.22|2.53,16.59|15.26|14.08|15.26|14.59|12.43|10.77|7.20,2.53,7.20,9.73,2.51
Antelopus Selan,/company/ANTELOPUS/,ANTELOPUS,11.78,,4.23,21.2,15.9,69.94,,2768.33,787.30,13.46,30,nse,standalone,19.8,186,787,2768,Energy,"Oil, Gas & Consumable Fuels",Oil Exploration & Production,33,42,47,Jun 2026,Mar 2026,Jun 2026,39|44|55|63|69|64|62|51|55|71|102|131,-1.17|-0.05|-0.49|-0.11|5.67|7.00|0.68|-1.01|10.03|-1.66|2.25|-0.50,,79|62|56|77|93|90|49|77|118|166|258|279,72|61|63|61|69|62|24|35|43|44|53|57,-0.25|0.35|-1.99|2.21|-0.04|0.03|0.14|0.10|-0.45|-0.37|-0.11|0.56,95.83|53.28|42.80|43.56|25.13|29.74|33.29|25.34|44.41|99.83|27.53|0.00,37|67|100|41|36|-18|43|72|126|121,11|10|9|12|11|9|8|7|13|21|23|424,3|3|9|8|8|7|7|8|24|19|15|41,30.46|30.46|30.46|30.46|69.94|69.94|69.94|69.94,4.62|4.31|3.61|3.91|1.70|0.23|0.26|0.41,0.12|0.07|0.01|0.01|0.01|0.01|0.03|0.76,0.41,0.76,1.17,9.92
Vimta Labs,/company/VIMTALABS/,VIMTALABS,17.28,,6.06,25.2,18.9,35.66,,2760.31,617.70,32.97,30,nse,standalone,34.2,102,618,2760,Healthcare,Healthcare,"Healthcare Research, Analytics & Technology",9,14,14,Jun 2026,Mar 2026,Jun 2026,64|73|73|75|85|90|94|98|102|99|109|109,20.67|20.38|18.36|19.07|21.48|22.68|19.22|19.27|19.76|19.56|20.55|20.75,,116|138|154|183|213|181|209|276|315|289|344|407,15|14|18|25|27|17|25|29|30|33|35|35,30.94|19.93|19.75|17.38|16.39|18.14|18.29|14.94|13.41|12.01|12.64|13.20,6.49|19.08|19.36|16.29|15.34|17.53|15.89|18.00|14.38|12.96|12.55|12.01,24|33|39|24|37|59|87|61|94|147,88|88|88|140|135|131|128|162|168|166|230|305,16|16|15|18|19|17|15|17|23|25|25|30,36.89|36.76|36.70|36.67|35.99|35.89|35.85|35.66,3.31|3.81|3.66|3.49|4.33|4.59|4.89|4.41,0.00|1.15|1.43|1.42|0.87|0.11|0.13|0.37,4.41,0.37,4.78,6.78
Rossari Biotech,/company/ROSSARI/consolidated/,ROSSARI,9.55,,2.07,13.3,10.8,68.14,,2759.18,498.10,4.07,30,nse,consolidated,18.3,241,498,2759,Commodities,Chemicals,Specialty Chemicals,13,28,19,Jun 2026,Mar 2026,Jun 2026,483|464|473|490|498|513|580|544|586|582|685|697,71|70|72|70|68|68|69|68|68|69|72|70,,516|600|709|1483|1656|1831|2080|2396,15|17|17|12|13|14|13|12,66|62|65|75|71|71|69|70,6|5|5|5|6|6|7|7,71|57|48|29|152|43|137|65,74|94|181|607|585|578|598|784,55|58|95|190|188|282|355|405,68.27|68.19|68.18|68.18|68.18|68.15|68.15|68.14,3.74|3.74|3.98|3.48|2.70|2.32|2.18|2.03,17.34|17.47|17.59|17.84|18.18|18.25|18.21|14.64,2.03,14.64,16.67,1.15
NOCIL,/company/NOCIL/consolidated/,NOCIL,18.00,,1.56,3.93,2.60,33.76,,2755.24,164.96,15.14,30,nse,consolidated,39.6,106,165,2755,Commodities,Chemicals,Specialty Chemicals,-7,7,1,Jun 2026,Mar 2026,Jun 2026,351|341|356|372|363|318|340|336|321|316|330|403,56|54|58|58|57|55|58|58|59|58|61|57,,719|715|742|964|1043|846|925|1571|1617|1445|1393|1303,16|20|22|28|28|21|14|18|16|14|10|8,54|50|48|46|45|46|55|55|55|56|57|59,15|14|13|12|13|15|15|15|17|16|17|17,142|102|164|179|94|-30|282|201|26|252,311|307|543|528|657|797|918|909|888|870|855|831,188|133|115|155|171|136|166|333|285|223|281|158,33.78|33.78|33.76|33.76|33.76|33.76|33.76|33.76,7.92|7.82|8.15|6.65|5.16|4.47|4.55|4.78,6.13|5.93|5.33|5.20|6.57|6.50|7.92|7.48,4.78,7.48,12.26,2.11
Dishman Carbogen,/company/DCAL/consolidated/,DCAL,9.03,,0.41,3.15,1.58,59.32,,2740.10,174.77,5.91,30,nse,consolidated,151,426,175,2740,Healthcare,Healthcare,Pharmaceuticals,7,9,0,Jun 2026,Mar 2026,Jun 2026,587|651|655|524|789|682|716|708|653|720|851|678,23|18|28|13|24|14|20|14|5|20|16|17,,1031|1714|1695|2059|2044|1912|2141|2413|2616|2712|2932,20|26|26|27|25|14|15|14|11|17|19,35.19|19.22|19.88|19.61|22.45|24.48|20.90|21.42|22.83|18.50|13.94,9.35|8.18|7.48|7.75|8.20|7.90|9.07|9.96|11.18|9.28|0.00,303|226|282|585|513|355|266|379|375|491,1012|4852|5066|5098|5678|5698|5773|6188|6724|7055|8371,270|427|485|549|581|516|645|804|883|900|1019,59.32|59.32|59.32|59.32|59.32|59.32|59.32|59.32,8.18|8.75|9.49|9.94|8.07|7.66|7.45|6.86,1.22|1.42|1.26|1.27|1.37|1.27|1.63|2.06,6.86,2.06,8.92,0.93
Mufin Green,/company/MUFIN/,MUFIN,20.63,,4.76,10.7,6.69,47.30,,2739.99,138.27,15.67,30,nse,standalone,71.8,29.0,138,2740,Financial Services,Financial Services,Non Banking Financial Company (NBFC),83,56,43,Jun 2026,Mar 2026,Jun 2026,21|27|32|37|40|43|41|48|51|53|65|77,,,0|0|3|2|23|15|34|98|162|210,,,0.00|0.00|0.00|420.12|0.00|0.00|1.25|0.71|0.69|0.00,0|-2|3|-13|4|-58|-175|-359|-142|-695,0|0|0|0|0|2|3|9|6|7,,54.51|54.35|54.31|54.20|54.20|54.11|47.30|47.30,0.33|0.86|1.25|0.85|0.84|1.06|1.18|2.26,13.09|12.54|12.53|11.85|11.90|8.39|9.29|10.05,2.26,10.05,12.31,13.05
Ganesha Ecosphe.,/company/GANECOS/consolidated/,GANECOS,17.00,,2.14,5.42,3.15,39.33,,2731.31,1019.30,13.62,30,nse,consolidated,48.4,476,1019,2731,Consumer Discretionary,Textiles,Other Textile Products,8,15,7,Jun 2026,Mar 2026,Jun 2026,278|285|306|337|387|398|344|337|363|357|424|424,65|60|59|61|63|64|61|65|69|65|64|63,,889|751|1021|1180|1123|1466|1482,13|11|11|11|12|14|10,61|63|64|66|62|62|66,14|13|12|11|13|12|9,80|27|65|20|43|41|171,303|311|300|523|780|926|925,145|173|196|280|301|355|298,35.86|35.86|36.14|36.14|39.33|39.33|39.33|39.33,10.26|12.14|10.36|9.19|8.79|7.20|8.89|10.38,22.67|21.92|22.16|22.89|22.89|21.88|19.42|15.07,10.38,15.07,25.45,1.84
Pokarna,/company/POKARNA/consolidated/,POKARNA,15.07,,3.17,11.5,9.85,56.66,,2713.01,875.05,8.28,30,nse,consolidated,28.6,276,875,2713,Consumer Discretionary,Consumer Durables,Granites & Marbles,-8,14,-35,Jun 2026,Mar 2026,Jun 2026,200|165|162|193|251|224|263|171|118|135|147|189,35.45|35.34|35.47|32.39|35.69|35.77|29.29|30.01|30.24|26.96|26.51|28.12,,324|391|365|335|459|393|295|650|725|687|925|571,26|34|36|28|31|33|28|27|24|31|35|29,27.97|23.39|20.88|23.71|31.68|30.51|29.71|36.18|42.08|35.96|33.40|28.45,20.56|18.81|19.15|20.38|15.85|13.64|16.15|14.43|13.33|13.87|12.24|13.46,111|77|108|379|98|59|136|188|191|183,241|239|260|270|259|269|699|758|733|710|793|787,77|89|98|101|100|90|111|183|182|164|157|142,56.66|56.66|56.66|56.66|56.66|56.66|56.66|56.66,5.34|6.02|6.60|6.13|6.09|6.82|6.90|6.91,14.09|14.50|15.23|14.98|14.75|14.14|15.97|15.64,6.91,15.64,22.55,4.75
Orient Cement,/company/ORIENTCEM/,ORIENTCEM,5.17,,1.26,16.5,17.3,72.66,,2699.13,131.37,3.54,30,nse,standalone,12.7,104,131,2699,Commodities,Construction Materials,Cement & Cement Products,-2,4,-12,Jun 2026,Mar 2026,Jun 2026,721|751|888|696|544|643|825|866|643|636|647|604,13.17|15.08|14.61|13.53|16.09|15.45|17.00|15.82|23.32|30.29|29.11|20.36,,1545|1462|1875|2222|2522|2422|2324|2725|2938|3185|2709|2793,20|13|10|14|12|16|24|22|12|14|11|20,12.20|14.28|14.58|11.74|10.01|13.25|13.97|13.01|13.16|14.47|15.56|23.91,32.56|34.54|35.33|32.57|32.38|31.01|25.30|29.38|63.91|60.48|60.49|48.62,259|279|281|292|714|524|111|426|205|-39,798|2207|2296|2251|2355|2272|2207|2115|2010|2021|1990|1779,110|135|147|164|186|237|171|187|351|340|318|229,37.90|37.86|37.86|72.66|72.66|72.66|72.66|72.66,6.75|6.76|8.41|6.65|5.92|4.14|4.70|4.12,16.78|15.81|13.36|2.95|2.18|1.81|1.97|2.17,4.12,2.17,6.29,0.97
Gateway Distri,/company/GATEWAY/consolidated/,GATEWAY,6.66,,1.17,10.8,11.5,33.93,,2678.59,53.61,7.46,30,nse,consolidated,10.9,45.9,53.6,2679,Services,Services,Logistics Solution Provider,16,13,18,Jun 2026,Mar 2026,Jun 2026,399|393|375|353|390|403|535|550|567|560|534|549,0.00|0.00|0.00|0.00|0.00|0.70|7.45|11.25|10.17|7.90|8.05|11.63,,691|730|1292|1179|1374|1421|1536|1681|2212,25|20|24|27|27|26|25|23|22,0|0|0|0|0|0|0|3|9,2|2|66|64|65|66|66|64|0,132|140|303|308|363|324|321|385|469,699|759|1963|1845|1790|1897|1922|2610|2662,0|0|0|0|0|0|0|15|13,32.32|32.32|32.32|32.32|32.32|33.03|33.93|33.93,10.51|9.64|8.43|7.64|7.69|6.49|6.66|6.98,42.88|39.73|39.34|37.55|36.03|35.67|33.99|32.42,6.98,32.42,39.4,1.21
Orissa Minerals,/company/ORISSAMINE/,ORISSAMINE,191.94,,-48.98,9.64,,50.01,,2677.32,4462.20,20.94,30,nse,standalone,,-91.1,4462,2677,Commodities,Metals & Mining,Industrial Minerals,38,,46,Mar 2026,Mar 2026,Jun 2026,3.40|16.62|28.28|33.98|13.87|23.39|20.62|6.72|19.37|25.13|20.61|29.00,0.00|11.91|1.70|-12.98|-16.87|13.38|-3.98|-69.49|-11.82|-13.13|-33.14|-8.97,,0.00|0.00|0.00|0.00|0.00|0.00|0.00|82.68|35.53|82.28|64.62|94.10,|||||||30.70|-31.07|28.61|-43.28|9.69,|||||||8|-1|-2|-6|-16,|||||||22|36|29|43|0,-54.98|-43.52|-519.98|-171.31|-23.41|102.00|-60.38|-25.94|170.28|34.97,68.65|61.57|56.72|43.88|29.41|26.93|25.11|31.27|29.00|27.68|25.24|23.51,27|22|23|28|28|28|28|21|22|24|28|44,50.01|50.01|50.01|50.01|50.01|50.01|50.01|50.01,1.90|1.95|2.17|0.53|0.53|0.44|0.74|0.51,11.03|11.05|11.10|11.11|10.95|10.95|10.93|10.93,0.51,10.93,11.44,28.45
Rishabh Instrum.,/company/RISHABH/consolidated/,RISHABH,16.86,,3.59,14.5,12.0,69.40,,2675.98,691.60,21.81,30,nse,consolidated,33.1,193,692,2676,Industrials,Capital Goods,Other Electrical Equipment,11,15,6,Jun 2026,Mar 2026,Jun 2026,180|159|178|169|182|181|187|190|196|184|205|198,41.94|45.35|38.65|43.94|41.90|42.66|38.83|36.22|38.02|35.18|41.77|37.62,,401|390|470|570|690|720|775,15|15|16|13|10|7|16,40.92|40.16|42.00|45.21|42.18|41.94|38.07,4.97|4.92|6.32|7.48|7.61|8.54|6.03,72|53|13|28|76|65|108,181|224|220|219|265|311|371,73|79|128|154|175|162|172,70.16|70.16|70.15|69.81|69.81|69.67|69.55|69.40,0.12|0.11|0.17|0.05|0.35|0.24|0.10|1.17,13.20|13.45|13.09|12.42|12.01|12.57|11.72|11.21,1.17,11.21,12.38,3.45
XPRO India,/company/XPROINDIA/consolidated/,XPROINDIA,39.24,,3.52,3.78,2.80,40.32,,2674.22,1139.40,10.69,30,nse,consolidated,81.9,324,1139,2674,Industrials,Capital Goods,Packaging,0,6,-1,Jun 2026,Mar 2026,Jun 2026,109.97|96.14|128.41|138.53|133.98|104.55|158.21|144.90|119.91|106.31|134.37|174.42,68|63|69|72|72|68|73|72|70|67|68|72,,259|275|318|307|345|354|370|469|509|463|535|505,1.1|5.0|8|7|8|8|11|14|15|14|9|6,75|70|69|71|72|72|72|69|69|68|72|69,11|12|11|10|10|10|8|8|8|9|9|10,24|34|29|38|48|49|83|44|13|20,250|251|226|202|188|188|179|168|160|151|179|390,31|30|31|38|36|42|41|46|47|46|60|73,42.46|42.24|42.42|42.42|40.32|40.32|40.32|40.32,14.92|14.31|14.01|13.76|14.44|14.63|13.89|13.81,2.90|2.99|2.99|3.01|3.40|3.13|2.89|2.94,13.81,2.94,16.75,5.3
Bharat Bijlee,/company/BBL/,BBL,14.05,,1.31,8.37,6.05,33.65,,2666.18,2358.80,7.84,30,nse,standalone,23.8,1795,2359,2666,Industrials,Capital Goods,Heavy Electrical Equipment,17,25,18,Jun 2026,Mar 2026,Jun 2026,420|424|587|375|394|514|619|465|473|568|767|547,73|72|73|71|73|73|74|74|73|76|79|76,,610|638|677|774|932|929|731|1266|1418|1872|1902|2274,-3.0|3.1|2.9|4.8|7|8|5|7|8|9|9|7,81|76|73|71|71|67|68|73|70|69|68|71,2|2|3|4|4|5|5|4|5|7|6|6,13|-53|53|12|39|-9|52|241|175|-92,84|77|72|65|69|74|102|105|108|130|129|145,91|106|123|111|147|196|257|217|317|262|294|474,33.69|33.69|33.69|33.65|33.65|33.65|33.65|33.65,4.79|5.30|3.79|3.63|3.67|3.57|4.10|5.84,16.31|17.77|17.34|17.96|18.36|17.64|17.95|15.63,5.84,15.63,21.47,1.17
Confidence Petro,/company/CONFIPET/consolidated/,CONFIPET,7.31,,1.87,9.23,6.76,57.38,,2653.61,79.87,28.19,30,nse,consolidated,19.7,42.7,79.9,2654,Energy,"Oil, Gas & Consumable Fuels",LPG/CNG/PNG/LNG Supplier,29,40,72,Jun 2026,Mar 2026,Jun 2026,639|554|631|778|746|697|925|1112|983|1394|1216|2409,76|73|80|81|78|76|80|84|81|88|82|89,,306|355|497|607|1005|1078|863|1428|2205|2698|3146|4705,11|10|8|12|13|12|14|13|10|13|10|7,72|71|72|73|74|76|74|77|79|77|79|84,7|9|9|7|5|3|2|2|3|4|4|0,30|65|68|66|98|103|-125|263|10|400,183|180|199|243|356|378|456|554|708|1010|1048|1112,58|55|54|61|77|74|78|111|291|203|249|209,55.89|55.89|55.89|55.89|55.89|55.89|55.89|57.38,2.04|2.40|2.71|1.00|0.97|0.69|0.48|0.81,0.43|0.28|0.10|0.08|0.04|0.01|0.01|0.19,0.81,0.19,1,0.56
Hubtown,/company/HUBTOWN/consolidated/,HUBTOWN,10.68,,1.01,9.52,5.90,33.17,,2644.35,186.09,11.01,30,nse,consolidated,28.1,185,186,2644,Consumer Discretionary,Realty,"Residential, Commercial Projects",26,19,29,Jun 2026,Mar 2026,Jun 2026,56|31|106|120|99|92|97|187|209|88|160|156,27|3|85|73|5|13|47|62|67|50|3|56,,443|407|542|564|471|273|266|190|319|258|408|644,74|86|68|7|33|59|-6|-31|28|-19|28|24,-52.26|-48.99|-31.97|1.32|13.03|-72.05|1.88|-100.75|-10.40|-14.09|-67.63|47.31,47.30|47.60|35.22|30.82|33.26|55.88|37.85|134.67|54.51|63.05|105.47|0.00,-3|451|76|68|-129|24|-6|161|-580|187,155|103|94|90|88|86|70|69|66|138|135|142,2442|1574|1696|1668|1478|1805|1759|2079|2014|2924|3150|3817,28.81|28.81|32.09|32.09|35.02|35.02|32.83|33.17,6.75|5.00|4.94|3.69|2.05|1.75|1.40|1.48,0.00|0.16|0.20|0.10|0.20|0.22|0.21|0.20,1.48,0.20,1.68,4.11
Stove Kraft,/company/STOVEKRAFT/,STOVEKRAFT,15.73,,5.25,10.9,8.46,55.79,,2640.31,797.50,22.08,30,nse,standalone,54.3,152,798,2640,Consumer Discretionary,Consumer Durables,Household Appliances,8,13,18,Jun 2026,Mar 2026,Jun 2026,380|362|325|314|418|404|313|340|474|378|415|481,65|62|63|62|62|62|61|62|61|61|61|60,,321|330|493|524|641|670|859|1134|1281|1361|1448|1605,-1.5|-6|0.8|2.2|4.7|5|13|8|8|9|10|10,70|74|69|68|68|66|65|68|67|63|62|61,4|5|3|7|3|3|4|4|3|4|5|5,||14|10|103|-5|76|113|130|258,172|191|187|181|181|194|221|312|402|510|627|583,47|70|73|105|97|117|156|217|243|320|361|360,55.88|55.88|55.84|55.84|55.80|55.79|55.79|55.79,1.53|1.68|1.21|1.20|0.95|0.87|0.81|1.22,5.48|5.41|7.03|7.77|7.90|8.34|7.97|7.09,1.22,7.09,8.31,1.64
Euro Pratik Sale,/company/EUROPRATIK/consolidated/,EUROPRATIK,20.78,,8.48,38.4,30.5,73.91,,2631.14,257.45,5.48,30,nse,consolidated,30.5,30.3,257,2631,Consumer Discretionary,Consumer Durables,"Furniture, Home Furnishing",,,24,Jun 2026,Mar 2026,Jun 2026,48|88|75|73|65|97|80|93|103,56|50|51|62|51|55|43|58|61,,221|284|335,36|36|34,57|55|52,0|1|0,75|-31|41,25|30|85,36|96|122,70.09|70.09|70.49|73.91,1.66|1.57|0.49|0.55,5.36|5.01|4.61|4.48,0.55,4.48,5.03,7.85
Automotive Axles,/company/AUTOAXLES/,AUTOAXLES,8.44,,2.39,21.6,16.2,71.04,,2629.44,1740.20,2.24,30,nse,standalone,14.4,727,1740,2629,Consumer Discretionary,Automobile and Auto Components,Auto Components & Equipments,-2,19,6,Jun 2026,Mar 2026,Jun 2026,584|541|572|492|495|531|560|489|462|562|664|517,72|71|71|71|71|71|71|68|67|67|68|65,,459|1086|1172|1520|1939|952|906|1491|2324|2229|2078|2178,8|9|10|11|12|10|7|9|11|11|11|11,|72|70|70|69|68|70|71|72|71|71|68,|9|10|10|10|10|10|9|8|8|8|7,97|51|106|198|49|43|52|260|128|173,177|168|146|118|109|255|245|259|245|227|200|225,116|112|101|137|184|156|201|199|231|250|229|214,71.04|71.04|71.04|71.04|71.04|71.04|71.04|71.04,0.63|0.55|0.54|0.65|0.71|0.68|0.83|0.75,12.77|13.05|13.53|13.81|14.17|14.57|15.15|15.44,0.75,15.44,16.19,1.21
Flair Writing,/company/FLAIR/consolidated/,FLAIR,10.86,,2.31,16.8,12.9,78.59,,2627.51,249.30,3.42,30,nse,consolidated,18.8,108,249,2628,Fast Moving Consumer Goods,Fast Moving Consumer Goods,Stationary,10,33,14,Jun 2026,Mar 2026,Jun 2026,257|225|250|247|270|265|298|289|321|318|323|319,51|48|50|50|47|48|51|50|48|49|49|50,,419|573|298|577|942|979|1080|1250,20|17|8|17|20|20|17|18,50.00|56.20|55.85|53.37|54.03|49.62|49.28|48.98,9.08|7.16|7.72|6.90|7.52|8.26|9.85|8.48,64|35|67|34|96|78|55|137,119|144|186|196|250|327|427|482,75|91|131|184|214|226|287|354,78.59|78.59|78.59|78.59|78.59|78.59|78.59|78.59,0.02|0.09|0.06|0.05|0.44|0.30|0.30|0.77,11.37|10.51|9.55|10.23|10.58|10.12|10.34|10.25,0.77,10.25,11.02,2.1
Utkarsh Small F.,/company/UTKARSHBNK/,UTKARSHBNK,39.01,,0.94,1.46,-40.0,42.67,,2612.34,14.68,6.72,30,nse,standalone,,15.6,14.7,2612,Financial Services,Financial Services,Other Bank,10,16,-8,Jun 2026,Mar 2026,Jun 2026,756|806|896|966|987|932|880|881|840|821|837|884,,,519|881|1308|1581|1849|2505|3178|3765|3379,,,0|1|1|1|1|1|1|1|1,|211|115|-83|1329|1573|991|876|781,87|87|110|125|286|301|301|324|333,,68.94|68.93|68.92|68.92|68.92|42.67|42.67|42.67,0.99|1.33|1.00|1.85|1.68|11.80|11.49|11.90,10.01|8.23|7.04|2.78|2.39|9.74|9.56|9.54,11.90,9.54,21.44,0.77
Veedol Corporat,/company/VEEDOL/consolidated/,VEEDOL,7.72,,2.52,24.1,19.5,64.58,,2606.80,1496.10,2.22,30,nse,consolidated,11.9,594,1496,2607,Energy,"Oil, Gas & Consumable Fuels",Lubricants,5,12,13,Jun 2026,Mar 2026,Jun 2026,474|496|487|479|476|482|532|514|509|538|607|609,64|62|61|59|59|60|60|58|59|59|59|55,,1037|974|1130|1275|1377|1317|1258|1536|1854|1933|1972|2169,8|12|12|11|9|10|13|10|8|9|10|10,65|58|57|59|59|55|55|63|67|63|59|59,1|1|1|1|1|1|1|1|1|1|1|1,35|94|79|133|69|93|103|156|30|194,194|148|231|242|249|263|277|270|272|294|340|351,156|162|201|189|189|201|286|290|304|279|333|325,64.29|64.29|64.29|62.35|64.58|64.58|64.58|64.58,1.71|1.46|1.26|1.14|1.37|1.17|1.06|1.02,1.24|1.28|1.17|1.17|1.17|1.17|1.17|1.17,1.02,1.17,2.19,1.2
Vintage Coffee,/company/VINCOFE/consolidated/,VINCOFE,21.64,,4.55,18.2,16.6,34.65,,2592.82,177.97,42.52,30,nse,consolidated,32.9,39.1,178,2593,Fast Moving Consumer Goods,Fast Moving Consumer Goods,Tea & Coffee,106,,67,Jun 2026,Mar 2026,Jun 2026,30|38|42|44|72|88|105|102|136|151|165|161,68|66|67|68|75|70|73|73|75|73|72|71,,37|63|131|309|553,-12|24|19|17|18,64|52|66|72|73,16|8|4|3|0,-27|11|-36|-23|15,157|152|149|151|302,59|61|75|76|104,40.57|40.06|39.17|38.68|34.08|34.65|34.65|34.65,2.25|3.42|3.36|3.88|5.28|4.38|4.84|5.39,0.00|1.37|1.86|2.55|6.26|6.27|7.62|9.59,5.39,9.59,14.98,4.69
Tasty Bite Eat.,/company/TASTYBITE/,TASTYBITE,30.34,,7.56,14.0,10.9,74.23,,2584.73,10073.00,13.14,30,nse,standalone,71.2,1333,10073,2585,Fast Moving Consumer Goods,Fast Moving Consumer Goods,Packaged Foods,5,7,-1,Jun 2026,Mar 2026,Jun 2026,144.99|132.69|108.91|85.29|156.70|178.68|133.74|121.11|132.87|176.99|117.70|155.75,64|65|62|62|66|66|63|60|67|63|60|61,,167|196|252|296|337|426|385|372|476|540|554|549,9|11|17|16|14|11|14|9|14|14|9|11,64|63|58|58|61|67|63|66|63|63|65|62,6|5|10|10|10|10|9|10|11|10|11|11,12|21|56|37|40|65|61|67|39|59,61|61|65|76|82|98|179|189|207|238|216|206,14|19|28|34|49|60|69|66|87|90|89|108,74.23|74.23|74.23|74.23|74.23|74.23|74.23|74.23,3.87|3.79|3.74|3.70|3.68|3.66|3.67|3.73,0.48|0.44|0.61|0.46|0.46|0.46|0.46|0.00,3.73,0.00,3.73,4.71
Siyaram Silk,/company/SIYSIL/consolidated/,SIYSIL,6.90,,1.76,18.8,14.9,67.45,,2574.98,567.55,3.76,30,nse,consolidated,10.8,322,568,2575,Consumer Discretionary,Textiles,Other Textile Products,5,19,14,Jun 2026,Mar 2026,Jun 2026,586|503|648|307|608|571|736|389|706|624|853|446,48.83|45.63|49.02|39.24|49.72|47.88|50.53|42.96|46.22|44.67|51.36|38.46,,1605|1733|1816|1699|1089|1905|2233|2092|2222|2572,12|14|13|10|4.9|17|16|14|12|13,50.65|44.65|44.41|48.40|58.03|47.05|48.43|47.53|48.07|47.06,17.25|19.18|18.38|16.99|17.29|19.24|19.03|19.48|19.22|20.23,71|-31|192|201|330|45|235|129|255|93,414|443|523|552|490|501|480|477|591|593,331|431|422|430|255|405|424|468|432|534,67.45|67.45|67.45|67.45|67.45|67.44|67.45|67.45,1.48|1.93|2.63|2.54|2.61|2.70|2.25|1.96,2.52|2.52|2.52|2.54|2.51|2.46|2.46|2.51,1.96,2.51,4.47,1
S P Apparels,/company/SPAL/consolidated/,SPAL,12.22,,2.72,14.0,11.2,61.81,,2569.19,1022.00,11.53,30,nse,consolidated,24.4,376,1022,2569,Consumer Discretionary,Textiles,Garments & Apparels,13,19,1,Jun 2026,Mar 2026,Jun 2026,292|252|295|245|391|359|399|403|427|383|365|401,40.81|40.77|45.23|34.63|43.69|41.22|43.81|42.74|42.29|41.54|45.32|42.40,,471|532|632|662|825|808|652|859|1081|1087|1395|1579,15|16|16|16|16|10|16|18|14|15|13|13,43.76|38.38|40.25|38.58|39.58|44.17|41.39|41.23|44.94|41.50|41.50|42.93,14.68|15.92|15.80|16.79|17.68|17.12|16.46|16.66|14.75|15.26|16.31|0.00,26|-1|82|83|80|27|216|79|44|209,275|277|299|307|317|444|444|450|459|454|595|686,107|128|102|187|248|228|241|332|297|265|371|310,61.93|61.93|61.93|61.93|61.93|61.93|61.81|61.81,1.64|1.83|1.81|1.83|1.49|1.83|1.48|1.49,19.56|19.84|19.68|19.92|19.79|18.72|16.57|16.15,1.49,16.15,17.64,1.63
Alembic,/company/ALEMBICLTD/consolidated/,ALEMBICLTD,15.93,,1.05,6.07,13.0,70.88,,2568.85,100.04,4.61,30,nse,consolidated,8.01,95.2,100,2569,Consumer Discretionary,Realty,"Residential, Commercial Projects",24,27,8,Jun 2026,Mar 2026,Jun 2026,32|39|49|51|53|58|60|50|56|74|60|49,30.48|35.94|24.37|31.67|35.36|29.35|28.84|30.73|28.36|36.70|30.01|26.75,,144|134|147|125|124|74|74|78|127|157|222|240,7|4.6|4.6|9|15|4.4|15|18|32|36|42|38,24.30|30.96|28.64|38.27|36.04|42.51|12.76|14.05|4.97|5.81|4.11|6.85,44.68|40.07|45.36|30.12|25.67|9.70|26.10|25.68|34.45|32.96|33.19|30.67,52|24|22|7|-2|-18|39|23|86|120,169|146|171|179|209|225|265|297|321|369|409|472,84|75|51|32|35|35|54|87|89|93|99|52,70.88|70.88|70.88|70.88|70.88|70.88|70.88|70.88,1.97|1.78|1.65|1.50|1.38|1.29|1.25|1.25,0.08|0.06|0.05|0.05|0.05|0.05|0.05|0.06,1.25,0.06,1.31,10.7
Kitex Garments,/company/KITEX/consolidated/,KITEX,56.70,,2.48,1.53,0.97,56.66,,2561.58,128.40,7.33,30,nse,consolidated,,51.6,128,2562,Consumer Discretionary,Textiles,Garments & Apparels,6,8,-36,Jun 2026,Mar 2026,Jun 2026,134|164|173|190|216|276|300|197|122|182|166|158,33.21|39.17|37.58|40.89|37.27|40.28|50.90|45.33|45.90|51.79|56.65|49.64,,511|546|546|557|607|739|455|788|557|617|983|667,34|35|31|24|23|18|22|22|11|16|20|4.3,41|39|36|39|41|43|43|47|47|41|43|50,8|9|12|13|13|15|12|12|13|15|15|0,45|29|9|51|116|-10|295|-38|54|346,188|173|173|172|214|234|227|243|264|244|232|1142,11|13|40|88|129|130|134|155|117|164|191|151,56.66|56.66|56.66|56.66|56.66|56.66|56.66|56.66,0.74|1.10|0.90|0.93|1.16|0.90|0.88|1.21,0.00|0.40|0.87|0.90|0.34|0.16|0.13|0.12,1.21,0.12,1.33,3.84
Zaggle Prepaid,/company/ZAGGLE/,ZAGGLE,9.83,,1.83,13.5,10.0,44.30,,2558.21,190.26,79.2,30,nse,standalone,20.6,104,190,2558,Information Technology,Information Technology,IT Enabled Services,50,51,38,Jun 2026,Mar 2026,Jun 2026,184|200|273|252|303|336|411|331|431|498|593|390,,,68|240|371|553|776|1303|1853,16|12|16|9|9|9|10,,17|18|42|60|51|54|0,-20|3|20|-16|-83|20|-6,8|7|12|29|23|104|200,0|0|0|0|0|0|1,43.88|40.09|44.21|44.20|44.20|44.13|44.16|44.30,6.14|9.17|8.44|8.50|8.64|7.61|4.06|2.31,10.69|14.56|13.26|10.64|8.63|7.75|7.40|5.44,2.31,5.44,7.75,1.38
J.G.Chemicals,/company/JGCHEM/consolidated/,JGCHEM,22.73,,4.82,18.1,13.3,70.99,,2552.19,651.30,61.95,30,nse,consolidated,34.0,135,651,2552,Commodities,Chemicals,Commodity Chemicals,8,18,24,Jun 2026,Mar 2026,Jun 2026,153|161|181|203|212|209|224|218|220|248|286|316,84|79|80|79|79|78|82|82|82|81|84|81,,398|434|611|782|666|847|973,4.9|10|9|10|7|10|8,85|80|81|81|83|80|82,5|5|5|5|5|5|0,41|-7|7|31|76|-11|44,21|23|22|35|42|39|67,46|49|88|104|56|111|92,70.99|70.99|70.99|70.99|70.99|70.99|70.99|70.99,6.61|6.04|6.09|6.05|4.33|3.20|3.28|3.21,3.77|3.94|3.70|3.49|3.15|3.49|3.47|3.00,3.21,3.00,6.21,2.62
Rajratan Global,/company/RAJRATAN/consolidated/,RAJRATAN,17.68,,3.88,13.2,11.5,65.20,,2521.54,496.65,13.92,30,nse,consolidated,31.7,128,497,2522,Consumer Discretionary,Automobile and Auto Components,Auto Components & Equipments,9,16,28,Jun 2026,Mar 2026,Jun 2026,214|233|240|220|245|218|251|247|294|302|314|318,65|65|66|65|62|62|63|60|57|61|64|60,,274|283|283|345|493|480|547|893|895|890|935|1156,9|15|14|10|11|14|17|20|18|14|14|12,65|58|58|64|67|61|62|60|62|65|63|61,14|15|15|14|12|13|11|10|12|12|13|14,32|39|48|51|39|122|162|107|57|75,103|100|115|129|168|229|242|281|325|364|532|619,38|30|34|36|45|41|51|82|86|72|110|104,65.13|65.13|65.13|65.13|65.13|65.13|65.20|65.20,0.27|0.16|0.21|0.14|0.57|0.50|0.57|0.83,8.25|8.21|8.19|8.26|8.29|8.27|8.30|8.35,0.83,8.35,9.18,2.18
Hikal,/company/HIKAL/consolidated/,HIKAL,12.99,,2.1,3.52,2.95,68.85,,2518.17,204.23,7.87,30,nse,consolidated,59.4,97.2,204,2518,Healthcare,Healthcare,Pharmaceuticals,-5,0,-5,Jun 2026,Mar 2026,Jun 2026,434.88|447.50|514.10|406.80|452.90|447.70|552.40|380.40|318.50|494.30|519.40|402.80,49.01|46.21|45.57|47.27|44.58|47.11|42.03|49.11|39.65|46.94|41.70|45.33,,872|926|1014|1296|1590|1507|1720|1943|2023|1785|1860|1713,21|20|20|19|19|18|19|18|13|15|18|13,48.98|50.16|50.24|53.93|53.71|51.51|52.80|51.29|54.72|46.21|45.02|44.48,13.87|12.64|12.69|12.64|13.98|14.84|13.90|14.72|14.90|17.18|16.65|0.00,163|139|186|285|229|294|315|187|280|302,639|623|668|634|713|735|713|879|948|1071|1364|1333,314|291|264|303|364|312|267|329|317|304|334|358,68.85|68.85|68.85|68.85|68.85|68.85|68.85|68.85,6.78|6.06|5.70|5.35|4.23|2.31|1.44|0.98,3.58|3.48|3.80|4.03|5.15|7.05|7.20|7.23,0.98,7.23,8.21,1.47
Pix Transmission,/company/PIXTRANS/consolidated/,PIXTRANS,12.03,,3.61,21.7,16.4,62.06,,2512.42,1843.30,13.34,30,nse,consolidated,19.1,511,1843,2512,Industrials,Capital Goods,Rubber,6,9,4,Jun 2026,Mar 2026,Jun 2026,124|128|129|130|160|140|163|122|139|151|171|149,38.67|38.53|38.65|34.21|34.14|35.51|38.80|34.60|34.99|35.11|35.43|31.54,,212|224|239|253|295|304|380|449|486|493|593|582,17|17|20|23|20|20|30|26|22|24|28|26,34.28|39.87|29.21|32.67|36.31|34.36|35.39|38.37|38.16|37.02|34.44|33.85,9.11|4.33|12.48|6.62|8.87|8.86|6.88|10.14|12.16|12.55|12.57|12.21,27|31|47|52|58|55|112|137|108|171,167|173|174|187|199|219|226|259|273|276|267|269,56|44|47|64|70|73|97|125|105|98|120|102,61.82|61.82|61.82|61.82|61.82|62.06|62.06|62.06,0.26|0.92|0.80|1.03|0.94|0.98|0.41|0.61,0.22|0.76|0.57|0.56|0.67|1.55|2.51|2.70,0.61,2.70,3.31,4.32
Gandhar Oil Ref.,/company/GANDHAR/consolidated/,GANDHAR,5.57,,1.86,13.3,10.5,66.60,,2510.32,256.47,130.59,30,nse,consolidated,8.33,138,256,2510,Energy,"Oil, Gas & Consumable Fuels",Lubricants,1,14,33,Jun 2026,Mar 2026,Jun 2026,1001|1103|939|995|935|1005|962|903|1060|1167|1093|1732,88|88|89|89|89|90|88|89|88|91|88|79,,1756|2169|3568|2504|2221|3543|4079|4113|3897|4241,4.3|6|2.0|2.4|6|7|8|7|4.5|6,87|85|86|85|85|85|86|86|87|87,6|7|8|8|5|4|4|4|5|5,214|-26|165|70|118|167|88|-69|15|128,74|78|99|97|88|190|238|361|450|498,226|261|253|185|199|326|451|448|463|644,64.63|64.63|65.01|65.01|65.01|66.18|66.47|66.60,0.02|0.62|0.18|0.24|0.17|0.34|0.14|1.27,1.84|1.70|1.79|1.97|2.05|0.43|0.09|1.02,1.27,1.02,2.29,0.59
JNK,/company/JNKINDIA/consolidated/,JNKINDIA,19.00,,4.44,17.4,12.1,67.80,,2504.78,447.65,13.09,30,nse,consolidated,33.3,101,448,2505,Industrials,Capital Goods,Industrial Products,26,43,84,Jun 2026,Mar 2026,Jun 2026,96.91|119.77|226.91|87.99|103.93|93.88|190.94|99.10|178.38|202.64|338.44|179.96,63|56|70|63|71|72|82|79|78|74|76|76,,138|296|407|480|477|819,18|18|17|21|10|11,18|31|35|47|54|76,21|24|27|16|21|0,20|34|20|-10|-65|-2,3|20|21|23|29|48,5|62|82|83|43|25,67.97|67.78|67.79|67.60|67.60|67.80|67.80|67.80,3.41|3.13|3.06|2.87|2.70|1.73|1.18|0.94,18.67|18.44|17.87|17.44|15.76|14.13|12.57|10.91,0.94,10.91,11.85,3.06
Medi Assist Ser.,/company/MEDIASSIST/consolidated/,MEDIASSIST,12.09,,2.98,14.1,13.9,4.61,,2493.55,333.80,6.79,30,nse,consolidated,25.2,112,334,2494,Financial Services,Financial Services,Insurance Distributors,21,23,27,Jun 2026,Mar 2026,Jun 2026,141|166|167|168|181|186|189|191|233|240|242|237,,,277|319|323|394|505|635|723|905,30|26|23|23|24|21|21|19,,13.10|13.07|13.71|19.22|16.01|15.00|12.11|0.00,35|19|139|64|81|66|138|118,142|138|119|99|171|246|306|659,,20.60|20.56|20.56|20.55|4.87|4.62|4.61|4.61,16.25|14.04|13.26|13.89|23.00|25.27|24.31|25.42,41.33|42.72|42.91|42.30|48.90|49.91|49.18|47.24,25.42,47.24,72.66,2.76
Stallion India,/company/STALLION/,STALLION,28.79,,3.65,11.8,8.93,47.80,,2479.01,213.55,61.6,30,nse,standalone,47.6,58.6,214,2479,Commodities,Chemicals,Industrial Gases,24,30,6,Jun 2026,Mar 2026,Jun 2026,73|68|85|152|110|106|105|110|121,77|73|73|79|80|80|82|79|76,,118|186|226|233|377|431,12|18|8|10|13|13,78|75|84|80|76|80,0|0|1|1|0|0,-8|8|-3|-73|-13|39,19|18|13|14|17|31,32|43|42|91|101|127,67.90|67.90|67.90|64.84|47.80|47.80,3.32|0.47|0.80|0.47|1.78|0.82,4.70|4.75|0.07|0.68|4.04|1.53,0.82,1.53,2.35,5.75
Sirca Paints,/company/SIRCA/,SIRCA,23.22,,5.21,20.3,15.8,65.19,,2477.87,436.30,19.72,30,nse,standalone,37.0,83.7,436,2478,Consumer Discretionary,Consumer Durables,Paints,23,29,24,Jun 2026,Mar 2026,Jun 2026,84|72|83|79|105|89|101|114|131|113|134|130,52|55|56|56|56|52|52|53|54|54|55|54,,65|71|83|89|116|134|141|196|264|311|372|492,9|14|25|29|27|23|9|20|23|22|18|20,77|70|59|51|58|53|60|60|56|54|54|54,1|1|1|2|1|1|1|4|4|4|6|5,11|-1|12|-8|19|35|-19|42|54|44,2|2|8|20|25|50|41|53|54|58|164|174,4|6|10|15|27|51|65|70|100|95|108|111,67.55|67.55|67.55|67.54|65.19|65.19|65.19|65.19,4.61|4.09|4.28|5.18|6.47|6.92|6.29|6.08,0.69|0.00|0.00|0.00|0.32|0.32|0.00|3.53,6.08,3.53,9.61,5.04
Talbros Auto.,/company/TALBROAUTO/consolidated/,TALBROAUTO,13.10,,3.34,18.6,15.1,58.43,,2477.46,401.35,8.15,30,nse,consolidated,22.1,120,401,2477,Consumer Discretionary,Automobile and Auto Components,Auto Components & Equipments,10,14,9,Jun 2026,Mar 2026,Jun 2026,194|199|203|204|215|201|206|207|213|214|237|238,55|55|52|55|53|52|47|52|52|52|51|51,,384|388|325|393|483|385|444|577|647|778|827|870,10|11|10|10|10|9|13|13|13|15|16|16,57|56|56|56|56|53|54|53|54|54|52|52,13|11|12|13|13|13|13|19|17|17|17|0,38|34|16|37|66|52|57|67|80|85,114|117|119|128|144|153|150|157|171|212|221|228,128|141|99|109|111|108|102|114|133|127|126|146,58.43|58.43|58.43|58.43|58.43|58.43|58.43|58.43,0.50|0.68|0.70|0.70|0.72|0.61|0.49|1.27,0.00|0.01|0.01|0.02|0.02|0.09|0.09|0.18,1.27,0.18,1.45,2.85
Fischer Medical,/company/FISCHER/consolidated/,FISCHER,50.07,,6.02,11.4,8.59,63.09,,2476.14,35.44,7,30,nse,consolidated,101,5.88,35.4,2476,Healthcare,Healthcare,Medical Equipment & Supplies,1097,,196,Jun 2026,Mar 2026,Aug 2026,0.00|20.79|10.12|39.66|11.75|49.17|23.44|86.31|101.10|97.54|81.92,|79|85|91|64|80|54|15|48|78|71,,0|21|111|309,11|9|2.6|14,0|78|83|63,0|2|1|0,|-7|-87|-101,0|15|24|33,0|4|9|13,74.91|62.82|61.80|61.80|61.80|62.15|62.15|63.09,5.07|5.23|5.55|5.57|4.85|4.97|5.48|5.57,1.68|1.44|1.42|1.42|1.36|1.38|1.35|1.26,5.57,1.26,6.83,8.01
Ratnaveer Precis,/company/RATNAVEER/,RATNAVEER,19.47,,3.52,12.3,12.4,45.49,,2475.41,294.95,230.83,30,nse,standalone,36.6,83.8,295,2475,Industrials,Capital Goods,Iron & Steel Products,31,24,17,Jun 2026,Mar 2026,Jun 2026,142|193|142|204|230|255|203|265|286|269|249|315,86|87|89|83|85|87|82|85|84|82|82|84,,297|360|427|480|595|892|1069,8|6|6|10|8|10|10,81|85|83|82|86|85|84,6|6|6|5|3|3|0,7|14|-16|0|12|95|-48,22|32|41|50|74|186|242,115|136|171|206|245|293|289,50.72|50.72|50.72|50.72|50.72|42.63|42.74|45.49,0.73|2.38|1.84|1.23|1.32|8.35|7.28|3.53,0.39|0.27|0.23|0.00|0.10|2.57|2.54|2.00,3.53,2.00,5.53,2.32
Cosmo First,/company/COSMOFIRST/consolidated/,COSMOFIRST,7.91,,1.52,11.2,10.4,40.78,,2463.14,938.35,12.61,30,nse,consolidated,14.4,616,938,2463,Industrials,Capital Goods,Packaging,6,10,33,Jun 2026,Mar 2026,Jun 2026,664|625|641|690|759|701|746|800|919|899|1021|1166,65|68|67|65|64|65|65|63|64|68|64|66,,1647|1621|1587|1847|2157|2204|2285|3038|3065|2587|2895|3639,6|12|10|7|7|12|17|19|12|7|10|11,70|63|63|72|73|67|61|62|67|68|65|65,11|11|11|11|10|10|10|9|10|12|12|12,50|82|143|240|335|481|465|245|166|397,595|647|989|1023|1013|1023|1020|1003|1427|1589|1820|2478,180|172|237|282|278|275|375|554|535|510|604|710,45.04|40.98|40.98|40.98|40.86|40.86|40.78|40.78,2.56|3.99|3.12|3.49|3.24|2.67|2.13|2.40,0.85|0.69|0.09|0.68|0.47|0.84|1.13|1.49,2.40,1.49,3.89,0.68
Satin Creditcare,/company/SATIN/consolidated/,SATIN,6.11,,0.86,13.8,12.3,36.17,,2456.54,222.37,11.5,30,nse,consolidated,6.00,259,222,2457,Financial Services,Financial Services,Microfinance Institutions,27,18,21,Jun 2026,Mar 2026,Jun 2026,538|596|642|633|657|684|615|703|788|740|920|762,,,801|1031|1443|1500|1377|1378|1549|2234|2572|3143,,,0.48|0.43|0.45|0.44|0.90|0.44|0.50|0.33|0.40|0.42,-966|-1541|611|-225|-945|336|-956|-2069|-563|-974,73|75|81|94|131|126|129|133|137|154,,36.17|36.17|36.17|36.17|36.17|36.17|36.17|36.17,6.09|4.83|4.52|4.32|3.90|3.55|3.52|4.88,6.59|6.11|6.35|7.15|5.18|5.18|5.30|6.32,4.88,6.32,11.2,0.78
Oriental Hotels,/company/ORIENTHOT/consolidated/,ORIENTHOT,18.39,,3.21,12.1,9.49,68.53,,2455.38,137.48,43.14,30,nse,consolidated,36.6,42.7,137,2455,Consumer Discretionary,Consumer Services,Hotels & Resorts,8,34,7,Jun 2026,Mar 2026,Jun 2026,91.03|102.06|107.48|81.97|103.30|121.90|132.53|107.65|110.48|139.25|136.46|111.48,10.50|9.93|10.07|9.71|10.30|10.21|9.84|10.11|9.94|9.84|9.67|9.97,,367|311|335|358|347|291|116|219|395|393|440|494,16|11|15|16|15|13|-28|11|29|25|25|27,11.69|11.70|11.12|11.30|10.69|10.45|13.03|9.97|9.88|10.11|10.03|9.87,31.94|32.18|29.23|27.96|28.29|28.32|35.42|30.66|28.04|28.81|28.51|27.61,42|52|38|45|-21|29|104|91|100|128,537|407|391|376|395|396|372|355|380|388|481|478,10.77|7.76|7.57|8.39|7.18|8.55|8.13|7.51|9.23|9.79|11.47|11.17,67.56|67.56|67.56|67.56|67.56|67.56|68.25|68.53,0.53|0.66|0.42|0.42|0.63|0.50|0.37|0.36,2.68|2.68|2.68|2.68|2.42|1.16|1.14|1.14,0.36,1.14,1.5,4.97
Dolphin Offshore,/company/DOLPHIN/consolidated/,DOLPHIN,26.56,,6.93,14.9,21.9,74.99,,2450.48,612.55,5.42,30,nse,consolidated,34.0,88.4,613,2450,Energy,"Oil, Gas & Consumable Fuels",Offshore Support Solution Drilling,,,74,Jun 2026,Mar 2026,Jun 2026,2|2|2|8|17|28|20|16|25|30|45|43,19.02|26.97|11.79|20.02|20.02|43.65|40.17|0.12|3.57|18.47|36.46|24.11,,200|416|358|196|158|208|168|0|0|6|74|116,-0.3|20|36|47|42|21|24|||35|62|62,0.00|-3.18|3.21|0.59|0.18|0.71|0.40|||0.00|0.00|0.00,65.95|64.79|48.24|23.74|28.07|27.61|43.92|||23.03|34.83|19.75,62|89|20|-8|22|-1|-4|4|10|45,218|207|216|201|189|324|289|66|58|3|1|309,8|27|10|10|9|8|8|6|0|0|0|0,74.99|74.99|74.99|74.99|74.99|74.99|74.99|74.99,12.82|12.82|4.57|4.57|4.57|4.57|4.58|4.57,1.60|1.60|1.47|0.31|0.31|0.31|0.31|0.31,4.57,0.31,4.88,21.12
Eveready Inds.,/company/EVEREADY/consolidated/,EVEREADY,15.29,,3.93,17.2,18.5,43.60,,2450.29,337.10,3.96,30,nse,consolidated,15.4,85.7,337,2450,Fast Moving Consumer Goods,Fast Moving Consumer Goods,Household Products,3,3,9,Jun 2026,Mar 2026,Jun 2026,365|305|281|349|363|334|299|374|387|367|327|408,57|56|55|55|53|56|55|55|57|58|57|56,,1279|1324|1357|1456|1507|1221|1249|1207|1328|1314|1345|1455,10|9|10|7|8|10|18|10|8|11|11|11,63|63|62|62|64|60|55|60|62|57|55|57,3|2|2|2|3|3|3|3|3|3|4|4,82|81|70|133|173|134|37|154|130|83,696|222|334|357|343|328|314|305|310|293|304|276,260|238|284|300|253|210|245|241|260|250|287|302,43.19|43.19|43.19|43.19|43.21|43.21|43.20|43.60,3.92|4.21|4.86|4.96|5.21|5.05|5.27|5.44,2.61|2.77|2.63|2.51|2.70|2.76|2.78|2.84,5.44,2.84,8.28,1.68
Bombay Dyeing,/company/BOMDYEING/consolidated/,BOMDYEING,29.92,,1.06,1.27,0.28,53.57,,2445.37,118.40,10.35,30,nse,consolidated,114,111,118,2445,Consumer Discretionary,Textiles,Other Textile Products,-18,4,-3,Jun 2026,Mar 2026,Jun 2026,440.60|369.22|380.65|450.97|380.63|414.81|359.02|377.84|362.63|324.02|395.84|410.80,74|82|79|74|76|72|74|77|76|81|73|50,,2385|1848|1924|2662|4430|1895|1193|2001|2674|1688|1605|1460,11|10|14|22|39|17|2.2|8|-1.3|-2.9|-1.6|-3.7,45|52|54|44|32|57|50|68|77|77|74|77,33|23|19|25|22|12|32|10|8|12|13|14,169|-451|-774|99|604|522|861|355|-17|-182,879|631|572|556|528|521|488|466|442|575|583|600,711|680|421|409|2201|2424|2043|1815|1098|245|254|462,53.58|53.59|53.59|53.58|53.58|53.56|53.56|53.57,1.06|1.20|1.58|0.96|0.89|0.88|1.04|0.91,1.45|1.45|1.42|1.13|0.98|0.98|0.99|0.99,0.91,0.99,1.9,1.67
Beta Drugs Ltd,/company/BETA/consolidated/,BETA,26.45,,9.13,19.2,18.8,59.10,,2440.00,2201.00,13.59,30,nse,consolidated,53.5,241,2201,2440,Healthcare,Healthcare,Pharmaceuticals,19,27,6,Jun 2026,Mar 2026,Jun 2026,88|94|100|103|87|94|126,47.89|46.90|49.64|47.68|41.30|38.41|43.42,,51|66|91|116|184|227|296|362|385,19|18|20|21|23|23|20|21|20,54.32|50.95|48.85|50.62|51.38|46.54|50.53|47.29|44.48,12.97|12.50|11.91|11.63|9.79|10.89|10.90|11.40|0.00,17|0|8|19|30|23|31|36|37,13|18|44|40|55|63|65|89|125,3|10|12|16|22|31|50|60|74,66.73|66.73|66.73|66.73|66.73|64.90|64.63|59.10,1.16|1.15|0.90|0.90|0.90|1.14|1.16|1.02,0.16|0.17|0.17|0.26|0.29|1.90|2.15|6.23,1.02,6.23,7.25,6.34
Easy Trip Plann.,/company/EASEMYTRIP/consolidated/,EASEMYTRIP,296.91,,2.78,0.63,-0.71,43.56,,2438.61,6.12,11.48,30,nse,consolidated,,2.20,6.12,2439,Consumer Discretionary,Consumer Services,"Tour, Travel Related Services",6,31,1,Jun 2026,Mar 2026,Jun 2026,142|161|164|153|145|151|139|114|118|152|152|135,0.30|0.39|0.47|0.37|0.48|0.61|0.80|1.12|1.48|1.46|1.63|1.93,,141|138|235|449|591|587|536,7|56|57|39|36|25|-3.1,0|0|0|0|0|1|1,5|2|3|5|11|14|0,27|74|20|-119|124|112|-4,12|12|31|37|131|165|205,0|0|0|1|1|2|3,50.38|50.38|48.97|47.72|47.72|47.72|47.72|43.56,2.50|2.58|3.74|2.59|0.50|0.45|1.42|5.95,2.64|3.00|2.90|2.47|2.48|2.48|2.30|1.99,5.95,1.99,7.94,4.55
Panacea Biotec,/company/PANACEABIO/consolidated/,PANACEABIO,134.87,,2.91,-2.44,-2.36,72.48,,2422.47,395.50,8.22,30,nse,consolidated,,136,396,2422,Healthcare,Healthcare,Pharmaceuticals,12,0,10,Jun 2026,Mar 2026,Jun 2026,143.02|150.50|136.46|115.72|147.35|163.49|132.53|166.70|141.13|165.19|166.75|199.57,41|45|36|36|29|38|39|46|42|41|46|51,,687|653|544|593|457|544|625|661|460|559|559|640,6|17|7|14|-29|11|12|-2.0|-21|-3.5|-4.4|-0.7,40.78|33.06|27.48|31.59|37.71|28.82|32.75|39.65|54.93|41.16|35.69|43.84,10.08|9.28|14.34|13.84|19.18|14.30|16.08|17.64|21.02|21.01|20.85|0.00,131|118|105|-30|107|-108|-422|-0|-27|17,1144|1071|1001|949|806|657|609|622|600|582|567|620,310|305|316|334|81|148|174|213|202|178|214|193,72.87|72.49|72.48|72.48|72.48|72.48|72.48|72.48,0.37|0.38|1.16|0.79|1.06|1.36|1.60|2.31,1.16|1.16|1.49|1.52|1.80|1.85|1.96|2.25,2.31,2.25,4.56,3.78
Omaxe,/company/OMAXE/consolidated/,OMAXE,-7.14,,-2.68,-110,,74.14,,2409.53,131.74,35.51,30,nse,consolidated,,-49.3,132,2410,Consumer Discretionary,Realty,"Residential, Commercial Projects",17,21,-8,Jun 2026,Mar 2026,Jun 2026,266.09|599.21|535.58|341.61|389.18|288.94|541.26|282.24|320.82|301.82|348.52|406.17,111|99|117|136|147|129|111|148|139|139|137|92,,1414|1386|1627|1839|1167|1121|476|618|773|1614|1561|1253,17|17|17|14|11|18|-25|-8|-39|-21|-39|-56,-69|-17|-19|-27|-94|-20|-58|-93|-120|15|-6|141,142|89|92|104|170|91|158|184|233|97|135|0,121|19|400|638|566|783|469|987|1007|212,118|600|604|604|599|747|671|627|582|565|606|170,4471|4515|4872|5120|8411|8235|8593|9267|10430|10509|11011|12316,74.14|74.14|74.14|74.14|74.14|74.14|74.14|74.14,7.19|7.27|7.38|6.66|6.06|5.11|6.18|5.33,2.29|2.29|2.29|2.26|1.56|1.56|1.56|1.40,5.33,1.40,6.73,1.92
Advait Energy,/company/ADVAIT/consolidated/,ADVAIT,22.41,,8.66,27.9,21.5,66.76,,2408.01,2200.50,13.69,30,nse,consolidated,41.7,254,2200,2408,Industrials,Capital Goods,Other Electrical Equipment,90,61,70,Jun 2026,Mar 2026,Jun 2026,49|73|60|60|46|98|193|118|157|211|228|179,58|51|43|48|39|43|69|65|42|51|64|69,,28|45|66|79|104|209|399|715,14|10|7|13|16|17|13|12,63|65|74|69|51|51|56|56,7|10|3|2|21|20|23|0,3|1|-0|12|13|-9|46|-10,19|18|15|15|35|42|50|85,1|5|6|7|13|20|16|59,69.44|69.46|69.46|67.45|66.81|66.80|66.80|66.76,0.01|0.00|0.00|0.00|0.00|0.02|0.21|0.68,0.00|0.00|0.31|0.72|0.57|0.35|0.13|0.04,0.68,0.04,0.72,3.37
India Nipp.Elec.,/company/INDNIPPON/consolidated/,INDNIPPON,16.17,,2.93,17.0,11.9,70.37,,2401.49,1061.60,3.61,30,nse,consolidated,26.3,363,1062,2401,Consumer Discretionary,Automobile and Auto Components,Auto Components & Equipments,18,17,26,Mar 2026,Mar 2026,Jun 2026,160|190|179|196|187|210|215|234|225|273|272|299,71|68|69|67|68|68|67|68|69|70|69|70,,324|336|351|452|525|479|481|566|656|724|845|1068,10|10|10|14|14|11|9|9|8|9|11|11,70|69|67|66|65|66|68|70|69|69|68|69,5|4|5|5|4|5|4|5|4|4|4|4,42|27|36|52|38|7|57|63|50|40,47|50|57|64|66|81|91|130|134|143|154|173,18|25|22|31|35|39|44|50|56|69|72|91,70.37|70.37|70.37|70.37|70.37|70.37|70.37|70.37,0.21|0.21|0.19|0.28|0.37|0.42|0.41|0.33,0.00|0.00|0.00|0.00|0.00|0.06|0.06|0.22,0.33,0.22,0.55,2.25
Arkade,/company/ARKADE/consolidated/,ARKADE,12.81,,2.67,19.3,20.8,71.19,,2364.98,127.38,5.58,30,nse,consolidated,13.3,47.5,127,2365,Consumer Discretionary,Realty,"Residential, Commercial Projects",55,51,12,Jun 2026,Mar 2026,Jun 2026,211|239|123|125|202|225|131|159|264|197|197|147,65|69|67|55|64|67|54|71|71|64|71|71,,106|225|220|635|683|816,24|24|27|26|30|23,7|-42|-92|2|-61|69,55|113|152|66|123|0,144|-125|-99|101|-218|-119,0|2|2|14|19|41,204|299|501|488|906|910,70.82|70.82|71.09|71.09|71.14|71.14|71.19|71.19,4.29|1.25|0.47|1.23|0.24|0.20|0.23|0.13,0.51|0.16|0.14|0.05|0.04|0.07|0.09|0.08,0.13,0.08,0.21,2.9
Dynamic Cables,/company/DYCL/,DYCL,16.31,,5.17,26.2,19.9,68.18,,2362.84,487.60,71.78,30,nse,standalone,25.9,94.4,488,2363,Industrials,Capital Goods,Cables - Electricals,21,28,19,Jun 2026,Mar 2026,Jun 2026,154|192|241|209|234|252|331|262|282|299|355|349,83|83|80|81|81|82|81|81|79|80|82|81,,260|268|300|357|527|429|343|564|669|768|1025|1198,3.6|8|6|5|9|11|7|11|9|10|10|11,89|84|86|85|82|78|81|81|83|81|81|80,0|0|2|2|2|2|2|2|1|1|1|2,22|-23|18|40|17|64|27|1|56|62,18|19|18|56|58|56|55|53|56|63|84|97,27|47|37|48|50|53|84|94|89|127|150|173,68.17|68.17|68.18|68.18|68.18|68.18|68.18|68.18,0.32|1.19|1.08|1.27|0.55|0.53|0.90|0.67,2.06|2.45|2.17|1.62|1.57|1.03|1.27|0.98,0.67,0.98,1.65,1.97
Kilburn Engg.,/company/KLBRENG-B/consolidated/,KLBRENG-B,15.77,,3.4,23.2,17.1,44.54,,2357.62,421.00,11.66,30,nse,consolidated,26.8,124,421,2358,Industrials,Capital Goods,Industrial Products,,,32,Jun 2026,Mar 2026,Jun 2026,122|85|104|108|127|129|154|157|189|117,51.37|48.76|43.40|44.49|36.26|43.23|39.73|42.57|46.13|40.54,,329|424|629,23|24|23,50.20|42.62|43.08,11.77|12.40|0.00,26|-10|-18,159|284|292,31|48|46,50.82|48.66|49.10|48.26|45.96|46.02|45.76|44.54,0.21|2.08|1.76|1.82|1.48|1.28|1.24|1.13,0.00|2.06|2.10|3.79|5.02|5.86|7.49|7.64,1.13,7.64,8.77,3.75
Knack Packaging,/company/KNACK/,KNACK,15.21,,,34.1,42.0,70.59,,2356.88,192.61,30.09,30,nse,standalone,23.1,,193,2357,Industrials,Capital Goods,Packaging,16,17,11,Jun 2026,Mar 2026,Jul 2026,183|210|257,59|59|59,,367|479|513|643|727|810,13|11|11|15|18|18,65|68|67|60|61|58,8|10|10|11|10|0,20|21|26|33|92|,85|80|97|162|161|,36|46|52|84|91|,70.59,1.21,9.30,1.21,9.30,10.51,2.91
Asian Energy,/company/ASIANENE/consolidated/,ASIANENE,19.76,,4.37,16.5,12.9,56.14,,2338.96,480.80,28.06,30,nse,consolidated,36.2,110,481,2339,Energy,"Oil, Gas & Consumable Fuels",Oil Equipment & Services,93,28,82,Jun 2026,Mar 2026,Jun 2026,45|95|119|60|98|92|215|115|102|235|338|271,-0.40|-0.06|-0.04|0.02|-0.07|-0.17|0.16|0.06|0.01|-0.08|-0.00|0.06,,141|78|124|222|194|273|229|260|110|305|465|791,-3.9|-30|-13|18|17|24|24|25|-17|14|14|12,0|0|0|0|0|0|0|0|0|-0|0|-0,71|81|46|56|66|67|64|59|74|72|74|0,-18|27|27|89|-7|48|-3|-44|-33|53,106|95|83|100|87|90|132|112|96|112|115|115,4|6|2|2|1|0|0|0|0|0|0|0,60.97|60.97|60.97|60.97|60.97|60.97|60.75|56.14,2.24|2.26|2.35|2.33|0.94|1.09|1.34|1.39,0.00|0.00|0.00|0.25|0.39|0.52|0.81|0.27,1.39,0.27,1.66,2.96
Geojit Fin. Ser.,/company/GEOJITFSL/consolidated/,GEOJITFSL,9.61,,1.95,9.02,7.32,38.47,,2336.25,83.70,3.25,30,nse,consolidated,30.0,43.0,83.7,2336,Financial Services,Financial Services,Stockbroking & Allied,15,10,-5,Jun 2026,Mar 2026,Jun 2026,144|152|208|181|218|172|177|144|170|160|182|160,,,321|269|301|363|308|306|426|500|447|623|749|675,39|27|34|34|28|33|45|46|35|38|38|24,,2.72|2.87|2.79|2.44|14.16|17.29|17.86|16.63|15.65|15.38|15.06|13.83,112|59|-24|137|-120|83|38|-124|167|236,95|97|60|60|90|83|73|85|99|112|116|152,,54.59|55.05|55.05|52.13|51.73|38.47|38.47|38.47,3.77|3.31|3.42|3.53|2.96|2.58|1.87|1.58,0.05|0.04|0.16|0.83|0.83|10.13|9.87|10.04,1.58,10.04,11.62,3.46
Exicom Tele-Sys.,/company/EXICOM/consolidated/,EXICOM,-44.42,,3.59,-14.7,-40.8,65.20,,2335.57,167.93,26.4,30,nse,consolidated,,46.8,168,2336,Industrials,Capital Goods,Heavy Electrical Equipment,18,18,56,Jun 2026,Mar 2026,Jun 2026,190|264|301|252|153|197|266|205|282|277|388|331,67|71|69|68|66|70|64|59|67|71|66|67,,513|843|708|1020|868|1152,6|8|8|11|-4.3|-9,76|77|73|71|67|66,2|2|2|2|2|0,-13|56|3|28|-169|-87,93|101|79|92|586|868,117|136|128|196|282|404,69.57|69.57|69.57|69.50|66.47|66.47|66.47|65.20,0.95|0.74|0.60|0.48|0.52|0.06|0.20|0.20,6.48|5.66|3.79|3.82|3.88|3.68|3.46|0.31,0.20,0.31,0.51,2.03
GNA Axles,/company/GNA/consolidated/,GNA,9.54,,2.32,14.3,12.2,65.78,,2329.64,542.65,28.2,30,nse,consolidated,17.6,234,543,2330,Consumer Discretionary,Automobile and Auto Components,Auto Components & Equipments,-2,11,8,Jun 2026,Mar 2026,Jun 2026,404|357|371|400|388|375|378|344|348|375|411|470,66|64|69|67|65|65|65|64|61|59|60|64,,509|513|670|928|909|890|1270|1583|1506|1540|1478,16|16|15|16|14|16|14|15|13|14|16,62|62|63|66|65|62|66|58|57|57|52,11|12|10|8|9|8|6|15|18|17|18,-90|60|72|119|33|41|105|98|92|214,147|132|191|229|244|295|291|306|344|406|459,91|110|154|161|145|153|188|188|198|194|248,67.81|67.89|68.83|68.95|68.95|68.58|68.43|65.78,0.61|0.48|0.41|0.56|0.32|0.35|1.27|1.70,11.77|12.42|11.31|11.32|11.38|11.42|11.00|11.59,1.70,11.59,13.29,1.58
Prakash Industri,/company/PRAKASH/,PRAKASH,4.79,,0.65,9.55,9.65,44.38,,2327.53,129.97,6.28,30,nse,standalone,7.44,200,130,2328,Commodities,Metals & Mining,Iron & Steel,0,2,-11,Jun 2026,Mar 2026,Jun 2026,889|885|890|1167|1077|926|845|1037|723|799|920|1032,69|68|69|74|73|69|65|65|58|59|60|57,,2830|2053|2174|2935|3588|2974|3216|3929|3444|3678|4014|3479,14|9|12|20|22|12|10|10|12|13|13|15,69|71|68|63|59|66|71|74|73|70|71|61,9|10|10|8|11|11|10|6|6|6|6|0,269|476|696|388|159|350|585|601|142|299,1733|1635|1578|2377|2357|3013|2976|2939|3118|2720|3274|3297,194|183|188|251|233|137|294|348|312|301|484|498,44.27|44.27|44.27|44.38|44.38|44.38|44.38|44.38,3.95|3.69|3.82|4.28|4.36|4.03|3.89|3.72,0.01|0.02|0.01|0.14|0.01|0.02|0.01|0.04,3.72,0.04,3.76,0.67
Jaykay Enter.,/company/JAYKAY/consolidated/,JAYKAY,44.60,,3.37,8.18,11.7,65.19,,2324.88,154.11,4.66,30,nse,consolidated,57.0,45.7,154,2325,Industrials,Capital Goods,Aerospace & Defense,76,284,118,Jun 2026,Mar 2026,Jun 2026,8.14|7.54|30.03|17.14|30.81|21.73|10.96|55.45|63.07|59.97|61.16|74.57,-1|31|88|61|74|62|24|6|2|2|19|8,,0|0|0|0|0|0|11|47|53|81|258,-1323|-1390|-1587|-1716|-1774|-1577|-12|4.3|6|-0.6|16,0|0|0|0|0|0|69|76|62|61|7,240|210|130|132|132|126|7|5|8|10|0,-11|-4|-0|5|1|-2|-25|-32|-0|40,1|1|1|1|1|6|10|31|98|105|99,0|0|0|0|0|0|0|1|19|39|42,60.58|60.58|62.31|62.89|65.19|65.19|65.19|65.19,0.15|0.15|0.13|0.15|0.13|0.13|0.18|0.17,0.21|0.01|0.00|0.00|0.00|0.00|0.00|0.00,0.17,0.00,0.17,9.01
Veranda Learning,/company/VERANDA/consolidated/,VERANDA,12.74,,2.42,12.8,3.84,33.75,,2318.68,240.65,20.93,30,nse,consolidated,36.0,99.6,241,2319,Consumer Discretionary,Consumer Services,E-Learning,44,185,32,Jun 2026,Mar 2026,Jun 2026,98|92|103|119|106|99|87|106|127|117|132|150,2.18|1.87|1.46|1.75|2.12|1.77|4.55|2.52|3.39|3.57|4.55|4.83,,3|75|161|362|358|482,-300|-52|-44|15|12|34,10.24|3.60|2.02|1.88|2.80|3.55,42.91|8.93|5.13|29.78|34.09|28.30,-5|-39|15|27|32|106,4|255|734|1432|1612|1268,1|1|1|2|3|3,54.79|54.78|53.43|52.57|33.96|33.96|33.80|33.75,1.09|1.12|0.87|1.36|2.92|2.65|2.37|2.83,0.35|0.36|0.14|0.12|1.49|1.13|0.56|0.56,2.83,0.56,3.39,4.81
Somany Ceramics,/company/SOMANYCERA/consolidated/,SOMANYCERA,8.23,,2.75,12.8,10.4,55.19,,2315.17,564.50,12.28,30,nse,consolidated,21.1,205,564,2315,Consumer Discretionary,Consumer Durables,Ceramics,4,11,9,Jun 2026,Mar 2026,Jun 2026,655|612|738|579|666|645|769|604|685|682|818|750,44.78|44.56|48.28|42.94|48.44|45.29|54.24|47.82|52.67|48.09|53.56|45.39,,1525|1685|1731|1713|1715|1610|1651|2095|2479|2605|2659|2790,7|9|14|11|10|8|12|10|8|10|8|9,59.28|60.24|40.85|37.29|38.20|37.27|43.48|39.92|39.34|42.99|44.82|47.48,17.80|14.70|23.03|28.79|29.59|29.81|24.44|30.95|33.89|28.16|25.56|23.19,117|111|86|153|356|143|165|393|141|247,264|381|527|648|713|778|759|752|1015|1121|1063|1091,136|139|221|260|255|328|245|274|391|347|338|352,55.01|55.01|55.01|55.01|55.00|55.00|55.19|55.19,1.78|1.56|1.49|1.39|0.98|0.90|1.34|1.38,23.52|23.61|23.63|23.01|23.17|23.01|21.64|19.42,1.38,19.42,20.8,0.83
Ajmera Realty,/company/AJMERA/consolidated/,AJMERA,9.14,,1.65,14.3,11.5,68.56,,2310.58,117.41,3.96,30,nse,consolidated,15.0,71.1,117,2311,Consumer Discretionary,Realty,"Residential, Commercial Projects",36,26,43,Jun 2026,Mar 2026,Jun 2026,145|207|232|194|200|193|151|258|219|182|431|317,68|66|65|62|64|62|66|64|67|63|71|66,,165|316|277|370|382|344|347|483|431|700|738|1090,27|26|39|37|33|30|28|24|29|29|31|27,-8|-1|5|5|1|0|0|0|0|0|8|-2,51|45|35|43|48|48|51|58|53|49|40|58,59|-116|-345|-18|201|-64|135|220|8|69,74|72|70|69|71|76|66|66|69|71|77|106,675|690|734|759|969|1000|942|999|1175|1157|1292|1495,74.20|68.23|68.23|68.23|68.23|68.23|68.23|68.56,0.32|0.98|0.65|0.48|0.78|0.53|0.78|0.95,1.96|1.76|2.30|1.74|1.22|1.21|1.13|0.82,0.95,0.82,1.77,2.12
ESAF Small Fin,/company/ESAFSFB/,ESAFSFB,15.78,,1.29,5.65,-8.86,63.25,,2307.12,44.71,13.87,30,nse,standalone,,34.6,44.7,2307,Financial Services,Financial Services,Other Bank,7,17,4,Jun 2026,Mar 2026,Jun 2026,943|974|1002|1022|995|948|892|828|820|894|995|1098,,,29|597|1032|1413|1641|1940|2854|3819|3858|3537,,,-0|-0|0|0|0|0|0|0|0|0,||-239|1089|1127|-584|-571|1001|3176|-1960,33|69|86|116|133|159|188|205|237|226,,63.38|63.36|63.31|63.31|63.30|63.29|63.28|63.25,0.15|0.16|0.27|0.16|0.16|0.01|0.01|0.31,5.56|5.02|5.00|5.00|5.00|4.97|4.63|3.80,0.31,3.80,4.11,0.65
Sai Parenteral's,/company/SAIPARENT/consolidated/,SAIPARENT,49.80,,,5.28,4.88,51.16,,2303.28,521.35,7.64,30,nse,consolidated,111,,521,2303,Healthcare,Healthcare,Pharmaceuticals,58,,134,Jun 2026,Mar 2026,Jun 2026,33.39|96.15|197.93|178.67,65|64|63|59,,97|154|163|381,19|21|24|10,60|62|58|64,3|3|3|2,-13|-30|33|93,44|70|53|364,13|37|51|172,51.16|51.16,5.73|4.03,12.86|8.52,4.03,8.52,12.55,6.04
Nitco,/company/NITCO/consolidated/,NITCO,-117.72,,6.29,7.16,10.8,23.96,,2299.57,95.59,13.39,30,nse,consolidated,,15.2,95.6,2300,Consumer Discretionary,Consumer Durables,Ceramics,12,11,29,Jun 2026,Mar 2026,Jul 2026,81|80|72|70|66|85|94|150|108|132|152|116,73|77|93|79|82|73|73|45|73|71|72|71,,885|832|716|610|595|460|327|411|384|325|314|542,0.2|2.2|3.3|0.6|-0.3|-10|-15|-10|-10|-13|-63|4.5,55|56|58|53|60|76|77|80|80|79|76|64,20|17|16|21|15|4|2|2|3|4|5|5,31|370|25|35|12|5|3|-9|-148|-153,712|666|624|548|518|458|396|368|341|314|137|120,499|499|500|359|344|281|266|251|255|243|373|429,46.78|16.23|16.23|16.21|16.21|20.17|20.17|23.96,1.97|0.41|2.05|2.30|2.18|2.30|2.28|2.10,5.98|1.88|2.35|2.24|1.68|1.54|0.62|0.59,2.10,0.59,2.69,4.24
Mold-Tek Pack.,/company/MOLDTKPAC/,MOLDTKPAC,13.74,,3.32,13.3,10.9,33.21,,2296.78,691.20,8.41,30,nse,standalone,30.2,208,691,2297,Industrials,Capital Goods,Packaging,7,13,15,Jun 2026,Mar 2026,Jun 2026,170|165|177|197|191|191|203|241|210|198|238|300,57|57|55|58|57|55|56|56|54|53|53|59,,276|267|301|339|394|437|479|631|730|699|781|887,15|17|17|19|18|18|20|19|19|19|18|19,57|51|50|47|49|47|48|51|51|48|46|54,15|17|17|18|16|22|19|19|19|20|22|0,26|9|71|47|61|3|152|79|110|125,72|81|91|115|183|202|239|262|376|477|551|623,28|24|36|50|44|50|71|96|85|104|129|157,32.69|32.90|33.03|33.08|33.07|33.07|33.19|33.21,13.12|12.15|10.97|10.68|10.93|10.36|9.69|8.30,23.67|22.04|20.08|19.65|19.80|20.12|20.95|21.81,8.30,21.81,30.11,2.59
Indoco Remedies,/company/INDOCO/consolidated/,INDOCO,19.82,,2.44,0.96,-9.36,58.86,,2296.51,248.80,6.48,30,nse,consolidated,,102,249,2297,Healthcare,Healthcare,Pharmaceuticals,3,8,12,Jun 2026,Mar 2026,Jun 2026,482|459|450|431|433|411|390|440|485|445|476|468,30.58|30.98|31.33|32.79|31.62|27.75|27.16|30.70|29.99|27.04|29.65|33.81,,854|1005|1071|1041|968|1107|1242|1541|1669|1817|1665|1845,19|17|15|13|8|11|18|21|17|13|6|8,35.17|34.83|33.73|33.40|33.07|29.86|28.52|29.65|31.24|30.77|29.92|29.36,5.00|4.92|4.97|6.03|7.02|7.15|6.68|6.71|8.41|9.65|10.22|10.31,89|123|132|123|82|174|179|157|95|192,340|374|440|489|468|590|570|555|678|954|997|1193,149|167|187|193|183|208|238|311|326|353|419|405,58.76|58.80|58.90|58.90|58.90|58.90|58.86|58.86,1.70|1.25|1.24|1.22|1.25|1.10|0.94|1.27,18.25|18.91|18.75|18.96|18.16|18.15|18.15|17.68,1.27,17.68,18.95,1.24
Marsons,/company/MARSONS/,MARSONS,51.84,,10.56,25.4,27.2,53.65,,2291.86,133.17,27.51,30,nse,standalone,51.8,12.6,133,2292,Industrials,Capital Goods,Heavy Electrical Equipment,277,275,33,Jun 2026,Mar 2026,Jun 2026,1.80|0.65|3.77|29.88|38.51|44.17|55.80|47.03|59.80|45.94|92.26|49.26,42|-22|62|61|81|89|72|80|82|80|73|81,,72|103|100|17|0|0|0|2|5|6|168|245,11|12|2.7|-283|-5506||-176|0.6|23|18|15|17,||91|362|203||0|18|39|46|76|78,||2|5|117||158|43|19|14|4|1,4|-7|1|-13|-0|0|0|-4|-35|2,33|30|29|24|21|19|17|16|13|13|14|65,43|48|50|0|0|0|0|0|0|1|15|58,53.65|53.65|53.65|53.65|53.65|53.65|53.65|53.65,0.00|0.00|0.00|0.02|0.04|0.04|0.12|0.13,0.01|0.00|0.00|0.00|0.00|0.00|0.15|0.17,0.13,0.17,0.3,9.36
Repco Home Fin,/company/REPCOHOME/consolidated/,REPCOHOME,8.80,,0.57,10.2,12.7,37.13,,2286.62,365.50,3.88,30,nse,consolidated,4.75,646,366,2287,Financial Services,Financial Services,Housing Finance Company,12,5,5,Jun 2026,Mar 2026,Jun 2026,380|387|393|408|423|445|426|440|441|457|454|468,,,693|882|1046|1109|1191|1348|1376|1292|1285|1535|1716|1792,,,0.15|0.16|0.15|0.15|0.17|0.15|0.14|0.25|0.31|0.32|0.31|0.00,-1001|-557|-1015|349|849|691|-363|-685|-614|-896,9|9|9|14|16|37|31|35|40|58|78|100,,37.13|37.13|37.13|37.13|37.13|37.13|37.13|37.13,12.90|12.52|11.25|11.16|11.91|12.68|13.37|12.36,19.90|20.56|21.09|23.26|22.70|23.74|24.27|26.08,12.36,26.08,38.44,1.28
Rane Holdings,/company/RANEHOLDIN/consolidated/,RANEHOLDIN,7.13,,1.98,9.52,7.00,46.64,,2283.23,1598.90,3.53,30,nse,consolidated,29.0,808,1599,2283,Financial Services,Financial Services,Holding Company,19,24,26,Jun 2026,Mar 2026,Jun 2026,928|837|870|831|916|1241|1374|1341|1399|1535|1609|1587,57|57|57|57|58|65|66|65|66|67|67|68,,2211|2407|2258|2345|2553|2159|2038|2695|3511|3541|4374|5891,10|10|10|10|9|7|4.3|7|9|9|8|7,56|56|45|51|53|48|51|54|54|53|60|64,8|7|13|13|13|18|18|18|16|16|14|12,160|132|110|180|132|15|186|233|513|280,809|980|780|805|798|806|801|843|866|799|1140|1179,236|262|210|248|303|296|280|400|437|421|552|642,46.55|46.55|46.55|46.55|46.55|46.55|46.63|46.64,0.92|0.85|0.81|0.82|1.05|0.82|0.76|0.93,3.14|3.81|3.84|3.83|4.03|4.09|4.11|3.39,0.93,3.39,4.32,0.39
Schneider APW,/company/544786/,544786,41.13,,9.57,23.9,17.7,74.12,,2281.79,1886.40,4.02,30,bse,standalone,65.7,197,1886,2282,Industrials,Capital Goods,Industrial Machinery,5,9,-10,Jun 2026,Mar 2026,Jun 2026,89.69|101.24|97.43|107.37|130.33|118.07|101.21|93.71|93.56|115.49|81.46|109.53,63|65|63|65|74|67|63|64|64|63|64|71,,100|110|165|165|202|271|253|367|334|393|457|384,-2.1|1.7|0.9|2.0|8|9|9|8|8|12|14|13,60|60|69|66|64|70|69|72|68|66|68|64,9|10|9|9|4|3|7|7|7|7|7|0,-7|12|4|11||||-1|39|38,42|41|40|39|39|36|31|38|35|31|30|33,10|14|22|29|25|32|30|33|30|30|38|47,74.12,,0.25,,0.25,0.25,5.94
EPack PrefabTech,/company/EPACKPEB/consolidated/,EPACKPEB,11.56,,3.1,21.7,17.0,64.95,,2270.74,225.65,35.07,30,nse,consolidated,24.0,73.0,226,2271,Industrials,Capital Goods,Industrial Products,32,45,38,Jun 2026,Mar 2026,Jun 2026,269|268|266|331|295|434|325|471|366,68|65|66|64|65|66|65|69|68,,245|241|450|657|905|1134|1525,10|10|8|8|10|10|10,58|58|69|69|68|67|67,14|13|10|11|9|9|0,17|17|29|2|72|62|136,73|76|147|153|238|251|357,17|23|55|82|138|151|266,65.06|64.54|65.06|64.96|64.95,12.01|3.00|12.01|10.91|11.10,3.48|19.06|3.48|3.15|3.03,11.10,3.03,14.13,1.49
Silver Touch,/company/SILVERTUC/consolidated/,SILVERTUC,31.88,,13.28,29.8,24.4,74.66,,2260.01,178.22,10.54,30,nse,consolidated,54.2,13.4,178,2260,Information Technology,Information Technology,Computers - Software & Consulting,28,18,21,Jun 2026,Mar 2026,Jun 2026,52|53|79|57|75|74|86|63|86|96|101|78,15|5|22|11|22|12|19|19|16|11|12|4,,117|140|123|172|211|190|152|140|164|224|288|342,11|9|10|10|9|7|2.7|8|10|11|13|18,56.11|51.40|40.14|50.78|43.59|35.73|35.95|14.55|11.80|14.41|16.32|13.89,3.87|2.91|5.46|0.52|1.15|2.55|1.73|17.86|21.91|17.21|14.84|12.55,13|8|-7|0|12|8|16|3|-3|17,15|16|17|16|19|19|19|22|31|29|54|68,5|6|2|3|1|1|1|1|1|1|1|1,74.36|74.42|74.53|74.61|74.61|74.61|74.62|74.66,0.00|0.00|0.00|0.05|0.10|0.75|1.14|0.48,0.00|0.00|0.00|0.00|0.00|0.04|0.00|0.00,0.48,0.00,0.48,6.61
Gaja Alternative Asset,/company/GAJA/consolidated/,GAJA,23.26,,,17.0,15.9,54.23,,2237.27,158.66,45.46,30,nse,consolidated,28.2,,159,2237,Financial Services,Financial Services,Asset Management Company,34,,11,Sep 2025,Mar 2026,Aug 2026,99,,,38|56|77|122|136,-47|4.7|40|50|53,,1.72|0.95|0.45|0.34|0.36,-23|-6|21|-9|-15,1|8|8|6|13,3|0|0|0|0,54.23,2.81,15.07,2.81,15.07,17.88,16.45
Thejo Engg.,/company/THEJO/consolidated/,THEJO,22.37,,6.3,19.4,15.7,53.61,,2235.35,2060.60,2.55,30,nse,consolidated,38.6,327,2061,2235,Industrials,Capital Goods,Industrial Products,10,14,21,Jun 2026,Mar 2026,Jun 2026,134|150|141|131|133|136|153|136|153|162|181|178,19.05|21.47|23.71|19.13|19.78|20.73|23.54|19.81|20.30|19.42|19.42|18.84,,186|175|178|220|229|303|327|424|474|559|552|632,6|7|11|12|14|16|15|16|13|18|16|13,29.23|16.65|22.20|22.52|19.42|18.74|20.00|22.71|22.67|21.08|20.93|19.72,12.20|15.76|17.89|19.33|18.81|22.32|19.28|18.67|23.75|23.63|23.15|0.00,12|24|20|19|52|27|59|52|73|39,31|30|29|32|34|32|46|66|112|108|103|152,16|23|24|27|38|36|38|52|59|62|66|80,53.63|53.62|53.62|53.62|53.62|53.61|53.61|53.61,0.23|0.66|0.67|0.65|0.66|0.79|0.84|0.85,2.41|2.45|3.02|3.20|3.34|3.14|3.17|3.38,0.85,3.38,4.23,3.54
Amic Forging,/company/544037/consolidated/,544037,50.93,,9.76,23.5,16.8,57.96,,2231.52,1932.25,10.82,30,bse,consolidated,78.9,198,1932,2232,Industrials,Capital Goods,Castings & Forgings,7,40,18,Mar 2026,Mar 2026,Mar 2026,52|75|64|58|67|75,69|80|69|72|49|57,,26|71|116|126|120|142,6|3.1|12|13|23|30,87|86|76|76|64|53,5|9|10|7|9|0,-2|6|18|-8|6|9,4|5|8|12|35|38,1|0|6|0|16|28,57.74|57.82|57.75|57.96|57.96|57.96,6.99|1.33|0.94|0.15|0.15|0.15,3.11|1.19|1.10|0.77|0.48|0.56,0.15,0.56,0.71,15.72
Bajel Projects,/company/BAJEL/consolidated/,BAJEL,20.42,,2.99,11.0,4.10,62.53,,2231.10,192.84,6.46,30,nse,consolidated,82.7,64.6,193,2231,Industrials,Capital Goods,Heavy Electrical Equipment,,,2,Jun 2026,Mar 2026,Jun 2026,489.16|512.01|662.41|622.39|801.42|607.64|613.83|562.34|1007.77|566.88,77|79|78|76|70|73|69|63|72|67,,1169|2598|2792,1.4|2.9|4.0,74|74|69,10|12|15,195|69|21,69|98|108,101|128|139,62.61|62.59|62.57|62.57|62.55|62.53|62.53|62.53,0.50|0.28|0.31|0.32|0.67|0.40|0.50|0.53,8.29|9.54|9.60|10.30|8.66|9.06|9.58|9.20,0.53,9.20,9.73,0.8
Venky's (India),/company/VENKEYS/,VENKEYS,7.98,,1.39,11.9,9.07,56.11,,2214.39,1571.90,12.51,30,nse,standalone,12.8,1133,1572,2214,Fast Moving Consumer Goods,Fast Moving Consumer Goods,Meat Products including Poultry,-4,4,18,Jun 2026,Mar 2026,Jun 2026,913|953|896|808|774|882|843|866|801|960|1100|1118,77|83|75|67|76|76|76|77|81|73|71|76,,1731|2127|2476|2686|3043|3261|3117|4400|4234|3738|3307|3727,6|6|11|14|10|-0.7|12|6|2.6|3.3|5|5,74|76|72|69|72|83|72|81|82|79|74|75,7|4|4|4|4|4|5|5|6|6|7|0,211|256|159|58|242|5|86|82|66|191,476|473|468|472|501|571|618|603|592|618|645|646,211|102|115|162|209|111|218|185|196|172|248|329,56.11|56.11|56.11|56.11|56.11|56.11|56.11|56.11,1.88|1.34|1.38|1.34|1.30|1.40|1.14|1.27,0.23|0.25|0.15|0.16|0.15|0.15|0.13|0.13,1.27,0.13,1.4,0.59
Pennar Industrie,/company/PENIND/consolidated/,PENIND,7.47,,1.88,15.3,12.8,39.67,,2198.83,162.28,5.74,30,nse,consolidated,15.4,86.2,162,2199,Industrials,Capital Goods,Industrial Products,8,19,9,Jun 2026,Mar 2026,Jun 2026,814|745|823|733|748|840|906|846|907|943|925|870,62|61|63|60|58|62|58|57|60|60|54|56,,1313|1356|1541|1768|2133|2107|1525|2266|2895|3131|3227|3620,9|11|10|12|8|8|6|8|8|9|10|10,64|59|60|61|62|60|60|62|62|62|59|58,12|14|17|15|15|17|17|13|11|12|13|0,-19|-2|174|191|-43|195|244|225|256|202,282|464|441|342|454|626|603|644|721|697|947|1111,205|257|399|433|439|440|487|643|783|825|935|1010,39.67|39.67|39.67|39.67|39.67|39.67|39.67|39.67,4.81|4.40|3.81|6.23|6.74|5.02|4.05|3.98,1.48|1.59|1.69|1.74|1.98|2.18|5.28|5.90,3.98,5.90,9.88,0.61
Simplex Infra,/company/SIMPLEXINF/consolidated/,SIMPLEXINF,36.58,,2.26,2.40,5.26,35.99,,2195.61,277.59,3.02,30,nse,consolidated,48.6,123,278,2196,Industrials,Construction,Civil Construction,-18,-14,5,Jun 2026,Mar 2026,Jun 2026,312|316|361|296|268|230|282|243|248|248|283|291,15.70|9.19|14.70|13.15|10.40|9.53|10.70|12.73|7.83|12.68|9.57|7.84,,6202|5894|5612|5767|6117|4026|2200|2047|1874|1388|1076|1021,10|12|11|11|12|2.6|0.3|0.7|0.7|2.1|2.1|5,33|33|29|33|35|32|37|24|23|15|11|11,35|43|36|6|6|6|5|5|5|65|68|0,673|401|33|-19|-483|-447|-432|-83|208|74,1239|1288|1179|1102|1022|891|745|627|531|462|240|252,1016|736|746|757|774|521|454|395|319|293|98|106,49.82|49.82|42.35|36.95|35.99|35.99|35.99|35.99,0.42|0.46|0.62|0.60|0.44|0.38|0.49|0.39,0.67|0.00|0.00|3.39|5.65|5.80|5.81|6.59,0.39,6.59,6.98,2.15
NELCO,/company/NELCO/consolidated/,NELCO,67.69,,17.01,7.21,0.46,50.09,,2193.46,961.20,52.77,30,nse,consolidated,367,56.5,961,2193,Information Technology,Information Technology,Computers Hardware & Equipments,-1,6,2,Jun 2026,Mar 2026,Jun 2026,76.65|83.24|81.61|74.08|82.55|80.72|67.52|74.79|74.33|78.30|79.18|80.03,11.40|11.35|11.05|7.01|14.71|8.86|3.76|13.50|13.12|13.75|7.81|8.60,,123|200|144|150|191|220|226|260|313|320|305|307,-0.9|11|13|17|19|23|20|19|20|19|14|9,30.83||17.67|12.33|17.77|14.15|12.40|17.18|16.18|11.02|8.86|12.00,14.59||13.87|15.42|14.05|33.79|39.09|33.36|35.86|40.02|44.09|43.19,38|32|21|33|54|51|58|45|20|15,35|28|36|51|87|117|108|110|95|87|78|77,|8|9|9|8|11|11|16|21|26|31|36,50.09|50.09|50.09|50.09|50.09|50.09|50.09|50.09,4.64|5.41|4.83|4.64|4.57|4.61|4.73|5.62,0.05|0.14|0.13|0.12|0.16|0.16|0.26|0.05,5.62,0.05,5.67,7.14
Protean eGov,/company/PROTEAN/consolidated/,PROTEAN,12.22,,2.04,12.7,10.0,,,2192.53,539.75,16.49,30,nse,consolidated,25.5,265,540,2193,Information Technology,Information Technology,IT Enabled Services,10,11,21,Jun 2026,Mar 2026,Jun 2026,235.69|203.86|222.08|196.54|219.70|202.31|222.15|210.84|250.50|228.87|307.54|250.96,,,755|716|603|691|741|882|841|998,23|21|14|18|16|10|10|12,,62|62|62|59|57|56|56|0,136|54|100|11|-8|58|193|78,157|64|57|65|63|86|153|184,,,6.71|9.90|10.90|8.78|7.77|7.54|8.62|6.01,28.87|30.09|27.80|24.75|21.68|21.45|21.25|21.16,6.01,21.16,27.17,2.2
NIBE,/company/NIBE/consolidated/,NIBE,69.55,,6.04,4.79,1.94,51.46,,2182.80,1408.10,10.28,30,nse,consolidated,,233,1408,2183,Industrials,Capital Goods,Aerospace & Defense,65,,-5,Jun 2026,Mar 2026,Jul 2026,41|63|152|110|136|149|113|82|73|59|260|63,77|82|83|81|81|88|72|78|79|61|70|83,,105|282|507|474,11|13|12|9,62|67|81|72,15|15|0|0,-31|18|25|-35,35|119|138|203,9|23|12|40,53.08|53.08|53.74|54.93|55.01|53.39|52.27|51.46,8.27|8.72|7.81|4.77|5.99|8.67|10.59|11.47,0.46|0.45|0.59|0.70|0.35|0.35|0.55|0.58,11.47,0.58,12.05,4.61
HLE Glascoat,/company/HLEGLAS/consolidated/,HLEGLAS,18.77,,4.07,11.8,10.8,65.64,,2176.02,313.30,13.92,30,nse,consolidated,55.2,76.9,313,2176,Industrials,Capital Goods,Industrial Products,13,23,26,Jun 2026,Mar 2026,Jun 2026,224.42|239.23|306.90|227.07|235.78|231.03|333.71|283.95|350.78|326.57|391.69|300.75,45.83|42.77|50.65|43.15|40.14|41.44|48.08|45.12|49.23|46.26|46.11|40.18,,359|426|484|652|932|968|1028|1353,13|17|19|17|15|12|13|10,54.67|49.71|48.88|48.81|46.00|45.39|43.70|46.83,18.83|19.88|17.98|17.73|15.77|16.18|15.31|3.56,49|45|48|1|5|95|134|161,85|94|120|245|318|541|593|627,131|153|148|268|268|312|370|356,66.69|66.69|66.69|66.78|65.64|65.64|65.64|65.64,4.07|4.01|4.12|4.01|3.70|2.14|2.27|2.05,3.52|3.52|3.52|4.01|4.04|4.48|4.88|4.71,2.05,4.71,6.76,1.61
CFF Fluid,/company/543920/,543920,36.19,,8.17,23.5,19.0,68.06,,2175.12,1037.05,3.51,30,bse,standalone,55.5,127,1037,2175,Industrials,Capital Goods,Aerospace & Defense,43,70,43,Mar 2026,Mar 2026,Mar 2026,39|32|59|47|80|66|104|105,70.82|54.76|58.54|42.00|59.75|31.27|56.93|44.55,,32|15|47|71|107|146|209,16|19|27|26|29|28|28,74.54|67.56|66.25|62.74|51.21|39.89|47.59,2.89|3.79|1.83|2.87|8.77|19.29|8.95,20|-7|15|-9|-27|-3|-26,10|9|8|26|30|36|31,18|20|21|37|53|60|54,73.29|73.30|73.30|73.30|73.30|68.06|68.06,0.00|0.07|0.00|0.00|0.00|0.01|0.01,1.34|0.00|0.08|0.02|0.14|0.52|0.66,0.01,0.66,0.67,10.41
K C P,/company/KCP/consolidated/,KCP,4.41,,1.22,12.2,12.2,44.39,,2174.77,168.69,3.93,30,nse,consolidated,12.3,138,169,2175,Commodities,Construction Materials,Cement & Cement Products,5,9,7,Jun 2026,Mar 2026,Jun 2026,700|777|625|691|602|601|635|677|602|614|684|779,43.24|40.93|27.85|46.67|37.28|39.42|33.97|36.49|37.87|46.14|34.45|49.80,,1188|1296|1231|1476|1661|1424|1693|2108|2254|2846|2529|2576,14|20|18|17|14|13|22|18|8|12|13|13,46.03|45.19|37.39|32.45|35.10|34.11|29.63|26.52|30.33|38.65|39.52|38.57,20.54|16.02|22.83|24.97|25.60|24.70|24.14|46.51|53.54|40.66|37.92|38.00,127|213|152|193|130|139|-72|106|160|206,644|973|871|908|1186|1180|1096|1058|998|936|905|877,231|220|275|360|349|289|278|360|553|470|511|615,43.94|43.94|44.25|44.25|44.25|44.25|44.25|44.39,2.13|3.10|2.90|3.31|3.08|2.75|2.64|2.31,0.74|0.79|0.74|0.77|0.77|0.55|0.55|0.55,2.31,0.55,2.86,0.84
Ramco Systems,/company/RAMCOSYS/consolidated/,RAMCOSYS,13.00,,6.19,19.7,18.1,55.51,,2174.59,578.40,24.02,30,nse,consolidated,34.5,93.4,578,2175,Information Technology,Information Technology,Software Products,13,2,16,Jun 2026,Mar 2026,Jun 2026,126.83|128.26|131.20|136.98|142.51|156.59|155.26|161.32|175.78|178.50|185.36|172.77,0.40|1.02|0.49|0.02|0.18|0.01|0.00|0.04|1.02|0.11|0.11|1.04,,360|441|449|469|542|569|626|531|492|526|591|701,19|18|2.2|16|16|18|28|-0.1|-27|-29|13|23,0.57|0.53|0.84|0.16|0.52|0.20|0.96|0.18|0.28|0.62|0.05|0.32,5.43|6.48|10.41|8.74|8.47|8.09|7.09|10.66|13.27|11.21|10.74|9.58,37|8|8|50|166|92|40|104|113|134,373|273|267|260|264|339|340|356|420|430|413|402,0|0|0|0|0|0|0|0|0|0|0|0,53.43|53.37|53.21|53.17|53.10|53.03|55.69|55.51,9.65|9.68|9.60|9.89|9.88|9.95|10.02|11.48,5.65|5.64|5.62|5.62|5.77|5.78|2.03|1.77,11.48,1.77,13.25,3.1
Sanstar,/company/SANSTAR/,SANSTAR,31.41,,2.83,5.69,5.09,64.18,,2167.10,108.21,3.13,30,nse,standalone,49.2,38.1,108,2167,Fast Moving Consumer Goods,Fast Moving Consumer Goods,Other Agricultural Products,1,20,0,Jun 2026,Mar 2026,Jun 2026,248.84|269.28|255.61|302.67|205.58|220.05|226.92|169.66|196.43|201.76|216.78|206.16,76|78|72|74|73|71|79|76|75|64|66|67,,261|317|504|760|1110|953|785,7|12|8|9|9|6|4.8,77|71|77|80|74|74|70,12|14|13|9|10|12|0,8|30|30|53|30|39|90,148|140|133|160|202|192|424,14|15|13|13|114|56|42,70.37|70.37|70.37|70.38|70.38|70.38|70.53|64.18,2.06|0.83|0.71|0.22|0.14|0.01|0.01|0.29,4.24|4.16|4.03|2.86|0.86|0.01|0.31|0.27,0.29,0.27,0.56,2.76
Sika Interplant,/company/SIKA/consolidated/,SIKA,45.42,,13.18,34.6,25.1,71.72,,2159.52,1018.60,3.73,30,nse,consolidated,62.3,77.3,1019,2160,Industrials,Capital Goods,Aerospace & Defense,52,22,0,Jun 2026,Mar 2026,Jun 2026,18.26|26.00|37.16|30.42|33.24|37.98|46.02|68.01|51.58|50.31|41.33|42.86,58|67|69|67|65|69|73|75|68|68|64|71,,30|42|34|22|46|63|80|98|60|106|148|211,8|7|8|10|13|15|18|20|17|19|20|21,75|78|73|62|68|70|70|66|61|67|69|69,2|1|2|3|1|2|1|1|3|2|1|1,5|1|7|11|8|16|-3|20|8|47,34|35|37|37|37|37|37|36|36|43|45|44,1.48|0.93|1.47|1.73|3.01|6.66|3.13|6.78|9.79|5.16|7.88|1.26,71.72|71.72|71.72|71.72|71.72|71.72|71.72|71.72,2.77|2.77|3.11|3.11|3.14|3.14|3.21|3.25,0.00|0.00|0.00|0.01|0.01|0.04|0.04|0.04,3.25,0.04,3.29,10.24
Hind.Oil Explor.,/company/HINDOILEXP/consolidated/,HINDOILEXP,18.64,,1.55,3.41,2.34,,,2151.07,162.66,8.44,30,nse,consolidated,85.6,105,163,2151,Energy,"Oil, Gas & Consumable Fuels",Oil Exploration & Production,-22,18,-18,Jun 2026,Mar 2026,Jun 2026,112.83|179.08|289.61|136.15|94.81|146.52|43.39|78.65|315.01|75.38|-205.89|114.18,-37.84|-2.07|36.37|-18.11|-14.27|-20.01|-173.13|-19.71|72.22|-29.28||36.78,,59|48|26|49|265|202|114|156|558|749|421|263,-16|6|5|63|71|62|48|50|56|41|41|41,13|24|-0|-9|2|0|-3|2|-11|4|-34|-61,47|32|46|27|22|28|48|41|49|52|87|0,98|-7|167|287|-77|111|219|123|161|178,80|68|232|281|384|357|335|510|1246|1247|1191|1451,26|24|25|28|28|27|36|8|81|42|210|394,,1.64|1.40|1.76|1.45|1.71|1.38|1.49|1.88,0.28|0.34|0.32|0.48|0.49|0.12|0.12|0.13,1.88,0.13,2.01,8.18
Arman Financial,/company/ARMANFIN/consolidated/,ARMANFIN,9.64,,2.29,11.7,6.26,22.00,,2138.91,2034.20,9.94,30,nse,consolidated,18.4,888,2034,2139,Financial Services,Financial Services,Non Banking Financial Company (NBFC),15,27,0,Jun 2026,Mar 2026,Jun 2026,160|169|183|184|181|165|199|151|159|160|176|202,,,30|41|54|78|139|214|195|235|424|661|730|646,,,0.47|0.44|0.37|0.33|0.24|0.23|0.31|0.26|0.23|0.14|0.16|0.00,21|-203|-221|-76|6|-281|-718|-302|493|-476,2|2|3|3|4|4|4|5|6|8|31|32,,22.07|22.07|22.06|22.05|22.00|22.00|22.00|22.00,4.90|1.97|1.19|1.42|1.80|1.69|2.61|3.08,5.03|4.51|4.91|5.08|4.83|5.03|4.18|4.85,3.08,4.85,7.93,3.31
TCI Express,/company/TCIEXP/,TCIEXP,14.38,,2.57,14.6,11.1,69.46,,2136.73,555.80,5.51,30,nse,standalone,23.4,216,556,2137,Services,Services,Logistics Solution Provider,0,8,5,Jun 2026,Mar 2026,Jun 2026,320|312|317|293|311|296|307|287|309|314|327|312,,,0|0|750|885|1024|1032|844|1081|1241|1254|1208|1236,||8|10|12|12|16|16|16|15|11|11,,||79|76|75|72|68|69|70|70|73|73,52|74|78|81|102|128|147|136|118|104,0|64|97|162|173|185|228|320|374|452|455|494,,69.53|69.53|69.53|69.53|69.46|69.46|69.46|69.46,1.74|0.93|0.80|0.80|0.85|0.82|0.81|0.79,10.10|9.69|9.60|9.75|9.38|9.39|9.39|8.86,0.79,8.86,9.65,1.73
TajGVK Hotels,/company/TAJGVK/consolidated/,TAJGVK,11.65,,2.09,13.3,12.0,71.00,,2131.85,340.00,3.52,30,nse,consolidated,14.8,163,340,2132,Consumer Discretionary,Consumer Services,Hotels & Resorts,10,40,22,Jun 2026,Mar 2026,Jun 2026,89|111|116|93|105|127|125|106|107|136|159|165,9.32|8.82|8.25|8.63|8.77|8.71|7.91|8.46|9.01|9.10|8.08|8.30,,189|270|264|288|317|313|94|227|384|408|450|508,45|23|22|25|22|24|-2.3|23|31|32|31|31,8.10|0.00|11.73|10.96|11.00|10.65|12.10|11.03|9.86|8.91|8.49|8.63,11.98|34.96|27.50|25.44|30.61|27.76|34.18|27.64|28.05|28.26|27.41|24.56,61|75|59|75|5|53|100|123|116|173,205|454|440|427|416|436|423|409|455|442|433|1189,3|8|9|9|8|8|7|7|8|7|8|13,74.98|74.98|74.98|74.98|74.98|71.00|71.00|71.00,0.76|1.68|1.75|0.83|1.01|0.92|0.32|0.41,1.44|2.60|3.96|3.63|1.75|4.03|4.02|4.08,0.41,4.08,4.49,4.2
Saksoft,/company/SAKSOFT/consolidated/,SAKSOFT,9.38,,2.74,25.5,19.6,66.72,,2129.30,160.64,10.24,30,nse,consolidated,15.9,58.8,161,2129,Information Technology,Information Technology,Computers - Software & Consulting,15,21,8,Jun 2026,Mar 2026,Jun 2026,190|193|195|201|215|227|240|249|258|251|249|249,,,231|244|260|286|358|359|386|480|666|762|883|1007,11|15|13|14|17|17|17|16|16|18|17|19,,39|4|3|4|4|2|2|2|1|1|1|1,21|30|27|56|70|70|84|117|111|171,122|126|127|149|142|151|159|196|218|357|520|543,,66.64|66.64|66.68|66.68|66.68|66.68|66.72|66.72,3.25|2.86|2.79|2.78|2.29|2.23|2.40|2.18,0.00|0.00|0.05|0.00|0.14|0.14|0.00|0.01,2.18,0.01,2.19,2.11
Shringar House,/company/SHRINGARMS/,SHRINGARMS,12.68,,3.13,26.8,26.3,74.80,,2123.15,220.17,10.98,30,nse,standalone,17.6,70.3,220,2123,Consumer Discretionary,Consumer Durables,"Gems, Jewellery And Watches",33,34,65,Jun 2026,Mar 2026,Jun 2026,271|416|391|351|333|529|659|726|548,89|93|93|92|85|92|92|91|90,,510|810|950|1102|1430|2246,4.0|3.7|4.0|4.5|6|7,94|92|93|93|92|91,1|3|2|1|1|0,-5|-30|13|-14|-7|-282,15|51|52|50|50|65,62|111|104|144|228|439,74.80|74.80|74.80|74.80,3.95|3.36|5.77|2.92,3.80|1.69|1.53|2.72,2.92,2.72,5.64,0.95
Kabra Extrusion,/company/KABRAEXTRU/consolidated/,KABRAEXTRU,56.78,,4.79,0.06,-1.91,60.44,,2110.61,603.50,21.16,30,nse,consolidated,3015,126,604,2111,Industrials,Capital Goods,Industrial Products,-12,10,3,Jun 2026,Mar 2026,Jun 2026,182.39|123.86|167.98|88.20|128.00|121.17|139.54|85.97|134.60|110.34|120.15|124.49,76|69|63|62|59|60|63|63|64|62|60|66,,299|276|268|245|220|276|406|670|608|477|451,13|11|10|8|6|15|14|11|10|10|2.3,63|63|62|61|61|64|67|73|70|61|62,1|1|1|1|2|1|1|1|1|4|5,18|12|6|28|38|-62|-4|33|43|9,107|113|108|120|134|140|157|169|185|204|246,61|66|102|106|125|112|204|209|239|291|286,60.24|60.23|60.23|60.21|60.50|60.50|60.49|60.44,3.32|2.96|1.46|0.81|0.37|0.39|0.35|0.36,0.01|0.33|0.69|0.69|0.65|0.06|0.02|0.02,0.36,0.02,0.38,4.68
S H Kelkar & Co.,/company/SHK/consolidated/,SHK,11.52,,1.54,5.85,3.71,54.87,,2109.95,152.43,20.91,30,nse,consolidated,44.7,98.4,152,2110,Commodities,Chemicals,Specialty Chemicals,12,12,10,Jun 2026,Mar 2026,Jun 2026,455|472|513|470|542|543|567|580|554|584|650|662,52|53|53|50|53|55|55|55|54|55|58|55,,834|925|981|1021|1048|1114|1322|1564|1687|1930|2123|2368,14|16|17|16|13|14|18|14|13|16|14|10,55|55|53|53|55|55|55|58|57|54|54|56,6|4|6|6|6|6|5|5|6|6|6|5,102|103|77|205|195|50|197|107|16|263,274|227|296|352|462|472|741|959|914|933|953|1182,318|335|350|348|374|337|429|555|603|657|718|665,55.63|55.63|55.48|55.03|54.87|54.87|54.87|54.87,9.40|7.54|7.22|6.96|7.36|6.79|7.42|5.92,2.26|3.10|3.44|3.37|5.69|6.02|5.18|6.01,5.92,6.01,11.93,0.89
EMS,/company/EMSLIMITED/consolidated/,EMSLIMITED,17.64,,1.99,12.5,8.91,69.70,,2098.23,377.85,16.01,30,nse,consolidated,30.8,190,378,2098,Utilities,Utilities,Waste Management,11,17,-34,Jun 2026,Mar 2026,Jun 2026,211|200|245|206|233|245|270|239|173|200|120|157,0.27|-10.39|28.12|-10.91|20.29|2.79|2.43|-2.53|-12.10|3.17|-108.02|-5.46,,326|331|360|538|793|966|733,30|30|31|28|26|26|19,-5|2|-5|-9|2|4|-21,72|64|69|76|68|65|0,47|36|23|4|-116|34|-15,31|36|51|54|94|96|123,43|35|54|105|89|48|226,69.70|69.70|69.70|69.70|69.70|69.70|69.70|69.70,0.75|0.66|0.19|0.17|0.15|0.21|0.41|0.14,1.08|0.40|0.61|0.40|0.35|0.04|0.04|0.05,0.14,0.05,0.19,2.86
Jain Irrigation,/company/JISLJALEQS/consolidated/,JISLJALEQS,7.94,,0.35,5.30,-0.48,26.68,,2091.87,28.70,7.7,30,nse,consolidated,,81.9,28.7,2092,Industrials,Capital Goods,Plastic Products - Industrial,4,3,9,Jun 2026,Mar 2026,Jun 2026,1362|1358|1727|1478|1192|1361|1749|1546|1432|1598|1824|1508,56|57|56|57|56|58|59|57|53|58|57|55,,6117|6281|6715|7800|8536|5891|5631|7078|5690|6084|5779|6400,13|13|14|12|11|-0.9|6|10|10|13|12|13,56|56|54|54|54|56|56|55|60|58|58|56,8|8|10|11|11|12|11|11|10|10|9|9,674|1313|156|-675|299|476|45|535|794|619,2761|4833|4803|5284|5565|5989|5577|5372|4147|4242|4393|4613,1857|1875|2258|2457|2484|2176|2005|2234|1783|1830|1851|1882,26.12|26.02|25.94|26.68|26.68|26.68|26.68|26.68,5.38|4.55|4.97|5.19|2.98|3.20|3.91|3.11,9.36|9.41|9.42|6.85|8.85|8.84|8.61|8.68,3.11,8.68,11.79,0.33
Landmark Cars,/company/LANDMARK/consolidated/,LANDMARK,9.95,,3.57,9.26,6.86,49.93,,2087.14,503.35,16.52,30,nse,consolidated,44.4,141,503,2087,Consumer Discretionary,Automobile and Auto Components,Auto Dealer,13,20,21,Jun 2026,Mar 2026,Jun 2026,771|959|864|832|907|1195|1091|1062|1211|1345|1279|1302,79|82|81|81|82|84|83|83|84|84|83|85,,1611|2827|2219|1956|2977|3382|3288|4026|4896,3.1|2.9|3.5|6|6|7|7|6|5,88|87|85|84|84|82|80|83|84,0|1|2|2|2|2|3|2|0,13|55|210|76|76|71|41|152|267,143|392|370|326|497|509|594|762|778,228|340|226|289|330|448|568|647|673,51.62|51.57|51.56|51.56|49.81|49.76|49.80|49.93,9.82|10.70|9.85|9.44|10.64|9.82|5.05|2.69,14.28|13.81|13.61|13.00|13.42|16.51|20.78|20.67,2.69,20.67,23.36,0.43
MSP Steel & Pow.,/company/MSPL/consolidated/,MSPL,12.36,,2,9.69,13.7,45.12,,2062.57,36.39,2.85,30,nse,consolidated,14.8,18.2,36.4,2063,Industrials,Capital Goods,Iron & Steel Products,4,11,4,Jun 2026,Mar 2026,Jun 2026,674|781|748|772|656|717|760|711|677|639|816|827,78|80|83|81|81|81|80|79|81|78|76|80,,1090|902|849|1160|1670|1533|1723|2340|2550|2874|2905|2843,0.4|-1.2|9|10|8|5|8|7|2.5|4.4|4.6|6,84|85|73|74|75|77|77|80|82|80|81|78,9|9|11|9|9|10|8|9|11|12|9|0,73|147|94|77|178|110|86|170|189|148,1144|1127|1070|1013|959|906|855|827|826|816|790|794,322|273|296|351|372|526|377|458|484|490|474|586,42.34|36.85|35.24|35.24|35.24|37.74|40.22|45.12,1.10|0.52|0.40|0.18|0.19|0.37|0.12|1.18,1.91|12.90|16.70|16.70|16.70|16.70|16.81|15.78,1.18,15.78,16.96,0.73
Windlas Biotech,/company/WINDLAS/,WINDLAS,17.09,,3.63,15.9,12.2,63.31,,2060.63,998.55,14.69,30,nse,standalone,31.0,275,999,2061,Healthcare,Healthcare,Pharmaceuticals,21,16,19,Jun 2026,Mar 2026,Jun 2026,153|162|171|175|187|195|203|210|222|233|238|248,63|63|63|62|62|62|62|62|62|62|62|62,,274|315|320|288|329|428|466|513|631|760|904,7|8|11|15|12|13|11|12|12|12|12,74|74|69|63|64|64|65|63|63|62|62,3|2|2|3|4|5|4|4|4|4|4,7|39|22|21|11|9|61|109|68|105,56|56|58|62|68|96|91|109|179|223|213,27|40|27|19|49|41|59|75|62|81|62,62.51|62.51|62.34|62.34|61.98|61.98|61.90|63.31,2.00|1.55|1.52|1.44|1.11|0.93|0.60|2.04,9.58|10.26|10.89|11.22|11.44|11.44|11.80|9.84,2.04,9.84,11.88,2.28
Paramount Comm.,/company/PARACABLES/consolidated/,PARACABLES,17.41,,2.45,12.4,7.99,45.88,,2040.99,62.37,10.03,30,nse,consolidated,33.5,25.5,62.4,2041,Industrials,Capital Goods,Cables - Electricals,34,30,17,Jun 2026,Mar 2026,Jul 2026,252|284|323|321|356|392|507|451|428|461|573|529,75|73|74|75|73|71|77|76|73|75|77|75,,451|308|314|433|614|606|518|580|794|1068|1574|1913,-8|-14|-15|-0.6|7|7|3.2|3.5|6|8|8|3.5,94|92|90|81|77|75|80|78|74|74|74|75,4|7|10|9|8|8|8|8|7|8|8|0,52|20|-18|14|14|15|11|-101|104|-38,81|75|138|130|132|145|142|135|128|169|221|260,76|54|13|28|78|109|100|115|113|234|311|285,49.06|49.06|49.06|49.06|49.12|49.19|49.19|45.88,0.74|0.83|0.39|0.45|0.29|0.51|0.49|0.45,0.02|0.00|0.08|0.07|0.07|0.11|0.11|4.11,0.45,4.11,4.56,1.07
Insolation Ener,/company/INA/consolidated/,INA,7.44,,2.53,22.2,28.1,66.12,,2040.94,92.58,6.3,30,nse,consolidated,10.5,36.6,92.6,2041,Utilities,Power,Power Generation,97,,61,Jun 2026,Mar 2026,Jun 2026,325|397|362|415|575|794|741,87|80|78|75|79|79|84,,215|279|737|1334|2146,6|7|11|12|13,82|84|82|81|80,6|4|3|2|0,9|-1|30|113|-73,9|38|46|77|525,23|48|74|77|379,69.95|69.98|70.04|66.22|66.01|66.10|66.12|66.12,0.04|0.00|0.59|1.36|0.94|0.79|1.09|0.84,0.00|0.00|0.00|0.15|0.42|0.55|0.74|1.27,0.84,1.27,2.11,0.95
Cantabil Retail,/company/CANTABIL/,CANTABIL,8.97,,4.27,19.4,22.1,74.46,,2037.34,243.59,5.55,30,nse,standalone,20.9,57.2,244,2037,Consumer Discretionary,Textiles,Garments & Apparels,16,28,16,Jun 2026,Mar 2026,Jun 2026,135|176|194|128|151|223|220|159|176|264|253|179,34.09|28.79|40.36|19.52|29.73|28.96|36.06|21.49|31.34|29.08|34.52|18.56,,129|151|157|196|289|338|252|383|553|616|721|853,11|11|12|10|10|25|24|29|30|26|29|31,37.27|40.58|30.96|35.00|47.22|35.22|34.83|33.40|29.07|32.13|29.63|29.75,18.07|14.54|19.02|16.12|8.41|13.38|11.82|10.85|13.18|11.02|10.14|8.60,10|7|24|62|67|90|75|133|150|199,44|55|62|59|63|262|241|300|328|402|508|698,59|58|73|81|97|128|124|147|217|234|288|312,74.09|74.09|74.09|74.09|74.09|74.21|74.46|74.46,4.58|5.01|4.87|4.78|4.14|2.53|2.16|2.16,0.00|0.00|1.00|0.88|0.88|1.08|1.03|0.21,2.16,0.21,2.37,2.39
Indian Hume Pipe,/company/INDIANHUME/,INDIANHUME,10.35,,1.37,9.51,4.21,72.34,,2036.41,386.55,2.28,30,nse,standalone,21.8,282,387,2036,Industrials,Construction,Civil Construction,-5,1,-9,Jun 2026,Mar 2026,Jun 2026,319|319|404|364|354|381|392|307|365|282|351|303,78|76|71|72|78|77|71|72|71|74|73|71,,1010|939|1792|1521|1646|1624|1241|1520|1543|1389|1491|1306,11|10|12|10|11|12|10|10|9|13|13|12,12|10|6|10|7|9|3|3|2|6|8|12,69|68|71|71|74|71|78|79|81|71|68|64,152|-31|-5|-32|185|56|19|213|204|294,75|73|78|77|90|142|126|127|114|115|153|147,376|436|60|47|71|76|78|79|75|143|210|250,72.34|72.34|72.34|72.34|72.34|72.34|72.34|72.34,0.83|0.66|0.56|0.52|0.42|0.46|0.39|0.39,2.20|2.20|2.20|2.20|2.20|2.20|2.20|0.75,0.39,0.75,1.14,1.56
G M Breweries,/company/GMBREW/,GMBREW,8.91,,1.89,18.0,12.5,74.43,,2034.29,890.40,2.12,30,nse,standalone,12.1,472,890,2034,Fast Moving Consumer Goods,Fast Moving Consumer Goods,Breweries & Distilleries,8,17,21,Jun 2026,Mar 2026,Jun 2026,152|157|160|152|149|166|169|163|181|202|202|200,73|76|76|73|74|74|75|74|69|67|66|69,,307|360|375|426|464|469|340|458|594|615|637|748,13|27|18|25|25|19|22|21|20|17|18|24,44.62|34.55|40.82|37.23|34.98|42.00|41.21|40.14|40.73|43.03|40.92|38.28,36.10|31.78|32.05|29.84|32.21|31.16|27.56|32.30|33.29|32.80|33.86|31.20,53|63|61|79|1|97|96|59|162|-96,86|79|96|111|139|159|138|137|185|240|291|257,19|13|11|12|18|21|28|32|37|29|33|34,74.43|74.43|74.43|74.43|74.43|74.43|74.43|74.43,0.34|0.37|0.32|0.44|0.37|1.20|1.19|0.61,0.00|0.00|0.00|0.01|0.01|0.15|0.01|0.00,0.61,0.00,0.61,2.72
T B Z,/company/TBZ/consolidated/,TBZ,7.22,,2.4,21.9,27.1,74.12,,2013.26,301.70,51.63,30,nse,consolidated,9.42,126,302,2013,Consumer Discretionary,Consumer Durables,"Gems, Jewellery And Watches",10,19,29,Jun 2026,Mar 2026,Jun 2026,481|741|507|596|567|928|529|624|688|1061|830|841,85|86|86|84|85|86|83|82|81|82|80|84,,1934|1655|1690|1751|1764|1810|1342|1844|2394|2299|2620|3203,4.2|2.6|4.3|4.5|4.7|7|9|4.4|5|6|7|12,86|85|85|80|80|81|82|86|87|85|84|81,1|1|1|6|7|5|2|3|2|2|2|2,153|42|32|149|231|-66|93|40|-27|30,108|109|103|103|111|174|140|152|159|151|164|183,1114|1126|1027|1021|1179|1181|984|1204|1223|1197|1461|1773,74.12|74.12|74.12|74.12|74.12|74.12|74.12|74.12,0.92|0.60|0.64|0.55|0.00|0.00|0.26|1.47,0.12|0.07|0.00|0.00|0.00|0.00|0.00|0.00,1.47,0.00,1.47,0.63
Macpower CNC,/company/MACPOWER/,MACPOWER,32.36,,11.47,29.1,21.3,73.22,,2007.93,2007.10,10.66,30,nse,standalone,51.6,175,2007,2008,Industrials,Capital Goods,Industrial Products,18,24,35,Jun 2026,Mar 2026,Jun 2026,63.10|66.14|71.40|50.22|71.10|60.40|80.01|61.03|85.71|86.15|100.29|95.24,69|68|65|63|63|62|62|61|62|62|61|61,,64|64|68|105|140|82|113|190|202|241|262|333,2.5|3.4|2.4|11|12|6|8|11|10|15|16|16,74|74|73|68|67|67|69|70|70|68|62|61,0|0|6|7|7|7|8|7|7|6|7|0,-2|10|-11|2|23|-7|5|17|7|14,3|3|3|5|6|36|37|40|44|47|55|61,16|10|17|28|47|46|61|76|71|90|109|146,73.17|73.17|73.17|73.17|73.00|73.17|73.17|73.22,1.13|1.25|1.32|1.29|1.00|1.03|1.11|0.57,0.00|0.00|0.27|0.28|0.00|0.35|0.52|0.39,0.57,0.39,0.96,6.03
Modern Insulator,/company/515008/consolidated/,515008,14.75,,3.7,19.4,15.8,60.18,,2007.62,425.85,2.1,30,bse,consolidated,21.3,115,426,2008,Industrials,Capital Goods,Other Electrical Equipment,19,13,42,Jun 2026,Mar 2026,Jun 2026,106|107|140|104|115|125|160|141|176|199|203|188,33.85|29.57|35.92|28.83|27.65|27.40|27.74|28.61|29.23|27.86|26.03|20.06,,459|418|461|440|398|442|431|443|503|720,9|9|9|8|10|5|5|8|7|13,47.13|37.43|38.63|25.94|30.98|30.57|32.50|32.05|27.86|27.83,32.47|41.18|38.05|43.62|36.82|42.15|39.61|36.51|41.48|0.00,44|-2|9|27|53|14|23|12|40|47,132|138|135|192|182|175|168|163|172|178,74|92|76|130|117|123|117|106|125|160,60.20|60.20|60.20|60.20|60.18|60.18|60.18|60.18,0.33|0.33|0.33|0.33|0.33|0.33|0.33|0.40,1.34|1.34|1.34|1.34|1.34|1.31|1.19|1.08,0.40,1.08,1.48,2.79
SBC Exports,/company/SBC/,SBC,42.07,,26.52,16.7,33.6,50.28,,1996.66,41.93,36.31,30,nse,standalone,58.8,1.58,41.9,1997,Consumer Discretionary,Textiles,Garments & Apparels,12,9,47,Jun 2026,Mar 2026,Jun 2026,30.98|47.81|62.62|57.06|48.50|50.02|75.95|61.36|64.81|70.49|104.75|106.04,75|82|81|80|76|83|85|85|76|77|89|81,,16|21|29|64|80|109|192|205|214|190|231|301,0.4|1.1|2.3|2.5|3.2|3.9|2.2|3.8|4.9|9|7|10,95|95|93|93|89|89|93|89|86|79|82|83,0|0|0|0|1|1|1|1|1|1|1|0,0|0|-18|4|-2|5|-12|3|-65|-73,0|0|0|1|3|4|4|6|8|23|24|24,0|1|3|7|8|11|30|25|30|35|87|106,64.30|64.15|57.77|52.83|50.67|50.35|50.35|50.28,0.15|0.00|0.16|0.37|1.57|2.00|0.77|2.79,0.00|0.00|0.21|0.20|0.09|0.00|0.00|0.08,2.79,0.08,2.87,6.63
Camlin Fine,/company/CAMLINFINE/consolidated/,CAMLINFINE,21.36,,1.92,4.78,3.75,48.03,,1988.58,103.52,14.82,30,nse,consolidated,,54.2,104,1989,Commodities,Chemicals,Specialty Chemicals,1,8,9,Jun 2026,Mar 2026,Jun 2026,406|386|377|381|417|431|432|408|460|441|425|520,55|55|55|54|52|50|49|55|54|54|52|59,,558|489|534|721|892|1049|1187|1412|1682|1454|1629|1723,15|19|6|2.2|8|13|16|11|13|12|14|7,48|42|49|59|53|51|49|54|48|53|51|54,16|17|14|13|15|13|12|18|22|17|17|16,-9|-15|-9|86|117|145|51|139|23|82,106|140|201|278|272|306|584|601|858|816|704|887,136|173|198|239|285|298|320|371|568|540|527|504,48.03|48.03|49.09|49.09|49.08|48.03|48.03|48.03,0.81|0.76|1.47|2.88|2.11|2.12|0.94|0.91,4.23|3.38|3.83|4.14|5.48|7.77|7.70|5.42,0.91,5.42,6.33,1.15
HPL Electric,/company/HPL/consolidated/,HPL,9.09,,1.98,13.5,9.92,72.66,,1985.60,308.80,2.94,30,nse,consolidated,20.9,156,309,1986,Industrials,Capital Goods,Industrial Products,13,16,15,Jun 2026,Mar 2026,Jun 2026,350|366|424|393|422|392|493|383|434|474|520|515,66|65|66|64|65|65|65|62|63|66|64|70,,1047|1116|986|1036|1158|977|875|1014|1262|1461|1700|1811,12|13|13|11|12|13|14|12|12|13|15|16,68|66|66|66|66|63|63|64|67|66|65|64,2|2|3|3|2|3|3|3|2|3|2|0,3|20|83|63|85|101|104|100|138|226,307|335|399|425|453|494|464|447|451|461|498|614,308|317|378|424|414|439|443|507|486|573|697|749,72.66|72.66|72.66|72.66|72.66|72.66|72.66|72.66,0.51|0.58|0.31|0.70|0.34|0.28|0.51|0.75,0.23|0.23|0.26|0.30|0.19|0.10|0.10|0.10,0.75,0.10,0.85,1.1
Huhtamaki India,/company/HUHTAMAKI/,HUHTAMAKI,7.00,,1.47,12.0,8.96,67.73,,1985.47,262.90,66.06,30,nse,standalone,14.6,179,263,1985,Industrials,Capital Goods,Packaging,-6,0,5,Jun 2026,Dec 2025,Jun 2026,662|604|610|639|652|619|610|612|625|623|613|750,68|66|66|69|70|71|66|66|66|66|66|66,,1135|1151|2181|2131|2369|2599|2463|2625|2983|2549|2521|2469,9|11|11|10|9|11|10|4.2|5|8|4.7|8,73|70|67|67|68|67|65|71|73|68|69|66,6|6|7|7|7|6|7|7|7|7|7|7,166|96|101|285|169|-28|133|274|142|238,203|186|465|437|518|486|561|537|479|483|598|604|600,94|83|182|192|212|182|229|348|298|270|250|206|396,67.73|67.73|67.73|67.73|67.73|67.73|67.73|67.73,1.40|1.19|1.16|1.10|0.90|1.12|1.34|0.66,1.40|1.28|1.08|0.63|0.39|1.12|1.14|1.03,0.66,1.03,1.69,0.8
DCX Systems,/company/DCXINDIA/consolidated/,DCXINDIA,111.39,,1.31,0.87,-0.53,52.17,,1980.56,177.81,8.54,30,nse,consolidated,,136,178,1981,Industrials,Capital Goods,Aerospace & Defense,-16,3,-47,Jun 2026,Mar 2026,Jun 2026,309.12|198.16|746.20|138.08|195.62|200.01|549.96|222.16|192.85|121.06|207.27|103.13,92|89|94|97|97|93|96|92|93|88|90|91,,641|1102|1254|1424|1084|743,1.6|6|7|6|0.4|-2.3,96|91|89|92|96|91,0|0|0|0|0|0,114|-134|-590|4|496|2,16|15|15|60|347|484,202|27|229|204|289|537,57.13|56.86|56.86|52.17|52.17|52.17|52.17|52.17,0.77|1.01|1.17|0.71|1.48|1.06|0.83|1.72,7.88|5.39|4.04|4.56|3.22|3.64|2.91|2.69,1.72,2.69,4.41,2.67
Greenpanel Inds.,/company/GREENPANEL/,GREENPANEL,15.44,,1.45,-0.40,-2.13,53.26,,1975.04,161.06,4.17,30,nse,standalone,294,111,161,1975,Consumer Discretionary,Consumer Durables,Plywood Boards/ Laminates,-5,9,12,Jun 2026,Mar 2026,Jun 2026,398.68|385.68|396.54|364.95|336.87|359.44|374.51|328.19|395.97|416.27|398.93|349.81,44.39|43.86|46.25|48.90|50.79|56.58|50.15|52.13|51.42|48.01|51.23|47.27,,0|587|860|1020|1624|1783|1567|1436|1539,|14|16|20|26|23|16|9|5,|42|44|45|41|42|44|52|51,|15|15|12|12|13|17|15|18,-0|27|101|211|360|339|135|78|111,0|1118|1088|1043|1009|992|982|1559|1425,0|131|154|149|166|153|202|199|189,53.12|53.12|53.13|53.13|53.13|53.13|53.13|53.26,2.70|3.00|2.92|1.64|1.36|1.10|1.07|0.94,27.70|28.47|28.62|28.76|29.62|28.45|28.40|28.49,0.94,28.49,29.43,1.28
TIL,/company/TIL/consolidated/,TIL,91.44,,17.7,2.90,-26.0,61.30,,1967.76,239.25,46.75,30,nse,consolidated,,13.5,239,1968,Industrials,Capital Goods,Construction Vehicles,95,1,21,Jun 2026,Mar 2026,Aug 2026,19.96|12.06|31.43|66.98|67.64|79.14|101.52|62.91|78.27|73.23|108.84|117.13,61|78|67|70|63|63|62|68|71|57|61|59,,1472|313|308|343|439|377|313|66|44|67|315|323,10|-1.9|9|11|12|-17|-10|-184|-125|-111|4.3|1.8,71|69|61|58|60|77|70|47|70|68|65|64,2|5|4|4|3|3|3|11|11|9|4|4,-45|-83|26|-46|-61|-27|6|-83|-131|-88,300|196|143|137|128|167|120|119|106|104|99|96,401|174|185|246|253|235|217|164|141|127|126|184,68.43|68.43|68.43|68.43|68.43|70.12|61.30|61.30,0.01|0.08|0.09|0.04|0.04|0.03|2.62|2.88,0.87|0.87|1.11|1.11|0.87|0.73|3.80|3.05,2.88,3.05,5.93,6.09
Aayush Art,/company/540718/,540718,182.44,,32.34,18.9,13.9,24.63,,1965.55,1283.65,11.68,30,bse,standalone,249,39.7,1284,1966,Consumer Discretionary,Textiles,Other Textile Products,154,145,193,Mar 2026,Mar 2026,Mar 2026,1|2|1|2|0|13|7|0|27|47|48|169,33|111|85|120||98|98|76|98|95|96|94,,1|1|11|13|8|2|2|3|13|7|74|216,-30|-19|0.4|0.2|0.3|-14|-2.9|-13|0.0|-2.0|3.3|5.0,98|98|97|95|97|102|93|109|98|97|96|94,,0|-4|-0|1|-0|-1|3|0|-40|-0,0|0|0|0|0|0|0|0|0|0|0|0,0|0|3|2|2|4|3|0|0|0|18|17,11.27|7.01|10.10|12.72|20.71|20.71|20.71|24.63,,,,,,9.1
MV Electrosystems,/company/MVELECTRO/,MVELECTRO,-217.21,,,-15.1,-31.4,57.68,,1963.13,719.55,197.97,30,nse,standalone,,,720,1963,Industrials,Capital Goods,Industrial Products,-10,,-21,Jun 2026,Mar 2026,Aug 2026,13.45|14.93|12.77,92|93|91,,68|50|63|49,9|12|12|-20,66|51|58|68,9|12|10|15,3|-5|5|-58,14|24|23|37,14|24|32|67,57.68,1.79,12.68,1.79,12.68,14.47,40.06
Nucleus Soft.,/company/NUCLEUS/consolidated/,NUCLEUS,11.29,,2.16,16.8,13.1,73.59,,1961.76,745.20,2.81,30,nse,consolidated,17.2,345,745,1962,Information Technology,Information Technology,Software Products,11,11,2,Jun 2026,Mar 2026,Jun 2026,205|204|210|195|202|206|229|218|214|220|225|210,,,353|349|372|412|484|521|514|497|634|826|832|876,19|9|14|14|16|18|25|7|25|27|20|14,,6|4|2|4|4|5|3|3|3|2|3|4,95|77|56|75|115|58|50|222|151|117,58|54|48|48|47|57|50|59|50|59|61|89,,73.59|73.59|73.59|73.59|73.59|73.59|73.59|73.59,5.62|5.32|4.83|5.32|5.18|4.91|4.46|3.32,1.75|1.79|1.50|1.47|1.49|1.38|1.21|1.48,3.32,1.48,4.8,2.24
Khazanchi Jewell,/company/543953/,543953,14.19,,5.66,34.8,32.4,74.51,,1960.33,792.15,2.52,30,bse,standalone,19.2,140,792,1960,Consumer Discretionary,Consumer Durables,"Gems, Jewellery And Watches",62,40,24,Jun 2026,Mar 2026,Jun 2026,187|208|381|375|394|622|404|549|589|508|586,96|95|96|96|96|96|94|94|94|92|93,,361|382|257|481|821|1772|2049,2.2|2.0|2.9|3.2|5|3.6|6,97|96|95|96|95|96|93,0|0|0|0|0|0|0,6|5|-1|6|-83|1|-36,13|9|13|13|13|13|25,87|101|106|128|201|257|408,74.51|74.51|74.51|74.51|74.51|74.51|74.51|74.51,0.00|0.00|0.00|0.00|0.00|0.00|0.02|0.02,1.44|1.51|1.60|1.59|1.76|1.76|1.74|0.13,0.02,0.13,0.15,0.96
Hester Bios,/company/HESTERBIO/consolidated/,HESTERBIO,20.84,,5.44,15.2,15.9,53.73,,1958.54,2302.30,5.94,30,nse,consolidated,36.9,423,2302,1959,Healthcare,Healthcare,Pharmaceuticals,8,9,4,Jun 2026,Mar 2026,Jun 2026,70|67|79|82|84|63|82|84|71|77|100|77,27.72|30.82|27.18|28.49|29.31|31.05|25.31|26.72|27.21|26.78|19.43|22.11,,90|101|123|136|178|183|214|235|266|305|311|333,28|34|33|35|38|30|32|26|19|18|20|26,27.53|19.46|26.34|21.13|19.27|15.27|23.44|27.59|29.12|31.48|28.39|24.64,14.96|17.21|10.04|11.30|10.57|8.06|6.40|7.71|8.22|10.50|9.93|8.98,35|38|47|37|58|9|24|48|65|64,60|65|102|110|145|143|133|237|259|240|233|411,29|34|33|40|51|64|62|75|85|76|70|73,53.73|53.73|53.73|53.73|53.73|53.73|53.73|53.73,0.61|0.59|0.87|0.51|0.53|0.52|0.38|0.31,0.00|0.02|0.02|0.02|0.00|0.01|0.00|0.00,0.31,0.00,0.31,5.88
Virtuoso Optoel.,/company/VOEPL/,VOEPL,23.52,,4.39,9.73,4.54,46.22,,1954.54,570.65,12.2,30,nse,standalone,111,130,571,1955,Consumer Discretionary,Consumer Durables,Diversified consumer products,35,49,20,Jun 2026,Mar 2026,Aug 2026,73.82|224.74|239.82|201.89|97.07|204.55|331.30|375.47,83|89|86|86|80|83|88|88,,55|68|115|200|337|531|697|835,4.7|12|11|10|10|10|8|10,92|79|86|86|82|82|83|85,2|6|0|0|4|4|4|0,2|-6|1|22|-10|14|32|3,5|11|18|50|88|130|201|408,7|14|37|63|138|165|212|219,56.88|53.69|53.69|52.13|51.15|49.74|49.74|46.22,1.52|1.65|2.20|5.03|7.23|11.14|11.29|17.66,1.24|0.23|0.71|0.69|0.90|0.76|0.79|1.03,17.66,1.03,18.69,2.34
La Opala RG,/company/LAOPALA/,LAOPALA,13.15,,2.38,14.2,10.2,66.28,,1953.05,175.95,9.51,30,nse,standalone,20.7,73.9,176,1953,Consumer Discretionary,Consumer Durables,Glass - Consumer,-12,8,-3,Jun 2026,Mar 2026,Jun 2026,89|107|83|73|91|91|77|65|91|84|68|71,13.50|21.10|14.99|14.04|28.46|32.88|17.56|7.05|20.33|18.50|10.07|9.09,,222|248|235|259|278|270|211|323|452|365|332|309,30|35|38|42|40|39|32|38|38|37|33|37,12.51|16.09|15.66|12.27|7.87|9.83|20.18|11.72|10.25|7.84|18.69|8.60,22.70|14.34|20.90|22.01|25.05|24.45|20.12|25.32|26.34|26.87|24.33|29.87,72|80|51|73|83|99|109|68|112|68,65|107|108|131|121|122|114|119|217|197|187|169,29|40|34|32|48|55|30|37|76|100|71|90,65.64|65.64|65.84|65.84|65.84|65.84|66.15|66.28,1.76|1.84|0.92|0.83|0.83|0.60|0.48|0.47,19.39|19.38|19.59|19.85|19.92|19.84|19.65|18.60,0.47,18.60,19.07,6.32
Sakar Healthcare,/company/SAKAR/,SAKAR,24.77,,6,12.7,9.99,52.52,,1948.42,875.70,10.9,30,nse,standalone,54.0,146,876,1948,Healthcare,Healthcare,Pharmaceuticals,24,22,44,Jun 2026,Mar 2026,Jun 2026,34|37|43|41|43|43|50|53|58|70|71|73,49.50|55.68|57.87|53.61|53.51|52.14|29.20|54.91|52.83|50.51|39.92|47.40,,35|41|44|53|68|83|95|128|133|153|178|252,22|20|23|24|25|24|24|23|25|25|28|27,49.47|53.29|50.46|53.09|52.28|52.00|54.14|58.20|55.22|54.57|46.33|48.97,13.25|10.16|6.77|5.88|5.77|5.06|3.34|3.09|2.69|3.25|3.10|0.00,2|5|16|19|15|36|33|24|34|49,36|37|49|53|64|66|69|205|267|314|309|326,7|6|7|4|7|11|16|14|15|28|44|70,53.15|53.58|53.58|52.86|52.86|52.86|52.86|52.52,13.42|13.58|13.61|13.41|13.31|13.05|12.94|12.13,10.62|10.88|10.97|11.25|11.43|11.36|11.32|11.37,12.13,11.37,23.5,7.73
Team Lease Serv.,/company/TEAMLEASE/consolidated/,TEAMLEASE,7.45,,2.05,14.6,14.0,33.29,,1944.86,1272.70,4.44,30,nse,consolidated,12.7,622,1273,1945,Services,Services,Diversified Commercial Services,14,19,4,Jun 2026,Mar 2026,Jul 2026,2273|2445|2432|2580|2797|2921|2858|2891|3032|2990|2925|3035,,,2007|2505|3041|3624|4448|5201|4881|6480|7870|9322|11156|11791,1.2|1.0|1.2|1.9|2.1|1.8|2.0|2.2|1.6|1.4|1.2|1.3,,0|0|0|0|0|0|0|0|0|2|3|2,36|79|-12|10|303|-6|126|118|104|302,5|11|107|138|152|265|255|262|303|293|311|339,0|0|0|0|0|0|0|0|0|0|0|0,31.61|31.61|31.61|31.11|31.11|31.11|31.11|33.29,21.86|11.01|7.69|6.68|6.35|6.76|6.95|8.05,37.11|47.65|50.25|50.72|49.84|49.60|47.81|44.25,8.05,44.25,52.3,0.16
Behari Lal Engg.,/company/BLEL/,BLEL,18.77,,,30.9,23.6,70.84,,1935.13,457.45,142.36,30,nse,standalone,29.9,,457,1935,Industrials,Capital Goods,Iron & Steel Products,5,,5,,Mar 2026,Aug 2026,,,,462|445|507|533,10|13|14|17,71|64|57|53,15|17|20|20,13|37|62|28,60|67|83|96,60|62|81|104,70.84,1.81,10.69,1.81,10.69,12.5,3.63
Thirumalai Chem.,/company/TIRUMALCHM/consolidated/,TIRUMALCHM,87.49,,1.23,-3.15,-11.8,37.13,,1932.70,160.32,11.08,30,nse,consolidated,,130,160,1933,Commodities,Chemicals,Commodity Chemicals,-7,10,-6,Jun 2026,Mar 2026,Jun 2026,542|492|527|555|525|447|523|450|445|416|424|547,81|83|81|78|76|81|75|81|77|81|76|74,,1070|940|1028|1312|1261|1085|1086|1998|2132|2083|2050|1736,3.6|10|15|22|16|7|20|22|9|2.5|2.4|-2.0,80|70|66|60|66|72|60|60|72|80|77|79,6|7|7|6|8|8|6|6|9|7|8|10,108|81|234|140|221|402|54|237|-66|-131,243|256|317|310|383|550|513|596|671|712|1251|1251,98|69|152|126|191|147|132|242|319|251|248|186,41.92|41.92|41.89|41.87|36.13|37.13|37.13|37.13,2.86|2.77|1.97|1.88|2.15|1.97|2.06|1.46,1.30|1.27|1.12|1.05|9.32|9.47|9.93|10.07,1.46,10.07,11.53,1.11
Ardee Industries,/company/ARDEE/,ARDEE,14.04,,,49.1,80.9,67.62,,1927.77,61.16,55.83,30,nse,standalone,22.4,,61.2,1928,Commodities,Metals & Mining,Diversified Metals,42,,57,Jun 2026,Mar 2026,Aug 2026,251|354|339,78|79|82,,412|463|743|1168,6|6|9|13,86|79|79|77,4|7|7|5,-14|-25|8|30,39|45|67|72,24|42|45|116,67.62,1.85,8.40,1.85,8.40,10.25,1.65
GOCL Corpn.,/company/GOCLCORP/consolidated/,GOCLCORP,5.17,,0.61,13.1,11.4,67.82,,1924.65,388.25,5.06,30,nse,consolidated,7.20,634,388,1925,Commodities,Chemicals,Explosives,-78,-53,-26,Jun 2026,Mar 2026,Jun 2026,163|167|158|4|3|5|3|3|2|2|2|4,70|78|85|79|24|113|30|26|7|-5|17|30,,390|484|499|483|532|499|416|498|921|610|555|10,8|5|6|6|6|3.1|2.3|0.8|-2.3|-3.5|-4.8|-322,55|60|60|62|63|66|63|68|79|83|83|14,13|12|7|11|11|10|9|9|6|6|5|0,27|11|38|-13|7|-62|-77|40|16|-34,971|972|338|351|361|369|374|303|313|191|168|88,98|108|64|57|65|64|60|171|204|65|34|1,72.82|72.82|72.82|72.82|67.82|67.82|67.82|67.82,0.14|0.11|0.37|0.16|5.12|5.12|5.08|5.34,1.25|1.25|1.26|1.27|1.27|1.25|1.26|1.34,5.34,1.34,6.68,192.5
BF Utilities,/company/BFUTILITIE/,BFUTILITIE,-266.02,,11.54,3.88,1.52,56.73,,1921.60,510.25,3.48,30,nse,standalone,,44.2,510,1922,Services,Services,"Road AssetsToll, Annuity, Hybrid-Annuity",2,5,0,Jun 2026,Mar 2026,Jun 2026,10.29|1.37|2.38|5.45|8.92|1.84|2.37|5.77|7.97|3.46|1.67|5.88,0.00|-0.73|0.84|-0.18|-0.11|-1.09|1.69|0.17|0.00|0.00|-0.60|-0.17,,19.07|5.21|21.25|14.85|17.81|19.25|14.59|18.38|18.03|19.40|18.58|18.86,54.80|30.33|65.13|24.11|5.39|12.57|-12.54|1.20|-5.88|-9.23|-4.90|-38.28,0||-1|1|1|-0|0|0|-0|-0|0|0,29||15|42|58|56|84|75|74|90|83|0,22.18|10.77|0.82|0.48|-3.07|0.32|-2.45|-4.87|-23.68|-11.45,27.41|25.48|21.62|17.76|13.93|10.10|6.54|4.54|3.84|3.15|2.52|1.96,0.06|0.08|0.28|0.16|0.07|0.10|0.07|0.04|0.04|0.05|0.04|0.04,56.74|56.73|56.73|56.73|56.73|56.73|56.73|56.73,1.11|1.54|1.69|1.55|1.63|1.57|1.57|1.61,0.14|0.09|0.13|0.14|0.14|0.10|0.05|0.06,1.61,0.06,1.67,101.91
Vidya Wires,/company/VIDYAWIRES/consolidated/,VIDYAWIRES,19.36,,3.99,20.7,17.8,72.80,,1915.72,90.07,8.21,30,nse,consolidated,30.6,22.6,90.1,1916,Industrials,Capital Goods,"Aluminium, Copper & Zinc Products",22,,32,Jun 2026,Mar 2026,Jun 2026,364|347|380|412|381|448|599|550,93|92|92|92|93|92|92|93,,913|1011|1182|1481|1840,3.4|3.5|3.8|4.3|4.7,94|93|93|93|92,1|2|2|2|0,-16|38|2|-17|-9,32|38|40|41|71,59|59|70|91|130,72.80|72.80|72.80,0.68|1.11|1.98,9.53|10.46|3.37,1.98,3.37,5.35,1.04
Paushak,/company/PAUSHAKLTD/,PAUSHAKLTD,24.29,,3.9,8.30,6.98,67.28,,1915.10,776.70,8.17,30,nse,standalone,45.2,199,777,1915,Commodities,Chemicals,Specialty Chemicals,1,9,15,Jun 2026,Mar 2026,Jun 2026,52|52|54|52|57|49|52|56|59|49|55|84,27.48|15.56|17.80|26.94|22.23|16.71|17.27|17.61|26.30|20.41|19.04|31.35,,69|78|72|105|140|138|141|150|212|206|211|219,25|22|17|28|29|31|36|36|35|31|28|28,38.97|36.56|34.56|35.60|38.47|32.93|24.18|19.83|21.69|21.73|20.86|20.94,17.53|19.77|23.05|15.84|13.00|13.36|15.40|19.40|19.54|23.97|26.24|24.96,12|10|24|41|30|44|43|56|38|54,18|20|35|37|38|41|51|147|149|152|141|377,7|9|9|12|18|16|14|19|23|22|22|37,66.97|66.97|67.14|67.14|67.28|67.28|67.28|67.28,0.00|0.00|0.01|0.00|0.00|0.00|0.00|0.00,0.34|0.39|0.53|0.53|0.70|0.67|0.25|0.06,0.00,0.06,0.06,8.74
Bluspring Enter.,/company/BLUSPRING/consolidated/,BLUSPRING,18.66,,2.83,5.22,-0.53,58.05,,1905.11,127.43,6.51,30,nse,consolidated,126,44.8,127,1905,Services,Services,Diversified Commercial Services,,,12,Jun 2026,Mar 2026,Jun 2026,770.43|790.92|801.51|797.23|857.48|862.53|864.80|949.29,7|6|7|7|8|8|8|7,,2682|2682|3484|3382,2.9|2.9|2.4|1.6,|||0,|||14,-84|-84|-22|52,495|495|502|512,7|7|7|7,58.24|58.24|58.24|58.16|58.05,8.83|5.83|5.49|5.71|5.69,8.41|8.95|8.81|8.71|8.64,5.69,8.64,14.33,0.56
Motisons Jewel,/company/MOTISONS/,MOTISONS,19.78,,3.33,17.9,14.0,57.12,,1892.81,16.64,85.5,30,nse,standalone,28.3,4.98,16.6,1893,Consumer Discretionary,Consumer Durables,"Gems, Jewellery And Watches",10,18,11,Jun 2026,Mar 2026,Jun 2026,90|123|117|89|109|145|119|87|90|175|137|107,81|79|81|83|79|80|80|81|61|75|90|80,,223|219|213|314|366|417|462|490,8|11|15|12|13|15|15|18,86|84|81|84|82|80|80|78,1|1|1|1|2|1|1|0,|11|17|6|4|-52|-23|27,15|14|12|11|7|7|6|5,230|232|240|284|320|413|478|544,66.00|66.00|66.00|66.00|66.00|65.73|64.86|57.12,0.57|0.37|0.16|0.11|0.09|0.74|2.03|2.89,0.40|0.48|0.49|0.50|0.50|0.50|0.49|0.74,2.89,0.74,3.63,3.86
Creative Newtech,/company/CNL/consolidated/,CNL,19.06,,5.13,18.8,21.4,56.62,,1865.30,1242.15,35.22,30,nse,consolidated,25.3,242,1242,1865,Services,Services,Trading & Distributors,25,39,49,Jun 2026,Mar 2026,Jun 2026,430|511|304|301|411|659|404|394|656|914|741|476,93|94|89|91|92|93|89|91|93|93|91|88,,368|457|520|947|1392|1721|1783|2705,2.8|3.4|2.4|3.4|2.6|2.8|3.0|3.4,91|89|91|90|93|93|91|92,0|1|1|1|1|1|2|0,-4|-2|-4|-19|-21|-28|22|-273,9|9|10|11|10|9|8|12,28|60|60|97|81|78|106|173,56.16|56.16|56.60|56.60|56.62|56.62|56.62|56.62,0.29|0.89|0.98|1.01|0.37|0.22|0.22|0.27,1.52|1.52|0.96|0.96|0.98|1.04|1.08|1.28,0.27,1.28,1.55,0.69
Blue Cloud Soft.,/company/BLUECLOUDS/consolidated/,BLUECLOUDS,12.95,,1.64,14.2,11.6,38.44,,1863.70,20.19,2.23,30,nse,consolidated,29.1,12.3,20.2,1864,Information Technology,Information Technology,Software Products,,,41,Jun 2026,Mar 2026,Jun 2026,87|168|213|231|235|147|184|206|253|265|278|293,0.00|0.00|0.00|0.00|0.00|-0.14|-0.01|-0.00|0.02|0.00|0.01|-0.00,,502|797|1002,5|9|13,0|0|0,84|83|0,-20|-13|208,52|58|970,0|0|1,35.76|35.76|35.48|34.58|34.54|38.47|38.44|38.44,22.94|22.96|22.94|22.94|22.94|13.29|13.29|13.28,,13.28,,13.28,1.86
Shanti Gold,/company/SHANTIGOLD/,SHANTIGOLD,7.52,,3.1,33.5,37.3,74.89,,1859.32,242.29,54.25,30,nse,standalone,9.98,78.0,242,1859,Consumer Discretionary,Consumer Durables,"Gems, Jewellery And Watches",44,40,111,Jun 2026,Mar 2026,Jun 2026,240|266|303|297|293|430|637|659|716,92|92|89|91|86|85|90|89|89,,377|428|679|711|1106|2019,5|4.4|6|7|8|10,92|94|92|91|90|89,1|0|0|0|0|0,-28|-16|-4|-13|-15|-261,29|43|42|60|57|59,46|85|85|129|149|347,74.89|74.89|74.89|74.89,2.68|2.21|2.18|1.92,4.01|2.29|2.13|1.58,1.92,1.58,3.5,0.92
Epack Durable,/company/EPACK/consolidated/,EPACK,21.76,,1.92,4.55,0.34,46.44,,1847.11,191.95,8.3,30,nse,consolidated,,99.8,192,1847,Consumer Discretionary,Consumer Durables,Household Appliances,7,21,3,Jun 2026,Mar 2026,Jun 2026,178|279|526|774|377|377|643|662|213|428|591|886,84|83|82|86|85|82|81|84|84|83|87|86,,736|924|1539|1420|2171|1894,6|7|7|8|7|6,88|86|86|84|84|85,2|3|3|3|5|0,47|-29|19|257|31|-140,116|327|419|678|691|909,140|277|294|378|581|837,48.06|48.04|48.04|48.04|47.91|47.18|47.18|46.44,1.97|1.31|1.58|0.41|1.48|0.26|0.28|0.34,10.58|8.98|6.57|5.55|5.91|7.06|6.56|5.24,0.34,5.24,5.58,0.98
Capacit'e Infra.,/company/CAPACITE/consolidated/,CAPACITE,4.78,,0.96,15.5,10.4,31.69,,1838.70,217.33,9.71,30,nse,consolidated,9.92,226,217,1839,Industrials,Construction,Civil Construction,13,24,12,Jun 2026,Mar 2026,Jun 2026,422|481|599|570|518|590|671|589|646|675|712|629,65|66|68|70|66|68|72|71|70|71|71|71,,556|853|1155|1341|1797|1529|880|1340|1799|1932|2350|2623,11|13|18|15|14|17|15|16|20|17|16|16,50.76|43.81|41.45|44.54|43.28|43.01|40.57|41.41|37.16|36.34|36.90|33.59,25.15|29.57|29.14|28.02|31.07|26.78|28.17|28.24|30.48|30.81|32.21|37.11,136|85|70|357|77|34|101|-39|52|223,169|233|326|410|541|659|664|694|659|593|584|653,118|221|181|224|91|104|100|112|99|111|110|129,31.69|31.69|31.69|31.69|31.69|31.69|31.69|31.69,14.29|13.68|13.32|14.53|13.95|14.09|14.96|14.16,7.24|7.55|7.82|8.23|8.48|8.54|7.82|7.73,14.16,7.73,21.89,0.7
Krsnaa Diagnost.,/company/KRSNAA/,KRSNAA,7.54,,1.84,12.7,10.9,27.11,,1829.70,564.05,4.45,30,nse,standalone,18.5,306,564,1830,Healthcare,Healthcare,Healthcare Service Provider,14,12,5,Jun 2026,Mar 2026,Jun 2026,147|152|159|163|179|165|175|176|183|159|173|211,24.46|22.67|26.98|26.29|25.13|24.16|23.79|26.71|25.57|23.62|24.59|23.00,,36|57|108|147|258|396|455|464|590|682|691,0.6|26|-57|41|-44|24|30|27|25|29|31,31.98|25.56|9.79|11.80|0.00|0.00|0.00|0.00|0.00|0.00|25.16,4.44|3.97|0.00|7.35|17.52|25.41|18.00|22.16|29.49|28.85|0.00,59||61|38|119|129|75|24|89|134,59|116||223|275|309|386|471|647|668|651,1|1||4|5|7|9|25|36|29|26,27.17|27.24|27.24|27.11|27.11|27.11|27.11|27.11,3.63|4.04|3.55|3.40|3.66|4.17|3.91|4.28,15.86|14.46|14.26|14.24|14.96|13.85|13.89|14.51,4.28,14.51,18.79,2.65
Syncom Formul.,/company/SYNCOMF/,SYNCOMF,15.21,,4.44,26.8,20.2,50.57,,1829.24,19.46,12.75,30,nse,standalone,21.6,4.39,19.5,1829,Healthcare,Healthcare,Pharmaceuticals,30,15,0,Jun 2026,Mar 2026,Jun 2026,62|63|73|87|101|127|148|117|121|115|134|125,61|61|58|63|65|68|68|59|58|53|62|53,,173|184|185|159|187|206|245|216|222|257|461|487,11|9|9|7|6|8|16|9|9|11|12|16,67|72|69|69|73|74|66|65|64|61|67|58,2|2|2|3|3|3|2|3|4|3|2|0,17|-2|4|6|-2|16|10|-6|23|58,46|46|85|89|89|93|91|94|91|120|125|184,11|15|10|11|14|16|23|20|21|21|41|63,50.57|50.57|50.57|50.57|50.57|50.57|50.57|50.57,0.10|0.13|0.11|0.41|0.10|0.26|0.21|0.35,,0.35,,0.35,3.76
Servotech Renew,/company/SERVOTECH/consolidated/,SERVOTECH,24.30,,6.33,12.8,12.8,58.61,,1828.67,80.97,6.65,30,nse,consolidated,48.8,12.8,81.0,1829,Industrials,Capital Goods,Other Electrical Equipment,34,51,7,Jun 2026,Mar 2026,Jun 2026,85.93|52.01|136.17|112.19|199.67|216.30|146.28|136.74|106.49|211.07|217.33|215.79,86|82|86|82|83|85|82|81|79|69|79|78,,87|144|278|353|674|672,6|6|7|6|8|10,85|87|83|84|83|76,0|1|1|2|1|0,3|8|-24|1|-55|-2,11|12|22|32|69|156,15|14|21|39|71|60,59.34|59.19|58.97|58.65|58.65|58.61|58.61|58.61,5.95|2.77|2.89|2.99|1.78|0.73|0.14|0.05,,0.05,,0.05,2.72
Brightcom Group,/company/BCG/consolidated/,BCG,0.22,,0.17,14.9,9.99,18.38,,1826.22,9.05,4.92,30,nse,consolidated,1.80,52.4,9.05,1826,Information Technology,Information Technology,IT Enabled Services,-2,19,33,Jun 2026,Mar 2026,Jun 2026,1814|453|705|1182|1303|1674|987|1455|1644|2232|1597|1752,,,1951|2250|2451|2421|2580|2692|2856|5020|7397|4662|5147|6928,29|30|30|29|29|29|30|30|29|27|26|25,0|0|0|0|0|56|56|0|0|0|0|0,58|57|57|57|57|1|1|59|59|59|62|0,151|315|510|89|460|287|703|134|175|103,258|483|567|542|524|695|719|850|856|851|974|1446,,18.38|18.38|18.38|18.38|18.38|18.38|18.38|18.38,9.01|8.01|8.01|8.01|1.59|1.67|1.31|1.12,0.00|0.00|0.00|0.00|0.00|0.00|0.00|0.00,1.12,0.00,1.12,0.26
Allcargo Logist.,/company/ALLCARGO/consolidated/,ALLCARGO,8.09,,3.19,4.83,0.88,40.28,,1825.79,12.19,35.68,30,nse,consolidated,39.7,3.83,12.2,1826,Services,Services,Logistics Solution Provider,-52,-28,5,Jun 2026,Mar 2026,Jun 2026,3307|3212|3348|3763|483|519|513|491|537|516|514|546,0.00|0.01|0.00|0.00|0.00|0.00|0.00|0.00|0.00|0.00|0.00|0.00,,5629|5641|5583|6049|6895|7346|10498|19062|18051|12969|1961|2058,9|9|8|6|7|7|6|7|6|3.6|10|11,0|0|0|0|0|0|0|0|0|0|0|0,70|68|68|72|73|73|77|82|80|77|72|73,359|308|324|319|330|850|1583|-146|275|314,2062|1579|1540|1560|1597|1968|3165|3492|2132|2834|759|783,12|11|10|10|9|8|10|8|3|3|0|0,63.37|63.28|63.28|63.28|63.28|40.49|40.28|40.28,10.99|10.90|11.17|8.83|8.83|8.20|7.27|6.56,2.75|2.25|2.23|2.25|2.25|3.17|2.29|1.82,6.56,1.82,8.38,0.89
Jindal Drilling,/company/JINDRILL/consolidated/,JINDRILL,4.42,,1,13.7,10.2,66.78,,1820.52,628.20,60.79,30,nse,consolidated,9.35,628,628,1821,Energy,"Oil, Gas & Consumable Fuels",Offshore Support Solution Drilling,25,20,12,Jun 2026,Mar 2026,Jun 2026,142|183|198|171|172|239|245|254|238|242|263|275,,,540|320|372|149|207|216|398|420|512|617|828|997,38|11|4.6|-40|4.7|-267|11|26|32|23|29|35,,48|72|75|66|69|55|61|55|49|52|59|50,-61|-67|8|52|106|196|64|-44|864|178,745|55|68|64|53|531|502|651|602|551|1294|1185,13|12|13|10|8|33|40|40|35|38|66|63,64.26|64.26|64.26|64.24|64.39|66.44|66.78|66.78,0.45|0.64|2.05|2.13|2.04|0.85|0.62|0.42,1.05|1.05|0.94|0.49|0.20|0.00|0.00|0.01,0.42,0.01,0.43,1.83
Algoquant Fin,/company/ALGOQUANT/,ALGOQUANT,24.61,,13.49,31.4,27.7,73.68,,1814.76,64.56,8.53,30,nse,standalone,40.6,4.79,64.6,1815,Financial Services,Financial Services,Other Financial Services,160,112,16,Jun 2026,Mar 2026,Jun 2026,11|43|55|66|65|50|54|54|51|52|77|78,,,43|27|7|0|0|1|6|17|13|156|235|235,2.1|-17|-197||-1138|-45|56|19|-33|28|21|22,43|44|134||100|0|0|0|0|0|0|0,21|21|12||92|26|13|34|50|31|27|0,4|-21|-8|-2|-18|20|-37|-9|60|60,6|7|6|1|1|0|0|1|2|13|14|13,14|12|1|0|0|0|0|0|0|0|0|0,65.91|73.68|73.68|73.68|73.68|73.68|73.68|73.68,5.51|0.71|0.71|0.71|0.61|0.64|1.22|0.81,0.08|0.06|0.05|0.05|0.02|0.02|0.02|0.09,0.81,0.09,0.9,7.72
RACL Geartech,/company/RACLGEAR/,RACLGEAR,15.85,,5.15,16.6,16.1,42.70,,1813.71,1538.60,7.08,30,nse,standalone,38.4,299,1539,1814,Consumer Discretionary,Automobile and Auto Components,Auto Components & Equipments,10,19,23,Jun 2026,Mar 2026,Jun 2026,101.56|113.43|113.86|105.28|101.51|109.49|101.09|99.91|117.28|130.81|129.76|127.63,30.28|30.34|30.56|28.49|29.34|31.01|29.47|27.47|26.31|25.17|33.48|20.11,,107|117|116|136|190|212|204|271|358|417|417|478,15|13|13|13|17|20|25|21|23|23|21|22,37.23|37.75|36.36|35.23|33.56|32.10|29.96|33.17|30.57|29.34|29.59|28.19,27.01|27.21|27.56|29.66|31.37|29.63|26.84|28.84|29.58|31.14|31.46|31.66,9|5|19|33|39|11|60|35|63|82,60|62|64|72|95|108|140|178|227|304|323|342,25|27|27|33|36|41|42|57|95|119|133|138,53.32|53.31|51.30|42.67|42.67|42.68|42.69|42.70,0.00|0.00|0.03|8.76|8.68|8.96|9.54|9.27,0.04|0.05|0.05|2.85|2.86|2.74|3.22|3.22,9.27,3.22,12.49,3.79
AWFIS Space,/company/AWFIS/consolidated/,AWFIS,4.71,,3.28,13.2,14.0,17.00,,1812.34,253.25,6.99,30,nse,consolidated,21.4,77.2,253,1812,Services,Services,Diversified Commercial Services,40,53,23,Jun 2026,Mar 2026,Jun 2026,208|221|232|258|292|318|340|335|367|382|410|425,2.28|3.48|2.94|3.10|2.87|3.43|2.44|2.24|1.90|2.09|2.26|2.62,,154|226|178|257|545|849|1208|1493,-22|1.5|30|27|29|29|34|37,4|3|1|2|2|3|2|2,9|11|21|30|30|32|31|0,-11|-8|57|83|195|229|363|616,66|96|300|340|653|916|1580|1701,0|0|0|1|0|0|0|1,28.24|20.44|20.40|20.31|17.01|17.01|17.00|17.00,20.66|21.07|19.33|21.45|25.04|27.34|26.35|26.92,20.81|29.37|33.97|37.63|41.18|39.56|39.52|38.51,26.92,38.51,65.43,1.21
A C J K Exports,/company/AEROPLANE/consolidated/,AEROPLANE,9.32,,,15.7,15.8,78.78,,1810.29,174.82,9.67,30,nse,consolidated,14.6,,175,1810,Fast Moving Consumer Goods,Fast Moving Consumer Goods,Other Agricultural Products,20,16,15,Jun 2026,Mar 2026,Jun 2026,497|580|428|593|571|695|664,85|83|84|85|82|87|86,,1102|1222|1312|1545|1997|2287,6|4.8|6|7|8|10,82|84|82|83|84|85,6|4|4|2|2|0,5|77|74|-5|95|-166,119|110|105|101|95|90,737|645|627|797|928|1039,78.78|78.78,3.50|1.89,2.63|5.44,1.89,5.44,7.33,0.79
Tinna Rubber,/company/TINNARUBR/consolidated/,TINNARUBR,17.72,,5.96,22.5,22.1,67.21,,1794.55,996.10,25.32,30,nse,consolidated,29.1,167,996,1795,Industrials,Capital Goods,Rubber,22,33,14,Jun 2026,Mar 2026,Jun 2026,80|93|110|136|118|123|129|130|120|139|157|156,54.10|55.01|54.15|53.47|53.48|57.08|56.16|52.73|46.00|51.78|54.48|46.67,,349|530|69|100|130|123|130|229|295|363|505|542,7|4.2|2.7|10|12|7|13|16|13|17|15|17,76|82|46|46|47|38|36|44|55|51|55|52,6|5|19|16|15|24|24|20|15|13|10|11,7|15|20|17|21|19|32|59|36|57,86|92|82|77|82|77|77|77|74|130|185|249,125|83|29|27|25|21|23|32|38|44|63|76,71.94|71.01|71.08|67.58|67.58|67.58|67.58|67.21,1.25|0.65|0.64|0.66|0.59|0.52|0.36|0.49,0.05|0.93|1.06|5.90|5.84|5.76|5.62|4.18,0.49,4.18,4.67,3.31
Elitecon Inter.,/company/ELITECON/consolidated/,ELITECON,5.18,,5.19,,43.5,59.43,,1790.32,11.20,5.33,30,nse,consolidated,5.59,2.16,11.2,1790,Fast Moving Consumer Goods,Fast Moving Consumer Goods,Cigarettes & Tobacco Products,,,,Dec 2025,Mar 2025,Jun 2026,0|0|0|-0|0|0|0|94|313|525|2192|1741,81|82|80||72|80|17|82|84|83|92|91,,1|1|549,2.3|4.1|13,92|74|84,0|0|0,-2|-0|-0,0|0|9|109,1|0|42|133,75.00|75.00|60.00|59.50|59.43|59.43|59.43|59.43,15.49|15.49|38.30|38.26|38.21|38.00|38.04|36.43,,36.43,,36.43,3.26
GRM Overseas,/company/GRMOVER/consolidated/,GRMOVER,15.87,,2.98,14.0,14.5,63.06,,1789.88,86.38,10.07,30,nse,consolidated,23.4,29.0,86.4,1790,Fast Moving Consumer Goods,Fast Moving Consumer Goods,Other Agricultural Products,9,18,43,Jun 2026,Mar 2026,Jun 2026,204|382|406|370|315|371|291|327|362|483|597|427,87|88|84|86|85|87|73|85|88|87|84|79,,355|591|943|1107|749|770|1134|1379|1312|1347|1769,4.0|3.4|3.7|3.1|6|9|8|7|6|6|5,84|84|85|87|82|78|79|82|86|83|86,2|4|4|4|4|5|5|4|4|3|0,-67|-77|-21|162|35|-116|-89|47|62|-54,21|21|21|31|38|36|37|39|37|40|41,63|201|227|167|56|109|195|313|218|314|435,72.29|72.29|72.43|70.84|68.19|68.27|62.51|63.06,0.23|0.17|0.72|1.89|3.36|4.92|9.50|7.28,0.25|0.25|0.25|0.49|1.82|1.63|2.91|2.91,7.28,2.91,10.19,1.01
Vidhi Specialty,/company/VIDHIING/,VIDHIING,21.34,,5.4,18.8,15.6,64.28,,1776.54,355.70,2.24,30,nse,standalone,33.2,65.9,356,1777,Commodities,Chemicals,Specialty Chemicals,-2,7,13,Jun 2026,Mar 2026,Jun 2026,80|63|78|83|91|99|110|88|75|94|123|146,67|56|58|67|63|58|62|57|49|57|62|66,,189|185|193|213|228|225|266|537|404|303|382|380,14|16|15|15|20|22|20|16|14|19|18|21,72|69|69|64|58|55|60|70|73|63|62|57,8|9|9|14|13|13|13|9|5|8|8|0,-9|33|22|28|11|-22|96|63|-5|42,17|31|30|29|31|31|29|38|47|125|126|133,38|28|41|35|35|34|40|73|61|56|75|81,64.28|64.28|64.28|64.28|64.28|64.28|64.28|64.28,0.11|0.10|0.11|0.12|0.12|0.10|0.12|0.06,0.00|0.00|0.00|0.00|0.00|0.00|0.00|0.04,0.06,0.04,0.1,4.68
Suraksha Diagno.,/company/SURAKSHA/consolidated/,SURAKSHA,17.79,,7.23,17.0,14.1,49.10,,1771.79,340.20,8.06,30,nse,consolidated,49.5,47.0,340,1772,Healthcare,Healthcare,Healthcare Service Provider,18,17,23,Jun 2026,Mar 2026,Jun 2026,60|52|55|61|67|60|65|73|79|78|81|88,12.44|12.18|11.92|10.93|11.88|10.25|13.60|12.05|11.30|11.16|12.48|11.41,,158|140|223|190|219|252|310,22|18|22|25|33|33|31,13.55|18.58|27.06|14.41|12.46|11.71|11.75,7.78|4.06|3.93|8.65|6.89|6.14|0.00,31|24|42|44|60|63|82,128|119|119|195|212|223|316,5.45|4.45|6.23|6.16|6.68|8.05|8.14,48.78|48.78|48.89|48.98|49.00|49.10|49.10,15.39|14.46|13.95|13.73|13.46|13.46|13.47,20.43|22.05|22.37|21.98|22.57|23.14|23.22,13.47,23.22,36.69,5.72
Studds Accessor.,/company/STUDDS/consolidated/,STUDDS,13.73,,3.38,22.9,17.0,61.75,,1770.90,450.00,2.2,30,nse,consolidated,23.7,133,450,1771,Consumer Discretionary,Automobile and Auto Components,Auto Components & Equipments,8,6,10,Jun 2026,Mar 2026,Jun 2026,145|149|150|149|154|163|168|170,44.96|43.17|41.88|40.61|41.56|38.60|40.44|46.53,,480|463|499|529|584|634,23|12|12|17|18|19,46.33|54.28|52.44|45.10|43.79|40.28,6.20|9.99|11.30|13.77|15.99|16.56,74|12|28|72|63|86,266|310|311|331|338|338,29|42|35|40|56|75,61.75|61.75|61.75,1.36|1.07|1.48,8.98|9.60|9.19,1.48,9.19,10.67,2.79
Tarsons Products,/company/TARSONS/consolidated/,TARSONS,14.62,,2.79,4.56,2.38,47.30,,1767.78,332.25,28.93,30,nse,consolidated,149,119,332,1768,Healthcare,Healthcare,Medical Equipment & Supplies,,13,11,Jun 2026,Mar 2026,Jun 2026,84.94|61.79|105.72|84.80|99.25|95.68|112.69|91.36|102.33|107.89|120.93|110.24,22.35|26.95|31.42|32.64|32.87|32.65|33.62|32.07|32.48|32.58|34.06|35.11,,229|301|296|392|423,45|51|34|28|28,26.87|20.91|27.74|32.99|32.87,11.92|11.93|10.58|10.22|0.00,68|83|103|114|118,120|189|336|536|733,47|82|129|126|130,47.31|47.31|47.31|47.31|47.31|47.30|47.30|47.30,8.04|7.51|9.53|9.14|5.82|2.46|0.87|0.15,0.21|0.51|0.30|0.04|0.08|0.00|0.19|0.10,0.15,0.10,0.25,4.18
Go Fashion (I),/company/GOCOLORS/,GOCOLORS,8.29,,2.56,10.8,8.52,55.45,,1765.38,335.65,9.9,30,nse,standalone,33.0,131,336,1765,Consumer Discretionary,Consumer Services,Speciality Retail,8,27,-2,Jun 2026,Mar 2026,Jun 2026,189|202|182|220|209|215|205|223|224|195|196|223,34.23|33.54|31.92|33.85|31.29|30.38|29.99|31.99|31.86|28.83|31.38|33.22,,114|189|285|392|251|401|665|763|848|838,14|19|28|33|19|31|32|32|32|29,45.73|32.79|33.12|33.15|36.77|33.76|33.30|33.43|31.41|31.08,5.10|10.94|11.75|11.28|10.71|12.28|10.13|9.53|9.99|10.74,6|-4|33|57|90|33|104|219|199|165,19|26|186|256|260|291|394|527|560|584,27|44|70|108|84|170|234|221|245|276,52.78|52.78|52.78|52.78|52.78|52.78|54.20|55.45,11.79|11.97|11.70|9.68|8.60|7.51|4.41|3.50,32.82|32.86|33.26|34.57|35.00|32.83|28.43|25.88,3.50,25.88,29.38,2.11
Jai Corp,/company/JAICORPLTD/consolidated/,JAICORPLTD,12.87,,1.18,13.3,12.8,73.91,,1760.67,100.32,3.72,30,nse,consolidated,18.6,85.0,100,1761,Industrials,Capital Goods,Plastic Products - Industrial,-5,2,2,Jun 2026,Mar 2026,Jun 2026,118|107|123|121|135|126|135|131|146|116|121|158,69|69|65|71|71|70|68|71|70|67|63|69,,706|669|695|588|636|527|472|720|594|463|518|514,13|13|11|11|11|9|10|8|7|10|10|11,62|57|64|61|65|67|65|74|71|70|70|68,10|11|7|9|8|8|8|6|8|8|7|0,86|48|71|61|-5|91|72|41|45|14,206|183|275|274|279|256|230|224|225|213|201|209,204|232|208|215|220|199|246|228|211|215|206|241,73.79|73.91|73.91|73.91|73.91|73.91|73.91|73.91,1.61|1.61|1.40|0.79|0.91|0.71|0.80|1.49,1.60|1.63|1.64|1.65|1.57|1.57|1.57|1.24,1.49,1.24,2.73,3.43
Rico Auto Inds,/company/RICOAUTO/consolidated/,RICOAUTO,11.46,,2.24,9.15,7.69,50.33,,1750.92,129.41,37.06,30,nse,consolidated,48.9,57.6,129,1751,Consumer Discretionary,Automobile and Auto Components,Auto Components & Equipments,2,11,21,Jun 2026,Mar 2026,Jun 2026,553.89|523.52|548.41|539.67|575.78|551.69|545.26|543.46|627.36|629.42|677.49|755.08,59|57|58|61|61|61|59|60|62|62|65|66,,1346|1007|1038|1209|1393|1401|1470|1860|2302|2160|2212|2478,7|10|11|11|10|8|6|8|10|10|9|9,59|49|50|52|53|53|55|57|59|58|61|62,17|21|23|22|23|19|13|13|12|13|17|16,75|86|128|117|23|216|160|247|193|326,399|388|428|452|605|692|733|825|1019|1070|1095|1206,109|120|110|129|161|185|264|290|281|286|308|282,50.33|50.33|50.33|50.33|50.33|50.33|50.33|50.33,1.49|1.62|1.57|1.35|3.03|2.01|2.14|3.58,0.00|0.00|0.00|0.00|0.03|0.00|0.09|0.24,3.58,0.24,3.82,0.71
Spandana Sphoort,/company/SPANDANA/consolidated/,SPANDANA,59.42,,1.02,-5.78,-29.4,48.16,,1741.98,244.30,7.29,30,nse,consolidated,,240,244,1742,Financial Services,Financial Services,Microfinance Institutions,-10,-7,-48,Jun 2026,Mar 2026,Jun 2026,610|626|676|710|682|552|415|300|230|234|260|284,,,587|1043|1435|1483|1463|1401|2401|2355|1024,,,0|1|0|1|1|2|1|2|5,-1855|-573|-35|-1754|863|-2171|-2679|3681|882,8|27|34|38|31|47|52|52|39,0|0|0|0|0|1|0|0|0,55.84|48.13|48.13|48.13|48.16|48.16|48.16|48.16,22.64|21.71|19.83|19.80|20.26|20.35|19.89|19.29,7.33|6.30|6.45|5.65|6.12|5.78|5.78|5.68,19.29,5.68,24.97,1.7
Insecticid.India,/company/INSECTICID/consolidated/,INSECTICID,8.09,,1.43,15.8,12.0,72.30,,1741.51,598.50,2.1,30,nse,consolidated,13.9,419,598,1742,Commodities,Chemicals,Pesticides & Agrochemicals,6,9,1,Jun 2026,Mar 2026,Jun 2026,696|358|272|657|627|358|359|691|638|385|426|612,75|70|68|72|68|64|63|71|66|68|70|68,,893|906|994|1073|1194|1363|1420|1504|1801|1966|2000|2140,12|10|11|14|16|11|11|11|7|8|11|11,73|74|67|65|61|69|69|67|71|68|60|62,3|2|10|12|13|10|12|12|12|13|15|13,4|182|-133|242|155|135|-11|187|93|100,210|198|185|232|240|239|239|253|263|286|282|370,391|351|426|407|705|519|661|630|862|807|886|780,72.16|72.30|72.30|72.30|72.30|72.30|72.30|72.30,5.43|5.13|4.50|4.65|4.51|4.46|4.50|4.40,9.06|9.24|9.59|9.72|9.50|9.40|9.27|9.26,4.40,9.26,13.66,0.81
NGL Fine Chem,/company/NGLFINE/,NGLFINE,21.09,,5.43,16.7,15.6,72.49,,1738.68,2813.40,4.23,30,nse,standalone,34.5,518,2813,1739,Healthcare,Healthcare,Pharmaceuticals,21,14,41,Jun 2026,Mar 2026,Jun 2026,79|85|96|88|91|87|93|101|117|126|145|137,45.12|47.16|47.58|52.63|49.01|51.93|52.59|50.58|49.48|48.69|48.99|45.84,,88|96|100|114|153|152|258|319|275|329|359|489,17|23|26|19|21|15|30|21|10|14|7|14,47.15|42.38|38.00|40.36|41.80|43.42|40.53|47.35|51.67|47.72|52.20|49.97,13.27|11.51|16.46|18.03|15.69|18.56|13.85|17.47|19.13|20.07|20.50|19.17,10|22|9|20|27|13|32|11|22|35,17|24|25|56|61|61|58|59|59|60|120|144,12|10|12|17|19|28|38|55|27|43|49|68,72.74|72.74|72.74|72.74|72.74|72.74|72.73|72.49,0.02|0.05|0.00|0.00|0.00|0.00|0.03|0.05,0.00|0.00|0.00|0.00|0.00|0.00|0.00|0.02,0.05,0.02,0.07,3.56
5paisa Capital,/company/5PAISA/consolidated/,5PAISA,6.75,,2.67,9.94,7.04,36.50,,1726.91,368.35,2.48,30,nse,consolidated,39.1,138,368,1727,Financial Services,Financial Services,Stockbroking & Allied,-2,10,-1,Jun 2026,Mar 2026,Jun 2026,97|100|113|102|101|85|71|78|77|79|85|88,,,7|20|61|108|195|298|338|395|360|320,-199|-161|-28|9|23|16|26|28|35|32,,8.30|7.02|2.71|1.42|0.54|0.42|0.45|0.46|0.50|0.48,-21|-51|15|-237|2|-141|25|-92|98|-104,0|2|2|8|8|11|16|24|20|18,3|4|0|0|0|0|0|0|0|0,32.77|32.76|32.75|32.75|32.74|32.78|32.76|36.50,21.58|21.59|21.57|21.62|21.68|12.36|12.41|15.11,0.25|0.25|0.25|0.26|0.25|0.01|0.01|0.00,15.11,0.00,15.11,5.4
Yatra Online,/company/YATRA/consolidated/,YATRA,18.45,,2.08,7.23,6.23,62.66,,1723.25,109.82,21.63,30,nse,consolidated,50.1,52.9,110,1723,Consumer Discretionary,Consumer Services,"Tour, Travel Related Services",38,52,9,Jun 2026,Mar 2026,Jun 2026,94.13|110.34|107.67|100.81|236.40|235.26|218.97|209.81|350.87|256.82|189.01|187.90,,,845|673|125|198|380|422|791|1007,-19|7|-18|-4.5|10|3.5|6|8,,42|37|4|9|18|22|52|53,-409|-43|104|-83|-153|-142|-89|76,285|236|146|112|115|123|273|282,,64.46|64.46|64.46|64.46|64.46|64.46|62.66|62.66,4.26|3.09|2.75|2.82|4.20|5.06|4.25|4.95,21.61|21.40|20.29|19.09|13.27|11.13|11.84|11.28,4.95,11.28,16.23,1.71
PNGS Reva Diamo.,/company/PNGSREVA/,PNGSREVA,12.55,,3.33,22.0,21.0,64.77,,1718.85,542.25,32.23,30,nse,standalone,20.4,163,542,1719,Consumer Discretionary,Consumer Durables,"Gems, Jewellery And Watches",30,,581,Jun 2026,Mar 2026,Jun 2026,7|58|54|103|144|138|118,66|78|69|76|71|72|65,,199|196|64|439,35|29|15|22,62|68|76|72,1|1|0|0,40|18|21|-105,0|0|1|6,115|149|179|336,63.09|64.77,5.27|4.43,13.11|10.17,4.43,10.17,14.6,3.92
Quadrant Future,/company/QUADFUTURE/,QUADFUTURE,-58.23,,6.65,-15.8,-15.4,70.00,,1716.80,429.20,65.44,30,nse,standalone,,64.5,429,1717,Industrials,Capital Goods,Cables - Electricals,0,16,7,Jun 2026,Mar 2026,Jun 2026,38.93|51.39|25.51|39.63|27.01|58.47|28.73|34.40|33.28|56.56|40.59,68|65|74|57|53|73|72|87|76|79|77,,73|104|153|151|150|153,15|9|17|24|0.6|-26,65|75|71|57|65|79,6|5|4|4|5|-0,6|-5|30|22|-72|-86,18|20|21|83|72|62,15|24|19|20|44|105,70.00|70.00|70.00|70.00|70.00|70.00,2.30|2.34|1.55|0.02|0.02|1.85,8.35|6.01|4.72|3.08|1.70|2.08,1.85,2.08,3.93,11.22
M T N L,/company/MTNL/consolidated/,MTNL,68.58,,-0.06,-2.25,,56.25,,1716.75,27.25,2.49,30,nse,consolidated,,-476,27.2,1717,Telecommunication,Telecommunication,Telecom - Cellular & Fixed line services,1,-7,1,Jun 2026,Mar 2026,Jun 2026,198|192|209|184|267|261|275|172|190|211|371|217,0|1|1|0|0|1|0|0|0|1|0|0,,3494|3223|2969|2472|2085|1624|1388|1149|935|799|698|956,-21|-24|-36|-46|-62|-89|5|-26|-46|-60|-67|-15,0|0|0|0|0|0|0|1|1|1|1|0,32|30|34|32|38|41|40|46|50|54|54|0,-1024|155|-733|-1206|-225|704|64|130|340|176,10570|9575|8759|8164|7466|6889|6253|5618|4967|4333|3808|3138,146|33|31|32|41|37|34|33|33|34|33|7,56.25|56.25|56.25|56.25|56.25|56.25|56.25|56.25,0.06|0.09|0.14|0.54|0.04|0.05|0.50|0.40,13.47|13.49|13.46|13.46|13.46|13.43|13.43|13.43,0.40,13.43,13.83,1.8
Kapston Services,/company/KAPSTON/,KAPSTON,36.91,,14.63,15.0,27.3,72.87,,1701.77,559.20,4.35,30,nse,standalone,56.0,38.2,559,1702,Services,Services,Diversified Commercial Services,28,31,19,Jun 2026,Mar 2026,Jun 2026,128.39|137.06|141.47|153.51|168.11|182.20|184.89|190.19|209.89|212.04|218.20|220.13,2|1|1|1|1|1|1|1|1|1|1|1,,59|75|91|118|147|213|213|272|399|520|689|830,6|7|4.5|9|9|8|8|4.7|3.4|4.4|4.6|5,2|2|2|0|0|0|0|0|0|0|0|1,0|6|4|2|2|2|2|2|2|2|1|0,9|-2|-11|-11|15|-23|2|4|-8|7,1|2|10|14|14|25|24|22|18|18|60|61,0|0|0|1|2|3|3|4|5|5|5|5,72.87|72.87|72.87|72.87|72.87|72.87|72.87|72.87,0.00|0.00|0.00|0.00|0.00|0.00|0.00|0.01,,0.01,,0.01,2.05
NDR Auto Compon.,/company/NDRAUTO/consolidated/,NDRAUTO,15.78,,4.77,22.2,18.9,73.13,,1700.29,714.85,2.19,30,nse,consolidated,26.0,150,715,1700,Consumer Discretionary,Automobile and Auto Components,Auto Components & Equipments,28,48,18,Jun 2026,Mar 2026,Jun 2026,158|140|176|171|174|175|192|185|200|208|229|221,77|77|79|77|77|75|75|73|74|76|75|73,,97|114|233|393|602|713|823,-0.7|6|6|8|9|10|11,75|74|76|76|77|76|75,16|13|12|11|8|8|9,3|-2|1|48|27|84|37,33|41|47|133|147|153|269,7|12|21|39|30|44|48,73.06|73.06|73.13|73.13|73.13|73.13|73.13|73.13,0.12|0.00|0.06|0.07|0.18|0.05|0.08|0.08,0.00|0.00|0.00|0.17|0.00|0.00|0.00|0.01,0.08,0.01,0.09,2.07
PVP Ventures,/company/PVP/consolidated/,PVP,26.39,,7.78,6.37,-2.24,61.30,,1698.35,65.22,11.17,30,nse,consolidated,111,8.38,65.2,1698,Consumer Discretionary,Realty,"Residential, Commercial Projects",-20,38,182,Jun 2026,Mar 2026,Jun 2026,0|4|4|3|3|2|19|17|17|14|41|46,0.00|18.06|16.08|13.89|12.89|15.32|6.57|8.13|10.77|12.54|28.33|21.32,,53|144|156|58|37|44|18|49|176|8|27|90,-21|2.4|29|-15|-120|-47|-76|15|74|-141|-28|21,9.58|1.36|1.28|0.00|0.00|0.00|0.00|5.97|6.43|1.53|3.12|2.65,90.65|64.34|63.10|31.75|4.89|26.94|6.95|22.33|11.55|25.27|10.70|22.51,48|-8|-13|17|6|-13|327|0|20|-23,69|4|4|13|12|14|5|4|4|43|37|315,0|388|338|333|344|341|341|327|306|52|51|54,61.40|61.34|61.34|61.34|61.30|61.30|61.30|61.30,0.02|0.00|0.04|0.04|0.25|0.62|0.50|0.13,0.15|0.15|0.15|0.10|0.00|0.00|0.00|0.00,0.13,0.00,0.13,18.87
K.P. Energy,/company/KPEL/consolidated/,KPEL,6.04,,3.22,39.2,43.4,45.31,,1691.22,249.45,9.85,30,nse,consolidated,9.29,77.4,249,1691,Utilities,Power,Power Generation,51,84,74,Jun 2026,Mar 2026,Jun 2026,70|82|207|127|199|212|401|220|301|345|632|519,62|59|74|67|68|68|74|64|68|68|72|81,,27|41|111|60|158|75|72|250|438|471|936|1497,18|23|26|17|21|14|25|14|16|18|19|21,0|0|0|0|0|0|0|0|75|0|0|69,76|61|65|65|66|64|47|79|3|71|72|0,36|12|2|-28|-6|26|28|33|162|123,10|25|50|85|83|81|132|135|144|174|420|542,5|5|5|12|34|80|80|127|86|120|228|1333,45.01|45.01|45.02|44.88|44.88|44.88|45.44|45.31,0.48|0.60|0.80|0.63|0.49|0.49|0.66|0.53,0.05|0.91|0.91|0.98|1.04|1.05|1.00|1.03,0.53,1.03,1.56,1.13
Aurum Proptech,/company/AURUM/consolidated/,AURUM,13.39,,3.31,1.84,-2.68,47.89,,1680.11,232.98,6.54,30,nse,consolidated,1787,70.4,233,1680,Information Technology,Information Technology,IT Enabled Services,44,109,65,Jun 2026,Mar 2026,Jun 2026,53|57|60|65|64|65|68|65|82|112|124|112,,,0|757|826|806|988|10|10|16|127|214|264|381,|1.3|2.9|2.8|10|-9|-106|-120|-13|1.4|18|22,,|2|5|5|5|6|11|20|19|17|16|0,88|-23|48|119|-786|-24|-50|20|28|63,0|66|261|256|338|358|9|67|235|457|446|518,,49.95|49.91|49.89|49.81|47.04|47.37|47.41|47.89,0.38|0.38|0.38|0.38|0.36|0.12|0.13|0.42,,0.42,,0.42,4.41
Hi-Tech Pipes,/company/HITECH/consolidated/,HITECH,10.03,,1.25,9.77,5.88,43.43,,1666.50,82.05,4.57,30,nse,consolidated,22.1,65.6,82.0,1666,Industrials,Capital Goods,Iron & Steel Products,21,26,61,Jun 2026,Mar 2026,Jun 2026,746|630|681|867|706|761|734|791|859|1070|1480|1413,92|90|89|91|89|90|92|91|91|93|95|94,,504|637|1016|1360|1210|1341|1879|2386|2699|3068|4200,6|6|6|6|4.9|5|5|4.3|4.2|5|4.1,86|88|90|91|91|90|-2|4|8|6|93,4|2|2|1|1|1|94|89|85|86|0,24|-6|49|25|64|-17|134|-95|70|3,55|81|124|169|173|202|239|287|355|392|634,102|124|154|151|179|188|259|307|347|384|566,50.76|43.97|43.97|43.97|43.63|43.63|43.76|43.43,9.31|9.79|8.96|1.70|2.39|1.41|0.81|1.06,10.05|17.32|16.40|16.08|14.51|15.87|16.27|16.17,1.06,16.17,17.23,0.4
Indo Rama Synth.,/company/INDORAMA/consolidated/,INDORAMA,8.13,,3.2,17.9,34.4,74.84,,1661.99,63.65,2.81,30,nse,consolidated,10.1,19.9,63.6,1662,Consumer Discretionary,Textiles,Other Textile Products,6,19,-2,Jun 2026,Mar 2026,Jun 2026,1259|940|904|944|951|1166|1198|1306|1221|1182|1202|937,81|86|83|79|82|77|78|77|77|81|72|74,,2908|2656|2758|2525|2459|2106|2043|4038|4085|3873|4259|4910,1.4|1.0|4.4|2.4|-0.8|-1.1|4.6|8|1.1|-0.9|4.2|6,84|83|78|78|79|76|70|73|79|83|79|77,9|9|11|11|12|14|14|11|13|11|11|11,221|127|39|-119|182|200|-81|-97|391|134,1176|1270|1134|935|898|703|691|702|783|1217|1264|1232,304|294|273|257|195|251|403|543|644|591|594|667,74.84|74.84|74.84|74.84|74.84|74.84|74.84|74.84,0.01|0.00|0.01|0.50|0.37|0.21|0.24|0.13,2.57|2.56|2.56|0.92|0.92|0.92|0.92|0.92,0.13,0.92,1.05,0.34
Avadh Sugar,/company/AVADHSUGAR/,AVADHSUGAR,12.99,,1.48,6.83,5.63,60.39,,1661.63,830.05,32.46,30,nse,standalone,24.7,562,830,1662,Fast Moving Consumer Goods,Fast Moving Consumer Goods,Sugar,-1,0,4,Jun 2026,Mar 2026,Jun 2026,797.55|594.11|619.80|707.99|632.02|616.80|678.78|716.61|668.15|638.15|670.61|779.25,81|74|61|82|85|79|63|86|86|75|66|87,,0|1873|2336|2130|2559|2711|2744|2798|2694|2636|2694,|23|12|14|10|10|11|9|12|10|8,|66|77|72|77|78|77|78|74|77|78,|4|4|5|4|4|4|4|5|5|5,146|166|-106|185|465|314|364|-77|154|158,0|988|983|974|966|1085|1077|1165|1187|1221|1269,0|1103|1009|1427|1485|1351|1170|1085|1495|1455|1433,60.39|60.39|60.39|60.39|60.39|60.39|60.39|60.39,4.53|2.52|1.96|2.00|1.79|1.78|1.76|1.47,0.98|0.98|1.24|1.26|1.26|1.26|0.26|0.27,1.47,0.27,1.74,0.62
SMC Global Sec.,/company/SMCGLOBAL/consolidated/,SMCGLOBAL,2.44,,1.27,11.4,8.07,66.71,,1658.45,79.20,4.56,30,nse,consolidated,15.2,62.3,79.2,1658,Financial Services,Financial Services,Stockbroking & Allied,16,16,12,Jun 2026,Mar 2026,Jun 2026,389|428|509|448|451|455|421|425|440|495|517|515,,,370|422|526|652|757|780|902|1118|1212|1642|1778|1878,22|16|18|21|22|16|22|27|22|26|24|20,,3|39|41|44|47|51|51|49|50|50|51|54,-8|-233|-155|805|-393|194|-260|-193|24|-73,22|22|43|37|35|69|64|114|130|135|127|122,160|219|124|5|6|0|13|35|5|6|3|5,67.28|67.29|67.30|67.30|67.51|66.77|66.72|66.71,2.42|2.75|2.65|2.55|2.41|2.94|2.40|2.14,0.00|0.01|0.02|0.03|0.05|0.04|0.01|0.00,2.14,0.00,2.14,0.88
Aeroflex Enter.,/company/AEROENTER/consolidated/,AEROENTER,5.43,,2,12.6,8.41,52.30,,1655.48,146.29,8.78,30,nse,consolidated,10.9,73.1,146,1655,Industrials,Capital Goods,Iron & Steel Products,14,28,27,Jun 2026,Mar 2026,Jun 2026,137|118|115|123|138|157|161|134|172|191|200|189,66|64|61|58|56|55|60|58|55|53|58|54,,9|92|91|100|230|225|205|347|466|500|578|697,-207|0.2|4.1|10|14|7|13|17|12|15|18|18,95|87|83|78|69|68|65|66|68|64|57|56,0|8|7|5|5|6|7|5|7|8|6|4,-26|-21|37|28|19|17|-7|-246|37|18,0|27|27|29|77|75|75|80|112|144|271|345,0|4|7|8|31|37|40|55|85|89|131|159,51.59|51.59|51.59|51.59|51.59|51.59|51.59|52.30,0.60|0.56|0.50|0.50|0.46|0.56|0.54|1.25,0.00|0.00|0.04|0.04|0.04|0.04|0.06|0.07,1.25,0.07,1.32,2.37
IKIO Tech,/company/IKIO/consolidated/,IKIO,15.86,,2.75,9.49,7.13,72.55,,1651.64,213.72,9.82,30,nse,consolidated,35.5,77.9,214,1652,Consumer Discretionary,Consumer Durables,Consumer Electronics,18,23,35,Jun 2026,Mar 2026,Jun 2026,118|117|95|127|125|122|112|120|164|146|165|169,60|58|58|65|57|54|55|63|65|56|55|59,,220|213|332|359|438|486|595,17|23|23|22|21|12|13,63|57|58|64|59|58|60,2|2|2|2|3|9|4,23|-9|-15|57|-5|35|16,54|59|60|65|106|200|199,37|58|110|121|135|142|212,72.50|72.50|72.50|72.50|72.50|72.50|72.55|72.55,0.69|0.66|0.61|0.60|0.60|0.61|0.91|0.69,1.71|1.74|1.69|1.69|1.69|1.71|1.21|0.88,0.69,0.88,1.57,2.78
Wendt India,/company/WENDT/consolidated/,WENDT,39.43,,6.5,7.82,4.89,37.50,,1648.70,8243.50,7.93,30,nse,consolidated,97.3,1269,8244,1649,Industrials,Capital Goods,Abrasives & Bearings,4,12,8,Jun 2026,Mar 2026,Jun 2026,51.00|54.50|70.07|49.06|55.66|53.40|75.60|52.17|56.58|60.79|66.78|71.28,34.37|35.96|40.42|35.18|32.86|35.81|39.37|35.23|37.29|37.69|38.11|40.85,,124|135|146|147|165|143|137|179|210|227|234|236,19|17|18|18|18|13|17|24|27|25|23|14,35.92|36.32|36.08|34.63|33.24|34.27|36.74|34.96|33.90|36.16|36.12|37.17,14.45|14.03|14.56|13.21|14.63|14.54|11.67|13.13|13.23|13.81|13.06|13.92,18|24|33|16|8|37|33|30|34|22,57|58|61|57|55|54|56|54|56|58|100|106,19|20|21|21|25|28|25|28|34|36|37|53,75.00|75.00|75.00|37.50|37.50|37.50|37.50|37.50,0.04|0.04|0.09|2.35|1.81|1.13|1.00|1.16,6.73|6.72|6.71|9.17|9.63|9.83|12.76|11.96,1.16,11.96,13.12,6.99
Oriental Aromat.,/company/OAL/consolidated/,OAL,25.35,,2.48,4.47,0.50,74.17,,1641.62,487.80,3.68,30,nse,consolidated,309,197,488,1642,Commodities,Chemicals,Specialty Chemicals,6,8,14,Jun 2026,Mar 2026,Jun 2026,226.82|197.41|216.48|215.76|236.77|222.57|253.16|225.52|271.33|251.56|282.37|259.81,73|66|62|60|59|60|62|60|67|68|69|66,,458|506|755|760|709|873|854|842|928|1031,13|13|15|17|22|11|6|6|10|7,65|65|66|63|56|66|68|68|60|66,11|10|8|10|11|11|12|13|15|13,|16|-23|181|17|-1|-22|142|-34|2,211|212|245|236|236|265|273|270|480|460,114|133|203|162|228|287|368|277|365|380,74.17|74.17|74.17|74.17|74.17|74.17|74.17|74.17,0.05|0.08|0.07|0.02|0.03|0.03|0.00|0.02,0.00|0.00|0.00|0.00|0.00|0.00|0.00|0.00,0.02,0.00,0.02,1.59
Suryoday Small,/company/SURYODAY/,SURYODAY,12.40,,0.79,7.33,7.58,22.48,,1639.73,154.26,74.71,30,nse,standalone,8.55,196,154,1640,Financial Services,Financial Services,Other Bank,22,23,17,Jun 2026,Mar 2026,Jun 2026,375|411|445|488|507|488|471|495|520|544|602|622,,,118|199|244|287|530|767|776|942|1184|1589|1954|2160,,,1.18|0.82|3.23|4.28|3.22|2.96|6.18|5.62|4.32|4.08|4.30|5.32,||-545|526|-876|-347|-98|935|1320|652,2|2|6|13|18|30|35|66|163|152|156|293,,22.30|22.29|22.43|22.43|22.43|22.43|22.48|22.48,3.50|4.80|4.67|4.68|4.67|4.97|5.23|5.35,8.01|5.89|5.66|5.93|6.62|6.11|5.72|5.47,5.35,5.47,10.82,0.76
I G Petrochems,/company/IGPL/consolidated/,IGPL,7.89,,1.23,3.11,0.16,68.74,,1639.52,532.40,5.16,30,nse,consolidated,20.1,433,532,1640,Commodities,Chemicals,Commodity Chemicals,-6,11,-1,Jun 2026,Mar 2026,Jun 2026,502|488|554|585|583|558|480|470|465|465|524|618,82|88|83|77|76|79|73|81|77|83|73|68,,953|1037|1144|1304|1059|1124|1883|2352|2099|2206|1925,12|16|23|17|7|27|22|14|5|10|5,77|72|64|70|77|58|66|76|83|76|78,2|4|4|4|5|5|5|4|5|5|5,94|201|139|84|183|109|233|37|261|102,322|324|403|389|471|702|736|717|1030|1016|1182,90|97|94|129|95|144|152|165|200|294|207,68.74|68.74|68.74|68.74|68.74|68.74|68.74|68.74,2.73|2.79|3.09|3.12|2.96|2.88|2.92|2.67,2.70|2.64|1.44|0.96|0.96|1.20|1.45|1.61,2.67,1.61,4.28,0.85
Garuda Cons,/company/GARUDA/,GARUDA,8.72,,3.59,41.8,31.2,67.56,,1630.09,175.20,15.33,30,nse,standalone,12.0,48.8,175,1630,Industrials,Construction,Civil Construction,49,49,84,Jun 2026,Mar 2026,Jun 2026,21|58|60|35|47|62|81|125|116|140|149|175,10.97|6.78|1.99|4.98|7.91|25.76|26.40|18.34|28.58|40.05|21.87|8.56,,124|72|77|161|154|225|531,3.4|21|35|35|32|30|31,47.71|23.75|14.72|7.19|0.00|0.00|27.31,43.83|50.53|40.13|54.84|61.21|61.99|0.00,-11|8|13|12|-7|-111|41,1|1|2|2|2|11|70,0|0|3|7|7|11|12,67.56|67.56|67.56|67.56|67.56|67.56|67.56,6.65|4.53|4.48|3.09|2.34|2.64|2.63,1.45|0.93|0.65|1.12|1.01|0.48|0.23,2.63,0.23,2.86,3.07
Rhetan TMT Ltd,/company/RHETAN/,RHETAN,93.99,,14.93,10.9,10.2,62.11,,1618.45,20.31,38.09,30,nse,standalone,127,1.36,20.3,1618,Industrials,Capital Goods,Iron & Steel Products,-34,-14,3,Jun 2026,Mar 2026,Jun 2026,10.47|12.11|17.89|19.35|4.95|6.38|6.49|5.04|4.76|6.15|8.49|4.06,55|79|81|79|32|48|133|50|67|46|53|93,,0|0|0|0|0|20|52|67|86|65|37|24,|||||2.9|3.0|7|10|11|11|27,|||||78|83|86|84|80|80|53,|||||15|11|5|5|6|5|0,|||-12|-7|-14|-44|14|5|1,4|4|4|4|4|9|9|8|9|17|16|16,0|0|0|0|0|8|12|24|32|34|40|51,62.11|62.11|62.11|62.11|62.11|62.11|62.11|62.11,0.15|0.00|0.00|0.00|0.00|0.63|0.86|0.34,,0.34,,0.34,67.42
Magellanic Cloud,/company/MCLOUD/consolidated/,MCLOUD,8.43,,2.37,19.8,19.2,54.04,,1618.17,27.47,11.2,30,nse,consolidated,14.5,11.6,27.5,1618,Information Technology,Information Technology,Computers - Software & Consulting,18,27,14,Jun 2026,Mar 2026,Jun 2026,154|131|137|132|157|151|156|164|164|164|206|180,0.93|1.04|1.93|0.45|0.71|0.09|0.67|0.94|3.16|0.32|13.40|3.97,,20|161|204|174|212|253|427|561|600|698,8|4.7|5|6|0.7|2.9|25|33|34|31,0.00|0.00|0.00|0.00|5.61|-0.37|4.34|1.48|0.48|4.99,0.51|0.49|0.27|0.54|0.28|25.86|7.31|15.58|16.00|0.00,-2|8|-10|12|-15|50|160|32|143|92,18|19|18|46|72|72|429|440|444|537,0|0|0|0|1|2|19|12|9|19,58.30|58.30|58.30|58.30|58.30|54.04|54.04|54.04,1.06|0.92|0.51|0.44|0.43|0.26|0.22|0.21,0.00|0.00|0.03|0.00|0.00|0.00|0.02|0.02,0.21,0.02,0.23,2.32
InfoBeans Tech.,/company/INFOBEAN/consolidated/,INFOBEAN,11.33,,3.9,29.2,23.2,72.82,,1606.58,165.67,12.11,30,nse,consolidated,18.9,42.6,166,1607,Information Technology,Information Technology,Computers - Software & Consulting,10,23,35,Jun 2026,Mar 2026,Jun 2026,91|89|97|97|98|96|103|112|125|134|142|153,,,43|74|83|95|116|157|180|271|385|369|395|514,21|24|18|20|17|19|22|24|18|14|17|22,0|0|-5|1|2|0|0|0|0|0|0|0,2|2|2|2|2|2|1|1|1|1|1|1,9|9|20|60|36|81|77|44|50|85,6|5|5|4|10|101|82|223|217|170|126|113,0|0|4|3|3|0|0|0|0|0|0|0,73.98|73.98|74.04|74.44|74.40|74.40|72.84|72.82,0.31|0.54|0.56|0.45|0.55|0.55|0.45|0.41,0.01|0.00|0.00|0.00|0.36|0.96|0.20|0.00,0.41,0.00,0.41,3.13
Hindware Home In,/company/HINDWAREAP/consolidated/,HINDWAREAP,10.61,,2.18,7.07,0.14,52.74,,1602.75,191.61,3.52,30,nse,consolidated,,88.1,192,1603,Consumer Discretionary,Consumer Durables,Sanitary Ware,-4,7,6,Jun 2026,Mar 2026,Jun 2026,693.21|692.93|772.43|599.91|629.83|594.23|699.02|531.16|676.31|640.08|662.73|625.25,54|54|56|53|56|55|60|52|56|55|56|53,,1671|1613|1775|2294|2872|2800|2523|2510,7|5|8|8|9|8|6|8,64.85|66.59|67.25|68.21|30.73|32.22|27.97|26.15,0.52|0.70|0.59|1.10|32.99|28.39|34.21|35.64,79|40|234|226|221|241|192|258,108|190|157|743|912|918|875|999,279|310|280|675|684|589|601|614,51.32|52.54|52.74|52.74|52.74|52.74|52.74|52.74,5.65|3.50|3.64|3.59|3.16|3.10|3.36|5.14,6.91|7.58|7.09|6.75|6.35|5.75|5.83|3.72,5.14,3.72,8.86,0.64
TTK Healthcare,/company/TTKHLTCARE/,TTKHLTCARE,9.09,,1.44,8.04,6.30,74.57,,1602.66,1134.20,3.95,30,nse,standalone,20.9,789,1134,1603,Diversified,Diversified,Diversified,6,12,8,Jun 2026,Mar 2026,Jun 2026,186|184|181|208|198|205|190|226|204|209|218|258,45.02|46.54|46.39|44.99|45.27|47.88|45.97|44.97|48.07|46.64|48.72|44.34,,483|519|528|578|628|646|476|599|725|753|801|857,6|8|7|7|8|4.4|4.1|3.6|4.3|5.0|4.3|3.0,45.44|44.19|46.12|41.83|41.82|40.27|43.97|46.98|47.96|44.93|46.03|47.07,2.27|2.87|3.15|4.17|4.13|4.45|5.50|5.29|6.71|7.15|7.64|7.25,18|25|17|20|96|45|-25|-5|-4|-21,52|106|99|110|98|89|85|80|71|75|81|73,37|41|44|53|55|72|70|79|85|97|109|109,74.57|74.57|74.57|74.57|74.57|74.57|74.57|74.57,1.90|1.90|1.90|1.89|1.90|1.89|1.90|1.86,1.14|1.14|1.14|1.18|1.18|1.08|1.11|2.19,1.86,2.19,4.05,1.87
India Pesticides,/company/IPL/consolidated/,IPL,8.86,,1.58,16.6,12.5,63.65,,1600.77,139.00,2.25,30,nse,consolidated,14.9,87.7,139,1601,Commodities,Chemicals,Pesticides & Agrochemicals,6,10,17,Jun 2026,Mar 2026,Jun 2026,202|151|126|220|229|172|207|275|290|225|266|252,64|47|53|62|57|48|53|57|56|51|54|51,,649|716|885|680|829|1057,28|30|22|13|14|16,45|44|53|55|52|52,15|14|15|18|19|18,83|76|45|115|3|62,124|174|248|279|328|388,70|140|225|208|243|287,63.61|63.61|63.62|63.62|63.65|63.65|63.65|63.65,0.32|1.75|1.84|2.52|2.78|1.88|1.87|0.20,0.05|0.06|0.00|0.00|0.02|0.03|0.02|0.02,0.20,0.02,0.22,1.51
Delta Corp,/company/DELTACORP/consolidated/,DELTACORP,9.73,,0.71,5.08,3.52,34.46,,1591.36,59.43,5.43,30,nse,consolidated,10.3,84.1,59.4,1591,Consumer Discretionary,Consumer Services,Amusement Parks/ Other Recreation,-11,10,-9,Jun 2026,Mar 2026,Jun 2026,261|210|185|178|188|187|183|184|183|160|161|169,6.74|7.83|8.23|8.92|8.23|9.30|8.66|7.94|8.01|8.47|8.14|8.27,,300|375|455|608|798|773|419|616|964|848|730|688,22|35|36|41|40|37|5|23|38|37|27|20,6.85|6.74|5.80|4.97|4.27|5.00|4.61|5.35|6.05|7.14|7.89|7.29,13.95|10.36|9.45|7.62|6.17|6.09|6.62|6.75|6.94|6.71|8.10|8.32,131|228|101|319|57|127|154|170|49|135,854|861|852|1224|1229|1286|1242|1197|1211|1291|981|988,70|71|70|70|96|107|116|145|193|19|19|19,33.26|33.26|33.66|33.66|33.66|34.46|34.46|34.46,1.25|1.02|1.48|2.69|2.14|1.64|1.61|1.18,8.61|8.36|7.75|6.27|2.62|0.24|0.24|0.24,1.18,0.24,1.42,2.31
Indo Borax & Ch.,/company/INDOBORAX/consolidated/,INDOBORAX,23.63,,4.13,15.4,10.1,38.41,,1588.78,495.10,41.18,30,nse,consolidated,32.4,120,495,1589,Commodities,Chemicals,Commodity Chemicals,-1,8,30,Jun 2026,Mar 2026,Jun 2026,47|44|45|50|38|38|50|54|58|41|63|70,54.66|54.43|48.64|42.10|44.20|45.88|53.91|50.68|56.94|50.44|51.99|49.72,,87|70|67|101|128|115|144|176|225|191|175|215,21|18|15|17|16|16|31|27|28|22|26|21,52|54|60|62|63|58|43|44|48|54|47|53,13|15|11|9|9|11|10|11|10|10|9|9,21|1|15|13|16|11|60|69|-104|87,11|21|52|51|50|46|89|91|96|99|101|48,32|23|8|10|12|10|30|65|58|22|47|32,50.79|50.79|50.79|50.79|50.79|50.79|30.80|38.41,0.06|0.01|0.02|0.02|0.53|0.23|0.45|0.13,0.00|0.00|0.01|0.02|0.02|0.02|2.19|0.04,0.13,0.04,0.17,7.39
Millworks Technologies,/company/544826/,544826,28.27,,,81.0,70.0,47.18,,1585.77,900.25,19.19,30,bse,standalone,42.7,,900,1586,Industrials,Capital Goods,Aerospace & Defense,338,,573,,Mar 2026,Jul 2026,,,,0|2|9|22|149,|26|30|35|35,|14|17|25|51,|44|29|20|7,|-2|1|-3|-11,|0|2|13|25,|1|4|8|11,47.18,2.55,10.28,2.55,10.28,12.83,10.64
Jagsonpal Pharma,/company/JAGSNPHARM/,JAGSNPHARM,20.22,,5.8,22.7,17.3,69.06,,1576.78,239.06,14.03,30,nse,standalone,33.5,41.2,239,1577,Healthcare,Healthcare,Pharmaceuticals,7,9,4,Jun 2026,Mar 2026,Jun 2026,58|47|43|61|75|74|59|76|74|73|64|82,36.16|41.44|40.61|36.30|34.68|35.82|37.11|35.62|36.57|36.26|37.02|34.82,,138|143|144|127|167|159|188|218|237|209|269|287,6|8|4.0|-9|6|5|10|12|14|11|19|20,49.71|41.21|40.97|48.30|43.67|35.44|42.98|40.89|39.01|38.32|35.88|36.34,2.01|2.76|2.40|1.55|1.28|0.69|0.53|0.63|0.34|0.43|0.35|0.00,-3|-2|31|11|28|7|47|35|55|47,52|52|22|21|22|22|26|23|24|9|94|85,33|40|48|51|33|29|30|30|21|15|15|15,67.98|67.82|67.77|67.65|67.54|67.39|67.89|69.06,2.30|2.10|2.10|2.17|2.12|2.12|2.44|2.30,0.11|0.00|0.00|0.05|0.08|0.15|0.22|0.62,2.30,0.62,2.92,5.49
D-Link India,/company/DLINKINDIA/consolidated/,DLINKINDIA,9.94,,3.12,25.9,18.1,51.02,,1573.75,443.25,7.86,30,nse,consolidated,14.7,142,443,1574,Information Technology,Information Technology,Computers Hardware & Equipments,10,17,20,Jun 2026,Mar 2026,Jun 2026,308|294|334|346|337|331|370|350|377|395|444|457,83|83|84|86|84|83|84|85|85|84|86|87,,641|721|707|644|716|740|727|918|1181|1236|1384|1566,5|5|3.6|2.8|6|6|6|6|10|10|9|8,80|82|83|84|81|81|82|86|83|84|84|85,0|0|0|1|0|1|1|2|1|2|2|2,-18|34|3|28|75|33|6|121|90|15,35|35|34|33|32|42|38|34|40|38|34|45,78|100|65|64|83|99|91|98|140|82|77|104,51.02|51.02|51.02|51.02|51.02|51.02|51.02|51.02,0.50|0.84|1.20|1.21|1.11|1.13|1.26|1.35,0.72|0.12|0.00|0.01|0.01|0.01|0.01|0.01,1.35,0.01,1.36,1.01
M & B Engineer.,/company/MBEL/consolidated/,MBEL,8.51,,2.36,23.0,19.4,70.61,,1551.06,271.35,6.58,30,nse,consolidated,15.9,115,271,1551,Industrials,Construction,Civil Construction,13,25,21,Jun 2026,Mar 2026,Jun 2026,140|207|328|314|238|307|352|364|291,64|58|76|69|67|65|69|68|67,,520|415|688|880|795|989|1260,7|6|7|8|10|13|11,70|70|72|76|72|68|67,3|2|5|1|1|1|0,48|8|41|29|5|36|-31,68|70|69|79|77|176|180,128|128|204|175|196|322|349,70.45|70.45|70.54|70.61,4.75|4.25|2.86|0.84,13.46|10.24|9.72|9.64,0.84,9.64,10.48,1.23
Meghmani Organi.,/company/MOL/consolidated/,MOL,7.52,,1,6.71,1.90,48.95,,1549.79,60.94,17.73,30,nse,consolidated,24.1,60.7,60.9,1550,Commodities,Chemicals,Pesticides & Agrochemicals,-5,6,-8,Jun 2026,Mar 2026,Jun 2026,379|352|410|414|544|569|553|614|577|509|474|543,62|66|61|63|63|61|56|62|59|60|64|53,,700|1637|2498|2553|1566|2080|2174,15|17|15|13|-1.2|7|8,|55|58|59|65|61|61,|12|13|14|19|17|16,22|333|65|204|250|66|222,481|634|911|1166|1152|1575|1494,304|376|639|652|517|599|529,49.33|49.33|49.41|48.98|48.98|48.98|48.95|48.95,2.22|1.90|1.81|1.94|1.48|1.33|1.34|0.91,0.42|0.27|0.48|0.37|0.00|0.00|0.00|0.00,0.91,0.00,0.91,0.71
Meghna Infracon,/company/MIIL/consolidated/,MIIL,169.32,,56.35,31.3,21.9,47.01,,1542.28,709.95,2.01,30,nse,consolidated,340,12.6,710,1542,Consumer Discretionary,Realty,"Residential, Commercial Projects",,,23,Jun 2026,Mar 2026,Jun 2026,10.23|14.50|3.29|9.97|12.12|10.47|8.78|8.46|18.48|8.43,94|80|62|28|63|76|75|42|78|75,,55.66|40.00|46.20,6.40|28.70|22.14,91|60|70,0|0|0,0.00|18.26|-24.76,0.11|0.97|1.57,15.74|21.91|34.30,46.92|46.92|46.92|46.92|46.92|46.92|47.01|47.01,0.89|1.93|1.93|7.26|7.84|7.84|7.89|7.98,,7.98,,7.98,33.38
Diffusion Eng,/company/DIFFNKG/consolidated/,DIFFNKG,18.37,,3.81,15.8,12.4,69.76,,1538.22,411.00,7.53,30,nse,consolidated,27.8,108,411,1538,Industrials,Capital Goods,Other Industrial Products,17,21,26,Jun 2026,Mar 2026,Jun 2026,74|71|82|79|103|81|84|101|142|110,56|54|54|48|53|53|49|55|61|58,,154|154|155|205|255|278|335|407,11|11|12|11|11|14|14|14,55|50|53|57|58|53|52|56,5|5|11|12|12|14|13|11,13|10|12|11|-5|36|9|23,42|62|57|60|64|91|98|110,35|47|30|44|52|53|68|74,69.70|69.70|69.70|69.70|69.70|69.76|69.76,1.38|0.02|0.67|0.57|0.14|0.41|0.72,8.56|8.98|7.92|7.50|6.80|8.13|8.42,0.72,8.42,9.14,3.78
GTL Infra.,/company/GTLINFRA/,GTLINFRA,16.48,,-0.29,,,3.28,,1537.13,1.20,4.32,30,nse,standalone,,-4.07,1.20,1537,Telecommunication,Telecommunication,Telecom - Infrastructure,-2,-1,1,Jun 2026,Mar 2026,Jun 2026,351|338|331|332|336|338|337|335|356|351|330|327,,,600|913|2283|2333|1500|1417|1410|1463|1458|1372|1344|1372,34|22|44|31|12|19|30|30|25|27|21|24,,37|51|46|48|72|61|62|60|56|58|60|0,1239|705|264|436|419|503|495|194|635|535,3402|3261|9924|7945|6795|6466|5515|4556|3220|3007|2845|2668,1|0|0|4|3|3|4|5|4|4|4|3,3.28|3.28|3.28|3.28|3.28|3.28|3.28|3.28,0.12|0.01|0.05|0.14|0.01|0.04|0.06|0.77,37.00|36.14|35.20|33.78|32.87|32.18|31.28|31.20,0.77,31.20,31.97,1.12
Vikran Engg.,/company/VIKRAN/consolidated/,VIKRAN,8.25,,1.24,16.8,10.8,56.27,,1531.73,59.39,10.62,30,nse,consolidated,16.8,48.0,59.4,1532,Industrials,Construction,Civil Construction,,,36,Jun 2026,Mar 2026,Jun 2026,355.35|159.16|266.46|647.40|141.59,46.44|33.60|26.19|39.91|48.85,,916|1249,18|14,52.81|38.64,17.81|35.15,-129|-437,13|21,60|80,56.17|56.17|56.27|56.27,2.38|1.60|1.11|1.27,12.64|8.50|6.83|5.74,1.27,5.74,7.01,1.23
SPML Infra,/company/SPMLINFRA/consolidated/,SPMLINFRA,17.62,,1.5,6.76,8.69,40.51,,1526.17,179.88,3.46,30,nse,consolidated,17.9,120,180,1526,Industrials,Construction,Civil Construction,-1,5,38,Jun 2026,Mar 2026,Jul 2026,254|252|461|207|189|188|189|156|190|230|291|284,94|95|44|87|84|86|86|85|84|81|82|82,,1824|2035|2276|2049|2012|1706|683|952|883|1319|771|868,8|10|8|11|8|4.5|-1.1|0.5|3.3|1.4|6|8,77|59|58|52|64|67|25|23|7|8|8|83,6|23|24|28|21|19|57|66|80|70|78|0,-161|234|178|-3|-302|-19|20|594|-84|-113,319|643|308|303|291|122|117|133|129|42|6|43,50|75|72|77|67|63|71|90|92|37|50|124,34.80|35.21|35.12|35.12|37.79|40.19|40.85|40.51,0.76|0.70|0.34|0.27|0.15|0.36|0.33|0.39,1.72|1.70|1.76|1.98|1.79|1.89|1.82|1.84,0.39,1.84,2.23,1.76
Som Distilleries,/company/SDBL/consolidated/,SDBL,47.77,,1.96,5.68,1.87,39.43,,1525.58,73.38,16.29,30,nse,consolidated,,37.4,73.4,1526,Fast Moving Consumer Goods,Fast Moving Consumer Goods,Breweries & Distilleries,15,34,-34,Jun 2026,Mar 2026,Jun 2026,247.72|266.34|381.60|513.08|289.73|301.12|338.97|528.38|269.59|250.55|180.81|268.63,65|64|67|67|60|64|64|64|59|65|83|72,,245|351|393|460|288|365|807|1281|1443|1229,15|17|13|10|-3.3|5|13|12|12|7,26|48|51|53|58|57|60|65|64|66,32|6|6|7|7|8|8|5|5|0,88|81|4|41|36|9|14|73|42|211,68|78|207|272|414|406|391|505|622|674,24|29|95|104|68|85|135|182|189|182,35.33|36.31|38.75|39.37|39.39|39.39|39.43|39.43,0.56|0.90|1.60|1.47|0.72|0.95|1.20|0.18,0.01|0.02|0.09|0.05|0.00|0.00|0.00|0.00,0.18,0.00,0.18,1.24
Krishna Defence,/company/KRISHNADEF/,KRISHNADEF,25.55,,8.03,31.1,23.7,59.90,,1524.37,1019.80,12.75,30,nse,standalone,37.2,127,1020,1524,Industrials,Capital Goods,Aerospace & Defense,57,48,29,Jun 2026,Mar 2026,Jun 2026,52|46|68|48|64|65|58,59|30|54|44|53|52|52,,58|25|35|50|63|106|190|245,10|16|14|14|14|15|16|22,66|25|47|43|52|53|52|51,4|12|12|16|11|12|16|12,3|7|2|4|-7|-3|-11|86,10|10|10|14|12|15|23|34,11|21|15|16|28|32|72|16,62.27|62.27|62.27|59.96|60.02|60.02|59.96|59.90,0.00|0.01|0.04|0.04|0.24|0.16|0.61|1.36,0.00|0.00|0.00|0.00|0.68|1.20|2.06|1.32,1.36,1.32,2.68,6.22
Dollar Industrie,/company/DOLLAR/,DOLLAR,8.56,,1.59,13.6,11.5,72.58,,1523.96,268.70,4.13,30,nse,standalone,13.8,169,269,1524,Consumer Discretionary,Textiles,Garments & Apparels,10,12,6,Jun 2026,Mar 2026,Jun 2026,412|330|488|322|446|378|537|384|470|388|602|389,46.12|41.43|49.08|40.69|46.75|43.44|52.06|42.24|43.67|41.12|57.17|40.00,,724|758|886|926|1029|967|1037|1343|1394|1549|1682|1845,8|9|11|13|13|11|13|16|7|10|10|11,52.11|47.14|44.19|43.86|42.14|46.37|42.94|45.78|54.36|46.30|46.54|47.24,18.21|24.40|19.37|22.82|22.95|21.44|22.27|21.69|17.86|23.42|22.69|21.52,43|-31|1|53|132|0|140|-6|86|137,85|84|75|68|70|74|85|91|97|230|274|268,121|208|205|283|325|305|334|475|352|467|511|475,72.21|72.21|72.21|72.21|72.21|72.21|72.48|72.58,1.98|2.01|1.86|1.84|4.29|4.36|4.98|2.55,0.71|0.95|1.55|1.48|0.99|1.21|0.97|0.62,2.55,0.62,3.17,0.83
Genesys Intl.,/company/GENESYS/consolidated/,GENESYS,12.42,,2.17,8.23,5.74,31.50,,1523.18,227.80,32.97,30,nse,consolidated,43.8,105,228,1523,Information Technology,Information Technology,IT Enabled Services,22,33,4,Jun 2026,Mar 2026,Jun 2026,33.19|59.34|71.17|55.76|72.02|89.09|94.16|70.87|76.95|75.78|104.22|81.36,,,60|47|64|114|115|112|80|120|181|198|311|328,21|16|25|32|17|12|-1.9|23|32|41|46|33,,15.91|14.63|16.61|14.01|16.25|13.20|24.28|30.32|28.82|28.36|25.83|0.00,-3|17|-23|31|19|28|-35|19|-53|16,21|22|179|217|208|203|194|138|157|156|128|287,,37.33|33.14|33.08|31.63|31.55|31.52|31.50|31.50,7.97|7.77|5.11|4.84|4.69|5.33|2.34|1.53,0.19|0.93|0.68|1.51|1.47|1.97|2.63|1.12,1.53,1.12,2.65,4.64
One Mobikwik,/company/MOBIKWIK/consolidated/,MOBIKWIK,21.47,,2.81,-2.25,-8.28,25.08,,1514.54,192.33,31.44,30,nse,consolidated,515,68.4,192,1515,Financial Services,Financial Services,Financial Technology (Fintech),28,31,3,Jun 2026,Mar 2026,Jun 2026,203.45|228.93|264.98|342.27|290.65|269.48|267.78|271.36|270.21|288.95|288.71|281.48,,,289|527|539|875|1170|1119,-40|-25|-14|2.5|-9|-3.6,,58|47|49|60|73|68,-35|-321|27|-22|-68|-78,1|9|15|16|25|23,,25.18|25.18|25.03|24.87|25.11|25.09|25.08,4.83|3.90|7.08|3.74|3.19|4.24|4.48,8.85|4.55|4.74|4.31|4.77|4.07|3.52,4.48,3.52,8,1.35
Ceinsys Tech,/company/CEINSYS/consolidated/,CEINSYS,6.97,,2.25,27.5,24.8,50.88,,1514.11,723.15,5.36,30,nse,consolidated,11.3,321,723,1514,Information Technology,Information Technology,Computers - Software & Consulting,44,29,32,Jun 2026,Mar 2026,Jun 2026,58|63|78|74|90|112|142|157|163|170|171|158,8.62|16.92|13.03|5.70|8.26|5.90|12.19|6.02|7.39|6.83|11.50|27.07,,108|133|144|141|176|197|185|203|220|253|418|661,18|17|16|15|14|25|10|12|15|17|19|22,30.07|26.56|36.75|12.40|6.59|7.67|9.33|11.08|13.72|11.94|8.51|7.98,7.96|14.96|0.61|0.87|43.12|40.00|57.25|48.37|19.36|18.10|30.12|0.00,5|-3|24|36|23|26|47|49|6|3,26|29|28|28|28|26|23|45|40|44|80|86,28|59|11|8|1|8|3|1|4|1|1|1,51.86|51.86|51.86|51.86|50.69|50.69|50.88|50.88,4.27|4.55|4.67|4.67|4.56|4.33|10.25|10.05,0.00|0.25|0.87|1.00|1.03|0.23|0.19|0.24,10.05,0.24,10.29,2.29
Frontier Springs,/company/FRONTSP/,FRONTSP,17.63,,8.21,50.9,39.9,51.76,,1504.59,1273.40,3.96,30,nse,standalone,25.7,155,1273,1505,Consumer Discretionary,Automobile and Auto Components,Auto Components & Equipments,44,33,27,Jun 2026,Mar 2026,Jun 2026,33|33|44|51|52|58|70|75|83|81|83|78,49.53|47.70|50.43|53.04|48.93|49.65|48.32|47.05|47.46|46.41|44.74|45.73,,35|39|47|59|83|100|77|84|107|135|231|322,8|10|12|14|16|20|17|15|12|16|22|27,50.24|50.13|47.43|45.25|43.38|40.43|38.25|41.79|48.71|49.22|49.83|46.40,25.50|24.38|24.80|22.14|22.48|21.81|12.34|11.98|21.31|19.14|14.80|0.00,6|7|9|10|11|10|10|12|22|31,16|23|27|29|30|33|34|37|42|45|56|65,13|15|16|15|18|16|17|21|30|31|40|34,51.76|51.76|51.76|51.76|51.76|51.76|51.76|51.76,,0.00|0.00|0.00|0.12|0.10|0.21|0.51|0.36,,0.36,0.36,4.67
Walchan. Inds.,/company/WALCHANNAG/,WALCHANNAG,34.55,,4.18,4.17,-4.41,31.59,,1501.30,221.09,14.71,30,nse,standalone,,52.9,221,1501,Industrials,Capital Goods,Industrial Products,-5,-3,38,Jun 2026,Mar 2026,Jun 2026,87.92|55.86|91.38|79.17|67.86|59.07|53.08|49.43|51.78|80.95|93.02|90.83,53|54|42|61|56|53|40|47|46|40|50|54,,638|802|398|398|364|298|326|299|322|302|259|275,2.4|8|12|19|22|12|6|8|-11|0.5|-27|5,46.18||43.04|40.86|30.50|27.93|45.46|39.68|53.54|44.16|48.01|40.46,28.32||14.54|14.26|18.27|16.66|13.66|17.62|15.45|18.40|19.22|16.10,63|50|146|59|71|28|76|11|16|-11,617|560|390|364|357|346|333|312|285|272|245|264,|279|192|171|195|235|153|154|132|139|124|138,31.55|31.53|31.76|31.76|31.59|31.59|31.59|31.59,0.31|0.52|0.64|0.36|0.38|0.46|0.47|2.38,0.28|0.15|0.14|0.70|0.80|0.80|0.78|0.49,2.38,0.49,2.87,5.46
Fermenta Biotec.,/company/FERMENTA/consolidated/,FERMENTA,14.61,,3.7,20.6,16.4,64.09,,1500.69,509.90,9.27,30,nse,consolidated,27.4,138,510,1501,Healthcare,Healthcare,Pharmaceuticals,14,7,-3,Jun 2026,Mar 2026,Aug 2026,56.91|98.97|97.34|78.13|95.03|156.47|139.85|136.26|130.22|137.36|121.58|121.82,54.82|31.86|38.86|37.36|31.37|28.94|37.79|38.15|35.75|37.58|34.32|34.53,,142|155|164|302|403|292|376|397|349|335|468|523,11|13|7|31|39|23|22|16|5|8|25|19,44.42|41.29|41.65|26.42|22.87|27.09|35.77|38.54|44.02|38.82|33.89|36.68,14.20|13.76|16.47|12.31|11.12|13.95|13.72|16.67|17.90|20.98|16.27|14.83,2|59|90|34|63|43|116|105|41|93,85|168|172|177|178|200|263|299|267|269|227|220,22|28|39|51|88|129|162|159|130|87|124|153,62.06|64.08|64.08|64.08|64.08|64.08|64.08|64.09,0.02|0.02|0.02|0.02|0.02|0.02|0.13|0.37,0.00|0.00|0.00|0.00|0.00|0.00|0.04|0.04,0.37,0.04,0.41,2.87
Belding India,/company/513307/consolidated/,513307,385.15,,1.43,0.53,-0.97,55.78,,1498.63,1035.05,5.07,30,bse,consolidated,,725,1035,1499,Industrials,Capital Goods,"Aluminium, Copper & Zinc Products",,,-100,Jun 2026,Mar 2026,Jun 2026,2.82|3.31|4.99|0.00|0.00|0.00|0.03|0.22,80|77|82||||0|241,,21|0,2.5|-2600,83|0,,2|36,1|651,2|0,52.28|52.28|52.28|52.28|52.28|55.78|55.78|55.78,0.00|0.00|0.00|0.00|0.00|3.71|3.60|0.20,0.00|0.00|0.00|0.00|0.00|6.35|6.36|6.36,0.20,6.36,6.56,
Renaiss. Global,/company/RGL/consolidated/,RGL,9.54,,0.99,8.00,6.88,61.95,,1496.61,139.39,35.06,30,nse,consolidated,13.7,141,139,1497,Consumer Discretionary,Consumer Durables,"Gems, Jewellery And Watches",8,7,41,Jun 2026,Mar 2026,Jun 2026,442|655|537|445|412|710|514|530|546|963|773|780,68|70|70|64|63|73|66|71|70|77|77|78,,1276|1320|1473|1811|2591|2502|2031|2190|2237|2107|2081|2813,4.5|6|4.3|3.6|4.7|6|4.7|8|8|8|8|7,78|75|79|83|82|81|81|74|72|69|68|75,6|7|6|5|4|5|4|6|6|6|6|0,5|-34|-303|202|117|86|229|-35|-3|54,78|71|72|49|82|98|80|218|258|258|306|309,489|530|559|592|1016|819|846|941|863|971|965|941,65.59|58.83|58.98|62.50|61.90|61.70|61.70|61.95,0.85|0.77|1.20|1.12|1.25|2.25|2.02|4.15,0.13|0.11|0.46|0.43|0.43|0.22|0.00|0.14,4.15,0.14,4.29,0.53
Updater Services,/company/UDS/consolidated/,UDS,8.14,,1.41,9.92,8.83,59.09,,1489.58,222.48,8.02,30,nse,consolidated,16.3,157,222,1490,Services,Services,Diversified Commercial Services,12,19,8,Jun 2026,Mar 2026,Jun 2026,600|636|632|652|680|695|709|700|729|767|743|764,4|4|4|3|4|4|3|3|4|3|3|3,,1324|1210|1483|2099|2444|2736|2940,5|6|5|4.4|6|6|4.6,3|3|3|4|4|3|3,0|3|9|15|2|2|2,5|128|31|115|103|51|144,85|75|204|359|357|357|342,7|5|6|7|7|8|10,58.88|58.88|58.88|58.88|58.91|59.09|59.09|59.09,3.54|3.12|2.74|3.69|3.56|3.34|4.03|3.50,15.26|15.03|15.35|12.78|13.13|13.04|12.96|9.41,3.50,9.41,12.91,0.51
Amrutanjan Healt,/company/AMRUTANJAN/,AMRUTANJAN,16.09,,4.02,24.8,18.5,46.52,,1486.73,514.25,6.79,30,nse,standalone,23.9,128,514,1487,Healthcare,Healthcare,Pharmaceuticals,10,9,11,Jun 2026,Mar 2026,Jun 2026,99.31|116.99|127.06|83.74|109.92|122.75|135.41|94.05|117.70|141.04|149.77|102.97,51|48|50|53|49|45|51|53|49|45|49|53,,154|174|207|220|253|261|333|406|380|421|452|503,16|18|14|13|12|12|22|20|12|12|13|15,38.74|37.39|40.30|43.10|46.94|44.78|42.12|44.47|47.93|50.29|49.40|48.62,2.16|1.94|3.89|3.69|3.00|3.37|2.53|2.72|3.54|3.25|3.20|0.00,8|19|21|18|91|52|20|28|51|36,13|22|27|28|26|26|23|28|49|50|49|51,7|8|10|10|15|24|17|26|29|29|27|37,46.52|46.52|46.52|46.52|46.52|46.52|46.52|46.52,2.34|2.30|2.30|2.41|2.38|2.27|2.17|2.44,10.60|11.13|11.41|12.70|12.90|13.00|12.66|12.29,2.44,12.29,14.73,2.96
Rajputana Stain.,/company/RSL/,RSL,13.40,,4.07,25.2,19.3,57.09,,1483.24,177.49,12.11,30,nse,standalone,25.2,43.5,177,1483,Industrials,Capital Goods,Iron & Steel Products,2,19,8,Jun 2026,Mar 2026,Jun 2026,233|248|232|270|251|255|307,78|82|79|79|81|80|82,,432|428|770|952|910|932|1007,5|5|4.0|4.6|7|8|9,76|77|82|82|79|79|80,13|14|11|11|10|9|0,19|15|-2|25|31|7|32,54|57|57|53|70|70|71,97|110|113|88|104|133|182,57.03|57.09,4.30|6.30,0.18|0.12,6.30,0.12,6.42,1.47
Digitide Solutio,/company/DIGITIDE/consolidated/,DIGITIDE,5.12,,1.77,10.3,-0.74,57.33,,1483.06,99.46,3.61,30,nse,consolidated,1312,56.2,99.5,1483,Information Technology,Information Technology,IT Enabled Services,,,-6,Jun 2026,Mar 2026,Jun 2026,696.01|732.63|732.52|735.74|764.19|780.30|799.95|775.07,0|0|0|0|0|0|0|0,,3269|3080,15|11,|0,|10,368|263,683|877,,56.98|56.98|56.98|57.37|57.33,9.43|8.05|7.64|7.70|7.08,12.61|11.88|12.00|11.61|11.30,7.08,11.30,18.38,0.48
Technocraft Ven.,/company/TECHNOCRAF/consolidated/,TECHNOCRAF,20.92,,,30.8,30.6,70.01,,1480.60,373.83,57.26,30,nse,consolidated,34.2,,374,1481,Utilities,Utilities,Water Supply & Management,25,,23,,Mar 2026,Aug 2026,,,,179|226|280|345,12|15|17|20,-15.59|-3.01|26.81|28.60,100.40|84.49|50.96|46.32,10|1|22|29,9|12|13|12,47|56|89|68,70.01,6.49,8.34,6.49,8.34,14.83,4.29
Sh.Pushkar Chem.,/company/SHREEPUSHK/consolidated/,SHREEPUSHK,13.57,,2.39,13.0,12.2,69.36,,1459.72,451.40,2.81,30,nse,consolidated,20.2,189,451,1460,Commodities,Chemicals,Dyes And Pigments,13,22,16,Jun 2026,Mar 2026,Jun 2026,185|175|191|194|176|217|219|255|255|249|218|280,66|66|67|66|62|64|61|67|67|68|62|68,,306|395|452|346|355|584|684|726|806|977,17|15|15|15|12|14|10|8|10|10,69|69|67|62|60|61|63|66|63|66,6|7|7|9|10|11|14|12|13|0,17|-5|56|76|41|42|50|16|38|102,123|166|172|164|175|195|313|295|308|305,32|82|62|62|55|92|83|63|160|136,69.36|69.36|69.36|69.36|69.36|69.36|69.36|69.36,1.62|0.41|0.86|0.42|1.47|0.59|0.42|0.50,0.00|0.00|0.00|0.00|0.00|0.38|0.29|0.00,0.50,0.00,0.5,1.49
Navkar Corporat.,/company/NAVKARCORP/,NAVKARCORP,11.98,,0.75,3.06,1.56,70.37,,1458.23,96.88,4.16,30,nse,standalone,36.5,130,96.9,1458,Services,Services,Logistics Solution Provider,16,0,46,Jun 2026,Mar 2026,Jun 2026,95|117|118|118|136|129|104|138|162|186|201|191,,,329|347|371|428|483|567|672|453|442|435|487|687,37|39|38|39|32|29|21|20|20|16|1.9|17,,43|42|43|37|34|53|65|57|59|70|81|72,108|73|128|165|114|125|126|62|84|77,790|859|1239|1921|1958|2160|2226|2265|1653|1946|1930|1922,2|4|6|7|9|10|6|8|2|3|3|5,70.44|70.45|70.45|70.37|70.37|70.37|70.37|70.37,0.29|0.73|0.33|0.21|0.22|0.22|0.17|0.67,1.77|1.31|2.04|1.89|1.95|1.65|1.65|0.02,0.67,0.02,0.69,2.12
Chamanlal Setia,/company/CLSEL/,CLSEL,7.77,,1.73,18.3,14.6,74.05,,1457.21,293.05,5.91,30,nse,standalone,11.6,169,293,1457,Fast Moving Consumer Goods,Fast Moving Consumer Goods,Other Agricultural Products,1,11,3,Jun 2026,Mar 2026,Jun 2026,309|400|384|363|369|395|368|307|273|431|428|346,79|78|77|81|78|76|77|75|79|78|75|75,,508|483|493|747|765|798|851|932|1387|1356|1495|1440,7|12|13|9|8|10|14|10|11|12|9|11,79|71|69|78|77|74|69|70|73|75|75|77,6|7|7|5|6|6|6|4|4|4|4|0,-17|-49|-22|51|37|-58|7|-38|73|51,22|22|22|27|29|37|48|52|133|143|156|167,68|49|105|152|182|213|233|329|414|499|434|427,74.05|74.05|74.05|74.05|74.05|74.05|74.05|74.05,1.40|1.86|2.01|2.44|2.81|3.08|3.08|3.30,1.30|2.56|2.62|2.72|1.97|1.60|1.58|1.57,3.30,1.57,4.87,1.01
Ivalue Infosolut,/company/IVALUE/consolidated/,IVALUE,8.66,,2.55,25.4,19.8,32.10,,1449.06,264.65,8.17,30,nse,consolidated,13.5,104,265,1449,Information Technology,Information Technology,IT Enabled Services,10,2,6,Jun 2026,Mar 2026,Jun 2026,196|217|250|261|228|329|226|273|180,81|70|79|67|82|78|74|66|71,,939|1296|797|780|923|1056,5|5.0|11|13|12|13,90|90|77|72|74|75,0|0|0|0|0|0,-2|33|-23|66|46|108,9|8|44|48|43|36,33|29|90|27|13|7,32.73|32.08|32.08|32.10,4.35|3.59|2.22|2.73,11.22|13.18|15.25|15.44,2.73,15.44,18.17,1.37
Seshasayee Paper,/company/SESHAPAPER/consolidated/,SESHAPAPER,7.17,,0.71,5.60,4.10,43.27,,1448.11,229.61,4.88,30,nse,consolidated,14.6,324,230,1448,Commodities,Forest Materials,Paper & Paper Products,-6,17,6,Jun 2026,Mar 2026,Jun 2026,362|473|539|422|398|431|502|385|346|387|592|492,42|56|65|57|60|69|69|64|61|64|73|64,,998|1008|1108|1105|1326|1184|782|1355|2083|1802|1754|1710,9|11|19|19|22|23|14|12|26|19|6|6,42.53|42.41|36.93|35.52|33.72|27.97|25.71|38.42|30.50|34.24|44.53|46.85,35.45|32.62|31.02|34.78|34.05|36.63|41.62|35.61|33.46|36.69|36.38|34.59,200|225|273|165|-7|276|329|202|-61|92,661|638|650|686|685|688|747|828|809|789|769|758,134|114|129|158|135|169|227|124|241|288|354|360,42.78|42.81|42.90|42.90|42.90|43.03|43.11|43.27,13.11|13.05|13.06|13.03|13.02|12.99|12.94|12.60,0.08|0.08|0.10|0.10|0.10|0.10|0.10|0.09,12.60,0.09,12.69,0.85
Arfin India,/company/ARFIN/,ARFIN,33.22,,8.59,14.0,8.34,69.77,,1447.13,85.77,12.82,30,nse,standalone,89.8,9.99,85.8,1447,Commodities,Metals & Mining,Aluminium,5,16,22,Jun 2026,Mar 2026,Jun 2026,134.22|115.44|136.80|132.90|149.11|180.37|153.37|108.75|128.04|196.41|191.70|207.96,83|83|83|82|81|86|86|84|82|85|82|89,,250|286|363|466|413|359|303|526|544|535|616|625,4.7|5|8|10|6|-1.6|5|4.6|4.9|6|6|7,86|83|78|80|80|81|80|83|84|82|83|82,6|4|6|7|9|8|9|8|7|8|7|6,-22|-10|13|23|11|11|29|5|-21|30,12|14|21|30|38|46|61|62|65|66|64|74,44|62|71|80|103|96|111|101|112|149|182|213,69.79|69.79|69.79|69.79|69.79|69.77|69.77|69.77,2.41|2.41|2.41|2.41|2.64|2.68|1.54|0.79,,0.79,,0.79,2.32
One Point One,/company/ONEPOINT/consolidated/,ONEPOINT,14.72,,3.24,10.9,9.22,52.30,,1446.94,55.03,6.41,30,nse,consolidated,31.4,17.0,55.0,1447,Services,Services,Business Process Outsourcing (BPO)/ Knowledge Process Outsourcing (KPO),31,25,52,Jun 2026,Mar 2026,Jun 2026,40|42|52|61|62|66|67|69|71|77|96|158,,,96|121|153|125|102|132|140|170|256|313,17|20|19|22|8|21|24|30|24|23,,7|8|6|9|10|8|8|7|6|0,12|9|32|22|-2|27|22|27|28|121,30|42|51|122|108|62|69|126|142|447,,60.64|51.45|52.37|52.30|52.30|52.29|52.30|52.30,3.19|16.53|16.14|15.91|13.55|7.02|6.15|5.22,0.60|0.72|0.52|0.36|0.19|1.03|1.00|0.95,5.22,0.95,6.17,4.62
Rajesh Power,/company/544291/,544291,7.44,,3.71,48.6,42.6,72.70,,1446.89,803.50,2.35,30,bse,standalone,10.5,217,804,1447,Utilities,Utilities,Multi Utilities,99,,52,Mar 2026,Mar 2026,Mar 2026,313|759|638|990,79|83|77|84,,147|207|285|1072|1628,8|7|12|12|12,73|79|73|82|82,0|0|1|0|0,7|15|-22|-21|-41,16|19|20|18|18,28|37|36|63|125,73.40|73.40|73.40|72.70,2.32|0.84|0.45|0.68,7.43|4.88|3.39|3.52,0.68,3.52,4.2,0.89
NIIT,/company/NIITLTD/consolidated/,NIITLTD,24.57,,1.35,2.24,0.87,40.87,,1445.56,105.52,4.83,30,nse,consolidated,103,78.5,106,1446,Consumer Discretionary,Consumer Services,Education,5,-16,12,Jun 2026,Mar 2026,Jun 2026,81.41|85.18|74.34|82.48|90.71|98.11|86.29|84.12|104.95|101.37|99.74|95.65,3.27|2.90|5.37|4.86|4.75|5.43|5.03|5.72|4.52|5.40|7.10|5.95,,953|1002|845|850|865|889|960|251|341|303|358|390,2.7|7|7|8|8|6|17|1.0|-1.0|0.5|1.0|-3.4,6|5|4|3|1|1|1|3|4|4|5|6,36|33|21|23|2|2|1|1|1|2|8|5,111|88|46|51|236|288|2|9|29|7,110|107|194|219|228|357|310|371|245|260|258|350,4|7|2|3|5|1|2|2|1|1|1|1,37.25|37.21|37.19|37.16|37.00|36.97|36.97|40.87,13.58|13.46|12.50|12.21|11.75|11.25|10.11|8.06,11.51|11.51|11.51|11.26|11.20|11.17|11.17|11.14,8.06,11.14,19.2,3.71
Shree Refrigerat,/company/544458/consolidated/,544458,41.23,,6.62,13.8,13.0,44.60,,1435.26,400.95,12.07,30,bse,consolidated,66.7,60.6,401,1435,Industrials,Capital Goods,Aerospace & Defense,45,71,56,Mar 2026,Mar 2026,Mar 2026,51|48|50|103,51|50|55|57,,10|45|51|80|99|154,26|26|25|31|27|21,30|53|47|49|49|52,3|1|2|1|3|5,-9||-4|-5|-25|14,5|6|12|12|18|22,24|28|30|32|47|55,44.60|44.60,0.70|0.12,9.60|8.74,0.12,8.74,8.86,9.32
Assoc.Alcohols,/company/ASALCBR/,ASALCBR,10.37,,2.06,18.0,14.6,62.35,,1434.66,714.50,2.58,30,nse,standalone,17.3,346,714,1435,Fast Moving Consumer Goods,Fast Moving Consumer Goods,Breweries & Distilleries,13,19,-5,Jun 2026,Mar 2026,Jun 2026,170|191|242|252|255|327|242|267|254|260|238|281,53|53|64|62|62|62|57|60|64|54|51|63,,298|288|291|324|399|523|436|513|701|759|1075|1020,10|13|14|16|14|15|21|16|9|10|12|14,50.58|55.06|44.58|31.78|31.50|36.57|28.36|30.41|29.94|42.71|47.41|44.90,27.40|19.83|27.43|34.97|39.16|34.52|29.60|32.47|44.24|30.97|27.02|27.12,25|39|25|58|67|79|7|28|74|52,93|93|86|80|116|110|111|113|110|252|351|395,32|29|29|38|56|57|58|65|84|104|137|157,59.29|59.29|59.29|59.29|61.22|61.22|62.35|62.35,0.91|1.20|1.06|0.63|0.48|0.32|0.33|0.68,0.00|0.00|0.00|0.03|0.03|0.00|0.94|1.26,0.68,1.26,1.94,1.41
Bharat Seats,/company/BHARATSE/,BHARATSE,13.67,,6.17,20.2,20.4,74.66,,1421.98,226.43,8.89,30,nse,standalone,30.1,36.6,226,1422,Consumer Discretionary,Automobile and Auto Components,Auto Components & Equipments,23,29,48,Jun 2026,Mar 2026,Jun 2026,286|250|278|299|291|306|393|427|459|491|574|578,83|83|83|84|83|83|85|85|86|86|87|87,,693|700|840|970|904|589|548|818|1051|1067|1289|1951,4.7|4.3|4.4|7|6|6|4.9|3.9|4.4|6|6|5,87|87|87|85|83|78|81|85|86|83|84|86,4|2|4|4|6|6|6|4|4|4|4|4,38|69|35|28|19|16|43|57|96|107,150|144|146|136|152|150|126|147|199|276|283|356,12|14|15|27|22|21|30|53|29|40|55|60,74.59|74.59|74.66|74.66|74.66|74.66|74.66|74.66,0.00|0.00|0.00|0.03|0.27|0.06|0.15|0.15,0.11|0.11|0.11|0.11|0.12|0.21|0.21|0.22,0.15,0.22,0.37,0.73
TAAL Tech,/company/TAALTECH/consolidated/,TAALTECH,16.51,,5.8,27.5,18.3,50.80,,1421.68,4562.00,2.83,30,nse,consolidated,22.9,787,4562,1422,Services,Services,Airline,7,13,18,Jun 2026,Mar 2026,Jun 2026,48|44|46|48|49|43|45|46|49|46|57|65,0|0|0|0|0|0|0|0|0|0|0|0,,66|92|104|149|130|105|129|159|187|185|197,6|9|15|21|24|21|31|27|25|32|30,0|2|0|0|0|0|0|0|0|0|0,7|8|8|9|3|2|2|3|2|1|1,2|15|23|33|40|30|22|34|41|19,6|6|6|6|5|1|12|14|10|6|3,,50.98|50.98|50.80|50.80|50.80|50.80|50.80|50.80,2.21|2.21|2.21|2.21|2.31|2.28|2.28|2.28,0.00|0.21|0.21|0.21|0.37|0.37|0.37|0.24,2.28,0.24,2.52,7.22
Asian Granito,/company/ASIANTILES/consolidated/,ASIANTILES,16.80,,0.93,2.85,1.27,38.79,,1419.52,47.88,93.08,30,nse,consolidated,109,51.4,47.9,1420,Consumer Discretionary,Consumer Durables,Ceramics,6,8,17,Jun 2026,Mar 2026,Jun 2026,400.93|371.23|423.63|360.08|383.68|366.09|514.77|388.24|406.92|461.66|538.50|530.95,63|61|64|59|61|60|61|60|57|59|72|63,,846|994|1061|1156|1187|1225|1292|1564|1563|1530|1711|1858,7|9|12|12|7|10|11|8|-4.6|3.3|5|5,63|62|53|53|54|58|64|63|67|62|54|58,18|17|22|17|21|16|12|15|19|19|23|20,63|94|88|56|46|-7|-49|-82|60|94,188|392|413|426|472|463|457|476|577|783|994|1009,191|245|274|276|305|292|319|329|255|267|337|342,29.02|33.52|33.52|33.52|33.46|33.72|38.79|38.79,2.23|1.59|1.93|1.43|1.10|1.73|1.05|1.37,0.26|0.22|0.22|0.22|0.14|0.17|0.13|0.14,1.37,0.14,1.51,0.76
PNB Gilts,/company/PNBGILTS/,PNBGILTS,17.68,,0.83,6.14,11.1,74.07,,1416.86,78.71,2.29,30,nse,standalone,14.0,95.0,78.7,1417,Financial Services,Financial Services,Investment Company,11,10,-5,Jun 2026,Mar 2026,Jun 2026,347|385|474|440|501|362|419|563|443|425|424|455,,,410|343|500|402|508|882|1052|756|1230|1577|1676|1699,96|95|96|83|96|96|97|94|72|97|97|92,,1.35|1.45|1.22|1.41|1.28|1.39|1.28|2.15|26.29|1.71|1.67|0.00,1213|-800|-3843|-3898|2483|-4564|-4638|-2875|-197|-2540,3|3|3|3|3|4|3|4|7|7|5|6,3836|4962|3885|0|0|0|0|0|0|0|0|0,74.07|74.07|74.07|74.07|74.07|74.07|74.07|74.07,0.10|0.29|0.35|0.53|0.77|0.30|0.18|0.07,0.00|0.00|0.00|0.00|0.00|0.00|0.00|0.00,0.07,0.00,0.07,0.83
S P I C,/company/SPIC/consolidated/,SPIC,5.73,,1.03,17.5,16.5,53.38,,1406.95,69.09,2.44,30,nse,consolidated,6.86,67.3,69.1,1407,Commodities,Chemicals,Fertilizers,1,14,-3,Jun 2026,Mar 2026,Jun 2026,744|506|125|754|760|818|754|781|817|774|584|849,68|71|53|72|73|75|78|71|73|72|74|77,,2237|1931|1499|1994|2592|2079|1527|1875|2829|1944|3086|2956,2.8|2.1|3.6|6|3.8|5|4.6|9|13|13|9|10,61|59|53|53|62|57|53|63|72|67|75|73,25|23|29|36|31|33|36|22|12|14|11|3,-348|330|67|136|361|-113|-11|227|-38|395,344|324|263|247|233|353|525|682|657|652|620|616,147|103|229|189|188|135|358|449|221|96|82|94,53.38|53.38|53.38|53.38|53.38|53.38|53.38|53.38,0.65|0.84|4.87|6.53|6.09|4.92|5.08|4.80,1.17|1.17|0.30|0.29|0.14|0.17|0.14|0.14,4.80,0.14,4.94,0.48
Signpost India,/company/SIGNPOST/,SIGNPOST,10.22,,4.84,25.1,27.6,60.38,,1390.50,260.15,2.88,30,nse,standalone,18.9,53.7,260,1390,Consumer Discretionary,"Media, Entertainment & Publication",Advertising & Media Agencies,20,,20,Jun 2026,Mar 2026,Jun 2026,85|105|103|100|130|112|111|138|134|142|162|152,,,43|52|332|387|453|576,11|11|21|21|20|25,,76|76|45|33|39|0,||23|64|31|22,6|11|64|163|182|213,,74.32|74.25|74.25|74.01|67.74|67.74|60.38|60.38,0.03|0.01|0.28|0.08|0.05|0.08|0.09|0.23,0.01|0.01|0.78|0.01|0.03|0.02|0.02|0.02,0.23,0.02,0.25,2.41
Jay Bharat Maru.,/company/JAYBARMARU/,JAYBARMARU,6.77,,2.01,16.4,22.1,59.35,,1389.39,128.35,8.08,30,nse,standalone,10.2,63.8,128,1389,Consumer Discretionary,Automobile and Auto Components,Auto Components & Equipments,3,11,13,Jun 2026,Mar 2026,Jun 2026,613|548|598|533|555|591|611|557|583|645|766|627,78|77|78|77|78|80|76|72|74|74|76|73,,1294|1302|1527|1730|1994|1658|1499|2078|2344|2292|2290|2551,8|9|9|9|9|9|9|7|7|7|7|11,79|77|79|77|77|76|76|79|79|78|78|74,5|5|5|6|5|5|5|5|5|5|5|5,58|209|128|154|163|106|154|188|199|197,399|398|452|632|832|817|860|856|881|906|922|1173,125|134|114|202|169|123|153|211|203|267|250|269,59.35|59.35|59.35|59.35|59.35|59.35|59.35|59.35,0.83|0.83|0.86|0.84|0.98|0.90|1.33|1.31,0.03|0.03|0.03|0.03|0.03|0.03|0.03|0.03,1.31,0.03,1.34,0.54
Punjab Chemicals,/company/PUNJABCHEM/consolidated/,PUNJABCHEM,11.25,,3.27,18.6,16.6,39.24,,1381.58,1126.90,2.2,30,nse,consolidated,20.6,345,1127,1382,Commodities,Chemicals,Pesticides & Agrochemicals,1,9,8,Jun 2026,Mar 2026,Jun 2026,242|214|197|242|242|214|202|320|255|247|209|347,59|59|62|61|61|60|57|67|61|58|51|63,,564|537|525|493|643|550|678|933|1006|934|901|1030,8|8|3.0|9|10|8|14|15|12|12|11|11,51|50|53|60|62|59|60|61|63|61|60|60,9|9|13|15|13|14|12|12|13|14|13|13,62|61|68|34|43|34|58|30|25|86,232|235|224|177|180|168|189|212|222|236|253|275,75|57|64|67|82|86|101|154|168|133|222|246,39.22|39.22|39.22|39.22|39.22|39.22|39.24|39.24,2.97|2.94|3.06|2.99|3.02|3.01|3.01|5.86,0.39|0.50|0.55|0.55|0.56|0.56|0.62|0.64,5.86,0.64,6.5,1.34
Kross Ltd,/company/KROSS/,KROSS,14.56,,2.82,16.4,12.0,68.57,,1380.44,213.99,30.8,30,nse,standalone,23.9,75.9,214,1380,Consumer Discretionary,Automobile and Auto Components,Auto Components & Equipments,11,30,17,Jun 2026,Mar 2026,Jun 2026,145|149|183|146|139|150|185|139|131|177|225|184,57|55|56|62|56|56|55|54|54|55|55|55,,160|184|297|489|620|620|673,10|10|10|12|13|13|13,56|48|54|59|57|57|54,14|28|26|11|20|20|23,16|1|18|42|8|9|28,59|59|76|89|106|132|207,45|43|41|62|84|99|106,67.70|67.87|67.99|68.23|68.38|68.38|68.52|68.57,5.93|4.16|3.18|2.53|2.31|2.41|2.62|2.51,9.54|9.33|9.72|8.87|7.41|5.78|6.03|6.05,2.51,6.05,8.56,2.05
Allcargo Global,/company/AGL/consolidated/,AGL,94.41,,,-6.09,-20.1,63.28,,1378.84,14.03,5.59,30,nse,consolidated,,,14.0,1379,Services,Services,Logistics Solution Provider,,,-9,Jun 2026,Mar 2026,Jul 2026,3330|2915|3522,,,5642|14077|12758,2.4|2.4|0.1,,|81|79,-220|-0|89,1236|1191|1325,,63.28,10.02,2.06,10.02,2.06,12.08,0.11
DCW,/company/DCW/,DCW,6.49,,1.27,9.69,4.57,45.59,,1369.52,46.40,4.25,30,nse,standalone,19.2,36.4,46.4,1370,Commodities,Chemicals,Petrochemicals,-7,8,12,Jun 2026,Mar 2026,Jun 2026,414|398|622|500|489|474|538|476|539|520|609|542,46|54|60|53|54|50|60|51|55|57|56|58,,1253|1263|1176|1187|1353|1277|1464|2455|2634|1872|2000|2144,5|12|13|11|12|12|14|13|16|9|10|10,55|49|50|50|50|50|52|58|49|53|54|55,24|24|23|24|23|23|20|18|23|24|22|14,223|57|285|170|218|178|226|252|191|278,635|1260|1531|1471|1534|1467|1407|1352|1296|1312|1270|1304,166|168|135|157|122|177|169|247|345|377|428|309,44.86|44.86|44.87|44.81|44.62|45.14|45.44|45.59,11.25|11.35|10.82|10.05|9.18|8.57|6.71|6.11,0.01|0.01|0.01|0.01|0.01|0.01|0.01|0.05,6.11,0.05,6.16,0.64
Dynacons Sys.,/company/DSSL/,DSSL,9.28,,4.33,29.7,31.1,60.89,,1362.74,1069.90,3.52,30,nse,standalone,16.1,247,1070,1363,Information Technology,Information Technology,IT Enabled Services,21,27,10,Jun 2026,Mar 2026,Jun 2026,220|227|282|321|306|309|331|329|352|340|402|311,86|86|88|88|87|86|87|86|84|82|86|81,,105|124|158|211|304|328|436|654|804|1024|1267|1423,3.8|3.4|3.0|3.2|3.9|4.5|4.3|4.7|7|8|8|10,90|89|88|85|86|86|89|90|88|87|87|85,0|0|0|0|0|0|0|0|0|0|0|0,4|-13|2|4|9|-15|15|29|64|46,3|3|3|3|2|4|6|6|7|6|9|158,7|7|9|14|17|9|42|71|37|73|58|16,61.00|61.00|60.95|60.95|60.95|60.95|60.89|60.89,0.01|0.81|0.16|0.17|0.28|0.34|0.37|1.08,0.00|0.00|0.27|0.24|0.11|0.26|0.30|0.28,1.08,0.28,1.36,0.96
Expleo Solutions,/company/EXPLEOSOL/consolidated/,EXPLEOSOL,4.50,,1.75,24.2,18.7,71.05,,1359.14,875.75,28.58,30,nse,consolidated,9.26,500,876,1359,Information Technology,Information Technology,IT Enabled Services,7,30,10,Jun 2026,Mar 2026,Jun 2026,234|250|255|252|259|258|256|260|283|279|286|292,0|1|1|0|1|1|1|1|1|2|2|1,,214|264|260|271|283|270|301|743|903|965|1025|1108,17|20|16|15|19|20|23|17|22|15|16|15,,3|3|3|3|3|3|4|6|5|5|6|6,42|25|41|17|66|24|23|71|179|119,24|25|27|22|19|26|25|108|142|131|113|73,0|0|0|0|0|0|0|2|0|0|0|0,71.05|71.05|71.05|71.05|71.05|71.05|71.05|71.05,0.21|0.49|0.33|0.09|0.13|0.32|0.42|0.13,1.78|1.00|0.91|0.84|0.84|0.07|0.01|0.12,0.13,0.12,0.25,1.23
SKM Egg Prod.,/company/SKMEGGPROD/consolidated/,SKMEGGPROD,8.05,,3.44,30.0,29.7,57.47,,1356.26,257.55,16.27,30,nse,consolidated,12.2,75.1,258,1356,Fast Moving Consumer Goods,Fast Moving Consumer Goods,Meat Products including Poultry,5,23,40,Jun 2026,Mar 2026,Jun 2026,176|153|162|118|127|135|117|176|202|204|187|184,60|72|74|68|69|73|72|71|67|64|58|66,,290|303|232|318|335|313|269|302|662|701|498|768,13|12|-2.6|0.9|3.7|2.2|12|10|22|22|16|21,69|68|81|83|78|77|68|69|59|60|64|65,8|8|9|7|8|9|8|10|8|8|9|3,-4|17|14|-12|26|2|60|109|65|53,67|66|61|64|62|65|69|70|75|114|188|178,49|54|58|47|48|75|80|93|119|114|104|124,55.11|55.11|55.40|56.25|57.39|57.43|57.47|57.47,0.14|0.04|0.07|0.29|0.10|0.75|0.49|1.29,0.00|0.00|0.00|0.00|0.22|0.32|0.36|0.21,1.29,0.21,1.5,1.77
Ugro Capital,/company/UGROCAP/,UGROCAP,7.66,,0.48,10.1,4.64,2.88,,1350.39,86.96,4.16,30,nse,standalone,9.65,183,87.0,1350,Financial Services,Financial Services,Non Banking Financial Company (NBFC),38,63,17,Jun 2026,Mar 2026,Jun 2026,245|268|322|291|330|371|403|414|455|409|488|417,,,2|4|2|4|44|105|153|312|684|1082|1442|1785,,,0.00|0.00|0.00|0.00|1.14|4.04|2.16|1.91|1.80|0.81|1.14|1.46,-4|1|-86|-799|-347|-1125|-1220|-1535|-2474|-348,0|0|0|0|20|38|36|56|85|130|162|130,12|4|8|0|0|0|0|0|0|0|0|0,2.23|2.23|2.23|2.25|2.24|1.70|1.99|2.88,20.44|24.70|27.25|29.32|28.99|22.83|22.34|5.45,2.76|2.40|1.85|1.62|1.59|1.38|1.68|1.85,5.45,1.85,7.3,0.76
Shankesh Jewellers,/company/SHANKESH/,SHANKESH,9.60,,,50.3,68.8,70.22,,1348.72,91.73,40.27,30,nse,standalone,12.6,,91.7,1349,Consumer Discretionary,Consumer Durables,"Gems, Jewellery And Watches",22,,16,,Mar 2026,Aug 2026,,,,909|1062|1404|1631,2.5|2.7|4.7|10,96|96|94|89,0|0|0|0,-8|1|-23|0,0|2|4|3,126|131|162|240,70.22,7.20,5.83,7.20,5.83,13.03,0.83
Asian Hotels (N),/company/ASIANHOTNR/,ASIANHOTNR,28.23,,1.46,3.52,0.57,0.00,,1347.00,315.95,2.11,30,nse,standalone,100,216,316,1347,Consumer Discretionary,Consumer Services,Hotels & Resorts,10,36,7,Jun 2026,Mar 2026,Jun 2026,74.43|76.76|83.59|62.13|78.08|86.47|91.51|70.29|76.90|90.98|102.91|77.63,11.72|13.31|10.86|11.89|11.81|11.19|9.65|10.91|10.78|10.38|9.59|11.22,,233|241|251|274|274|252|73|131|256|298|318|341,19|30|33|31|30|22|-27|4.8|21|24|26|13,13|13|13|13|14|15|16|3|3|2|2|10,17|16|14|14|14|15|36|38|30|32|25|0,82|104|101|109|47|15|43|72|437|-156,1271|1213|1186|1148|1129|1096|1503|1479|1457|1434|1418|1384,5|8|9|12|11|10|6|6|9|11|13|9,3.17|3.17|0.00|0.00|0.00|0.00|0.00|0.00,5.26|5.26|5.26|5.26|5.64|5.65|2.58|2.58,3.74|3.72|3.70|3.70|3.70|3.70|1.69|1.97,2.58,1.97,4.55,3.95
Igarashi Motors,/company/IGARASHI/,IGARASHI,16.58,,2.89,4.58,2.61,75.00,,1344.30,427.10,17.19,30,nse,standalone,82.0,148,427,1344,Consumer Discretionary,Automobile and Auto Components,Auto Components & Equipments,10,10,11,Jun 2026,Mar 2026,Jun 2026,178.44|173.75|204.60|222.07|216.07|210.80|189.47|204.71|219.14|216.09|225.97|250.87,67|66|67|67|65|64|62|65|64|66|66|67,,385|445|516|671|606|534|533|556|656|725|838|866,21|24|24|24|19|15|14|8|9|10|11|10,61|60|58|54|55|59|60|66|66|67|65|65,6|4|6|6|6|6|6|7|7|7|6|6,82|94|164|90|41|73|34|50|94|94,121|138|158|320|383|394|370|378|379|366|391|413,33|34|44|61|62|76|101|82|109|113|111|117,75.00|75.00|75.00|75.00|75.00|75.00|75.00|75.00,0.90|1.30|1.15|0.94|0.12|0.10|0.13|0.50,1.73|1.79|2.28|2.08|2.21|2.13|2.12|3.65,0.50,3.65,4.15,1.55
Atul Auto,/company/ATULAUTO/consolidated/,ATULAUTO,15.51,,2.78,11.4,9.35,42.70,,1341.36,483.35,17.3,30,nse,consolidated,27.8,174,483,1341,Industrials,Capital Goods,Commercial Vehicles,17,23,20,Jun 2026,Mar 2026,Jun 2026,153.17|154.33|160.14|135.21|181.65|194.99|211.14|152.78|200.17|230.86|240.58|218.43,68|72|74|69|72|72|75|69|70|70|71|71,,80|531|475|556|667|625|296|315|513|527|723|824,-1.8|14|13|13|12|11|-2.6|-5|7|8|7|10,78|72|73|73|74|1|81|76|72|69|71|70,2|1|1|1|1|72|1|1|2|3|3|0,71|26|35|57|52|-169|-18|-10|25|47,34|85|87|87|94|93|90|199|258|250|246|237,19|35|36|46|57|48|51|52|67|76|89|92,42.74|42.74|42.74|42.74|42.70|42.70|42.70|42.70,0.58|0.63|0.69|0.37|0.01|0.38|0.84|0.53,0.31|0.13|0.13|0.13|0.10|0.10|0.10|0.07,0.53,0.07,0.6,1.63
Sunshine Picture,/company/SUNSHINE/,SUNSHINE,23.16,,,41.0,31.7,100.00,,1338.62,429.75,41.63,30,nse,standalone,33.8,,430,1339,Consumer Discretionary,"Media, Entertainment & Publication","Film Production, Distribution & Exhibition",41,74,-28,,Mar 2026,Aug 2026,,,,5|87|27|134|103|74,-32|18|15|50|47|77,-705.58|38.71|71.33|46.52|49.34|0.00,0.00|0.00|0.00|0.00|0.00|18.31,27|-5|-5|32|41|-33,0|10|10|12|13|11,39|5|16|24|24|75,100.00,,,,,,18.09
Wonder Electric.,/company/WEL/,WEL,43.85,,12.78,9.87,9.70,71.79,,1337.40,99.80,90.72,30,nse,standalone,111,7.81,99.8,1337,Consumer Discretionary,Consumer Durables,Household Appliances,18,16,-10,Jun 2026,Mar 2026,Jun 2026,62.58|131.16|259.29|231.36|129.58|221.53|312.03|154.74|95.23|152.56|252.22|233.64,87|85|87|89|86|86|87|86|82|86|86|87,,72|137|166|293|309|297|305|398|402|570|894|655,2.1|4.3|6|4.0|3.9|3.3|3.8|4.5|4.3|4.3|4.3|4.3,82|79|78|81|72|73|76|76|76|86|86|86,11|12|12|11|20|18|14|15|14|4|4|0,8|-9|22|7|-6|-6|2|-17|-22|25,13|13|14|16|25|23|34|34|34|55|61|59,12|11|10|14|19|30|31|32|37|63|59|64,71.79|71.79|71.79|71.79|71.79|71.79|71.79|71.79,9.10|8.90|9.01|8.98|9.30|9.52|9.98|10.98,0.00|0.00|0.15|0.00|0.00|0.00|0.00|0.00,10.98,0.00,10.98,2.04
Valiant Commun.,/company/526775/consolidated/,526775,32.38,,13.56,39.7,30.6,39.65,,1336.11,1142.75,2,30,bse,consolidated,49.0,84.3,1143,1336,Telecommunication,Telecommunication,Telecom - Equipment & Accessories,39,31,66,Jun 2026,Mar 2026,Jun 2026,11.10|12.27|13.31|13.66|12.72|8.36|16.12|18.32|20.17|22.14|24.24|25.42,49.91|43.85|45.38|41.95|36.56|47.13|32.82|33.68|32.57|35.95|32.67|34.97,,12|14|18|23|19|20|22|13|32|46|51|85,0.4|8|10|14|11|6|7|-23|14|22|27|36,53.70|47.16|48.64|49.25|43.78|45.83|50.92|45.68|47.75|46.43|38.58|33.70,4.79|5.54|5.85|6.11|10.82|10.52|9.73|16.06|8.16|7.90|8.30|0.00,-3|4|1|2|2|-4|3|3|1|32,6|7|7|7|7|7|6|7|9|10|10|14,8|9|8|6|8|9|9|14|17|15|18|13,41.83|41.83|41.83|41.83|40.81|40.62|40.62|39.65,0.16|0.16|0.16|0.16|0.85|0.85|0.98|0.96,0.20|0.00|0.00|0.60|1.58|1.58|1.58|3.28,0.96,3.28,4.24,15.72
Sai Silks,/company/KALAMANDIR/,KALAMANDIR,4.92,,1.06,14.4,11.8,60.97,,1335.67,87.09,4.54,30,nse,standalone,9.78,82.2,87.1,1336,Consumer Discretionary,Consumer Services,Speciality Retail,7,20,5,Jun 2026,Mar 2026,Jun 2026,327|382|360|267|347|449|399|379|444|411|419|375,58|60|59|59|58|58|58|58|58|58|58|58,,692|1044|1176|677|1129|1351|1374|1462|1654,8|8|9|9|12|16|16|15|16,73|70|72|66|65|61|59|58|58,3|4|3|5|4|4|4|4|4,59|30|85|-15|46|41|-21|107|323,113|152|251|225|249|379|414|465|583,226|341|372|367|476|690|723|778|816,60.80|60.80|60.87|60.97|60.97|60.97|60.97|60.97,3.29|3.26|3.17|3.44|3.85|1.47|0.56|0.62,16.16|15.41|15.74|12.38|11.23|8.21|8.55|6.28,0.62,6.28,6.9,0.81
Andhra Sugars,/company/ANDHRSUGAR/consolidated/,ANDHRSUGAR,4.96,,0.8,8.48,6.11,50.49,,1328.52,98.02,11.71,30,nse,consolidated,11.3,123,98.0,1329,Commodities,Chemicals,Commodity Chemicals,1,10,17,Jun 2026,Mar 2026,Jun 2026,518|451|433|480|528|511|500|600|597|631|637|627,54|55|47|57|57|57|50|58|58|59|59|55,,1107|1258|1279|1308|1376|1477|1509|1962|2368|1894|2020|2466,6|13|17|16|22|19|14|13|13|6|5.0|8,51|49|44|45|40|44|49|51|51|52|55|58,31|27|27|27|25|25|24|25|27|31|28|15,245|202|114|181|253|176|286|142|128|278,527|511|658|650|700|711|716|712|806|813|952|931,397|341|302|280|428|442|424|468|414|434|445|299,46.98|47.26|47.28|47.28|49.94|50.49|50.49|50.49,2.89|2.71|2.69|2.62|2.54|2.69|2.53|2.86,0.00|0.00|0.00|0.00|0.00|0.00|0.00|0.00,2.86,0.00,2.86,0.54
Gala Precis. Eng,/company/GALAPREC/consolidated/,GALAPREC,21.91,,4.52,15.6,13.2,54.34,,1325.45,1034.20,5.39,30,nse,consolidated,34.8,229,1034,1325,Industrials,Capital Goods,Industrial Products,24,24,32,Jun 2026,Mar 2026,Jun 2026,49.30|49.46|57.40|53.17|51.23|58.12|75.31|63.08|71.41|85.25|94.56|75.38,44.10|42.82|36.78|41.60|36.87|42.76|43.87|38.54|38.90|40.83|42.52|39.39,,102|105|145|165|203|238|314,9|12|14|17|19|17|17,37.50|38.65|40.74|40.36|40.85|41.58|40.44,9.36|23.78|21.94|21.97|20.58|21.68|23.63,9|15|12|16|16|3|10,56|0|56|61|64|84|104,42|40|50|56|58|72|89,55.45|55.45|55.31|55.34|55.20|55.20|55.00|54.34,2.37|2.03|1.32|1.13|1.13|1.32|1.30|1.30,6.12|5.39|4.84|4.69|4.80|4.98|5.46|5.78,1.30,5.78,7.08,4.22
B.L.Kashyap,/company/BLKASHYAP/consolidated/,BLKASHYAP,12.64,,2.5,13.0,2.59,61.73,,1320.40,58.57,2.91,30,nse,consolidated,35.9,23.4,58.6,1320,Industrials,Construction,Civil Construction,8,13,22,Jun 2026,Mar 2026,Jun 2026,327|324|341|350|267|242|294|336|355|324|364|345,44|50|80|49|80|85|87|82|85|79|82|82,,834|860|924|1012|769|820|762|1158|1110|1245|1154|1379,2.2|8|10|8|7|2.6|8|8|9|9|6|7,50|51|52|48|42|46|-0|53|47|53|47|83,23|18|17|22|22|22|68|17|23|30|38|0,245|117|164|-23|-181|87|20|79|76|115,90|99|431|414|412|311|236|230|133|154|192|233,472|464|441|346|328|361|342|340|346|191|194|203,61.65|61.65|61.67|61.69|61.70|61.71|61.72|61.73,1.87|0.59|0.72|0.40|0.34|0.31|0.29|0.26,0.00|0.35|0.92|0.88|0.59|0.17|0.18|0.17,0.26,0.17,0.43,0.96
Manaksia Coated,/company/MANAKCOAT/consolidated/,MANAKCOAT,15.17,,3.73,17.8,11.0,57.78,,1310.00,122.85,5.61,30,nse,consolidated,32.1,33.0,123,1310,Industrials,Capital Goods,Iron & Steel Products,11,15,7,Jun 2026,Mar 2026,Jun 2026,195|191|183|194|175|205|208|250|220|187|227|262,79|82|77|74|81|80|78|75|69|78|77|72,,225|269|253|265|247|446|648|652|740|782|884,5|5|6|8|10|7|5|5|7|7|9,77|78|75|71|69|76|75|79|80|78|74,4|10|11|13|11|11|15|11|10|9|11,22|-22|49|6|20|-13|8|22|30|-14,73|100|157|148|144|136|130|122|119|112|168,20|30|51|88|124|152|201|255|231|287|339,69.19|69.19|65.67|56.17|55.55|57.46|57.46|57.78,0.10|1.82|1.46|9.01|1.77|1.45|1.14|0.22,0.00|0.00|0.00|0.02|0.02|0.64|0.59|0.59,0.22,0.59,0.81,1.48
KP Green Engg.,/company/544150/,544150,6.62,,2.86,36.7,34.8,66.61,,1310.00,262.00,2.92,30,bse,standalone,9.64,91.5,262,1310,Industrials,Capital Goods,Heavy Electrical Equipment,122,100,79,Mar 2026,Mar 2026,Mar 2026,53|104|245|262|432|532|714,70|74|74|75|75|71|69,,49|39|78|114|349|695|1246,10|14|12|18|16|16|20,75|66|73|70|74|75|70,6|7|8|5|4|4|0,6|-3|4|12|-39|19|155,13|16|17|20|36|217|543,9|13|34|38|53|137|465,66.59|66.59|66.60|66.61|66.61,7.61|1.82|0.55|0.34|0.35,1.38|0.46|0.16|0.10|0.13,0.35,0.13,0.48,1.05
Bhagyanagar Ind,/company/BHAGYANGR/consolidated/,BHAGYANGR,11.99,,4.86,20.7,21.6,65.80,,1309.88,391.05,2.76,30,nse,consolidated,20.8,80.5,391,1310,Commodities,Metals & Mining,Copper,9,25,49,Jun 2026,Mar 2026,Aug 2026,340|335|409|369|408|394|454|486|580|577|735|705,92|91|92|93|93|92|92|91|92|91|91|91,,279|299|310|513|569|562|787|1574|1847|1429|1626|2378,3.5|3.0|4.7|2.5|3.4|2.7|2.4|1.9|1.9|2.1|2.3|4.5,82|82|82|78|89|89|91|94|94|3|-0|91,4|5|6|4|5|6|4|3|3|94|96|0,-14|28|-48|49|-76|-4|-40|96|-144|59,206|206|72|63|77|81|81|77|80|77|80|84,42|33|51|37|98|57|86|105|145|83|157|230,70.53|70.54|70.44|70.57|65.12|64.84|64.91|65.80,0.15|0.00|0.00|0.00|0.44|0.41|0.86|2.15,0.00|0.00|0.00|0.00|0.00|0.00|0.20|2.08,2.15,2.08,4.23,0.55
Gretex Corporate,/company/GCSL/consolidated/,GCSL,22.37,,7.47,16.7,12.7,61.64,,1307.75,541.30,31.56,30,nse,consolidated,48.0,72.4,541,1308,Financial Services,Financial Services,Other Capital Market related Services,133,124,-20,Jun 2026,Mar 2026,Jun 2026,5|44|54|40|94|66|60|22|80|42|35|38,0.00|42.56|49.98|53.19|73.64|107.28|108.49|63.56|46.59|59.13|39.35|44.75,,2|3|1|3|4|14|113|262|179,-15|22|-78|35|38|62|43|1.8|24,0|0|0|0|0|0|45|86|50,3|1|3|1|11|1|0|0|1,-0|0|-0|1|2|10|-19|-31|-28,4|3|3|3|9|10|41|41|30,0|0|0|0|0|0|51|69|153,66.24|66.24|64.01|63.27|63.27|63.27|61.64|61.64,0.00|0.00|0.00|0.00|0.00|1.23|1.10|1.99,0.00|0.00|0.00|0.00|0.00|0.27|0.41|0.00,1.99,0.00,1.99,7.31
AVT Natural Prod,/company/AVTNPL/consolidated/,AVTNPL,10.76,,2.32,14.2,12.2,75.00,,1297.44,85.19,2.61,30,nse,consolidated,15.5,36.7,85.2,1297,Fast Moving Consumer Goods,Fast Moving Consumer Goods,Other Agricultural Products,7,8,41,Jun 2026,Mar 2026,Jun 2026,135|154|125|105|122|173|157|132|160|194|226|241,50|41|35|43|43|45|46|45|44|52|47|52,,261|274|311|328|339|396|485|559|582|517|559|713,18|14|14|10|12|14|15|19|21|15|13|13,45.15|53.29|53.37|56.36|45.34|48.08|47.96|45.47|38.90|42.73|44.47|47.19,14.55|13.91|14.01|14.26|19.09|15.29|15.81|15.53|18.21|15.93|15.74|13.79,16|14|-30|71|8|74|51|99|-32|12,53|58|57|56|98|99|89|82|78|82|72|81,90|74|93|94|144|122|164|183|212|221|294|321,75.00|75.00|75.00|75.00|75.00|75.00|75.00|75.00,0.06|0.06|0.09|0.06|0.07|0.04|0.03|0.03,0.02|0.02|0.11|0.11|0.24|0.24|0.02|0.02,0.03,0.02,0.05,1.82
Shriram Properti,/company/SHRIRAMPPS/consolidated/,SHRIRAMPPS,10.62,,0.89,8.04,7.16,27.89,,1296.46,75.97,3.72,30,nse,consolidated,14.2,85.6,76.0,1296,Consumer Discretionary,Realty,"Residential, Commercial Projects",23,24,37,Jun 2026,Mar 2026,Jun 2026,206|221|302|154|141|121|408|242|205|179|641|224,6.16|36.02|78.53|6.98|67.50|67.65|62.61|-3.71|66.20|64.46|50.34|42.15,,368|650|572|432|433|674|865|823|1267,0.3|-0.3|-1.8|3.9|17|6|9|3.6|7,-49.71|14.86|17.60|17.12|-11.20|24.84|26.25|15.97|44.57,115.14|60.97|47.13|39.92|54.96|43.66|41.40|55.15|0.00,-297|-179|129|148|124|5|221|154|-16,30|60|81|76|82|81|86|81|128,2081|1925|2092|2026|2188|2221|2520|2533|2447,27.94|27.94|27.94|27.94|27.89|27.89|27.89|27.89,0.97|1.41|2.48|2.10|2.90|3.56|6.05|6.85,3.30|1.60|1.81|1.95|1.93|2.53|2.49|1.43,6.85,1.43,8.28,1.02
Excel Industries,/company/EXCELINDUS/consolidated/,EXCELINDUS,9.75,,0.76,6.06,4.60,51.86,,1295.85,1030.85,5.41,30,nse,consolidated,18.2,1355,1031,1296,Commodities,Chemicals,Specialty Chemicals,0,8,5,Jun 2026,Mar 2026,Jun 2026,198|180|234|265|269|196|248|310|270|234|281|294,63.18|58.45|59.43|52.06|48.28|52.22|54.84|54.44|54.18|53.96|57.29|49.98,,482|448|462|599|825|702|749|1178|1090|826|978|1095,15|14|9|21|30|19|16|20|12|3.0|12|10,49|52|51|43|41|45|47|50|56|59|50|55,15|12|14|13|11|14|13|12|13|15|14|0,31|119|135|110|91|109|125|72|62|53,158|164|183|203|238|376|389|427|428|428|459|476,67|63|55|56|69|78|69|165|131|106|94|129,52.56|52.57|52.66|52.68|52.68|52.69|52.69|51.86,1.56|2.17|2.05|2.08|2.01|2.01|1.94|1.85,6.97|7.00|6.98|6.98|7.06|7.07|7.07|7.08,1.85,7.08,8.93,1.18
Astec Lifescienc,/company/ASTEC/consolidated/,ASTEC,156.35,,3.32,-5.44,-25.2,71.97,,1295.63,581.45,2.15,30,nse,consolidated,,175,581,1296,Commodities,Chemicals,Pesticides & Agrochemicals,-11,-4,9,Jun 2026,Mar 2026,Jun 2026,111|51|154|69|99|94|120|91|74|125|159|84,69|70|68|118|81|66|62|70|56|66|70|51,,267|233|299|368|431|523|555|677|628|458|381|448,20|14|21|19|18|16|20|23|12|-1.3|-17|-1.0,67|63|60|64|65|65|62|57|64|70|78|67,6|7|7|6|7|6|7|8|10|11|15|13,19|65|15|168|-8|24|75|10|-8|-81,133|95|103|115|167|194|213|340|318|386|499|459,72|71|66|78|93|121|106|187|295|196|160|138,66.74|66.74|70.87|70.87|72.42|71.97|71.97|71.97,0.53|1.20|0.25|0.02|0.00|0.04|0.03|0.01,4.50|5.40|4.34|4.26|4.01|3.17|3.33|3.33,0.01,3.33,3.34,2.89
Electrotherm(I),/company/ELECTHERM/consolidated/,ELECTHERM,228.99,,-8.4,0.45,,29.86,,1294.80,1016.10,2.19,30,nse,consolidated,,-121,1016,1295,Industrials,Capital Goods,Iron & Steel Products,6,8,-3,Jun 2026,Mar 2026,Jun 2026,985.15|1137.33|1217.57|1059.38|813.68|1081.23|1161.08|834.05|814.26|903.79|1139.99|913.38,68|69|68|65|64|69|73|69|73|76|75|71,,2048|2101|2259|2927|4040|3212|2518|2831|3074|4272|4115|3692,-15|-1.5|2.7|5|8|4.0|9|3.0|4.4|10|9|1.2,82|69|66|72|72|71|66|74|75|70|68|73,18|18|12|7|12|13|13|12|11|11|12|0,58|161|344|181|225|179|107|351|329|351,1457|1321|1118|1027|949|825|738|698|638|613|601|626,337|271|353|448|563|490|503|546|571|618|593|571,30.69|29.90|29.90|29.90|29.90|29.90|29.90|29.86,4.81|4.61|4.54|4.60|5.06|5.89|5.86|9.28,0.08|0.08|0.39|1.01|0.97|0.85|0.80|0.78,9.28,0.78,10.06,0.35
Poojaa Precision Engg.,/company/544844/,544844,24.88,,,33.4,28.1,60.63,,1290.24,646.90,12.39,30,bse,standalone,41.8,,647,1290,Consumer Discretionary,Automobile and Auto Components,Auto Components & Equipments,22,27,32,,Mar 2026,Jul 2026,,,,87|130|163|173|222|293,10|12|15|16|18|18,46.02|45.88|45.84|44.21|43.45|42.65,16.51|18.46|25.45|25.08|24.91|26.60,3|14|12|16|16|24,0|27|34|42|56|75,19|16|18|16|27|51,60.63,3.25,9.28,3.25,9.28,12.53,4.4
Solarworld Ene.,/company/SOLARWORLD/consolidated/,SOLARWORLD,5.21,,1.52,23.8,20.8,65.77,,1289.26,148.75,5.71,30,nse,consolidated,11.0,97.8,149,1289,Industrials,Construction,Civil Construction,81,,150,Jun 2026,Mar 2026,Jun 2026,22.57|141.94|203.84|176.41|68.24|137.88|578.23|591.81|168.42,50|76|68|79|79|82|86|87|86,,28|232|501|545|1376,8|9|14|20|11,66|78|76|63|86,17|11|9|10|0,-4|-7|7|54|-5,0|1|2|37|151,2|2|2|2|106,65.67|65.67|65.77|65.77,3.40|1.49|1.23|0.77,11.80|11.20|11.41|9.25,0.77,9.25,10.02,0.94
Bharat Wire,/company/BHARATWIRE/,BHARATWIRE,10.55,,1.58,12.3,12.4,41.27,,1286.17,186.99,2.58,30,nse,standalone,18.6,118,187,1286,Industrials,Capital Goods,Iron & Steel Products,0,19,-8,Jun 2026,Mar 2026,Jun 2026,159|157|147|133|152|162|172|142|165|143|141|130,53|51|52|51|55|59|57|54|52|50|52|50,,77|61|65|165|240|258|250|411|589|622|619|591,12|14|9|11|8|11|13|15|24|26|21|22,67|64|74|67|63|63|64|63|56|53|56|52,3|3|2|7|10|9|9|10|9|8|8|0,17|32|83|151|-244|24|83|85|74|98,66|65|340|566|560|539|513|492|481|475|484|535,39|34|44|73|89|78|65|80|110|99|123|117,40.93|41.25|41.36|41.27|41.27|41.27|41.27|41.27,3.15|3.12|2.83|2.72|2.06|2.34|4.42|2.06,2.60|2.60|2.60|2.61|2.60|0.87|0.32|19.00,2.06,19.00,21.06,2.18
Dhanlaxmi Bank,/company/DHANBANK/,DHANBANK,17.55,,0.84,5.81,7.16,,,1273.69,32.27,5.11,30,nse,standalone,11.0,38.3,32.3,1274,Financial Services,Financial Services,Private Sector Bank,14,11,22,Jun 2026,Mar 2026,Jun 2026,304|308|306|306|329|335|351|368|384|407|443|449,,,1284|1204|1089|1013|971|988|931|917|1071|1207|1320|1601,,,0.38|0.21|0.21|0.21|0.19|0.23|1.94|2.66|2.19|2.45|3.46|0.00,-99|-203|-144|554|-90|139|216|17|-5|631,184|152|183|173|169|179|225|221|251|267|266|290,,,4.97|6.95|15.26|15.52|15.27|15.32|15.42|14.21,0.07|0.16|0.05|0.05|0.05|0.05|0.05|0.05,14.21,0.05,14.26,0.8
RIR Power Electr,/company/RIR/consolidated/,RIR,99.20,,9.14,7.93,5.61,58.61,,1271.81,159.83,3.43,30,nse,consolidated,178,17.5,160,1272,Industrials,Capital Goods,Other Electrical Equipment,17,25,5,Mar 2026,Mar 2026,Jul 2026,13.87|16.61|14.71|21.57|21.05|18.82|19.87|26.46|21.01|25.64|20.27|23.95,64|63|64|64|64|63|65|68|62|60|66|66,,30.07|42.33|57.33|66.76|86.21|90.87,9.54|11.48|14.09|14.81|12.97|11.22,63|67|64|64|65|63,4|4|2|2|2|0,3.74|-1.76|0.74|1.59|1.29|-21.93,6.28|8.51|7.20|7.80|13.27|64.09,12.95|16.28|18.30|19.51|19.46|25.76,61.86|61.68|61.50|59.29|58.72|58.61|58.61|58.61,9.35|9.56|8.62|9.52|9.93|9.84|8.50|8.20,0.02|0.02|0.02|0.01|0.01|0.01|0.01|0.01,8.20,0.01,8.21,14
IZMO,/company/IZMO/consolidated/,IZMO,17.35,,3.11,12.6,12.4,34.79,,1271.01,848.45,9.25,30,nse,consolidated,23.6,273,848,1271,Information Technology,Information Technology,IT Enabled Services,23,20,26,Jun 2026,Mar 2026,Jun 2026,45|50|50|48|59|59|60|57|60|59|109|65,3.06|2.55|2.57|2.10|1.42|1.36|3.03|2.80|2.93|2.08|1.57|3.41,,33|43|54|63|92|101|116|132|154|187|225|285,10|18|24|28|22|20|24|18|20|22|17|18,0.09|-0.02|1.31|1.16|0.73|0.42|1.89|0.61|0.41|2.20|1.98|2.20,5.44|2.98|1.60|2.38|1.15|0.87|0.62|1.23|1.20|1.07|1.19|0.00,9|25|32|41|37|16|30|31|4|20,167|163|164|179|193|212|217|229|247|261|276|286,0|0|0|0|0|0|0|0|0|0|0|0,31.82|35.00|35.00|34.95|34.95|34.81|34.79|34.79,4.29|4.35|4.26|4.18|3.31|3.26|3.27|3.35,0.00|0.00|0.00|0.28|0.81|0.51|0.49|0.52,3.35,0.52,3.87,4.46
Eimco Elecon(I),/company/EIMCOELECO/,EIMCOELECO,20.64,,2.71,10.3,7.81,48.96,,1267.15,2196.10,8.25,30,nse,standalone,32.0,810,2196,1267,Industrials,Capital Goods,Industrial Products,10,13,-1,Jun 2026,Mar 2026,Jun 2026,51|48|84|70|67|46|64|68|33|63|67|78,43.28|46.83|53.24|48.03|46.35|37.67|37.83|41.75|28.25|44.85|49.39|45.87,,196|140|171|140|185|108|126|84|173|228|246|231,15|16|13|11|14|5|9|11|14|18|23|19,54.66|46.56|52.59|51.41|54.00|51.14|52.81|43.49|52.11|50.92|42.98|42.86,4.88|5.43|4.50|4.94|3.81|7.35|6.33|13.10|7.38|6.15|7.40|8.06,19|10|10|11|3|-10|7|12|33|22,28|65|68|77|74|78|87|81|76|73|70|75,31|38|34|39|40|53|37|71|79|86|112|109,74.06|73.64|73.64|73.64|48.96|48.96|48.96|48.96,0.10|0.28|0.45|0.21|0.60|3.39|3.10|3.25,0.37|0.75|0.33|0.33|0.23|1.00|1.05|0.98,3.25,0.98,4.23,5.48
Sigachi Indust.,/company/SIGACHI/consolidated/,SIGACHI,26.82,,2.44,6.24,5.80,36.69,,1267.10,33.16,6.12,30,nse,consolidated,56.4,13.6,33.2,1267,Healthcare,Healthcare,Pharmaceuticals,17,20,-10,Jun 2026,Mar 2026,Jun 2026,99.18|110.95|104.13|95.71|124.90|139.42|128.20|128.25|110.48|117.21|121.90|121.27,46.20|50.26|51.37|42.16|52.91|46.44|39.76|48.97|54.60|55.67|48.70|47.54,,101|129|139|193|250|302|399|488|478,12|20|18|20|21|19|19|20|11,58|52|52|52|47|46|49|45|52,11|10|11|9|8|8|8|8|0,8|14|12|30|6|29|13|27|4,26|29|32|38|53|122|254|370|325,16|23|28|21|30|47|71|94|74,44.71|44.71|44.14|44.14|40.48|39.70|36.69|36.69,1.58|0.16|0.08|2.89|3.10|3.33|1.31|1.25,,1.25,,1.25,2.65
Gujarat Kidney,/company/GKSL/consolidated/,GKSL,43.89,,5.03,14.5,11.1,71.45,,1266.54,160.64,8.69,30,nse,consolidated,80.0,32.0,161,1267,Healthcare,Healthcare,Hospital,,,119,Jun 2026,Mar 2026,Jun 2026,9.41|11.79|9.78|15.26|12.93|23.25|30.58|34.29,8.82|8.74|16.05|9.11|10.05|13.12|11.02|12.66,,0|5|40|82,|41|41|33,|0.00|0.00|11.12,|14.26|20.60|0.00,0|1|14|-4,0|14|31|129,0|0|1|2,71.45|71.45|71.45,10.47|4.89|4.89,1.67|0.56|0.56,4.89,0.56,5.45,15.45
Manali Petrochem,/company/MANALIPETC/consolidated/,MANALIPETC,4.06,,0.99,7.24,5.97,44.87,,1261.79,73.36,9.13,30,nse,consolidated,10.6,74.5,73.4,1262,Commodities,Chemicals,Petrochemicals,-5,0,19,Jun 2026,Mar 2026,Jun 2026,270|205|256|240|230|196|230|235|248|247|293|275,69.12|66.61|64.18|64.32|70.42|61.84|61.31|63.50|66.03|68.05|69.90|46.44,,579|626|748|810|803|1024|1672|1181|1032|897|1022,12|8|13|12|9|29|32|7|4.5|7|8,68|72|66|65|70|54|55|71|69|65|67,12|11|12|14|12|9|8|12|13|14|9,87|58|13|87|219|373|92|75|-19|116,105|206|273|283|302|292|343|552|559|596|568,104|124|72|118|89|70|88|109|108|196|154,44.87|44.87|44.87|44.87|44.87|44.87|44.87|44.87,1.10|1.06|0.66|0.45|0.44|0.29|0.37|0.38,0.01|0.01|0.01|0.01|0.01|0.01|0.01|0.01,0.38,0.01,0.39,1.23
GHCL Textiles,/company/GHCLTEXTIL/,GHCLTEXTIL,7.13,,0.83,5.75,4.34,19.20,,1250.17,130.79,14.12,30,nse,standalone,13.0,157,131,1250,Consumer Discretionary,Textiles,Other Textile Products,,,28,Jun 2026,Mar 2026,Jun 2026,260|244|286|288|305|285|284|268|338|349|364|409,70|68|68|67|69|68|66|64|68|70|67|64,,0|0|0|1054|1161|1319,|||8|10|11,|||69|68|68,|||13|13|12,0|0|-0|58|162|5,0|0|0|1065|1025|1190,0|0|0|347|295|421,19.16|19.16|19.16|19.16|19.16|19.16|19.20|19.20,15.95|16.57|15.67|15.65|15.68|13.36|13.44|13.24,6.17|6.23|5.98|6.08|5.87|5.87|5.01|1.09,13.24,1.09,14.33,0.95
Sula Vineyards,/company/SULA/consolidated/,SULA,14.61,,2.13,7.55,4.61,24.62,,1246.27,147.58,8.71,30,nse,consolidated,48.1,69.6,148,1246,Fast Moving Consumer Goods,Fast Moving Consumer Goods,Breweries & Distilleries,2,8,-2,Jun 2026,Mar 2026,Jun 2026,133.69|203.04|122.52|120.93|132.36|200.15|125.71|109.64|130.91|180.39|134.91|112.87,21.86|28.18|20.00|19.33|21.15|32.45|17.24|26.03|31.04|35.23|25.27|31.53,,485|386|424|516|568|579|556,11|17|27|31|31|26|19,38.57|33.72|18.26|16.30|13.76|15.53|21.67,12.80|11.76|15.42|16.62|17.61|15.77|16.18,45|120|87|90|121|58|101,355|318|361|413|454|495|512,171|144|162|179|198|216|201,24.66|24.66|24.66|24.35|24.35|24.35|24.55|24.62,10.60|9.61|7.97|6.68|4.05|1.65|1.11|0.68,21.68|19.89|18.26|18.25|18.01|17.78|17.30|16.22,0.68,16.22,16.9,2.24
GPT Healthcare,/company/GPTHEALTH/,GPTHEALTH,13.67,,4.63,19.9,16.7,65.57,,1244.94,151.72,3.24,30,nse,standalone,26.3,32.8,152,1245,Healthcare,Healthcare,Hospital,9,14,18,Jun 2026,Mar 2026,Jun 2026,108|97|99|98|106|102|101|107|119|120|126|126,20.74|20.40|20.91|18.75|19.23|19.74|19.67|19.30|18.66|19.58|18.52|19.14,,212|243|337|361|400|407|473,17|20|22|21|22|20|18,18.13|23.59|25.90|21.01|20.73|19.35|19.00,34.44|28.02|28.64|32.69|32.00|32.05|33.64,41|43|66|66|69|67|81,226|220|220|228|224|228|342,6.30|6.43|7.28|8.92|8.15|8.83|10.60,65.57|65.57|65.57|65.57|65.57|65.57|65.57|65.57,4.70|4.71|4.49|4.96|3.20|2.73|2.81|3.03,10.80|11.30|11.35|9.33|6.45|6.20|6.84|6.94,3.03,6.94,9.97,2.63
Arisinfra Solu.,/company/ARIS/consolidated/,ARIS,9.40,,1.67,15.6,11.2,37.57,,1237.62,151.31,23.61,30,nse,consolidated,18.7,90.4,151,1238,Commodities,Construction Materials,Other Construction Materials,13,,45,Jun 2026,Mar 2026,Jun 2026,206|190|174|182|221|212|241|271|343|291,89|87|86|85|86|84|84|83|83|83,,452|746|697|768|1067,-0.2|-0.1|1.8|6|9,90|92|88|86|83,5|2|1|1|0,-269|-14|3|-21|142,3|6|4|6|22,1|2|1|2|4,37.93|37.93|37.73|37.59|37.57,9.79|2.58|1.30|2.07|1.94,6.27|3.75|3.72|5.77|1.09,1.94,1.09,3.03,1.16
Lincoln Pharma.,/company/LINCOLN/consolidated/,LINCOLN,8.37,,1.63,16.3,12.3,49.78,,1231.73,614.95,3.92,30,nse,consolidated,12.8,378,615,1232,Healthcare,Healthcare,Pharmaceuticals,10,10,10,Jun 2026,Mar 2026,Jun 2026,156|146|142|147|161|147|168|154|163|166|187|177,47.32|45.81|51.64|47.69|44.85|46.84|47.66|45.03|46.98|45.67|47.57|48.03,,266|400|360|361|366|386|424|472|510|581|623|671,10|10|13|15|18|17|21|20|18|17|16|15,67.49|69.34|60.40|53.38|47.90|47.33|46.62|46.30|47.30|47.94|46.74|46.37,4.50|4.73|5.15|5.68|6.80|6.38|5.51|5.28|5.84|6.06|6.35|0.00,25|27|53|75|69|76|39|63|93|106,66|98|103|117|121|123|111|132|151|179|182|191,22|27|37|45|36|47|47|73|70|77|79|80,49.78|49.78|49.78|49.78|49.78|49.78|49.78|49.78,5.19|5.16|5.00|5.13|4.73|4.70|5.20|4.60,0.00|0.00|0.00|0.01|0.01|0.01|1.08|0.27,4.60,0.27,4.87,1.84
Godavari Bioref.,/company/GODAVARIB/consolidated/,GODAVARIB,12.72,,1.55,6.55,4.28,63.31,,1223.36,239.05,11.55,30,nse,consolidated,42.2,154,239,1223,Fast Moving Consumer Goods,Fast Moving Consumer Goods,Diversified FMCG,0,5,7,Jun 2026,Mar 2026,Jun 2026,239|398|615|523|321|447|580|533|431|460|564|558,78|64|65|86|84|69|62|81|80|67|61|82,,1459|1538|1702|2015|1687|1870|1988,7|10|8|7|8|6|6,73|69|70|69|70|74|72,10|10|11|12|11|9|0,250|130|45|197|185|6|171,735|708|667|866|850|862|885,383|424|652|519|805|740|776,63.31|63.31|63.31|63.31|63.31|63.31|63.31,1.14|0.96|0.63|0.60|0.86|0.98|0.22,14.88|14.17|13.98|11.98|11.16|10.39|10.02,0.22,10.02,10.24,0.62
Everest Kanto,/company/EKC/consolidated/,EKC,6.52,,0.87,11.6,11.3,67.38,,1221.61,108.87,2.13,30,nse,consolidated,9.19,125,109,1222,Industrials,Capital Goods,Industrial Products,5,9,-7,Jun 2026,Mar 2026,Jun 2026,299|329|326|343|367|367|422|387|360|365|358|346,51.92|52.46|55.10|53.18|53.80|52.69|58.08|51.60|52.27|50.26|48.31|47.09,,472|506|564|539|702|761|949|1699|1274|1223|1499|1471,1.3|1.1|9|14|11|13|18|24|13|13|12|14,55|56|50|46|52|55|52|52|57|53|55|51,11|11|12|13|12|11|11|10|12|12|12|5,74|-21|54|92|85|165|106|226|58|142,560|512|423|340|329|339|312|334|392|411|417|593,303|288|270|278|315|309|306|428|573|503|511|526,67.38|67.38|67.38|67.38|67.38|67.38|67.38|67.38,1.40|2.43|1.80|1.39|1.67|1.43|1.24|1.19,0.07|0.08|0.10|0.16|0.16|0.21|0.23|0.29,1.19,0.29,1.48,0.83
Roto Pumps,/company/ROTO/consolidated/,ROTO,21.31,,5.04,14.8,10.7,66.80,,1215.85,64.52,3.26,30,nse,consolidated,43.9,12.8,64.5,1216,Industrials,Capital Goods,"Compressors, Pumps & Diesel Engines",8,18,-3,Jun 2026,Mar 2026,Jun 2026,81.45|56.64|81.93|57.61|84.59|72.69|78.99|65.88|64.76|72.70|81.30|75.60,38.78|30.95|36.45|28.66|36.13|37.71|29.74|29.83|27.52|31.33|34.17|29.34,,94|97|101|114|135|132|127|176|226|274|298|285,18|13|19|19|22|17|22|26|24|24|22|18,33.09|35.14|13.88|11.79|10.52|11.14|10.71|11.49|34.45|32.68|33.14|30.92,5.50|5.36|25.59|27.53|24.52|24.86|26.92|25.20|3.52|6.30|5.06|0.00,13|15|11|24|35|9|30|39|36|37,56|54|49|49|47|44|41|67|84|125|120|110,20|19|20|24|28|32|31|39|50|55|56|71,66.63|66.62|66.62|66.62|66.61|66.80|66.80|66.80,0.16|0.28|0.14|0.20|0.14|0.12|0.14|0.19,0.00|0.61|1.00|1.06|1.06|1.03|0.15|0.11,0.19,0.11,0.3,4.27
Jyoti Structures,/company/JYOTISTRUC/consolidated/,JYOTISTRUC,37.26,,2.54,2.25,10.8,,,1210.37,10.14,4.99,30,nse,consolidated,18.8,3.98,10.1,1210,Industrials,Capital Goods,Heavy Electrical Equipment,49,,50,Jun 2026,Mar 2026,Jun 2026,81|56|129|88|107|137|165|156|151|209|234|251,51.49|34.96|30.92|34.76|41.89|46.11|35.40|52.70|46.21|52.32|54.17|36.12,,3636|3111|2947|324|182|16|0|4|229|451|498|751,9|2.8|0.7|-973|-361|-4948||-826|-0.0|3.8|8|6,62|65|68|40|37|47||160|56|46|40|52,18|18|16|53|41|127||370|30|37|32|29,-1764|1190|-9|-4|-2|-100|-36|-19|-177|-269,469|436|425|90|62|43|33|27|32|33|42|70,527|450|342|56|57|55|39|25|73|72|94|146,,1.41|1.10|1.53|1.54|1.04|1.41|1.36|1.24,1.86|1.62|0.51|0.45|0.45|0.14|0.13|0.13,1.24,0.13,1.37,1.61
Gulshan Polyols,/company/GULPOLY/,GULPOLY,5.26,,1.68,18.6,16.6,66.80,,1202.07,192.73,20.24,30,nse,standalone,8.14,115,193,1202,Fast Moving Consumer Goods,Fast Moving Consumer Goods,Other Agricultural Products,25,25,9,Jun 2026,Mar 2026,Jun 2026,308|371|406|455|440|610|515|593|542|627|551|640,61|66|66|67|69|72|68|71|67|64|62|62,,395|433|492|616|674|621|766|1101|1180|1378|2020|2312,14|14|12|11|12|11|17|14|7|4.2|4.8|10,43|46|50|52|54|57|49|52|59|64|69|66,27|25|24|25|24|21|23|24|24|23|19|17,81|42|87|44|106|61|16|66|42|207,142|145|198|298|273|260|241|240|279|521|718|696,40|42|79|74|53|86|90|108|157|150|290|223,66.68|66.71|66.71|66.71|66.71|66.80|66.80|66.80,0.50|0.00|0.06|0.00|0.00|0.00|0.29|0.32,0.80|1.11|0.67|0.56|0.07|0.00|0.00|0.00,0.32,0.00,0.32,0.52
Ultramarine Pig.,/company/ULTRAMAR/,ULTRAMAR,9.07,,1.41,10.1,7.64,40.49,,1201.00,411.30,4.69,30,nse,standalone,14.7,291,411,1201,Commodities,Chemicals,Dyes And Pigments,9,18,13,Jun 2026,Mar 2026,Jun 2026,137|140|126|152|154|164|182|169|181|178|180|219,58|59|55|59|58|56|62|61|60|60|62|61,,172|220|255|277|307|306|308|491|541|526|651|707,17|17|20|22|23|25|25|17|17|15|16|14,42|48|50|49|46|43|47|57|53|56|59|61,13|10|10|8|8|8|7|7|9|9|8|7,30|55|30|48|57|37|71|67|69|104,38|52|60|70|79|91|119|142|157|185|205|220,20|21|25|25|27|34|37|71|80|80|75|88,40.86|40.86|40.62|40.50|40.50|40.45|40.50|40.49,1.22|1.22|1.15|1.12|1.05|1.04|1.24|1.42,0.32|0.63|0.95|1.26|1.33|1.40|0.68|0.64,1.42,0.64,2.06,1.7
Century Enka,/company/CENTENKA/,CENTENKA,4.82,,0.8,8.26,6.18,24.87,,1196.07,547.40,14.76,30,nse,standalone,8.02,687,547,1196,Consumer Discretionary,Textiles,Other Textile Products,-6,7,-1,Jun 2026,Mar 2026,Jun 2026,396|451|469|528|536|493|444|402|409|412|484|554,67|68|65|67|66|68|65|65|61|59|58|59,,1219|1148|1185|1416|1791|1423|1223|2098|2072|1744|2002|1705,9|12|15|8|8|7|10|13|7|4.8|6|9,62|60|53|63|65|62|58|63|67|66|66|60,19|18|21|19|18|21|19|15|17|19|18|19,61|56|122|142|109|56|219|88|118|125,612|602|569|575|548|528|492|476|645|806|788|762,203|147|231|219|217|232|191|308|243|269|315|260,24.86|24.87|24.87|24.87|24.87|24.87|24.87|24.87,3.44|3.12|2.71|2.16|2.10|2.12|2.07|1.96,9.37|9.42|9.24|9.86|10.98|11.03|11.04|10.91,1.96,10.91,12.87,0.7
Apex Frozen Food,/company/APEX/,APEX,13.88,,2.25,10.4,7.60,72.62,,1191.41,381.25,20.53,30,nse,standalone,24.0,169,381,1191,Fast Moving Consumer Goods,Fast Moving Consumer Goods,Seafood,-5,3,5,Jun 2026,Mar 2026,Jun 2026,241|148|162|186|200|231|197|258|238|264|168|257,70|65|71|68|73|76|71|67|62|58|67|59,,599|604|699|999|875|827|818|926|1070|804|814|931,5|7|6|11|10|11|11|9|8|5|3.1|6,79|75|76|70|66|69|68|66|69|68|71|62,7|9|10|10|10|9|10|4|4|6|6|5,14|33|49|58|13|36|121|11|54|96,52|55|83|111|115|280|250|236|242|254|243|239,50|60|64|102|106|184|161|203|178|194|188|167,72.62|72.62|72.62|72.62|72.62|72.62|72.62|72.62,2.43|3.37|3.29|4.18|4.84|4.74|6.00|5.83,0.76|0.37|0.44|0.55|0.55|0.55|0.66|0.61,5.83,0.61,6.44,1.28
Fino Payments,/company/FINOPB/,FINOPB,31.93,,1.53,4.53,7.37,75.00,,1178.12,141.57,13.25,30,nse,standalone,48.2,92.6,142,1178,Financial Services,Financial Services,Other Bank,38,65,23,Jun 2026,Mar 2026,Jun 2026,37|39|41|45|48|49|53|61|60|63|64|72,,,16|19|18|20|36|95|150|195|248,-1699|-2040|-3706|-3393|-2469|-1034|-740|-707|-465,,37|37|34|38|32|12|7|6|0,||-84|-32|207|-20|57|76|-307,46|42|49|62|92|139|148|167|364,,75.00|75.00|75.00|75.00|75.00|75.00|75.00|75.00,4.21|3.70|4.08|2.54|2.67|2.69|1.33|0.31,6.14|6.08|3.52|3.04|3.35|0.45|0.40|0.00,0.31,0.00,0.31,4.75
Mangalam World.,/company/MWL/consolidated/,MWL,13.02,,3.91,17.7,18.0,66.50,,1174.07,39.53,4.46,30,nse,consolidated,22.6,10.1,39.5,1174,Commodities,Metals & Mining,Trading - Metals,23,32,13,Jun 2026,Mar 2026,Jun 2026,199|181|237|229|238|270|324|276|317|350|265|316,78|77|76|77|77|79|81|79|78|79|73|75,,302|522|644|818|1060|1207,1.9|2.2|3.0|4.7|5|8,74|78|79|78|79|77,21|15|15|14|11|10,6|2|-61|-10|-87|24,2|51|92|103|99|95,25|35|65|146|282|464,63.54|67.41|67.41|66.50|66.50|66.50|66.50|66.50,0.01|0.00|0.00|0.00|0.00|0.00|0.01|0.26,0.00|0.00|0.00|0.00|0.00|0.36|0.00|0.00,0.26,0.00,0.26,0.97
ICE Make Refrig.,/company/ICEMAKE/,ICEMAKE,31.00,,8.62,10.8,8.24,74.20,,1171.72,742.55,3.7,30,nse,standalone,108,86.2,743,1172,Industrials,Capital Goods,Industrial Products,30,38,46,Jun 2026,Mar 2026,Jun 2026,75.72|81.56|135.07|83.17|101.38|108.64|178.61|111.86|148.70|153.21|253.59|176.08,67|73|68|72|71|72|69|71|74|73|72|76,,50|72|88|101|129|136|131|200|303|370|472|667,8|10|11|12|11|10|8|7|10|11|9|6,71|68|64|66|68|65|68|73|71|69|70|72,7|7|7|7|8|8|8|7|8|9|10|0,8|-0|7|-2|12|9|22|10|30|-14,9|9|9|10|20|26|26|29|30|46|130|137,9|10|16|22|26|32|35|44|47|53|102|140,74.49|74.49|74.41|74.40|74.36|74.26|74.20|74.20,0.00|0.00|0.33|0.01|0.01|0.11|0.22|0.31,0.00|0.58|0.87|1.21|1.31|1.99|1.64|1.38,0.31,1.38,1.69,1.76
Onix Solar,/company/ONIXSOLAR/,ONIXSOLAR,17.25,,1.48,10.2,10.2,50.22,,1165.21,316.05,2.78,30,nse,standalone,19.4,213,316,1165,Commodities,Metals & Mining,Copper,1888,227,78,Jun 2026,Mar 2026,Jun 2026,0|0|0|0|0|57|23|45|43|16|70|94,|700||104|0|79|93|94|97|5|56|69,,4|2|4|2|1|1|0|2|0|0|29|157,-2.0|-14|-9|-28|-34|-33|-157|-94|-750|-5300|3.8|25,89|96|99|88|83|99|88|101|50|700|90|68,2|3|2|4|6|8|2|9|250|200|0|0,-0|-0|-0|-0|0|1|-6|3|17|-739,0|0|0|0|0|0|0|0|0|0|0|0,4|4|2|2|2|1|1|0|0|0|0|65,0.00|0.00|0.00|0.00|0.00|91.72|74.98|50.22,,0.00|0.00|0.00|0.00|0.00|0.00|0.77|0.77,,0.77,0.77,7.42
IRM Energy,/company/IRMENERGY/consolidated/,IRMENERGY,5.83,,1.16,8.63,5.49,50.74,,1163.43,283.35,4.15,30,nse,consolidated,15.9,243,283,1163,Energy,"Oil, Gas & Consumable Fuels",LPG/CNG/PNG/LNG Supplier,3,41,12,Jun 2026,Mar 2026,Jun 2026,220|226|214|225|232|251|268|262|259|265|280|326,72|72|74|72|74|77|79|74|75|74|74|68,,84|166|190|507|980|891|975|1067,26|30|39|37|11|17|10|11,66|63|41|49|80|73|75|74,0|0|7|5|3|7|8|0,31|44|45|129|53|120|94|143,136|198|241|300|381|557|649|788,0|1|1|2|2|4|5|4,50.07|50.07|50.07|50.07|50.07|50.07|50.07|50.74,1.90|1.65|1.69|1.63|1.57|1.56|1.59|1.59,6.75|6.96|6.62|5.64|4.98|4.97|3.58|1.70,1.59,1.70,3.29,1.09
Indo SMC,/company/544681/,544681,24.15,,7.51,33.9,34.1,60.25,,1157.39,506.40,3.03,30,bse,standalone,35.7,67.4,506,1157,Industrials,Capital Goods,Other Electrical Equipment,249,,123,Mar 2026,Mar 2026,Jun 2026,69|197,77|75,,1|7|28|139|310,14|17|18|17|15,110|57|61|74|74,-57|13|10|5|0,|-3|-6|-14|-35,2|5|7|16|21,0|5|15|17|85,60.25|60.25,0.82|0.13,6.79|2.65,0.13,2.65,2.78,3.73
Themis Medicare,/company/THEMISMED/consolidated/,THEMISMED,-77.96,,2.89,2.74,0.41,67.10,,1155.67,125.48,2.33,30,nse,consolidated,,43.3,125,1156,Healthcare,Healthcare,Pharmaceuticals,-1,8,-13,Jun 2026,Mar 2026,Jun 2026,105|83|98|123|117|94|72|98|78|90|77|87,40|32|40|34|36|30|29|54|31|32|31|67,,202|232|217|210|184|202|231|395|354|382|406|342,9|16|15|12|1.2|18|21|24|19|13|12|0.1,45.86|37.69|32.63|34.20|37.18|31.34|34.07|37.54|33.41|35.81|32.55|37.83,8.41|11.13|12.01|10.48|12.33|12.04|9.32|8.94|8.73|8.86|8.03|0.00,-2|8|11|0|57|34|16|22|35|-3,122|117|124|126|123|116|133|144|162|168|172|167,62|58|48|50|54|55|58|61|69|71|84|81,67.15|67.15|67.15|67.15|67.15|67.10|67.10|67.10,0.10|0.10|0.14|0.09|0.06|0.05|0.11|0.01,0.01|0.01|0.01|0.01|0.01|0.01|0.01|0.01,0.01,0.01,0.02,3.38
Rel. Indl. Infra,/company/RIIL/consolidated/,RIIL,69.63,,2.42,3.01,2.65,45.43,,1149.79,761.45,6.36,30,nse,consolidated,94.8,314,761,1150,Services,Services,Logistics Solution Provider,-13,-4,-16,Jun 2026,Mar 2026,Jun 2026,14.36|14.94|14.51|12.41|12.24|12.36|12.49|12.46|12.17|12.36|8.43|8.64,,,90|102|93|89|85|80|54|65|68|58|49|45,29|22|20|18|13|9|10|7|4.2|-11|-24|-17,,30|28|11|9|8|36|29|36|39|53|33|38,26|12|13|1|-4|6|23|2|-3|-36,111|114|102|89|78|64|53|43|37|29|27|26,1|2|2|2|3|2|2|2|0|0|0|0,45.43|45.43|45.43|45.43|45.43|45.43|45.43|45.43,1.03|0.88|1.24|1.05|0.79|0.84|0.85|0.65,0.03|0.01|0.00|0.01|0.00|0.00|0.00|0.00,0.65,0.00,0.65,25.56
Indosolar,/company/WAAREEINDO/,WAAREEINDO,4.34,,4,124,151,74.93,,1149.30,276.25,3.24,30,nse,standalone,6.91,69.0,276,1149,Industrials,Capital Goods,Heavy Electrical Equipment,,,7,Jun 2026,Mar 2026,Jun 2026,0|0|0|0|28|103|192|195|203|200|83|68,||||-2.67|68.51|66.68|60.98|58.19|58.59|7.57|10.34,,296|258|442|314|13|0|0|0|0|0|324|680,16|3.8|17|-7|-186|||-4068|||29|40,67|74|67|89|132|||0|||61|53,10|11|8|9|25|||0|||6|4,55|29|32|-1|-1|-0|-14|18|85|78,470|445|452|427|154|147|140|82|48|47|122|91,22|26|37|27|5|5|5|0|0|0|74|21,96.15|96.15|96.15|95.00|74.93|74.93|74.93|74.93,0.00|0.00|0.00|0.01|0.53|0.53|0.55|0.54,0.00|0.00|0.00|0.05|0.07|0.06|0.13|0.06,0.54,0.06,0.6,1.69
Advit Jewels,/company/RAMBHAJO/,RAMBHAJO,24.79,,,32.1,45.6,69.88,,1147.59,250.51,41.18,30,nse,standalone,31.3,,251,1148,Consumer Discretionary,Consumer Durables,"Gems, Jewellery And Watches",53,,34,Jun 2026,Mar 2026,Jul 2026,59.90|25.77|50.33|43.23|35.32,61|62|66|65|61,,47|69|125|167,27|27|30|29,71|71|66|65,1|0|1|0,-3|-10|-37|13,0|2|15|18,10|45|107|138,69.88|69.88,3.92|3.92,9.22|9.24,3.92,9.24,13.16,6.87
Balaji Telefilms,/company/BALAJITELE/consolidated/,BALAJITELE,-57.67,,1.84,-9.54,-7.66,31.30,,1146.49,94.05,2.62,30,nse,consolidated,,51.2,94.0,1146,Consumer Discretionary,"Media, Entertainment & Publication",Media & Entertainment,-29,-6,0,Jun 2026,Mar 2026,Jun 2026,200|138|135|149|144|93|66|73|49|42|48|240,-8.53|16.13|-1.25|34.24|36.00|0.01|-55.79|-52.60|-29.13|4.79|-50.25|28.89,,346|293|419|413|428|574|294|337|593|625|453|211,1.8|1.8|-4.7|-13|-25|1.9|-35|-36|-3.2|7|-3.0|-31,0|78|7|5|-6|7|-3|-32|-3|-0|15|-35,86|1|74|74|96|64|98|134|90|76|62|0,-13|-104|-178|-134|-10|-120|-47|66|52|-73,28|34|36|42|38|59|27|22|22|22|13|17,30|119|98|128|196|156|219|219|196|192|136|208,34.21|34.14|31.90|31.90|31.90|31.80|31.32|31.30,18.51|18.62|25.12|25.25|25.13|24.92|24.57|24.54,0.00|0.00|0.00|0.00|0.00|0.00|0.00|0.02,24.54,0.02,24.56,5.43
Uttam Sug.Mills,/company/UTTAMSUGAR/consolidated/,UTTAMSUGAR,8.66,,1.3,11.4,12.0,74.71,,1142.43,299.55,12.35,30,nse,consolidated,13.0,230,300,1142,Fast Moving Consumer Goods,Fast Moving Consumer Goods,Sugar,,,8,Jun 2026,Mar 2026,Jun 2026,604.03|517.74|465.15|453.82|400.75|424.65|566.79|628.77|581.54|521.24|470.10|606.37,83|71|64|80|86|68|62|81|84|73|61|86,,2047|1846|2202,13|12|10,73|73|76,0|6|6,33|102|270,777|882|880,930|1154|952,74.39|74.39|74.39|74.39|74.39|74.39|74.71|74.71,0.10|0.03|0.26|0.13|0.07|0.04|0.26|0.04,0.00|0.00|0.00|0.00|0.00|0.00|0.00|0.00,0.04,0.00,0.04,0.52
Commerl. Synbags,/company/COMSYN/,COMSYN,22.89,,6.54,15.0,16.9,59.18,,1137.57,282.00,29.39,30,nse,standalone,36.0,43.1,282,1138,Industrials,Capital Goods,Packaging,10,12,13,Jun 2026,Mar 2026,Jun 2026,67.12|69.54|69.12|75.12|85.63|83.84|97.02|89.38|97.44|96.99|100.18|108.30,53|61|50|54|52|53|59|54|54|53|51|53,,112|117|119|161|207|191|214|322|291|286|341|384,11|12|10|10|12|12|12|9|7|8|9|12,64|59|56|62|60|53|51|60|59|58|55|53,16|16|17|16|10|10|11|8|9|10|11|0,2|7|10|27|-1|4|36|4|8|32,27|31|35|31|59|58|77|71|79|90|83|84,14|16|22|20|19|30|55|56|56|67|80|78,58.79|58.79|58.79|58.79|58.79|58.79|59.18|59.18,0.00|0.00|0.00|0.24|0.11|0.00|0.17|0.00,0.00|0.00|0.00|0.00|0.00|0.00|0.09|0.06,0.00,0.06,0.06,2.96
Butterfly Gan Ap,/company/BUTTERFLY/,BUTTERFLY,12.23,,3.04,16.8,12.0,75.00,,1132.07,633.15,2.05,30,nse,standalone,23.0,208,633,1132,Consumer Discretionary,Consumer Durables,Household Appliances,-4,2,11,Jun 2026,Mar 2026,Jun 2026,307.97|237.95|166.38|181.70|257.70|238.24|187.18|187.41|292.99|244.58|218.17|213.87,63|66|70|62|63|64|61|59|62|61|62|59,,526|898|401|538|650|676|862|960|1057|931|865|943,8|7|-4.9|6|7|6|9|6|9|3.0|8|9,57|66|62|58|59|56|59|67|63|64|63|61,5|5|2|3|3|3|2|8|7|2|2|2,145|-35|82|17|207|-21|122|37|34|88,172|170|167|166|167|169|163|164|163|157|151|149,169|124|109|125|142|170|178|210|125|133|110|144,75.00|75.00|75.00|75.00|75.00|75.00|75.00|75.00,0.01|0.00|0.01|0.00|0.04|0.02|0.01|0.01,4.49|3.55|2.46|1.39|0.43|0.43|0.43|0.43,0.01,0.43,0.44,1.2
Dhampur Sugar,/company/DHAMPURSUG/consolidated/,DHAMPURSUG,9.92,,0.94,6.43,5.47,49.86,,1126.84,175.23,20.92,30,nse,consolidated,16.0,186,175,1127,Fast Moving Consumer Goods,Fast Moving Consumer Goods,Sugar,-7,-14,1,Jun 2026,Mar 2026,Jun 2026,459.24|364.50|561.75|504.38|421.10|411.89|619.15|521.42|504.19|451.18|490.65|552.62,81|64|69|84|86|73|70|84|86|71|67|83,,1777|2233|2584|3352|2892|3484|4157|1904|2460|2169|1957|1967,8|9|20|11|16|10|11|15|12|12|9|9,79|78|66|79|70|78|78|71|76|74|78|77,6|6|5|4|5|5|4|5|5|6|6|0,-48|805|-203|338|880|-0|383|-53|201|243,1254|1496|1494|1597|1597|1638|1614|999|1045|1150|1132|1094,1252|1261|1477|1146|1674|1604|1293|852|667|917|899|858,49.12|49.10|49.10|49.87|49.87|49.87|49.87|49.86,3.99|2.14|1.98|2.04|2.05|1.91|2.41|1.95,0.46|0.46|0.47|0.48|0.48|0.58|0.83|1.14,1.95,1.14,3.09,0.57
Alicon Cast.,/company/ALICON/consolidated/,ALICON,7.15,,1.78,10.0,6.42,53.79,,1124.29,685.05,3.62,30,nse,consolidated,30.3,385,685,1124,Consumer Discretionary,Automobile and Auto Components,Auto Components & Equipments,8,16,14,Jun 2026,Mar 2026,Jun 2026,381|405|419|440|464|392|425|418|428|430|495|578,50|49|46|50|52|54|52|54|51|53|55|61,,714|749|772|1013|1189|957|849|1078|1401|1559|1720|1776,10|10|11|11|12|11|10|10|11|13|11|11,49|52|50|49|50|51|45|51|51|48|52|54,21|18|17|18|17|17|20|20|21|20|19|0,35|41|102|57|112|77|87|158|204|239,180|234|258|293|337|370|366|388|408|475|525|589,62|51|65|90|120|106|126|131|153|136|134|161,54.18|54.18|54.26|54.01|54.01|54.01|54.01|53.79,0.89|0.46|0.25|0.16|0.21|0.18|0.20|0.20,11.38|11.59|11.93|11.89|11.92|11.49|11.53|10.62,0.20,10.62,10.82,0.63
Munjal Auto Inds,/company/MUNJALAU/consolidated/,MUNJALAU,8.41,,2.5,9.77,3.73,74.81,,1124.00,112.40,35.28,30,nse,consolidated,21.9,44.8,112,1124,Consumer Discretionary,Automobile and Auto Components,Auto Components & Equipments,5,2,22,Jun 2026,Mar 2026,Jun 2026,545|422|406|510|522|522|512|491|584|606|614|699,73|68|63|71|69|72|70|71|73|74|73|74,,1214|1236|2123|1916|1984|1882|2066|2295,6|3.7|3.9|4.3|4.5|6|6|6,75|76|86|82|76|70|70|73,6|6|3|4|5|6|6|5,26|87|59|137|33|127|25|45,200|343|303|263|416|399|440|468,75|93|83|112|208|209|231|283,74.81|74.81|74.81|74.81|74.81|74.81|74.81|74.81,0.03|0.04|0.07|0.11|0.01|0.03|0.00|0.06,0.03|0.03|0.03|0.03|0.03|0.03|0.03|0.03,0.06,0.03,0.09,0.49
Orient Tech.,/company/ORIENTTECH/,ORIENTTECH,24.75,,3.36,9.25,7.08,70.66,,1121.33,244.80,12.13,30,nse,standalone,53.6,73.0,245,1121,Information Technology,Information Technology,IT Enabled Services,17,28,-6,Jun 2026,Mar 2026,Jun 2026,149.41|155.52|181.06|148.85|223.14|206.86|260.68|212.56|272.80|198.23|181.33|199.49,82|81|82|81|84|83|85|83|84|88|84|83,,247|467|535|603|840|865,1.3|10|9|9|8|4.8,79|76|76|75|79|85,9|6|5|7|5|0,25|30|2|22|-11|-21,10|10|19|17|25|90,4|14|8|14|13|15,73.22|73.22|73.23|73.24|73.24|73.24|70.66|70.66,3.56|2.17|1.45|0.69|0.16|0.17|0.03|0.06,1.88|0.00|0.00|0.00|0.00|0.00|0.00|0.00,0.06,0.00,0.06,1.3
Airfloa Rail,/company/544516/,544516,18.17,,4.74,25.9,22.7,54.20,,1120.95,467.65,4.06,30,bse,standalone,28.6,98.8,468,1121,Industrials,Capital Goods,Industrial Products,50,,66,Mar 2026,Mar 2026,Mar 2026,85|107|91|229,58|59|57|70,,1|1|4|137|95|119|192|320,6|5|4.2|12|17|27|25|20,70|63|67|59|48|54|59|66,7|7|4|9|17|8|6|0,||||10|3|-4|-57,0|0|0|37|36|34|37|49,0|0|0|40|50|46|62|72,54.20|54.20,2.77|0.09,1.23|0.98,0.09,0.98,1.07,3.5
Monte Carlo Fas.,/company/MONTECARLO/,MONTECARLO,6.64,,1.24,13.9,12.8,73.17,,1118.60,539.55,3.72,30,nse,standalone,10.7,437,540,1119,Consumer Discretionary,Textiles,Garments & Apparels,5,15,16,Jun 2026,Mar 2026,Jun 2026,212|504|207|126|220|549|206|139|249|608|280|149,51|57|64|48|48|53|56|46|46|53|51|51,,577|618|577|576|656|726|622|904|1118|1062|1100|1276,21|20|13|20|15|17|19|20|20|14|17|18,51|50|57|51|52|53|53|54|53|57|52|50,8|9|8|9|9|9|9|8|7|7|7|0,85|24|126|37|112|71|-5|83|70|100,181|163|163|156|150|228|225|232|281|328|390|389,184|222|202|174|191|216|202|289|460|435|503|571,73.17|73.17|73.17|73.17|73.17|73.17|73.17|73.17,1.03|1.11|1.06|1.28|1.12|1.18|1.29|1.21,2.24|2.08|1.88|1.33|1.44|1.47|1.57|1.57,1.21,1.57,2.78,0.88
Iris Clothings,/company/IRISDOREME/,IRISDOREME,35.69,,7.88,16.0,14.4,61.17,,1117.25,58.70,7.06,30,nse,standalone,63.6,7.45,58.7,1117,Consumer Discretionary,Textiles,Garments & Apparels,20,17,32,Jun 2026,Mar 2026,Jun 2026,32.16|23.48|42.12|31.43|41.26|33.38|40.20|37.40|44.32|48.67|60.48|47.24,48|32|59|51|56|50|52|57|62|63|57|55,,0|18|25|53|62|60|87|110|112|120|144|191,|6|13|17|18|23|19|19|17|22|19|15,|65|56|50|48|42|56|53|55|48|53|60,|15|17|6|9|10|6|7|6|6|5|0,|3|1|5|9|1|2|2|3|-7,0|7|6|15|14|34|31|31|27|28|27|33,0|7|12|11|23|31|25|34|45|62|70|76,70.94|70.94|70.94|61.17|61.17|61.17|61.17|61.17,0.04|0.02|0.00|0.02|0.00|0.00|0.00|0.00,0.00|0.00|0.00|0.91|0.88|0.88|0.79|0.74,0.00,0.74,0.74,5.85
Antony Waste han,/company/AWHCL/consolidated/,AWHCL,6.54,,1.49,11.2,10.9,46.08,,1099.38,387.30,4.82,30,nse,consolidated,18.8,260,387,1099,Utilities,Utilities,Waste Management,7,18,12,Jun 2026,Mar 2026,Jun 2026,224.26|217.15|210.08|226.97|221.24|242.74|242.66|247.34|257.65|262.44|285.77|260.99,0.00|0.00|0.05|0.00|0.00|0.00|0.00|0.00|0.00|4.65|0.00|0.00,,220|244|276|284|451|465|648|854|866|934|1053,30|28|25|27|28|25|23|17|20|21|20,1.27|0.16|1.05|1.32|0.24|0.25|0.16|0.06|0.01|0.00|1.16,18.66|19.40|31.76|30.89|25.76|23.67|27.36|36.70|26.63|28.34|25.61,63|36|31|108|112|105|90|140|188|143,117|116|41|166|259|253|238|309|662|721|732,0|0|0|0|0|0|0|0|0|0|0,46.07|46.08|46.08|46.08|46.08|46.08|46.08|46.08,11.36|10.46|10.99|13.09|12.81|11.78|14.79|13.08,4.01|4.42|4.70|3.68|3.68|3.72|3.39|3.38,13.08,3.38,16.46,1.04
Laxmi Dental,/company/LAXMIDENTL/consolidated/,LAXMIDENTL,20.06,,4.51,14.9,14.8,41.80,,1099.38,199.78,2.82,30,nse,consolidated,31.6,44.3,200,1099,Healthcare,Healthcare,Medical Equipment & Supplies,20,25,17,Jun 2026,Mar 2026,Jun 2026,48|55|60|57|62|61|66|72|66|74|75,27.81|22.38|24.13|24.26|26.09|21.25|26.69|31.47|30.45|29.52|21.42,,150|92|137|162|194|239|278,2.3|4.6|4.8|6|13|18|16,25.36|31.94|28.98|25.86|1.07|8.37|29.58,5.82|3.37|7.95|5.62|31.92|23.33|0.00,12|10|-2|14|8|44|-5,39|42|40|40|46|51|63,19|25|30|24|29|22|22,41.70|41.70|41.70|41.70|41.77|41.80,34.24|33.59|32.39|32.45|31.20|30.10,12.86|14.30|11.85|10.82|10.52|10.89,30.10,10.89,40.99,3.95
Hariom Pipe,/company/HARIOMPIPE/,HARIOMPIPE,6.77,,1.68,15.8,12.4,57.27,,1090.67,352.20,4.36,30,nse,standalone,15.7,209,352,1091,Industrials,Capital Goods,Iron & Steel Products,37,46,11,Jun 2026,Mar 2026,Jun 2026,302|280|331|343|314|300|400|461|336|363|507|429,78|77|77|78|76|76|79|80|77|77|79|79,,87|105|134|161|254|431|644|1360|1604|1667,8|14|13|15|13|13|13|10|11|13,67|57|63|54|66|65|70|64|62|78,0|25|19|25|16|16|13|6|8|4,4|7|6|1|10|4|-101|5|79|192,12|12|43|50|59|54|135|366|424|479,27|32|39|60|80|115|212|297|427|405,57.15|57.27|57.27|57.27|57.27|57.27|57.27|57.27,9.55|9.40|9.49|9.59|9.53|9.23|9.50|10.25,0.38|0.05|0.23|0.22|0.16|0.05|0.06|0.07,10.25,0.07,10.32,0.65
S.A.L Steel,/company/SALSTEEL/,SALSTEEL,42.80,,7.45,1.08,-17.7,70.98,,1088.07,75.16,3.53,30,nse,standalone,,10.1,75.2,1088,Commodities,Metals & Mining,Sponge Iron,-25,-7,-70,Jun 2026,Mar 2026,Jun 2026,157.00|129.53|139.46|110.71|123.52|193.82|116.94|127.68|65.73|2.20|11.97|87.37,77|78|79|75|83|83|89|91|58|52|11|66,,363|327|361|446|571|408|301|505|496|577|544|208,7|7|2.7|1.4|1.6|-4.5|-0.1|-0.7|1.7|3.7|4.3|7,74|68|66|74|73|80|69|74|75|77|83|76,14|18|19|17|18|19|23|22|18|15|10|7,-6|7|-4|54|24|22|8|26|-21|-84,147|140|133|128|126|118|155|146|136|143|151|142,32|29|60|76|32|20|32|49|59|50|100|233,50.56|50.56|50.56|50.56|50.56|61.47|70.98|70.98,0.07|0.05|0.00|0.15|0.00|0.00|0.00|0.00,,0.00,,0,5.23
BirlaNu Ltd,/company/BIRLANU/consolidated/,BIRLANU,25.17,,0.98,-4.29,-14.9,40.57,,1087.62,1442.30,5.21,30,nse,consolidated,,1472,1442,1088,Commodities,Construction Materials,Other Construction Materials,2,4,8,Jun 2026,Mar 2026,Jun 2026,723.22|784.24|852.01|1106.61|774.46|805.25|928.91|1052.28|810.15|857.84|1010.13|1174.02,56|58|55|59|59|58|58|59|57|57|57|57,,1100|1280|2169|2555|3044|3520|3479|3375|3615|3730,9|12|11|9|13|11|6|3.7|1.7|0.2,57|49|50|51|52|56|59|57|59|57,11|10|9|9|8|8|9|10|10|10,39|187|135|130|466|166|132|173|82|119,508|492|1081|1120|1156|1131|1218|1410|1684|1831,223|185|494|568|487|716|684|714|683|687,40.57|40.57|40.57|40.57|40.57|40.57|40.57|40.57,1.35|1.29|1.40|2.05|2.23|2.64|2.87|2.74,3.57|2.48|0.10|0.12|0.15|0.14|0.06|0.08,2.74,0.08,2.82,0.29
BCL Industries,/company/BCLIND/consolidated/,BCLIND,5.74,,1.19,13.9,13.4,58.23,,1084.43,36.74,3.32,30,nse,consolidated,9.30,30.8,36.7,1084,Fast Moving Consumer Goods,Fast Moving Consumer Goods,Breweries & Distilleries,15,14,-13,Jun 2026,Mar 2026,Jun 2026,481|622|598|636|721|735|723|792|691|726|582|583,72|76|76|77|78|81|79|80|75|75|74|74,,642|844|890|913|1427|1988|1818|2129|2815|2792,6|6|8|6|6|7|7|9|7|9,81|80|79|81|85|83|77|75|79|76,9|11|9|10|7|7|12|12|9|0,43|10|53|29|5|95|29|39|63|325,85|136|138|129|129|153|339|641|634|818,241|262|266|333|251|196|321|385|445|274,57.77|57.77|58.03|58.03|58.03|58.03|58.23|58.23,1.84|0.77|0.86|0.46|0.43|0.37|0.43|0.24,0.00|0.00|0.00|0.05|0.02|0.02|0.00|0.01,0.24,0.01,0.25,0.39
Bajaj Healthcare,/company/BAJAJHCARE/,BAJAJHCARE,11.15,,2.04,11.5,9.40,58.59,,1083.94,322.00,8.52,30,nse,standalone,19.3,158,322,1084,Healthcare,Healthcare,Pharmaceuticals,-2,-1,12,Jun 2026,Mar 2026,Jun 2026,101|109|134|132|133|123|154|149|148|161|153|166,44|47|63|50|50|50|61|54|50|50|53|52,,218|223|231|327|370|410|657|680|646|473|543|611,13|14|13|12|12|12|21|17|17|16|15|17,60|58|58|66|65|64|58|60|59|54|53|52,17|17|16|13|13|13|14|14|13|16|17|0,22|17|25|21|44|1|-22|92|22|58,108|130|128|127|128|162|208|270|366|253|238|248,18|20|17|34|30|39|97|159|209|144|162|216,59.19|59.19|59.19|59.19|59.19|59.19|58.29|58.59,1.07|1.01|1.05|1.09|1.12|1.18|1.98|2.19,1.97|2.36|2.52|3.16|2.99|2.96|2.91|1.92,2.19,1.92,4.11,1.77
Tembo Global,/company/TEMBO/consolidated/,TEMBO,7.35,,2.39,22.8,27.5,39.04,,1079.33,58.20,15.35,30,nse,consolidated,10.5,24.4,58.2,1079,Industrials,Capital Goods,Iron & Steel Products,63,60,34,Jun 2026,Mar 2026,Jul 2026,114|115|122|128|164|168|274|248|245|251|346|302,83|86|94|83|80|63|67|77|66|72|-15|53,,79|104|176|250|439|744|1090,7|7|4.7|5|6|12|13,69.19|71.22|78.29|82.68|86.25|70.22|43.75,11.48|13.68|2.92|1.24|0.35|0.50|0.00,-0|-4|4|2|17|-77|-90,7|18|20|22|22|26|118,13|20|28|35|45|112|184,55.41|43.62|41.41|43.62|36.38|36.38|37.74|39.04,0.09|0.01|0.05|0.31|8.62|8.58|8.48|8.25,0.00|0.00|0.22|0.24|0.22|0.95|1.65|1.56,8.25,1.56,9.81,0.99
Jindal Poly Inve,/company/JPOLYINVST/consolidated/,JPOLYINVST,1.15,,0.67,63.4,54.8,74.63,,1077.28,1025.00,2,30,nse,consolidated,1.33,1527,1025,1077,Financial Services,Financial Services,Investment Company,-31,296,3153,Jun 2026,Mar 2026,Jun 2026,7|7|14|8|8|8|8|8|19|962|47|9,,,0|0|1491|242|1|1|1|2477|3125|36|32|1037,-54|-750|14|-46|-17712|-6145|2058|53|36|99|99|97,0.00|0.00|66.31|58.20|0.00|0.00|0.00|38.07|45.85|0.00|0.00|0.00,0.00|0.00|12.27|4.76|3553.85|-2664.08|-2026.42|2.96|6.08|0.00|0.00|0.00,761|-1|-0|-2|0|712|1085|-1|1|6,4|4|6606|9|9|9|9|5836|0|0|0|0,0.00|0.00|100.23|0.00|0.00|0.00|0.00|470.57|0.00|0.00|0.00|0.00,74.63|74.63|74.63|74.63|74.63|74.63|74.63|74.63,0.13|0.20|0.12|0.12|0.12|0.12|0.19|0.10,0.44|0.53|0.45|0.44|0.44|0.44|0.44|0.44,0.10,0.44,0.54,1.04
SEPC,/company/SEPC/consolidated/,SEPC,12.78,,0.55,5.03,3.18,11.67,,1064.75,5.56,10.99,30,nse,consolidated,39.6,10.2,5.56,1065,Industrials,Construction,Civil Construction,41,13,80,Jun 2026,Mar 2026,Jun 2026,129|141|148|176|171|133|118|202|237|341|274|274,81|90|81|76|84|84|71|78|82|87|87|90,,548|548|744|829|1202|1208|583|329|379|561|598|1054,-12|5|1.1|1.9|5|4.9|-10|-11|-15|6|11|7,8|7|1|0|-0|3|0|1|0|0|0|84,84|66|79|81|84|83|96|89|86|84|80|0,12|28|302|-7|-50|-72|21|-121|-133|-263,41|55|61|56|55|51|45|41|36|31|26|22,85|45|38|38|38|3|2|0|0|0|0|0,33.94|33.37|33.37|27.35|27.35|26.53|18.67|11.67,0.76|0.64|0.65|0.68|0.62|0.60|0.96|1.04,19.00|19.15|19.14|15.75|14.52|14.55|13.91|13.91,1.04,13.91,14.95,1.01
Matrimony.com,/company/MATRIMONY/consolidated/,MATRIMONY,12.44,,5.16,17.4,15.2,58.43,,1064.68,515.00,4.15,30,nse,consolidated,23.7,99.9,515,1065,Consumer Discretionary,Consumer Services,Internet & Catalogue Retail,0,4,5,Jun 2026,Mar 2026,Jun 2026,122|117|119|121|116|111|108|115|115|113|117|131,,,241|255|293|335|348|430|378|434|456|481|456|460,7|2.7|20|23|21|13|18|20|15|15|13|11,1|0|0|0|0|0|0|0|0|0|0|0,4|4|4|3|3|3|2|2|2|2|2|2,29|76|69|57|70|78|57|61|57|75,24|28|24|68|124|133|127|100|93|89|85|79,,51.59|53.26|53.26|53.26|54.26|54.61|58.26|58.43,23.02|22.35|22.19|22.33|22.23|22.09|19.28|19.20,8.90|8.50|8.63|8.71|7.50|7.35|7.22|5.17,19.20,5.17,24.37,2.32
TCC Concept,/company/TCC/consolidated/,TCC,8.24,,0.64,5.65,5.35,45.69,,1061.06,223.25,6.19,30,nse,consolidated,16.1,346,223,1061,Consumer Discretionary,Consumer Services,Internet & Catalogue Retail,431,,205,Jun 2026,Mar 2026,Jun 2026,28|29|13|12|17|22|32|22|27|46|84|128,71.92|10.27|0.00|0.00|0.00|0.00|0.00|0.00|0.00|0.52|3.45|14.84,,1|77|83|179,88|43|72|54,0.00|-7.79|0.00|1.74,0.00|49.37|12.38|0.00,-2|8|23|113,0|136|473|1705,0|6|0|9,59.45|60.87|60.87|60.87|60.87|45.69|45.69|45.69,0.10|1.47|1.61|1.74|0.87|2.09|2.63|2.63,3.52|0.86|1.23|1.43|1.51|2.17|2.27|2.26,2.63,2.26,4.89,5.93
SRM Contractors,/company/SRM/consolidated/,SRM,5.18,,2.83,37.1,34.3,72.59,,1053.94,459.35,4.59,30,nse,consolidated,8.93,162,459,1054,Industrials,Construction,Civil Construction,51,45,75,Jun 2026,Mar 2026,Jun 2026,108|87|108|55|95|150|228|142|206|231|446|196,83|77|76|61|68|73|76|67|46|42|79|61,,160|264|300|342|528|1026,10|11|13|12|15|16,69|70|72|75|72|62,14|14|8|5|3|0,14|10|21|14|1|92,32|31|41|46|80|252,5|8|10|27|85|54,72.92|72.92|72.92|72.48|72.39|72.59|72.59|72.59,0.28|0.09|0.04|0.17|0.16|0.05|0.43|0.10,4.81|4.32|3.45|2.42|1.52|1.26|1.11|0.25,0.10,0.25,0.35,1.03
HMA Agro Inds.,/company/HMAAGRO/consolidated/,HMAAGRO,4.75,,1.12,16.0,19.0,75.00,,1050.11,20.97,5.08,30,nse,consolidated,4.89,18.8,21.0,1050,Fast Moving Consumer Goods,Fast Moving Consumer Goods,Meat Products including Poultry,29,32,43,Jun 2026,Mar 2026,Aug 2026,1200|1252|1390|713|1466|1455|1500|1123|2155|2059|1579|2110,85|81|88|83|84|85|89|88|90|84|88|91,,2742|2373|1708|3083|3209|4813|5133|6916,0.8|2.0|6|4.0|4.9|2.8|2.1|2.3,84|81|80|78|77|84|86|87,3|4|6|10|9|5|3|0,23|24|75|-32|136|-166|124|-85,84|95|93|141|261|295|273|261,94|157|127|137|129|240|670|1331,83.61|83.61|81.63|81.63|81.63|81.63|75.00|75.00,5.33|5.24|6.73|5.85|4.92|4.87|4.84|4.10,0.00|0.02|0.11|0.63|1.35|1.41|3.46|3.57,4.10,3.57,7.67,0.15
Jaro Institute,/company/JARO/,JARO,11.38,,2.88,22.1,16.5,61.43,,1046.82,470.05,5.07,30,nse,standalone,18.5,163,470,1047,Consumer Discretionary,Consumer Services,E-Learning,31,45,13,Jun 2026,Mar 2026,Jun 2026,61|74|43|74|61|80|60|73|71,,,45|43|79|122|199|252|274,7|12|13|20|32|33|26,,2.21|1.75|1.27|1.64|1.39|2.34|1.96,|2|2|3|-17|-23|57,2|2|1|20|17|16|9,,57.33|57.33|57.28|61.43,2.89|1.94|0.78|0.75,10.89|7.49|4.87|2.71,0.75,2.71,3.46,3.82
Nelcast,/company/NELCAST/consolidated/,NELCAST,10.83,,1.75,11.4,8.43,74.87,,1042.71,119.85,5.64,30,nse,consolidated,25.4,68.6,120,1043,Industrials,Capital Goods,Castings & Forgings,2,17,4,Jun 2026,Mar 2026,Jun 2026,358.34|320.36|295.47|300.10|330.42|291.41|329.75|331.86|298.74|329.62|368.18|341.05,45.58|41.85|43.18|45.10|45.52|45.15|40.15|44.13|45.77|43.03|42.32|47.40,,545|561|575|745|856|567|615|927|1264|1267|1252|1328,8|11|11|10|9|9|8|6|6|7|7|8,53.90|44.56|42.46|46.98|46.55|42.40|47.15|48.90|50.11|44.15|43.92|43.72,27.41|32.86|34.43|32.33|33.63|34.81|31.51|31.57|29.55|33.58|32.94|32.54,28|33|75|32|83|-13|80|20|105|92,254|275|271|264|318|304|455|467|459|446|512|503,56|74|94|111|142|128|118|159|158|190|180|191,74.87|74.87|74.87|74.87|74.87|74.87|74.87|74.87,0.03|0.00|0.06|0.00|0.79|0.45|0.36|0.39,0.00|0.00|0.00|0.00|0.01|0.11|0.11|0.12,0.39,0.12,0.51,0.79
Dam Capital Advi,/company/DAMCAPITAL/consolidated/,DAMCAPITAL,6.12,,3.11,35.4,24.4,40.00,,1033.92,146.27,4.57,30,nse,consolidated,14.2,47.0,146,1034,Financial Services,Financial Services,Stockbroking & Allied,41,,-5,Jun 2026,Mar 2026,Jun 2026,44.94|84.23|44.44|103.98|36.61|30.85|107.05|69.94|29.27|29.86,,,94|85|181|250|237,36|22|56|59|51,,6.13|7.31|3.93|3.06|4.09,37|679|-595|47|37,14|11|10|94|97,,40.00|40.00|40.00|40.00|40.00|40.00|40.00,4.75|3.31|1.82|1.76|1.81|2.19|0.99,14.82|11.15|10.30|10.35|9.79|8.06|7.86,0.99,7.86,8.85,4.36
Xtranet Techno.,/company/XTRANET/consolidated/,XTRANET,17.29,,,32.8,34.8,62.62,,1030.60,197.11,10.84,30,nse,consolidated,24.0,,197,1031,Information Technology,Information Technology,IT Enabled Services,18,,32,Jun 2026,Mar 2026,Jul 2026,45.66|160.96|50.46,60|60|52,,223|233|276|365,6|9|17|17,75|64|56|61,7|11|1|1,0|-1|9|28,7|12|24|60,36|55|80|79,62.62,4.10,8.04,4.10,8.04,12.14,2.82
MMP Industries,/company/MMP/consolidated/,MMP,14.50,,2.97,12.5,11.5,74.49,,1027.28,404.40,3.67,30,nse,consolidated,23.0,136,404,1027,Commodities,Metals & Mining,Aluminium,15,29,21,Jun 2026,Mar 2026,Jun 2026,126|141|160|156|145|168|223|183|188|203|250|233,79|76|77|74|76|77|80|81|79|78|80|79,,157|180|203|243|261|242|231|448|538|579|692|824,9|11|10|12|11|11|11|9|7|8|9|8,73|70|74|74|71|68|68|74|77|76|75|80,10|11|7|5|8|9|9|7|8|7|7|0,14|14|10|18|36|19|33|43|57|53,34|37|37|37|44|90|112|147|160|183|223|250,19|19|20|20|24|35|50|77|86|111|135|158,74.48|74.48|74.48|74.48|74.48|74.48|74.48|74.49,0.00|0.03|0.02|0.07|0.00|0.01|0.02|0.02,0.00|0.00|0.00|0.00|0.00|0.00|0.00|0.00,0.02,0.00,0.02,1.25
Subex,/company/SUBEXLTD/consolidated/,SUBEXLTD,16.53,,2.98,12.8,9.90,,,1021.96,18.13,7.2,30,nse,consolidated,31.6,6.08,18.1,1022,Information Technology,Information Technology,Software Products,0,-6,3,Jun 2026,Mar 2026,Jun 2026,77|82|84|68|74|73|71|66|69|71|73|79,,,360|322|357|324|348|365|372|333|279|310|286|279,24|28|25|11|15|24|27|11|-11|-5|-5|9,,6|2|10|10|9|12|11|12|15|19|16|15,54|54|55|66|91|-8|9|-8|10|72,865|775|668|666|664|393|375|368|385|228|217|228,,,1.06|1.02|1.74|0.77|0.77|0.93|1.10|0.60,0.01|0.01|0.01|0.01|0.01|0.01|0.01|0.00,0.60,0.00,0.6,3.66
Master Trust,/company/MASTERTR/consolidated/,MASTERTR,-2.35,,1.25,23.8,17.3,71.93,,1017.10,82.68,2.85,30,nse,consolidated,7.61,66.4,82.7,1017,Financial Services,Financial Services,Stockbroking & Allied,19,21,7,Jun 2026,Mar 2026,Jun 2026,120|124|164|160|154|148|122|132|127|137|181|150,,,115|104|109|150|134|136|225|331|339|500|584|576,29|21|23|19|25|24|28|33|35|41|42|41,,3.81|3.80|4.93|4.53|5.58|5.37|4.22|3.79|5.40|6.50|8.04|0.00,52|-2|82|14|-24|-15|177|458|-37|311,11|10|16|15|18|18|18|21|22|22|21|20,34|16|14|22|27|19|12|32|17|23|19|9,72.49|72.49|72.49|69.24|71.93|71.93|71.93|71.93,0.07|0.03|0.02|0.15|0.00|0.02|0.02|0.03,0.00|0.00|0.00|0.00|0.05|0.05|0.00|0.00,0.03,0.00,0.03,1.77
Zuari Agro Chem.,/company/ZUARI/consolidated/,ZUARI,3.25,,0.48,16.4,1.24,65.20,,1012.59,240.76,3.2,30,nse,consolidated,3.27,497,241,1013,Commodities,Chemicals,Fertilizers,-11,6,-44,Jun 2026,Mar 2026,Jun 2026,1649|843|898|1097|1123|1264|952|1246|1423|344|187|615,71|60|64|60|64|62|64|65|64|82|80|79,,7613|7611|6377|7265|8103|3042|2404|3590|4553|4595|4436|3200,4.0|3.6|7|7|4.0|-11|1.4|7|7|8|9|10,78|77|72|71|75|70|64|66|68|66|62|67,8|7|8|9|9|12|13|18|16|17|19|12,1097|293|-355|2635|1521|571|95|473|511|203,488|1829|1793|1798|1835|1862|1431|1424|1940|1957|865|159,988|728|707|1051|1765|549|222|504|399|316|172|268,65.21|65.21|65.21|65.21|65.21|65.20|65.20|65.20,1.18|2.52|1.33|2.67|2.85|2.71|2.84|2.34,0.09|0.09|0.09|0.09|0.09|0.09|0.09|0.10,2.34,0.10,2.44,0.32
T N Petro Prod.,/company/TNPETRO/consolidated/,TNPETRO,4.75,,0.98,10.9,9.55,34.54,,1002.00,111.37,5.46,30,nse,consolidated,7.34,113,111,1002,Commodities,Chemicals,Petrochemicals,-12,5,-2,Jun 2026,Mar 2026,Jun 2026,434|346|438|462|450|460|455|463|457|421|124|780,59.35|57.06|61.18|64.41|62.20|60.51|54.86|49.35|47.58|49.72|50.17|49.60,,950|701|889|1049|1245|1225|1145|1806|2150|1669|1827|1466,-2.8|-0.5|8|9|7|8|15|14|6|4.3|3.5|9,70.17|61.52|57.94|53.82|55.30|53.57|43.19|46.90|58.17|58.41|60.51|48.97,26.56|27.17|25.43|25.82|26.98|26.84|28.79|24.95|24.72|26.46|24.86|18.60,46|82|78|86|93|112|87|161|207|-100,247|218|216|193|230|292|281|267|247|304|285|852,84|62|71|106|79|78|82|143|168|123|103|259,34.54|34.54|34.54|34.54|34.54|34.54|34.54|34.54,5.85|5.35|5.56|7.53|8.76|9.48|10.78|11.11,0.03|0.03|0.03|0.03|0.00|0.00|0.00|0.00,11.11,0.00,11.11,0.68
Sudarshan Pharma,/company/543828/consolidated/,543828,19.71,,6.2,15.1,16.3,58.93,,995.39,39.87,2.01,30,bse,consolidated,39.6,6.44,39.9,995,Commodities,Chemicals,Specialty Chemicals,15,29,33,Jun 2026,Mar 2026,Aug 2026,99.20|128.58|115.66|161.59|145.26|168.87|168.01|220.92|174.42,91|85|88|86|89|90|88|86|86,,148|193|357|461|464|505|703,3.2|3.7|3.1|3.2|4.9|8|7,93|92|94|93|91|87|88,0|2|2|2|2|2|0,1|3|-4|-29|6|35|-2,6|6|6|20|26|24|104,17|24|47|75|86|140|219,57.39|57.39|57.39|57.39|57.39|57.39|58.93|58.93,13.07|18.45|19.49|20.79|19.78|19.95|19.38|19.88,,19.88,,19.88,1.42
Mamata Machinery,/company/MAMATA/consolidated/,MAMATA,48.07,,5.32,12.6,9.64,62.45,,984.44,400.05,3.1,30,nse,consolidated,89.7,75.2,400,984,Industrials,Capital Goods,Industrial Products,5,9,-13,Jun 2026,Mar 2026,Jun 2026,45.13|51.42|88.36|27.62|42.79|73.44|111.04|38.66|53.37|67.22|73.75|36.28,40.24|33.86|37.86|30.01|39.38|47.77|35.82|37.61|40.15|50.58|48.64|38.67,,114|148|192|201|237|255|233,1.1|16|16|12|20|21|10,46.85|44.31|44.37|45.75|42.58|39.23|45.42,0.75|0.46|7.13|6.14|6.11|7.33|6.42,12|22|37|17|40|72|2,33|31|61|63|63|63|65,51|57|72|70|69|81|73,62.45|62.45|62.45|62.45|62.45|62.45|62.45,1.46|0.26|0.04|0.20|0.05|0.16|0.35,3.70|1.47|0.86|0.27|0.32|1.66|1.75,0.35,1.75,2.1,4.22
Premier Polyfilm,/company/PREMIERPOL/,PREMIERPOL,18.75,,6.71,30.8,24.0,71.09,,983.11,93.86,6.19,30,nse,standalone,28.1,14.0,93.9,983,Industrials,Capital Goods,Plastic Products - Industrial,6,15,19,Jun 2026,Mar 2026,Jun 2026,67.25|60.97|69.46|62.87|70.50|61.87|72.13|65.09|73.60|79.28|80.97|87.92,67|65|64|64|61|60|65|62|62|63|62|66,,84|95|103|126|150|147|151|212|252|259|263|299,6|9|8|8|7|9|10|9|9|13|14|16,69|65|63|64|69|66|68|72|71|66|64|62,12|13|12|12|11|10|8|7|8|9|8|0,4|3|16|7|17|4|12|16|23|27,14|22|29|31|41|42|39|40|53|52|56|60,10|14|19|25|19|21|16|33|29|20|32|50,67.37|67.37|67.60|67.60|67.60|67.60|69.39|71.09,0.04|0.00|0.01|0.02|0.00|0.00|0.07|0.09,1.02|1.02|1.02|1.02|1.02|1.02|1.02|1.02,0.09,1.02,1.11,3.29
Unicommerce,/company/UNIECOM/consolidated/,UNIECOM,26.44,,5.07,21.1,15.6,36.01,,979.72,87.18,3.35,30,nse,consolidated,46.1,17.2,87.2,980,Information Technology,Information Technology,Software Products,,,38,Jun 2026,Mar 2026,Jun 2026,25.96|26.53|27.47|29.31|32.74|45.27|44.93|51.38|56.39|51.63|51.37,,,104|135|204,14|20|17,,2.64|2.98|0.00,6|28|47,8|161|164,,39.42|39.42|39.19|39.19|36.34|36.01|36.01|36.01,2.30|0.32|0.42|0.15|0.25|0.02|0.15|0.02,10.28|8.07|7.51|6.12|5.68|5.47|3.83|2.38,0.02,2.38,2.4,4.8
Ester Industries,/company/ESTER/consolidated/,ESTER,11.40,,1.17,2.76,-3.53,62.32,,977.56,93.73,2.28,30,nse,consolidated,,80.2,93.7,978,Industrials,Capital Goods,Packaging,7,7,10,Jun 2026,Mar 2026,Jun 2026,261|268|277|286|331|346|319|338|354|339|344|432,71|75|70|67|61|59|61|63|68|67|58|64,,671|698|884|928|895|768|992|1110|1114|1063|1282|1375,33|5|4.8|8|8|9|23|15|8|-2.1|12|7,47|71|73|71|70|64|51|61|64|71|62|64,9|13|11|10|11|13|12|13|13|18|15|0,23|52|68|81|146|62|58|44|112|89,363|350|376|390|399|385|377|390|979|989|977|978,74|104|123|124|128|128|137|203|172|145|161|209,62.40|62.40|62.40|62.73|62.73|62.72|62.72|62.32,0.10|0.04|0.08|0.17|0.03|0.06|0.05|0.03,0.44|0.01|0.01|0.01|0.04|0.13|0.16|0.15,0.03,0.15,0.18,0.71
T N Newsprint,/company/TNPL/,TNPL,4.51,,0.42,6.40,11.2,35.32,,977.39,141.22,4.67,30,nse,standalone,3.75,335,141,977,Commodities,Forest Materials,Paper & Paper Products,-4,11,3,Jun 2026,Mar 2026,Jun 2026,958.17|1240.86|1229.47|1116.56|913.71|1123.86|1336.77|1142.10|1110.15|1121.10|1271.54|1146.64,38.50|49.04|47.20|46.71|39.71|55.38|55.63|52.26|48.04|52.36|51.29|46.77,,2136|2418|2958|3098|4083|3471|2768|4020|5180|4690|4491|4645,24|23|25|13|16|18|9|9|19|16|10|10,33|38|26|40|34|31|33|39|26|30|38|51,28|25|34|33|38|37|38|37|41|37|35|17,284|833|819|241|423|1111|809|419|570|596,2410|2432|4099|4071|3888|3742|3515|3303|4463|4307|4109|3891,433|387|571|484|861|846|678|443|960|1028|1025|972,35.32|35.32|35.32|35.32|35.32|35.32|35.32|35.32,4.28|4.93|5.37|5.39|5.05|5.08|4.96|5.01,14.22|12.94|12.38|12.02|11.36|11.25|10.54|9.53,5.01,9.53,14.54,0.21
Salzer Electron.,/company/SALZERELEC/,SALZERELEC,11.46,,1.69,11.2,9.55,37.47,,977.15,552.60,3.17,30,nse,standalone,22.1,327,553,977,Industrials,Capital Goods,Other Electrical Equipment,19,23,20,Jun 2026,Mar 2026,Jun 2026,273.68|262.46|317.57|347.13|336.40|333.82|365.59|432.41|408.74|411.95|462.09|485.96,77|74|75|79|74|73|76|77|76|77|79|81,,283|361|385|443|560|567|606|784|1013|1136|1383|1715,13|12|12|12|11|12|10|8|9|10|9|8,69|71|71|71|71|70|74|74|72|71|70|72,6|6|8|9|10|10|9|11|12|12|13|12,1|4|52|36|14|-14|23|20|-21|42,78|102|139|166|183|207|211|214|231|254|295|323,66|67|93|139|143|157|177|224|270|290|364|462,37.53|37.54|37.54|37.54|37.47|37.47|37.47|37.47,2.65|3.97|2.58|2.35|2.39|2.56|4.45|4.51,0.11|0.39|0.10|0.01|0.02|0.02|0.01|0.10,4.51,0.10,4.61,0.57
Swaraj Suiting,/company/SWARAJ/consolidated/,SWARAJ,9.67,,2.84,17.9,21.7,64.68,,967.97,366.40,3.09,30,nse,consolidated,15.8,129,366,968,Consumer Discretionary,Textiles,Other Textile Products,38,57,38,Jun 2026,Mar 2026,Aug 2026,86|169|77|127|165|207|183,63|71|57|61|68|66|65,,76|80|60|129|219|320|417|577,19|20|16|10|11|12|18|19,54|55|64|76|71|70|67|64,19|16|12|8|12|12|10|0,10|9|6|15|-15|45|41|-17,52|45|36|37|81|77|262|315,23|30|31|30|68|90|140|236,73.59|71.59|74.97|74.97|74.97|64.95|64.69|64.68,0.00|0.01|0.01|0.00|0.00|0.85|0.79|0.22,0.00|0.00|0.13|0.03|0.71|0.59|0.59|0.75,0.22,0.75,0.97,1.68
Dwarikesh Sugar,/company/DWARKESH/,DWARKESH,19.48,,1.16,4.62,3.77,42.15,,961.53,51.89,24.29,30,nse,standalone,66.3,44.7,51.9,962,Fast Moving Consumer Goods,Fast Moving Consumer Goods,Sugar,-13,-5,-5,Jun 2026,Mar 2026,Jun 2026,446|313|380|341|246|313|459|405|246|325|425|358,79|70|67|85|89|73|65|86|96|69|68|94,,1128|794|1190|1430|1084|1336|1839|1979|2103|1710|1359|1402,8|14|23|10|12|10|11|15|10|12|8|6,|74|65|79|72|76|76|73|76|71|74|77,|3|4|5|6|5|4|5|5|7|6|6,141|298|-250|11|296|339|314|13|61|129,399|356|331|341|319|430|410|388|582|583|547|528,491|537|610|531|824|912|855|758|561|741|751|678,42.10|42.10|42.10|42.10|42.10|42.10|42.15|42.15,2.31|1.64|2.00|1.90|1.74|1.68|1.68|1.01,0.00|0.00|0.03|0.00|0.00|0.11|0.22|0.75,1.01,0.75,1.76,0.69
Control Print,/company/CONTROLPR/consolidated/,CONTROLPR,10.74,,2.11,16.4,9.52,52.99,,956.77,598.20,3.72,30,nse,consolidated,24.6,283,598,957,Information Technology,Information Technology,Computers Hardware & Equipments,17,19,11,Jun 2026,Mar 2026,Jun 2026,86.43|88.63|100.61|97.83|101.79|103.34|122.07|111.29|111.96|118.84|139.87|115.56,41.43|39.79|41.74|38.80|40.70|43.37|44.68|40.80|39.40|42.34|38.76|43.35,,113|135|148|174|175|195|204|256|304|359|425|482,20|27|30|32|23|24|24|23|25|24|19|18,36.04|33.67|35.19|31.81|35.17|37.48|38.58|40.06|39.83|41.00|42.05|40.26,1.77|2.44|6.07|5.72|5.18|5.26|4.60|4.40|4.36|3.77|3.73|3.97,18|14|34|31|38|50|55|50|50|50,21|41|83|83|86|94|105|110|120|150|159|173,56|62|54|66|62|63|67|66|77|101|109|144,52.73|52.70|52.99|52.99|52.99|52.99|52.99|52.99,3.77|3.45|3.47|3.30|3.18|3.27|3.15|3.07,0.45|0.45|0.58|0.68|0.49|0.28|0.22|0.16,3.07,0.16,3.23,1.99
Regaal Resources,/company/REGAAL/,REGAAL,10.53,,1.94,12.0,16.5,71.32,,952.80,92.51,2.17,30,nse,standalone,14.7,47.6,92.5,953,Fast Moving Consumer Goods,Fast Moving Consumer Goods,Other Agricultural Products,32,36,13,Jun 2026,Mar 2026,Jun 2026,195|205|257|259|247|320|323|245|202,71|68|74|76|75|75|75|69|60,,227|242|380|488|600|915|1134,9|13|12|8|9|12|11,75|65|65|71|72|73|74,5|16|15|12|11|8|0,|18|17|35|-23|-11|70,87|85|154|183|305|375|370,19|22|52|31|57|118|78,70.45|70.45|71.32|71.32,1.52|1.21|0.33|0.31,5.40|3.75|2.82|2.58,0.31,2.58,2.89,0.84
Ambika Cotton,/company/AMBIKCO/,AMBIKCO,5.42,,0.98,11.4,7.70,50.35,,937.93,1638.30,3.8,30,nse,standalone,11.5,1667,1638,938,Consumer Discretionary,Textiles,Other Textile Products,-3,4,24,Jun 2026,Mar 2026,Jun 2026,199|196|206|209|200|156|136|192|200|174|215|258,66|67|68|61|67|61|57|63|63|60|65|67,,495|492|528|584|656|623|633|921|848|823|702|781,20|19|20|19|19|17|20|29|21|13|15|15,62|61|63|64|63|63|63|55|61|68|62|63,8|9|8|7|7|8|6|6|7|7|9|0,67|16|10|50|103|302|-80|-138|129|228,270|255|254|259|260|246|245|227|215|232|241|286,145|124|152|240|272|303|313|229|397|525|568|519,50.17|50.17|50.17|50.35|50.35|50.35|50.35|50.35,0.36|0.37|0.35|0.37|0.42|0.38|0.33|0.47,1.18|1.26|1.07|1.58|1.63|1.64|1.70|1.71,0.47,1.71,2.18,1.2
Tirupati Forge,/company/TIRUPATIFL/,TIRUPATIFL,47.76,,6.65,7.53,5.24,49.42,,907.42,69.78,2.08,30,nse,standalone,149,10.5,69.8,907,Industrials,Capital Goods,Castings & Forgings,21,39,42,Jun 2026,Mar 2026,Jul 2026,23.65|32.36|33.11|29.06|32.28|26.14|27.50|32.30|39.67|48.60|41.91|38.10,56.58|63.60|63.88|55.75|58.83|57.50|58.22|52.60|52.76|50.88|48.44|48.92,,30|18|16|21|42|28|31|88|92|110|115|162,9|9|12|15|17|9|9|12|16|12|13|10,66|60|59|52|60|56|55|43|44|46|46|51,12|15|19|20|16|16|22|30|28|31|26|0,2|-1|2|3|-3|1|5|10|6|16,5|5|5|4|10|13|14|14|15|19|37|57,3.71|2.38|2.71|3.67|4.82|5.69|10.58|15.21|15.97|22.33|23.08|23.48,55.76|48.88|49.31|48.10|48.93|49.01|49.75|49.42,0.03|0.02|0.02|0.02|0.02|0.78|0.45|0.76,,0.76,,0.76,5.6
Krystal Integrat,/company/KRYSTAL/consolidated/,KRYSTAL,9.13,,1.81,15.9,13.7,69.96,,902.66,646.05,3.27,30,nse,consolidated,13.8,357,646,903,Services,Services,Diversified Commercial Services,22,22,3,Jun 2026,Mar 2026,Jun 2026,235|283|292|257|266|276|413|323|283|306|365|361,11|19|20|8|7|10|17|12|17|15|20|14,,468|550|703|1022|1206|1277,6|8|9|7|6|7,4|4|5|16|11|16,1|1|1|1|1|-0,8|20|72|2|-32|26,13|11|81|83|101|105,2|6|1|1|1|2,69.96|69.96|69.96|69.96|69.96|69.96|69.96|69.96,0.74|0.72|2.09|1.86|1.96|1.79|1.25|1.77,5.11|5.02|3.78|4.20|4.23|4.23|3.76|3.76,1.77,3.76,5.53,0.71
Pudumjee Paper,/company/PDMJEPAPER/,PDMJEPAPER,6.40,,1.35,18.1,12.8,71.56,,901.84,94.98,2.07,30,nse,standalone,9.90,70.5,95.0,902,Commodities,Forest Materials,Paper & Paper Products,2,13,1,Jun 2026,Mar 2026,Jun 2026,195|204|205|203|222|194|190|196|207|204|201|203,59|51|45|51|56|54|55|51|53|55|50|51,,0|469|514|499|590|604|437|555|759|785|809|808,|6|10|8|6|9|16|13|11|17|15|15,|53.16|53.61|50.23|54.29|46.39|41.99|42.53|49.25|44.02|44.78|42.41,|27.87|25.12|27.56|25.33|30.42|26.94|29.00|27.60|26.39|26.73|27.93,82|24|14|52|86|17|31|133|82|121,0|172|190|214|216|230|227|211|204|272|276|399,0|101|53|68|95|92|81|122|167|146|130|135,71.31|71.31|71.31|71.56|71.56|71.56|71.56|71.56,1.90|2.41|1.50|1.14|0.97|1.01|1.01|0.91,0.00|0.00|0.00|0.01|0.01|0.01|0.01|0.01,0.91,0.01,0.92,1.12
Wanbury,/company/WANBURY/,WANBURY,11.23,,6.25,30.8,68.4,43.01,,900.40,257.50,11.69,30,nse,standalone,15.2,41.3,258,900,Healthcare,Healthcare,Pharmaceuticals,9,11,4,Jun 2026,Mar 2026,Jun 2026,144.46|145.50|139.41|131.11|161.19|133.45|172.00|163.18|160.06|162.45|164.58|165.58,52.85|48.68|51.21|50.54|50.88|46.36|49.02|46.17|41.90|42.35|39.68|47.71,,250|420|432|370|391|367|392|511|500|578|600|650,9|8|4.3|-18|4.1|6|4.7|7|4.7|12|13|16,|43.40|45.57|47.05|50.18|47.83|56.41|58.76|60.73|52.55|49.12|42.52,|7.34|7.82|6.88|5.74|7.93|6.91|6.08|6.41|6.66|6.34|-0.00,43|32|30|44|17|41|20|5|26|32,164|180|186|178|172|164|167|167|167|167|201|229,34|35|34|13|19|12|25|50|22|36|38|51,39.77|39.76|39.76|39.63|43.09|43.08|43.01|43.01,1.02|0.84|1.55|1.59|0.82|0.72|0.59|0.89,0.00|0.00|0.00|0.00|0.00|0.00|0.00|0.06,0.89,0.06,0.95,1.38
Himatsing. Seide,/company/HIMATSEIDE/consolidated/,HIMATSEIDE,6.24,,0.42,8.80,2.97,37.48,,896.67,71.31,3.61,30,nse,consolidated,16.0,170,71.3,897,Consumer Discretionary,Textiles,Other Textile Products,-2,2,-8,Jun 2026,Mar 2026,Jun 2026,739.14|723.31|696.87|735.46|694.33|691.50|656.91|656.94|629.57|611.37|617.22|621.30,44|44|42|48|48|55|50|54|56|53|57|57,,1943|1890|2138|2249|2618|2358|2258|3184|2678|2841|2778|2515,10|16|18|20|21|18|13|17|10|21|19|14,64|60|57|53|49|48|55|52|58|43|50|55,6|6|6|7|9|11|9|12|11|12|11|0,186|19|478|434|576|68|354|322|235|204,1058|1012|1271|2235|2382|3157|3184|3176|3084|2947|2518|2519,554|584|754|990|1176|1087|795|1131|885|980|1008|1224,47.57|37.24|37.24|37.48|37.48|37.48|37.48|37.48,3.32|12.06|10.82|10.71|10.80|10.69|11.10|7.44,0.41|8.36|8.53|7.68|7.12|7.12|5.65|0.06,7.44,0.06,7.5,0.36
Kirl. Electric,/company/KECL/consolidated/,KECL,21.64,,6.82,14.6,6.78,49.74,,895.46,134.83,4.34,30,nse,consolidated,58.4,19.8,135,895,Industrials,Capital Goods,Other Electrical Equipment,8,16,3,Jun 2026,Mar 2026,Jun 2026,145.18|126.07|168.53|133.47|161.47|119.75|129.13|132.24|142.11|151.42|163.57|103.85,69|68|74|69|76|67|67|72|70|70|67|69,,510|548|572|370|295|314|278|335|474|557|544|589,-15|-0.7|-2.0|-10|-12|-0.1|-6|-4.7|8|7|2.9|6,80|75|77|78|75|67|72|74|68|70|70|70,3|4|4|4|5|5|5|5|4|4|4|4,31|23|1|34|30|35|7|37|36|25,98|92|416|405|327|322|481|442|439|438|446|437,94|98|77|55|47|50|41|48|53|49|47|55,49.51|49.60|49.60|49.60|49.60|49.60|49.74|49.74,4.03|4.33|3.97|3.85|4.02|3.86|4.02|4.06,1.43|1.21|1.19|1.19|1.19|1.19|1.19|1.25,4.06,1.25,5.31,1.52
Ritco Logistics,/company/RITCO/consolidated/,RITCO,13.42,,2.46,10.1,10.5,62.69,,891.89,311.60,5.16,30,nse,consolidated,28.0,127,312,892,Services,Services,Logistics Solution Provider,26,,17,Jun 2026,Mar 2026,Jun 2026,234.64|238.92|251.88|252.23|279.09|312.96|345.41|354.33|360.38|392.64|391.83|365.12,88|88|88|88|88|88|88|88|88|88|90|87,,748|931|1187|1499,7|8|8|7,0|0|0|89,90|88|88|0,10|15|-16|-33,38|63|147|210,,63.12|62.29|62.29|62.29|62.69|62.69|62.69|62.69,0.05|0.34|0.06|0.22|0.02|0.06|0.02|0.03,2.53|2.51|2.79|2.86|2.82|2.82|2.82|2.73,0.03,2.73,2.76,0.6
Fedders Holding,/company/FEDDERSHOL/consolidated/,FEDDERSHOL,10.04,,1.23,11.2,11.6,65.84,,886.03,43.99,9.87,30,nse,consolidated,11.6,35.8,44.0,886,Financial Services,Financial Services,Non Banking Financial Company (NBFC),38,129,-7,Jun 2026,Mar 2026,Jun 2026,124|188|140|142|85|89|109|77|54|80|134|69,86|71|84|85|89|95|88|85|94|92|106|93,,5|9|10|8|7|6|5|96|132|543|451|345,,14|0|0|0|0|0|0|34|69|77|84|96,0|0|0|0|0|6|1|24|2|2|2|0,-2|-3|-4|6|-11|-64|-18|-109|-237|64,0|0|0|0|0|1|0|67|65|94|109|195,0|0|0|0|0|0|0|8|7|20|25|37,65.91|65.91|65.91|65.91|65.91|65.84|65.84|65.84,0.06|0.06|0.06|0.06|0.09|0.09|0.09|0.20,0.00|0.00|0.00|0.06|0.06|0.17|0.17|0.17,0.20,0.17,0.37,2.57
Sumeet Industrie,/company/SUMEETINDS/consolidated/,SUMEETINDS,18.16,,4.16,13.2,14.7,68.06,,880.94,12.68,8.7,30,nse,consolidated,35.6,3.05,12.7,881,Consumer Discretionary,Textiles,Other Textile Products,1,13,9,Jun 2026,Mar 2026,Jul 2026,241.98|227.07|271.06|266.69|241.89|251.76|243.02|248.47|269.30|266.92|265.72|272.36,86|85|84|83|78|78|78|75|77|77|77|84,,1165|1235|1406|1205|867|707|574|894|1033|985|1003|1050,7|7|8|7|4.7|-9|4.2|3.8|-3.8|-4.1|1.2|5,81|80|81|79|78|75|72|74|85|85|80|77,10|9|8|10|14|16|18|16|15|15|15|0,58|-52|-77|85|24|61|73|15|410|-35,426|410|402|359|310|276|242|212|185|161|142|135,189|201|215|228|170|170|163|156|103|103|106|133,0.00|0.00|89.83|89.83|89.83|89.83|89.83|68.06,0.00|0.00|0.00|0.00|0.00|0.01|0.32|0.01,0.00|0.00|0.00|0.00|0.00|0.00|0.00|0.15,0.01,0.15,0.16,0.84
Suyog Telematics,/company/SUYOG/,SUYOG,7.36,,1.79,14.4,14.0,51.64,,873.28,745.30,2.03,30,nse,standalone,14.8,417,745,873,Telecommunication,Telecommunication,Telecom - Infrastructure,22,15,12,Jun 2026,Mar 2026,Jun 2026,41|42|45|46|48|49|50|64|52|53|65|65,12.46|11.22|5.11|10.59|11.44|11.44|7.11|25.04|7.20|7.42|24.18|26.14,,22|44|61|85|105|122|132|126|144|167|193|263,39|54|48|40|50|45|50|69|65|70|57|59,3.78|38.61|43.90|45.94|42.42|44.92|30.42|14.48|14.01|10.41|10.11|26.14,0.09|0.05|0.15|0.17|0.08|0.16|0.15|0.25|0.61|0.52|0.43|0.00,-1|33|40|59|60|47|67|72|71|62,20|39|68|86|101|126|196|256|340|366|410|539,1|0|1|2|3|2|3|5|5|7|8|8,47.30|47.30|49.53|49.78|49.77|52.02|52.02|51.64,4.30|3.03|3.05|1.32|1.29|0.68|0.64|0.67,0.01|0.59|0.67|0.67|0.61|0.01|0.01|0.00,0.67,0.00,0.67,3.32
Arihant Capital,/company/ARIHANTCAP/consolidated/,ARIHANTCAP,7.25,,1.98,11.0,7.69,67.68,,870.22,79.39,2.48,30,nse,consolidated,21.7,40.2,79.4,870,Financial Services,Financial Services,Stockbroking & Allied,14,12,3,Jun 2026,Mar 2026,Jun 2026,56|73|64|73|76|52|46|51|57|49|49|78,,,62|56|87|102|93|91|116|170|138|235|247|206,33|30|45|43|38|36|42|43|37|45|38|32,0.00|0.00|12.36|3.15|1.10|0.15|0.19|0.10|0.00|0.00|0.00|0.00,2.90|3.23|2.49|2.42|3.41|31.86|32.84|35.02|38.72|32.75|35.60|0.00,14|-46|-4|118|-32|-18|15|-30|30|-122,11|18|19|21|21|21|20|12|14|15|29|34,19|36|33|47|32|38|36|27|7|31|49|86,69.81|69.81|69.81|69.81|69.81|67.67|67.68|67.68,0.68|0.51|0.09|0.03|0.22|0.04|0.05|0.03,0.00|0.00|0.00|0.00|0.00|0.01|0.02|0.03,0.03,0.03,0.06,4.22
Ganesh Benzopl.,/company/GANESHBE/consolidated/,GANESHBE,7.36,,1.41,14.6,11.6,39.01,,863.37,119.93,10.94,30,nse,consolidated,13.2,84.9,120,863,Energy,"Oil, Gas & Consumable Fuels",Oil Storage & Transportation,-1,9,13,Jun 2026,Mar 2026,Jun 2026,103|106|146|88|98|89|100|96|99|105|111|118,34.62|39.01|53.79|35.33|32.88|25.85|19.92|24.62|23.48|30.68|27.16|29.69,,169|211|247|270|357|421|477|374|411,31|27|26|29|17|21|20|29|23,37.41|41.64|38.01|27.60|39.91|44.65|45.22|28.31|26.58,16.60|16.42|11.50|23.82|22.08|15.94|13.69|16.97|0.00,39|60|27|57|86|41|83|55|79,152|164|165|232|233|277|335|391|421,5|5|6|12|8|51|20|26|39,39.01|39.01|39.01|39.01|39.01|39.01|39.01|39.01,5.08|5.09|5.07|5.62|3.96|3.45|0.73|1.12,0.00|0.00|0.00|0.33|0.52|0.76|0.76|0.98,1.12,0.98,2.1,2.1
Max India Ltd,/company/MAXIND/consolidated/,MAXIND,-9.72,,1.93,-23.0,-32.8,48.33,,847.06,150.40,3.79,30,nse,consolidated,,77.7,150,847,Financial Services,Financial Services,Holding Company,0,11,37,Jun 2026,Mar 2026,Jul 2026,49|41|45|26|43|35|42|37|45|43|66|60,39.55|28.63|29.75|14.44|12.46|28.09|33.26|23.86|31.93|29.77|25.49|22.20,,213|128|233|212|191|163|211,-25|-17|0.3|4.8|-20|-62|-42,23.01|10.92|53.13|39.48|30.54|20.09|25.07,3.59|4.32|4.68|8.39|6.57|18.91|20.30,-19|73|66|69|-102|-128|-95,144|156|159|159|193|170|195,226|249|130|51|6|17|16,50.94|50.45|50.16|50.06|49.89|49.83|49.76|48.33,6.77|6.63|7.13|7.08|7.09|7.07|7.06|6.81,0.94|0.80|0.98|1.43|1.58|1.62|1.65|5.96,6.81,5.96,12.77,4.01
Anlon Healthcare,/company/AHCL/consolidated/,AHCL,18.52,,3.67,20.8,18.4,52.68,,845.64,15.91,6.04,30,nse,consolidated,26.7,4.33,15.9,846,Healthcare,Healthcare,Pharmaceuticals,,,43,Jun 2026,Mar 2026,Jun 2026,48.93|33.30|35.58|50.89|87.56,56|73|56|55|75,,120|172,27|28,62|61,3|5,-22|-59,23|58,50|113,52.68|52.68|52.68|52.68,0.00|0.23|0.32|1.67,2.83|4.49|4.60|1.23,1.67,1.23,2.9,4.92
Dhampur Bio,/company/DBOL/consolidated/,DBOL,12.01,,0.81,4.98,2.61,50.78,,832.63,125.42,3.8,30,nse,consolidated,32.6,155,125,833,Fast Moving Consumer Goods,Fast Moving Consumer Goods,Sugar,-4,,8,Jun 2026,Mar 2026,Jun 2026,538|280|463|467|466|464|464|492|558|486|460|533,84|64|61|79|87|75|57|84|87|69|61|81,,0|1564|2408|1864|1862|2109,|12|8|8|7|6,|72|76|74|74|76,|6|5|8|8|8,-0|-246|368|-101|130|220,631|690|909|1036|1076|1131,717|1057|819|1083|1094|1013,50.79|50.79|50.79|50.79|50.65|50.65|50.65|50.78,0.83|0.66|0.54|0.43|0.35|0.45|0.54|0.29,1.35|0.45|0.45|0.45|0.45|0.79|0.79|0.82,0.29,0.82,1.11,0.39
Mangal Electrica,/company/MEIL/,MEIL,9.97,,1.4,14.6,11.3,74.79,,827.25,299.40,2.28,30,nse,standalone,17.6,214,299,827,Industrials,Capital Goods,Other Electrical Equipment,18,37,17,Jun 2026,Mar 2026,Jun 2026,114.32|132.70|149.37|153.03|89.66|154.33|156.27|179.42|125.83,81|72|75|75|73|76|72|83|80,,208|121|218|354|449|549|580,7|10|9|13|9|15|12,0|72|74|76|81|76|76,82|4|3|3|2|2|4,-16|-1|37|27|37|-30|-101,32|30|31|34|40|39|70,44|64|65|82|83|148|192,74.44|74.79|74.79|74.79,2.39|2.03|2.19|1.28,6.68|6.19|4.43|4.30,1.28,4.30,5.58,1.43
Magadh Sugar,/company/MAGADSUGAR/,MAGADSUGAR,11.39,,0.93,7.75,7.39,61.02,,823.16,584.15,3.97,30,nse,standalone,15.9,625,584,823,Fast Moving Consumer Goods,Fast Moving Consumer Goods,Sugar,9,6,-6,Jun 2026,Mar 2026,Jun 2026,289|219|288|359|324|284|355|333|324|296|291|311,76|50|50|79|80|64|51|83|87|64|53|88,,0|0|681|717|739|916|952|995|953|1097|1322|1245,||24|9|14|17|12|13|14|19|16|12,||64|78|71|68|75|75|70|64|68|72,||5|5|6|6|5|4|6|7|6|6,89|21|41|-17|125|147|115|31|139|148,0|0|649|653|657|670|691|807|790|792|896|939,0|0|427|454|651|770|658|471|565|750|700|640,61.02|61.02|61.02|61.02|61.02|61.02|61.02|61.02,0.42|0.25|0.16|0.16|0.15|0.15|0.18|0.06,0.01|0.01|0.01|0.01|0.01|0.01|0.01|0.01,0.06,0.01,0.07,0.66
Solex Energy,/company/SOLEX/,SOLEX,6.16,,3.38,34.0,44.1,66.15,,820.56,759.60,3.21,30,nse,standalone,11.1,225,760,821,Industrials,Capital Goods,Other Electrical Equipment,113,81,104,Jun 2026,Mar 2026,Jun 2026,131.75|134.29|252.60|249.20|148.61|317.99|839.48|259.42,79|70|80|75|69|83|84|73,,6|46|34|101|149|138|80|72|161|366|660|1555,5|2.4|6|6|5|5|4.2|2.6|7|8|10|11,-17|1|-5|-4|2|1|-2|2|-6|-2|-1|81,106|94|94|94|89|90|94|89|91|87|83|0,1|-4|5|2|2|4|-6|2|-49|214,0|2|2|1|1|1|1|1|55|54|110|336,1|0|3|7|6|5|8|14|30|66|174|279,70.65|70.66|66.15|66.15|66.15|66.15|66.15|66.15,0.00|0.00|0.03|0.01|0.09|0.25|0.13|0.07,0.00|1.10|0.89|0.79|1.02|0.98|0.81|0.51,0.07,0.51,0.58,0.53
Excelsoft Tech.,/company/EXCELSOFT/consolidated/,EXCELSOFT,7.15,,1.41,13.6,9.83,59.08,,817.44,71.03,3.88,30,nse,consolidated,16.4,50.2,71.0,817,Information Technology,Information Technology,IT Enabled Services,12,17,27,Jun 2026,Mar 2026,Jun 2026,53.81|54.87|69.92|55.72|64.61|71.03|81.16|80.26,,,103|125|158|195|198|233|273,36|53|39|35|28|31|27,,2|1|1|9|9|10|0,28|63|61|56|56|53|50,346|315|330|349|336|135|176,,59.08|59.08|59.08,2.18|1.37|1.12,4.90|4.06|3.10,1.12,3.10,4.22,2.99
TVS Elec.,/company/TVSELECT/,TVSELECT,41.95,,8.5,5.75,1.71,59.78,,815.76,437.40,2.39,30,nse,standalone,,51.4,437,816,Information Technology,Information Technology,Computers Hardware & Equipments,9,15,12,Jun 2026,Mar 2026,Jun 2026,92.19|86.94|97.08|111.32|104.61|100.00|114.56|96.74|127.50|113.59|117.37|106.04,49|52|52|54|48|48|52|45|53|53|52|52,,270|594|2519|4107|2757|259|225|308|353|366|430|455,6|2.8|0.6|0.6|0.7|4.4|4.2|9|6|2.6|2.5|4.3,65|80|95|97|95|48|49|50|53|52|50|51,3|2|0|0|0|3|3|3|3|4|3|3,20|40|-6|-6|34|26|-8|14|7|6,41|38|32|28|30|37|29|26|34|57|63|57,28|41|153|485|32|31|37|47|62|55|65|71,59.91|59.91|59.91|59.91|59.91|59.78|59.78|59.78,0.03|0.00|0.03|0.04|0.03|0.21|0.01|0.34,0.02|0.02|0.02|0.02|0.02|0.03|0.03|0.03,0.34,0.03,0.37,1.79
Radhika Jeweltec,/company/RADHIKAJWE/,RADHIKAJWE,7.78,,2.04,25.1,20.8,57.68,,811.37,68.76,9.63,30,nse,standalone,10.2,33.7,68.8,811,Consumer Discretionary,Consumer Durables,"Gems, Jewellery And Watches",27,36,17,Jun 2026,Mar 2026,Jun 2026,107|176|154|94|131|206|157|99|133|214|193|153,84|84|86|75|81|82|84|71|77|78|81|76,,133|136|157|240|173|172|137|233|313|544|588|639,7|8|7|9|10|8|17|15|13|13|15|16,86|87|91|87|84|84|74|80|82|83|81|78,0|0|0|2|3|2|1|2|2|2|1|0,-71|4|-11|0|6|-4|-24|-26|17|-13,2|1|1|1|1|1|0|2|14|12|10|9,85|81|84|90|110|119|134|162|225|304|355|460,63.73|63.73|63.73|63.73|57.68|57.68|57.68|57.68,0.00|0.02|0.03|0.00|0.00|0.00|0.14|0.03,0.00|0.00|0.00|0.00|0.00|0.00|0.00|0.01,0.03,0.01,0.04,1.27
Kellton Tech,/company/KELLTONTEC/consolidated/,KELLTONTEC,6.66,,0.99,15.0,13.6,37.67,,800.83,15.07,5.7,30,nse,consolidated,8.77,15.2,15.1,801,Information Technology,Information Technology,IT Enabled Services,10,9,9,Jun 2026,Mar 2026,Mar 2026,241|245|248|262|271|279|286|295|300|308|314|316,0.00|0.00|0.00|0.00|0.00|0.00|0.03|2.59|0.00|0.00|0.64|2.26,,238|359|615|783|814|771|776|843|917|983|1098|1217,14|14|13|15|14|15|14|12|10|11|12|11,1.18||0.00|0.00|0.00|0.00|0.00|0.00|0.00|0.00|0.00|0.79,1.53||30.18|32.77|32.52|32.51|31.11|29.91|33.17|33.62|35.67|0.00,43|55|59|56|79|1|24|56|6|-10,107|118|222|228|220|278|206|199|64|69|63|116,0|3|2|2|3|0|0|0|0|0|6|0,51.68|40.82|40.82|40.82|40.78|38.70|37.67|37.67,0.46|1.32|1.43|1.07|1.27|0.96|1.21|1.04,,1.04,,1.04,0.66
Prostarm Info,/company/PROSTARM/,PROSTARM,14.99,,2.63,17.9,16.6,72.83,,796.63,135.31,3.64,30,nse,standalone,20.9,51.3,135,797,Industrials,Capital Goods,Other Electrical Equipment,18,24,33,Jun 2026,Mar 2026,Jun 2026,98.51|75.59|77.97|50.98|64.61|159.34|102.95|75.82,68|66|72|74|62|74|77|75,,110|131|171|229|256|346|378,8|9|10|12|14|14|13,78|78|76|73|72|72|73,2|2|1|2|3|6|2,0|-1|7|-13|-8|-3|-49,1|3|5|6|13|22|38,8|17|29|36|58|52|68,72.82|72.82|72.82|72.82|72.83,4.15|0.73|0.55|0.86|0.51,2.15|0.67|1.38|0.82|0.87,0.51,0.87,1.38,2.11
Scoda Tubes,/company/SCODATUBES/,SCODATUBES,10.26,,2.04,16.5,14.4,66.43,,794.33,132.59,2.49,30,nse,standalone,21.5,65.2,133,794,Industrials,Capital Goods,Iron & Steel Products,19,,11,Jun 2026,Mar 2026,Jun 2026,125.14|91.85|139.34|129.97|123.72|97.42|145.27|152.40|123.57|124.35,65|67|70|66|74|71|66|69|67|68,,194|305|400|485|519,5|11|15|16|15,83|70|66|69|68,6|11|14|9|0,-47|20|2|18|-14,11|62|82|81|185,63|99|112|150|210,66.43|66.43|66.43|66.43|66.43,8.09|7.80|8.04|8.16|8.39,7.88|6.90|7.40|7.36|3.58,8.39,3.58,11.97,1.53
20 Microns,/company/20MICRONS/consolidated/,20MICRONS,6.61,,1.62,17.3,14.5,45.04,,783.36,222.00,4.8,30,nse,consolidated,11.5,137,222,783,Commodities,Metals & Mining,Industrial Minerals,11,15,2,Jun 2026,Mar 2026,Jun 2026,200|175|212|231|240|215|227|247|231|215|261|245,53|53|54|54|53|52|55|53|52|52|55|51,,356|357|392|427|480|529|484|613|702|777|913|954,8|13|14|14|14|12|12|13|12|14|13|13,53|48|47|47|48|53|53|52|52|53|53|53,25|13|13|13|12|9|11|9|10|9|9|8,44|61|53|45|52|35|63|54|32|104,151|151|177|185|195|201|203|207|213|212|284|296,66|70|68|72|84|98|101|129|115|113|160|142,44.99|45.04|45.04|45.04|45.04|45.04|45.04|45.04,1.00|0.87|0.84|0.88|0.26|0.26|0.41|0.41,0.02|0.02|0.15|0.15|0.17|0.07|0.10|0.07,0.41,0.07,0.48,0.82
Patel Retail,/company/PATELRMART/,PATELRMART,10.55,,2.14,15.3,15.7,70.00,,777.16,232.68,2.18,30,nse,standalone,18.7,109,233,777,Consumer Discretionary,Consumer Services,Diversified Retail,1,5,42,Jun 2026,Mar 2026,Jun 2026,177.38|195.33|228.31|219.67|182.45|222.44|309.27|334.16|309.54,80|79|83|80|79|80|85|86|84,,635|823|766|1019|814|821|1048,3.2|3.0|2.9|4.2|7|7|7,88|86|85|84|81|81|83,2|2|2|3|4|4|0,31|-39|34|-6|25|28|-83,0|27|38|59|60|65|108,53|61|54|77|127|144|260,70.00|70.00|70.00|70.00,3.84|2.83|1.59|1.48,1.77|1.78|2.84|2.99,1.48,2.99,4.47,0.74
Visaka Industrie,/company/VISAKAIND/,VISAKAIND,5.66,,0.93,7.03,2.02,53.40,,774.62,89.65,8.74,30,nse,standalone,11.5,96.7,89.6,775,Commodities,Construction Materials,Cement & Cement Products,1,8,11,Jun 2026,Mar 2026,Jun 2026,340|343|391|456|307|351|426|505|324|367|479|589,55|52|55|57|54|54|53|55|51|51|52|52,,1021|1005|961|1012|1136|1050|1146|1416|1647|1521|1541|1676,9|9|12|15|13|10|17|14|8|6|7|8,57|57|52|49|49|49|46|47|53|54|55|52,13|12|12|11|12|13|11|12|13|14|13|14,153|88|71|74|294|55|30|5|119|183,312|294|327|322|419|406|396|461|615|738|711|677,250|232|196|242|272|304|249|293|381|425|365|352,48.42|48.42|48.42|48.42|53.24|53.24|53.24|53.40,0.38|0.35|0.46|0.14|0.18|0.13|0.10|0.03,0.02|0.06|0.06|0.09|0.02|0.02|0.02|0.02,0.03,0.02,0.05,0.46
Advent Hotels,/company/ADVENTHTL/consolidated/,ADVENTHTL,10.41,,0.85,6.78,5.47,47.69,,770.30,142.80,2.67,30,nse,consolidated,15.9,168,143,770,Consumer Discretionary,Consumer Services,Hotels & Resorts,,,4,Jun 2026,Mar 2026,Jun 2026,75.57|110.29|108.06|80.45|76.98|114.72|115.33|80.52,7.83|6.99|6.05|7.64|7.96|6.82|6.65|7.84,,201|367|387,39|36|37,0.00|0.00|7.17,19.16|21.15|0.00,190|2310|162,2337|2317|2029,3|3|4,47.41|47.69|47.69|47.69,5.29|2.92|3.26|2.36,0.60|0.53|0.42|0.41,2.36,0.41,2.77,1.99
Transpek Inds.,/company/TRANSPEK/consolidated/,TRANSPEK,6.82,,1,8.37,6.14,57.28,,765.39,1370.30,2.57,30,nse,consolidated,19.6,1374,1370,765,Commodities,Chemicals,Commodity Chemicals,-9,13,-5,Jun 2026,Mar 2026,Jun 2026,120.94|148.32|148.21|151.86|162.70|170.04|165.26|154.23|160.27|158.48|148.22|151.06,51.48|44.41|51.26|51.84|52.42|48.94|51.57|49.72|45.26|43.63|48.75|48.09,,290|284|317|361|595|566|339|599|827|580|650|621,13|17|17|13|20|21|14|17|18|14|16|15,50.71|43.82|46.94|53.22|50.63|46.02|47.90|52.53|52.97|49.59|51.16|46.78,11.50|12.39|10.89|9.90|9.36|11.17|12.52|10.21|8.40|10.98|8.77|9.38,47|7|128|111|35|47|111|98|135|78,92|94|117|179|236|287|287|295|365|397|360|343,27|38|37|46|56|50|37|66|65|64|67|50,57.47|57.47|57.47|57.47|57.47|57.47|57.47|57.28,0.05|0.03|0.03|0.04|0.03|0.03|0.02|0.02,1.86|1.86|1.86|1.83|1.64|1.64|1.60|1.05,0.02,1.05,1.07,1.23
Denta Water,/company/DENTA/consolidated/,DENTA,9.17,,1.65,18.8,14.0,71.91,,757.61,283.75,8.73,30,nse,consolidated,14.2,172,284,758,Utilities,Utilities,Water Supply & Management,13,51,9,Jun 2026,Mar 2026,Jun 2026,46|104|49|48|51|54|67|74|54|55|59,77|63|59|64|59|60|62|63|61|74|73,,32|120|174|239|203|250,46|43|38|33|34|30,0|0|34|26|10|65,54|56|26|38|51|0,27|-8|51|27|-72|-34,6|10|24|25|24|24,1|3|6|20|73|119,71.91|71.91|71.91|71.91|71.91|71.91,1.88|1.11|0.25|0.00|0.01|0.00,5.12|2.86|1.90|0.63|0.32|0.32,0.00,0.32,0.32,3.03
A B Infrabuild,/company/ABINFRA/,ABINFRA,18.95,,4.45,16.1,13.8,30.94,,755.05,11.82,9.2,30,nse,standalone,38.7,2.65,11.8,755,Industrials,Construction,Civil Construction,28,33,7,Jun 2026,Mar 2026,Jun 2026,53.88|52.22|23.65|14.15|47.23|75.04|71.75|60.56|37.30|74.41|83.93|76.25,78|77|71|65|80|84|77|78|80|81|79|80,,85|71|70|59|55|64|62|64|122|184|208|256,10|10|9|15|14|12|6|8|10|13|16|15,73|72|69|61|72|79|86|83|84|1|-15|80,8|9|13|13|5|4|1|3|2|82|96|0,4|3|1|-9|0|1|15|5|-24|-51,6|4|4|4|2|1|1|2|3|36|36|43,24|22|31|39|47|46|50|46|53|51|81|111,36.82|37.14|37.14|30.94|30.94|30.95|30.95|30.94,0.00|0.00|0.00|0.01|0.00|0.03|0.69|0.00,0.00|0.00|0.00|0.00|0.00|0.00|0.01|0.01,0.00,0.01,0.01,2.95
Advance Agrolife,/company/ADVANCE/,ADVANCE,9.09,,2.43,19.3,17.2,69.89,,751.82,116.95,6.45,30,nse,standalone,15.4,48.2,117,752,Commodities,Chemicals,Pesticides & Agrochemicals,17,26,48,Jun 2026,Mar 2026,Jun 2026,132|167|113|90|169|213|133|124|330,79|74|78|74|78|77|79|71|80,,204|250|395|451|496|638,8|6|6|9|10|10,0|82|82|80|77|76,83|6|5|5|6|0,8|-0|6|15|6|-70,16|17|23|40|66|83,21|30|39|49|88|205,69.89|69.89|69.89,4.42|2.58|3.82,2.03|1.92|2.08,3.82,2.08,5.9,1.18
DMCC Speciality,/company/DMCC/,DMCC,10.41,,3.03,14.8,11.5,53.84,,750.69,301.00,3.75,30,nse,standalone,18.8,99.3,301,751,Commodities,Chemicals,Specialty Chemicals,15,24,50,Jun 2026,Mar 2026,Jun 2026,77|81|84|85|103|118|125|127|126|151|178|253,58|63|64|62|59|62|65|64|68|73|74|76,,120|108|175|178|227|188|200|326|387|328|431|582,16|15|17|13|24|15|18|12|9|11|13|11,59|50|57|58|50|48|45|60|64|61|62|70,11|13|9|11|12|15|15|10|9|8|7|6,29|18|21|27|32|51|30|38|38|-18,24|26|83|87|99|101|108|174|230|238|234|219,12|15|17|21|25|28|37|42|53|44|43|92,53.84|53.84|53.84|53.84|53.84|53.84|53.84|53.84,0.26|0.36|0.32|1.16|0.39|0.13|0.13|0.15,1.24|1.24|1.24|1.31|1.28|1.27|1.27|1.50,0.15,1.50,1.65,1.29
Modi's Navnirman,/company/MODIS/,MODIS,18.48,,4.71,25.8,20.5,63.79,,739.47,377.45,4.64,30,nse,standalone,23.8,80.0,377,739,Consumer Discretionary,Realty,"Residential, Commercial Projects",,,84,Jun 2026,Mar 2026,Jun 2026,32.02|19.94|45.54|37.85|54.43|51.49|58.26,73|36|74|81|68|88|77,,3|22|0|0|21|103|189,18|10|100|-7|2.2|26|19,-283|23|0|1038|90|-30|-23,356|63|0|0|0|100|100,-3|8|-4|-10|-33|-20|-2,0|0|0|0|0|1|1,13|8|0|17|58|104|146,63.79|63.79|63.79|63.79|63.79|63.79|63.79|63.79,4.90|6.43|6.94|10.42|11.51|11.17|8.82|9.50,0.00|0.00|0.00|0.49|0.75|1.16|1.16|1.37,9.50,1.37,10.87,3.91
Praveg,/company/PRAVEG/consolidated/,PRAVEG,15.07,,1.61,1.72,-2.51,46.19,,723.18,276.65,3.17,30,nse,consolidated,,172,277,723,Consumer Discretionary,Consumer Services,Hotels & Resorts,42,40,35,Jun 2026,Mar 2026,Jun 2026,14|33|33|23|31|54|58|39|38|90|74|46,,,60|60|45|45|84|92|167|241,7|11|35|44|53|32|30|24,,77|75|50|40|35|43|47|0,3|6|15|7|25|17|33|60,3|3|5|8|34|183|304|391,2|2|4|4|12|12|12|12,45.98|45.98|45.50|45.50|45.50|45.94|46.07|46.19,10.00|10.41|10.57|5.48|5.01|3.47|2.73|1.82,4.88|5.28|4.21|7.65|6.04|4.86|4.65|3.79,1.82,3.79,5.61,3
Ganesh Consumer,/company/GANESHCP/,GANESHCP,6.56,,1.9,19.4,14.2,65.65,,703.79,174.15,3.44,30,nse,standalone,15.5,91.7,174,704,Fast Moving Consumer Goods,Fast Moving Consumer Goods,Packaged Foods,13,12,-1,Jun 2026,Mar 2026,Jun 2026,189|223|218|220|203|239|212|218|189,74|78|79|80|74|74|74|76|72,,499|491|455|611|759|850|871,8|11|10|9|8|9|10,79|74|74|77|79|78|75,4|5|3|7|7|7|0,|5|58|-13|88|46|80,78|64|63|173|151|169|188,25|62|47|100|62|81|80,64.08|64.08|64.08|65.65,8.17|5.36|2.78|2.26,5.55|5.48|5.63|5.50,2.26,5.50,7.76,0.81
Agarwal Indl.,/company/AGARIND/consolidated/,AGARIND,7.44,,1.01,7.92,6.62,57.20,,695.99,465.30,9.12,30,nse,consolidated,17.0,461,465,696,Commodities,Chemicals,Petrochemicals,-6,13,-35,Jun 2026,Mar 2026,Jun 2026,232|488|776|708|326|542|823|594|245|408|405|433,68|77|81|79|66|75|84|80|62|72|73|73,,222|281|297|414|531|787|904|1598|2015|2125|2399|1652,7|8|9|7|7|6|8|7|7|8|8|7,75|76|72|76|80|82|80|82|83|79|78|74,4|4|16|14|12|10|10|10|9|11|12|0,-12|8|30|49|49|65|157|112|100|235,31|39|44|62|57|102|160|219|341|589|691|718,10|7|17|37|27|28|48|65|116|128|196|118,57.20|57.20|57.20|57.20|57.20|57.20|57.20|57.20,5.51|6.26|5.98|6.04|5.91|5.05|4.69|2.37,0.38|0.38|0.54|0.01|0.01|0.01|0.01|0.06,2.37,0.06,2.43,0.42
Emami Paper,/company/EMAMIPAP/,EMAMIPAP,6.08,,1.39,11.4,12.4,74.97,,691.15,114.24,2.44,30,nse,standalone,7.32,81.9,114,691,Commodities,Forest Materials,Paper & Paper Products,-7,9,7,Jun 2026,Mar 2026,Jun 2026,437|515|484|504|495|454|475|460|451|500|496|560,69|64|64|70|70|69|69|68|68|66|65|64,,521|539|1140|1356|1538|1515|1216|1958|2381|1994|1928|1907,10|9|11|12|16|14|15|16|9|12|7|10,59|61|63|63|59|60|62|63|69|66|68|65,19|18|16|16|16|14|13|11|11|12|13|13,-15|69|275|313|246|329|32|351|44|197,448|1195|1220|1282|1297|1298|1225|1161|1148|1085|1059|1031,116|173|229|261|332|278|223|227|409|247|369|388,74.98|74.98|74.98|74.98|74.97|74.97|74.97|74.97,0.57|0.56|0.55|0.54|0.53|0.53|0.53|0.54,0.58|0.00|0.00|0.00|0.04|0.07|0.06|0.00,0.54,0.00,0.54,0.36
South West Pinn.,/company/SOUTHWEST/consolidated/,SOUTHWEST,10.30,,3.06,20.0,17.7,65.94,,682.61,209.06,7.72,30,nse,consolidated,17.1,68.2,209,683,Services,Services,Diversified Commercial Services,25,19,39,Jun 2026,Mar 2026,Jul 2026,23.27|42.15|45.01|29.43|27.36|48.54|73.84|40.22|62.44|62.67|77.70|61.68,43.23|50.60|52.23|45.80|43.93|48.99|32.79|16.61|10.38|15.99|17.25|20.96,,74|79|85|86|104|118|124|133|180|243,27|31|22|18|23|21|16|19|19|24,30.69|0.00|0.00|0.00|0.00|0.00|21.13|30.54|24.91|15.06,10.64|42.98|53.25|53.25|57.80|59.49|44.70|30.05|37.83|0.00,26|-16|9|13|17|10|4|19|27|12,64|61|48|67|63|56|59|77|67|115,22|25|28|30|32|35|41|43|46|51,73.61|68.85|68.85|68.85|68.85|68.85|64.81|65.94,0.08|0.01|0.12|0.08|0.28|0.76|0.81|0.41,,0.41,,0.41,2.81
Sheetal Cool,/company/SCPL/,SCPL,16.01,,4.34,16.0,13.3,70.08,,678.09,645.80,6.2,30,nse,standalone,32.7,149,646,678,Fast Moving Consumer Goods,Fast Moving Consumer Goods,Dairy Products,2,10,24,Jun 2026,Mar 2026,Jun 2026,70.17|62.65|84.75|123.75|52.99|51.01|93.55|112.90|55.91|63.88|133.31|132.64,68|68|63|71|91|61|52|70|65|67|73|72,,45|125|155|206|234|259|232|327|340|353|321|366,7|3.9|5.0|7|8|13|10|12|13|13|12|11,73|83|77|77|73|68|71|73|67|69|67|70,0|0|9|9|9|9|9|7|10|9|10|0,14|-0|19|21|6|5|18|30|38|34,12|14|30|46|82|92|65|53|49|44|40|48,2|5|10|37|39|51|97|117|168|130|148|152,65.59|65.59|65.59|65.59|65.59|65.59|67.07|70.08,0.07|0.02|0.21|0.00|0.00|0.00|0.00|0.02,0.34|0.62|0.60|0.86|0.57|0.00|0.00|0.10,0.02,0.10,0.12,1.85
DC Infotech,/company/DCI/,DCI,18.71,,6.23,23.0,23.7,62.20,,672.48,410.05,3.83,30,nse,standalone,30.6,65.8,410,672,Information Technology,Information Technology,Computers Hardware & Equipments,27,34,29,Jun 2026,Mar 2026,Jun 2026,110.43|101.94|154.59|118.51|130.32|134.19|172.72|148.09|153.42|195.78|239.42|167.20,92|92|92|92|92|91|92|92|90|91|91|91,,15|148|169|232|359|459|555|737,8|3.1|3.1|3.2|3.5|4.4|4.7|4.8,|90|93|93|93|92|92|91,|2|0|0|0|0|0|0,1|-7|1|10|-11|-8|-4|-37,1|1|1|2|1|2|3|8,30|30|32|37|54|59|71|116,57.04|59.10|59.10|63.75|63.75|63.75|62.20|62.20,1.35|1.28|1.28|1.14|1.09|1.14|1.28|1.16,,1.16,,1.16,0.91
Kanpur Plastipa.,/company/KANPRPLA/,KANPRPLA,9.55,,2.52,17.2,15.6,68.15,,669.16,272.32,2.3,30,nse,standalone,15.4,108,272,669,Industrials,Capital Goods,Packaging,15,10,12,Jun 2026,Mar 2026,Aug 2026,120|123|150|132|152|161|168|180|165|192|179|203,58|67|64|62|60|61|63|66|60|67|62|64,,244|247|243|278|318|314|451|624|476|492|563|716,11|15|14|10|7|6|12|8|5|3.9|8|9,63|56|53|57|62|60|56|61|62|62|60|64,15|16|17|16|16|16|15|13|12|14|12|10,7|29|26|41|-3|28|66|-4|37|56,66|70|73|78|164|164|185|210|204|274|204|198,33|29|40|40|52|48|103|117|83|98|107|106,66.74|66.74|67.26|67.63|67.63|68.12|68.03|68.15,0.00|0.00|0.05|0.03|0.00|0.00|0.02|0.00,0.00|0.00|0.00|0.97|1.11|1.48|1.40|1.67,0.00,1.67,1.67,0.93
Indo Farm Equip.,/company/INDOFARM/consolidated/,INDOFARM,11.36,,1.2,7.42,4.54,70.62,,667.20,138.85,2.64,30,nse,consolidated,26.8,116,139,667,Industrials,Capital Goods,Construction Vehicles,7,13,11,Jun 2026,Mar 2026,Jun 2026,74.96|86.09|96.17|129.97|96.26|103.89|105.87|133.99|110.24,55|57|56|63|57|60|58|60|59,,245|244|320|356|360|368|440,14|17|17|17|17|16|13,55|61|62|63|61|61|59,4|2|2|2|2|3|0,28|1|10|30|41|53|30,172|184|194|206|202|214|211,128|141|164|163|165|173|179,69.44|69.44|69.53|69.80|70.46|70.62,0.82|0.55|0.40|0.01|0.18|0.08,5.97|4.88|4.72|4.31|3.40|2.52,0.08,2.52,2.6,1.52
Kronox Lab,/company/KRONOX/,KRONOX,15.17,,5.75,36.0,26.8,74.21,,666.35,179.59,25.55,30,nse,standalone,23.3,31.3,180,666,Commodities,Chemicals,Specialty Chemicals,2,10,6,Jun 2026,Mar 2026,Jun 2026,21.02|20.71|22.18|25.19|24.86|24.01|26.13|24.29|25.53|25.27|26.13|28.39,52.14|53.02|47.25|53.08|45.45|49.48|55.03|48.37|44.50|47.05|44.78|49.24,,50|62|82|96|90|100|101,23|24|24|23|32|33|34,52.28|55.09|57.63|57.42|51.02|49.40|46.02,7.49|7.32|5.29|5.83|7.29|9.71|9.58,4|11|9|20|17|31|24,6|9|11|16|26|28|29,5.04|5.49|7.51|9.17|9.25|6.37|8.37,74.21|74.21|74.21|74.21|74.21|74.21|74.21|74.21,0.56|0.49|0.05|0.03|0.03|0.05|0.08|0.04,2.57|2.20|2.20|1.71|1.93|2.00|2.05|2.07,0.04,2.07,2.11,6.59
Susan Electrical,/company/544793/,544793,22.22,,,37.0,64.6,66.97,,660.24,324.75,6.27,30,bse,standalone,26.4,,325,660,Industrials,Capital Goods,Cables - Electricals,51,41,99,Jun 2026,Mar 2026,Jun 2026,25.16|153.75|115.61|95.36,84|83|81|83,,49|55|78|103|135|269,1.8|2.2|1.7|3.5|9|12,88|92|91|88|83|83,5|2|2|3|2|1,0|0|4|-5|-18|-10,0|0|6|10|10|13,2|2|3|10|29|51,66.97,2.12,13.46,2.12,13.46,15.58,2.45
Shalimar Paints,/company/SHALPAINTS/consolidated/,SHALPAINTS,-36.79,,2.62,-7.93,-21.4,74.96,,658.22,78.63,6.45,30,nse,consolidated,,30.0,78.6,658,Consumer Discretionary,Consumer Durables,Paints,6,12,-11,Jun 2026,Mar 2026,Jun 2026,119|146|144|128|145|148|178|155|134|131|156|138,76|69|77|73|73|73|72|69|66|69|65|71,,416|384|350|271|288|344|326|358|484|535|600|576,2.1|8|4.1|-13|-21|-10|1.1|-6|-3.0|-10|-10|-3.9,74|68|70|77|77|68|68|75|74|72|73|67,1|1|2|2|3|2|3|3|5|6|6|5,34|36|-94|-9|16|-62|-48|18|-59|23,76|75|222|250|246|295|283|276|272|275|303|300,106|111|93|74|71|87|89|95|117|116|134|102,75.72|75.72|74.96|74.96|74.96|74.96|74.96|74.96,0.00|0.00|0.01|0.00|0.01|0.04|0.08|0.04,0.03|0.03|0.03|0.03|0.03|0.03|0.03|0.03,0.04,0.03,0.07,1.14
Manba Finance,/company/MANBA/,MANBA,8.34,,1.61,12.5,11.6,74.98,,657.18,130.81,3.19,30,nse,standalone,13.4,81.6,131,657,Financial Services,Financial Services,Non Banking Financial Company (NBFC),35,26,32,Jun 2026,Mar 2026,Jun 2026,35|48|55|49|65|69|68|67|78|90|93|93,,,29|87|118|105|107|133|192|250|328,,,2.07|4.03|2.99|0.94|0.96|1.28|1.13|0.95|0.00,||7|73|18|-124|-141|-324|-378,10|15|14|16|13|22|20|18|15,,74.98|74.98|74.98|74.98|74.98|74.98|74.98|74.98,5.16|2.35|0.92|0.87|0.88|0.92|0.87|0.92,3.26|0.42|0.00|0.00|0.00|0.00|0.00|0.00,0.92,0.00,0.92,2
Sharat Industrie,/company/SHINDL/,SHINDL,18.51,,4.16,12.9,10.9,45.01,,643.63,164.13,2.19,30,nse,standalone,38.3,39.4,164,644,Fast Moving Consumer Goods,Fast Moving Consumer Goods,Seafood,17,16,31,Jun 2026,Mar 2026,Jun 2026,96.84|60.75|64.67|89.85|100.34|96.44|93.91|115.20|149.73|142.54|117.24|120.30,76|73|77|74|73|73|81|74|78|77|84|75,,199|145|158|147|193|199|250|246|332|302|381|525,4.8|7|3.9|5|6|6|4.5|6|6|7|8|7,74|71|77|75|75|73|78|71|74|76|75|78,11|11|8|9|9|8|7|8|7|7|5|0,7|-3|-3|7|-11|2|17|-2|-26|1,34|36|36|37|43|42|42|46|49|46|43|46,37|36|35|35|41|54|65|55|55|67|75|108,43.58|43.58|43.58|43.95|43.95|44.37|45.01|45.01,0.23|0.20|0.20|0.20|0.18|0.00|0.00|0.07,0.22|0.22|0.22|0.22|0.22|0.22|0.59|0.59,0.07,0.59,0.66,1.23
Onward Technolog,/company/ONWARDTEC/consolidated/,ONWARDTEC,7.15,,2.59,22.9,19.5,39.97,,639.00,287.20,2.45,30,nse,consolidated,14.2,111,287,639,Information Technology,Information Technology,IT Enabled Services,7,18,11,Jun 2026,Mar 2026,Jun 2026,120|114|118|118|123|123|127|133|139|135|137|149,,,189|198|224|244|261|272|240|307|441|472|491|544,7|7|5|4.6|9|9|7|7|6|11|9|13,2|2|1|2|2|0|1|0|0|0|0|0,1|1|1|1|1|3|3|9|8|8|8|9,14|16|11|29|33|-4|6|62|32|65,12|11|18|16|15|28|30|57|54|63|65|89,0|0|0|0|0|0|0|0|0|0|0|0,37.94|37.86|38.66|39.02|39.02|39.09|39.07|39.97,8.97|9.18|9.30|9.29|9.21|9.39|9.83|9.32,7.38|6.38|3.86|3.73|4.00|2.90|3.54|1.80,9.32,1.80,11.12,1.17
Aries Agro,/company/ARIES/consolidated/,ARIES,6.97,,1.88,21.2,13.7,52.66,,629.80,484.30,4.37,30,nse,consolidated,13.2,257,484,630,Commodities,Chemicals,Fertilizers,17,15,19,Jun 2026,Mar 2026,Jun 2026,158|147|107|135|194|170|128|161|204|202|185|188,49|48|55|51|51|49|55|52|48|49|59|51,,278|263|253|291|265|296|381|432|472|516|622|753,20|18|17|16|16|14|15|11|10|11|11|12,48|48|40|44|37|36|50|53|53|50|52|52,7|8|15|13|12|11|2|6|6|6|6|0,48|14|44|59|56|69|54|77|105|86,87|87|71|88|95|48|55|68|75|96|110|116,145|142|142|127|130|138|141|147|144|126|133|144,52.66|52.66|52.66|52.66|52.66|52.66|52.66|52.66,2.53|3.38|2.98|4.29|3.20|2.91|3.25|3.13,0.00|0.00|0.00|0.26|0.00|0.00|0.00|0.02,3.13,0.02,3.15,0.84
Saurashtra Cem.,/company/SAURASHCEM/consolidated/,SAURASHCEM,8.92,,0.65,2.50,2.28,66.62,,626.88,56.33,2.82,30,nse,consolidated,39.1,86.4,56.3,627,Commodities,Construction Materials,Cement & Cement Products,0,20,8,Jun 2026,Mar 2026,Jun 2026,374.86|446.69|497.49|385.80|296.28|377.50|478.05|423.57|385.64|410.19|446.65|456.75,14.31|16.69|17.07|10.01|14.43|23.12|21.13|17.62|21.13|24.63|19.06|25.46,,563|530|470|574|622|608|674|1451|1645|1765|1538|1666,16|12|6|9|0.8|18|17|4.4|0.4|7|2.9|3.1,6.72|10.90|5.34|5.19|6.55|0.21|5.78|4.42|8.87|9.44|9.69|20.54,45.56|40.18|49.28|43.85|53.29|43.61|39.62|56.33|58.75|50.26|49.86|33.10,34|49|15|63|134|-8|21|155|30|36,178|201|317|334|349|351|345|813|831|872|932|909,78|48|58|56|78|100|56|186|180|263|251|248,66.83|66.78|66.71|66.69|66.69|66.69|66.62|66.62,0.03|0.01|0.04|0.02|0.04|0.20|0.16|0.08,0.36|0.36|0.36|0.12|0.12|0.12|0.12|0.12,0.08,0.12,0.2,0.38
Best Agrolife,/company/BESTAGRO/consolidated/,BESTAGRO,7.21,,0.81,5.16,1.16,50.44,,624.58,17.61,7.37,30,nse,consolidated,21.1,21.7,17.6,625,Commodities,Chemicals,Pesticides & Agrochemicals,-10,7,-24,Jun 2026,Mar 2026,Jun 2026,811|314|135|519|747|274|274|381|517|203|156|396,74|77|108|75|66|68|77|71|67|68|77|63,,127|151|905|1211|1746|1873|1814|1257,0.5|-1.4|6|14|18|12|11|8,0|0|92|69|38|22|27|70,0|0|0|13|35|55|45|0,-14|-41|13|-60|-180|36|228|97,0|0|19|180|203|362|374|351,10|24|154|455|709|958|773|651,50.10|50.10|50.44|50.44|50.44|50.44|50.44|50.44,8.03|5.11|5.80|5.75|5.75|5.63|5.53|5.56,2.67|2.74|2.74|2.74|2.11|2.11|2.11|2.13,5.56,2.13,7.69,0.5
Hardwyn India,/company/HARDWYN/,HARDWYN,31.88,,1.53,4.70,3.18,43.77,,620.20,9.07,2.71,30,nse,standalone,52.0,5.93,9.07,620,Consumer Discretionary,Consumer Durables,"Furniture, Home Furnishing",9,23,11,Jun 2026,Mar 2026,Jul 2026,36.34|35.06|36.94|30.90|39.87|34.49|36.30|31.95|43.14|38.56|46.41|30.08,90|77|79|88|82|79|87|80|82|88|84|81,,18|42|12|57|84|124|135|141|160,0.6|0.6|4.2|3.6|6|11|12|12|13,99|98|94|92|86|82|81|81|84,0|0|0|2|3|3|3|4|0,-7|-9|6|-4|-0|4|2|1|7,0|0|0|0|1|1|5|4|4,0.06|0.00|0.18|9.98|14.05|31.61|45.79|53.90|46.37,43.77|43.77|43.77|43.77|43.77|43.77|43.77|43.77,0.07|0.91|0.01|0.01|0.63|0.64|0.22|0.31,,0.31,,0.31,3.88
Indo Thai Sec.,/company/INDOTHAI/consolidated/,INDOTHAI,5.54,,0.89,34.6,28.6,56.07,,613.45,46.18,32.82,30,nse,consolidated,8.94,51.8,46.2,613,Financial Services,Financial Services,Stockbroking & Allied,139,37,218,Jun 2026,Mar 2026,Jun 2026,8|9|7|9|9|6|6|14|24|28|38|21,-0.00|-0.00|0.15|-0.00|-0.00|-0.00|-0.00|-0.00|-0.00|-0.00|-0.00|-0.00,,37|49|45|58|8|9|22|20|8|31|27|104,11|14|-1.2|22|-3.6|-128|77|62|-114|65|44|83,79.86|78.50|-9.82|1.22|4.17|0.00|0.00|0.00|0.40|0.06|0.00|0.00,0.89|1.15|98.64|67.57|51.89|187.94|8.40|13.96|135.44|12.19|20.41|0.00,0|7|4|13|4|5|1|-3|-22|-34,3|6|3|10|10|10|11|12|11|13|13|14,9|6|11|4|0|3|10|0|0|1|1|1,72.18|72.18|61.73|60.87|59.36|56.77|56.50|56.07,0.00|0.13|0.52|0.48|1.17|1.28|1.22|1.28,0.00|0.00|0.00|0.00|0.00|0.19|0.49|0.46,1.28,0.46,1.74,5.89
Ugar Sugar Works,/company/UGARSUGAR/,UGARSUGAR,9.46,,2.6,9.00,6.05,44.54,,608.96,54.13,4.02,30,nse,standalone,21.1,20.8,54.1,609,Fast Moving Consumer Goods,Fast Moving Consumer Goods,Sugar,-6,9,17,Jun 2026,Mar 2026,Jun 2026,234.06|360.93|368.17|315.79|240.37|262.66|511.00|356.34|417.39|321.04|389.49|477.88,89|71|78|86|98|75|80|85|88|72|65|86,,652|837|585|650|750|870|956|1137|1794|1151|1330|1484,3.2|6|11|-3.2|7|8|7|9|12|6|3.0|7,74|80|66|81|74|75|77|75|76|75|81|75,10|4|9|10|9|7|6|7|5|8|7|10,-13|37|-46|45|-78|93|394|-37|21|44,170|158|164|163|152|136|127|117|224|254|234|340,422|419|402|590|657|588|635|769|365|485|526|701,44.41|44.81|46.57|46.73|47.03|46.75|44.54|44.54,0.61|0.50|0.38|0.67|0.19|0.17|0.19|0.09,0.00|0.00|0.00|0.00|0.00|0.00|0.00|0.00,0.09,0.00,0.09,0.41
Aerpace Indus,/company/534733/consolidated/,534733,-42.15,,15.78,-21.5,-35.2,45.25,,592.35,38.50,2.16,30,bse,consolidated,,2.44,38.5,592,Industrials,Capital Goods,Iron & Steel Products,,,,Jun 2026,Mar 2026,Jun 2026,0.30|0.30|0.00|0.00|0.00|0.00|0.00|0.00|0.00|0.00|0.00,,,0|0|0|0,|||,,,-0|-2|-5|-3,1|5|19|45,0.00|0.00|0.02|0.48,46.53|46.60|45.35|45.35|44.93|44.74|45.25|45.25,,,,,,
Pyramid Technopl,/company/PYRAMID/,PYRAMID,11.61,,2.13,12.3,11.0,74.94,,588.15,159.89,4.67,30,nse,standalone,18.8,75.2,160,588,Industrials,Capital Goods,Packaging,12,17,19,Jun 2026,Mar 2026,Jun 2026,132|128|134|134|133|153|171|164|161|161|195|222,75|75|74|76|75|77|76|74|74|73|72|77,,259|314|400|480|532|591|681,7|10|11|10|8|7|8,74|73|75|76|76|76|73,7|5|5|5|5|5|0,12|8|-6|39|-4|35|-41,50|52|50|65|96|115|234,14|22|37|46|59|61|107,74.94|74.94|74.94|74.94|74.94|74.94|74.94|74.94,0.63|0.95|1.02|0.96|1.04|0.96|0.97|0.97,2.77|2.77|2.77|2.95|3.17|3.26|3.26|3.14,0.97,3.14,4.11,0.86
Zee Media,/company/ZEEMEDIA/consolidated/,ZEEMEDIA,5.48,,2.49,5.27,3.00,9.04,,585.30,8.93,4.57,30,nse,consolidated,174,3.58,8.93,585,Consumer Discretionary,"Media, Entertainment & Publication",TV Broadcasting & Software Production,2,3,22,Jun 2026,Mar 2026,Jun 2026,152|167|179|176|131|159|156|182|179|240|158|191,,,544|543|450|573|687|632|649|867|721|638|622|759,7|14|22|19|23|29|34|30|8|-6|-2.9|14,10|8|0|0|0|0|0|0|0|0|0|0,23|21|21|19|20|21|17|19|24|28|27|0,95|66|59|164|123|230|146|77|64|98,630|579|152|230|247|294|262|329|340|555|428|323,5|7|0|0|3|0|0|0|0|0|0|0,1.62|1.62|1.62|3.90|6.30|9.48|9.48|9.04,8.78|12.06|13.65|15.97|16.00|15.00|16.04|19.75,0.00|4.24|4.22|4.25|4.25|4.19|4.19|4.12,19.75,4.12,23.87,0.77
Mawana Sugars,/company/MAWANASUG/consolidated/,MAWANASUG,10.38,,1.1,8.35,8.09,63.49,,578.74,147.94,5.64,30,nse,consolidated,17.1,134,148,579,Fast Moving Consumer Goods,Fast Moving Consumer Goods,Sugar,2,1,9,Jun 2026,Mar 2026,Jun 2026,381|326|322|387|382|334|343|401|429|367|374|416,94|72|59|85|89|77|58|88|90|76|61|92,,1399|1485|1191|1344|1165|1161|1469|1478|1482|1355|1446|1571,-3.8|7|14|3.2|10|4.5|7|7|5|7|8|7,||61|72|60|81|81|81|82|79|78|79,||16|15|19|5|4|4|5|5|5|5,49|63|-100|-139|160|-151|108|-164|114|73,474|441|321|313|296|298|232|212|197|204|198|188,313|441|472|469|792|854|805|700|688|878|821|804,63.49|63.49|63.49|63.49|63.49|63.49|63.49|63.49,0.88|0.43|0.44|0.96|0.58|0.44|0.55|0.45,0.07|0.07|0.07|0.07|0.07|0.07|0.06|0.06,0.45,0.06,0.51,0.37
Bai-Kakaji Poly.,/company/544670/,544670,10.60,,3.29,21.2,19.2,74.07,,575.67,268.95,2.14,30,bse,standalone,26.2,81.8,269,576,Consumer Discretionary,Consumer Durables,Plastic Products - Consumer,9,,9,Mar 2026,Mar 2026,Mar 2026,192,74,,193|273|294|325|353,7|5|7|10|14,81|82|81|78|71,9|9|7|8|11,7|13|21|-10|29,38|36|46|103|112,15.11|18.50|23.05|40.75|43.46,73.58|74.07,2.77|2.42,11.09|7.76,2.42,7.76,10.18,1.63
Aqylon Nexus,/company/AQYLON/,AQYLON,92.38,,-100.45,131,,45.60,,561.00,22.11,9.58,30,nse,standalone,790,-0.22,22.1,561,Consumer Discretionary,"Media, Entertainment & Publication",TV Broadcasting & Software Production,,,329,Jun 2026,Mar 2026,Jun 2026,0.00|0.00|1.50|1.00|1.27|2.36|1.39|0.03|4.34|4.95|3.88|8.47,||166.67|0.00|29.13|35.17|36.69|66.67|95.16|55.56|78.35|39.32,,91|108|138|57|15|-1|0|0|0|2|6|13,27|34|30|-7|-56|||||-210|9|4.1,0|-1|-8|-5|85|||||167|28|75,65|58|72|101|63|||||0|4|0,51|6|-10|0|-0|-0|0|-12|6|7,119|119|219|196|171|148|127|107|86|35|5|7,0.00|0.79|11.60|14.57|1.57|2.71|2.71|2.71|2.71|0.00|0.00|0.00,59.33|59.33|59.22|59.22|59.23|59.12|58.33|45.60,0.00|0.00|0.00|0.00|0.00|0.72|1.56|8.39,0.44|0.26|0.09|39.50|39.50|0.09|29.94|27.60,8.39,27.60,35.99,43.15
Mold-Tek Technol,/company/MOLDTECH/consolidated/,MOLDTECH,17.32,,4.36,10.6,8.21,50.47,,559.02,194.07,4.64,30,nse,consolidated,30.4,44.5,194,559,Industrials,Construction,Civil Construction,7,17,49,Jun 2026,Mar 2026,Jun 2026,40.07|41.75|42.24|39.29|43.08|33.60|29.88|33.29|40.23|52.67|55.49|59.54,,,47|53|65|74|89|101|83|98|147|161|146|182,21|13|14|14|21|20|18|20|29|26|14|6,-1|-2|0|0|0|0|0|0|0|0|0|0,5|6|5|4|3|3|5|4|4|4|7|0,9|3|7|17|17|15|34|33|24|15,18|19|21|20|22|23|22|25|35|38|34|53,1.86|2.92|0.00|0.00|0.00|0.00|0.00|0.00|0.00|0.00|0.00|0.00,49.21|49.04|49.04|48.59|49.68|49.71|49.85|50.47,0.00|0.00|0.02|0.01|0.57|0.26|0.01|0.18,0.32|0.32|0.33|0.24|0.26|0.48|0.48|0.47,0.18,0.47,0.65,3.07
Concord Enviro,/company/CEWATER/consolidated/,CEWATER,18.94,,0.97,6.63,4.13,51.43,,553.62,267.50,3.35,30,nse,consolidated,,276,268,554,Utilities,Utilities,Waste Management,18,10,-9,Jun 2026,Mar 2026,Jun 2026,97|123|200|103|162|123|207|102|125|125|206|85,37.81|47.64|53.87|53.06|51.49|49.80|48.01|51.33|49.54|49.17|56.83|46.54,,383|348|329|343|497|594|558,20|18|17|13|24|16|6,46|49|42|42|45|50|52,12|3|13|12|7|8|0,14|62|49|117|-35|5|-23,100|156|149|139|104|107|137,158|118|134|150|154|173|220,51.39|51.39|51.39|51.39|51.43|51.43|51.43,3.62|1.59|0.95|0.94|0.26|1.28|0.37,14.94|15.42|12.20|11.30|10.67|7.25|7.21,0.37,7.21,7.58,0.99
Merritronix,/company/544773/,544773,20.59,,,41.1,46.0,62.28,,550.16,314.65,4.31,30,bse,standalone,34.2,,315,550,Industrials,Capital Goods,Industrial Products,43,,37,Sep 2025,Mar 2026,Jun 2026,56,81,,16|53|86|114|156,9|3.6|8|13|17,74|89|87|82|78,5|2|2|2|2,|-1|5|-7|-23,2|5|4|4|6,10|10|34|40|71,62.28,2.50,7.86,2.50,7.86,10.36,3.53
Mangal Credit,/company/MANCREDIT/,MANCREDIT,13.10,,3.03,12.5,9.77,55.25,,522.89,247.65,8.01,30,nse,standalone,29.1,81.8,248,523,Financial Services,Financial Services,Non Banking Financial Company (NBFC),49,44,49,Jun 2026,Mar 2026,Jun 2026,7.60|8.68|9.43|11.87|11.66|12.68|13.37|14.47|15.82|18.31|21.30|22.16,,,12|8|9|10|10|16|11|15|21|33|50|70,,2.41|0.00|0.00|0.00|0.00|0.00|0.00|0.00|0.00|0.00|0.00|0.00,1.53|2.03|1.64|1.83|1.73|0.99|1.06|1.22|1.03|0.78|0.61|0.00,-8|15|2|-9|-5|-11|-46|-54|-49|-114,1|1|2|1|2|1|14|15|15|15|15|18,,51.70|51.70|51.70|51.70|55.25|55.25|55.25|55.25,0.00|0.08|0.00|0.15|0.01|0.05|0.00|0.12,0.01|0.01|0.01|0.01|0.01|0.11|0.10|0.01,0.12,0.01,0.13,7.47
Elin Electronics,/company/ELIN/consolidated/,ELIN,10.85,,0.94,6.85,4.27,32.97,,521.35,104.88,2.45,30,nse,consolidated,30.4,112,105,521,Consumer Discretionary,Consumer Durables,Household Appliances,6,8,15,Jun 2026,Mar 2026,Jun 2026,273|237|278|294|305|266|316|295|375|294|324|363,74|74|74|74|75|75|73|72|76|75|77|78,,494|829|786|862|1094|1075|1042|1180|1288,8|7|7|8|7|6|3.9|4.4|4.3,70|73|70|72|75|74|74|74|75,8|6|6|6|6|5|6|5|0,44|27|83|-34|57|62|43|17|54,84|122|134|161|188|232|224|246|253,53|82|80|115|120|123|111|128|160,33.41|33.41|32.98|32.98|32.98|32.98|32.95|32.97,0.86|0.38|0.41|0.69|0.78|0.68|0.74|0.58,12.58|12.06|10.77|7.60|5.53|6.14|5.40|2.89,0.58,2.89,3.47,0.4
CSM Technologies,/company/CSM/consolidated/,CSM,11.80,,,29.2,28.5,71.18,,502.62,97.40,3.85,30,nse,consolidated,20.2,,97.4,503,Information Technology,Information Technology,Computers - Software & Consulting,12,,13,Jun 2026,Mar 2026,Jul 2026,59.68|35.23|64.63|60.43|42.70,5|8|4|7|10,,92|160|197|199|226,15|17|12|15|20,16.19|0.00|0.00|0.00|5.55,0.92|39.61|39.56|33.60|0.00,4|17|10|9|-6,19|28|31|59|69,,71.18,9.19,3.63,9.19,3.63,12.82,2.23
TIPCO Engineering,/company/544740/,544740,12.39,,,36.2,38.0,57.79,,501.64,241.55,3.73,30,bse,standalone,19.8,,242,502,Industrials,Capital Goods,Industrial Products,59,,9,Mar 2026,Mar 2026,Apr 2026,57|50|95,71|63|66,,0|36|101|133|145,|10|12|18|26,|84|84|77|65,|1|1|1|0,|-7|-10|16|,0|0|2|32|13,0|7|12|31|22,57.79|57.79,1.63|1.63,17.25|22.16,1.63,22.16,23.79,3.46
3i Infotech,/company/3IINFOLTD/consolidated/,3IINFOLTD,7.28,,1.29,13.0,11.0,,,494.66,23.85,2.74,30,nse,consolidated,13.1,18.4,23.8,495,Information Technology,Information Technology,Computers - Software & Consulting,-2,3,-2,Jun 2026,Mar 2026,Jun 2026,210.28|212.18|197.04|179.75|177.60|181.41|187.00|170.55|174.89|172.14|175.78|177.94,,,1344|1126|1004|991|1122|698|609|677|729|814|726|693,13|-70|16|16|13|5|-5|-3.5|-5|-8|3.3|-2.6,0|18|0|0|0|0|0|0|0|0|0|0,1|1|18|21|22|20|11|10|17|23|17|23,129|93|137|169|79|-50|80|24|32|-44,1941|815|806|803|806|851|388|417|479|245|225|218,1|1|1|1|1|0|0|0|0|0|0|0,,0.81|0.78|0.46|0.69|0.35|0.32|0.31|0.50,7.78|7.20|6.57|6.57|16.96|14.26|14.26|14.26,0.50,14.26,14.76,0.71
Sigma Solve,/company/SIGMA/consolidated/,SIGMA,11.29,,6.29,48.3,37.8,73.21,,485.61,47.25,2.67,30,nse,consolidated,15.5,7.50,47.2,486,Information Technology,Information Technology,IT Enabled Services,20,35,21,Jun 2026,Mar 2026,Jun 2026,16|16|16|16|17|20|24|21|26|25|25|23,9.02|10.53|9.49|11.50|14.60|13.84|10.11|12.92|10.51|16.90|19.76|15.50,,10|21|41|56|65|76|96,18|35|37|41|35|34|30,0.00|0.00|0.00|0.00|0.00|0.00|15.07,2.30|0.19|0.12|14.15|12.81|15.48|0.00,-0|5|16|20|7|18|30,0|1|1|1|8|7|6,,73.22|73.22|73.22|73.22|73.22|73.22|73.21|73.21,0.00|0.00|0.00|0.00|0.00|0.03|0.00|0.00,0.00|0.00|0.00|0.00|0.00|0.00|0.00|0.02,0.00,0.02,0.02,5.06
Sotefin Bharat,/company/544832/,544832,16.31,,,31.2,24.7,45.70,,463.00,254.95,3.39,30,bse,standalone,26.7,,255,463,Information Technology,Information Technology,Software Products,46,,24,Jun 2025,Mar 2026,Jul 2026,31.47,37.53,,37|56|94|117,20|18|20|24,,58|64|68|64,-4|1|4|-7,10|10|13|32,8|5|9|9,45.70,4.81,8.96,4.81,8.96,13.77,3.96
Aarti Surfactant,/company/AARTISURF/consolidated/,AARTISURF,9.81,,1.88,8.53,5.17,49.84,,458.70,541.50,3.64,30,nse,consolidated,24.9,289,542,459,Commodities,Chemicals,Specialty Chemicals,13,13,25,Jun 2026,Mar 2026,Jun 2026,143.86|138.75|158.55|143.41|150.84|162.78|202.05|215.90|179.17|207.79|256.28|272.87,74|74|77|79|83|82|80|84|82|84|86|82,,326|466|576|601|590|659|859,7|10|6|8|11|6|5,76|75|79|79|76|81|84,10|8|6|6|7|6|0,18|36|23|25|52|11|77,151|187|173|207|208|204|204,56|73|75|77|99|134|119,49.92|49.92|49.92|49.92|49.92|49.88|49.88|49.84,0.06|0.00|0.14|0.00|0.00|0.00|0.14|0.08,1.06|0.80|0.80|0.80|0.80|0.30|0.00|0.00,0.08,0.00,0.08,0.53
Chandrima Mercan,/company/540829/,540829,97.68,,4.46,4.73,3.95,,,448.45,13.46,2.31,30,bse,standalone,180,3.03,13.5,448,Services,Services,Trading & Distributors,52,41,170,Jun 2026,Mar 2026,Jun 2026,2.02|2.75|10.54|6.25|8.09|6.09|8.76|4.41|57.36|11.79|3.97|0.71,108|96|83|85|85|92|117|89|90|97|118|77,,0.05|0.29|2.64|0.65|0.00|0.00|13.97|19.81|21.88|19.39|29.19|77.54,-60.00|-10.34|-0.38|-1.54|||-26.49|0.05|0.05|8.51|2.40|6.13,100|83|85|83|||126|99|99|91|96|93,0|0|0|0|||0|0|0|0|0|0,-0.06|-0.58|0.08|-0.52|-0.23|3.17|-3.53|5.41|-38.26|-57.51,0.00|0.00|0.00|0.00|0.00|0.00|0.00|0.00|0.00|0.00|0.00|0.00,0|1|0|0|0|0|0|0|0|0|21|25,,,,,,,5.78
Technocrats Plasma,/company/544877/,544877,50.76,,,50.4,90.2,64.00,,442.23,252.70,3.71,30,bse,standalone,54.5,,253,442,Industrials,Capital Goods,Other Industrial Products,,,715,Jun 2025,Mar 2025,Aug 2026,30.68,79,,4.46|6.06|49.36,18.39|22.28|17.89,31|31|72,6|9|2,-1.16|2.08|-6.74,1.60|1.49|1.44,4.50|5.08|14.81,64.00,2.53,11.86,2.53,11.86,14.39,8.95
Simplex Castings,/company/513472/,513472,11.57,,3.86,24.3,25.7,50.36,,439.27,107.15,3.29,30,bse,standalone,18.3,27.7,107,439,Industrials,Capital Goods,Other Industrial Products,20,20,15,Jun 2026,Mar 2026,Jun 2026,26.48|29.48|31.47|27.49|29.38|47.92|67.10|45.20|55.41|47.53|54.76|60.95,52|49|51|52|53|67|74|66|70|65|66|68,,167|208|220|222|107|54|81|92|117|122|172|203,14|10|10|12|1.3|-75|16|17|13|11|18|18,50|53|59|58|65|78|49|51|54|54|65|67,18|20|16|15|15|17|5|5|17|16|6|0,12|34|-6|-32|-0|19|12|-3|9|14,79|74|72|98|56|53|46|43|39|36|34|31,72|52|55|86|52|48|56|71|58|59|58|73,52.36|52.36|52.36|52.36|53.11|53.11|50.36|50.36,0.00|0.00|0.00|0.00|0.00|0.00|4.94|7.46,0.00|0.00|0.00|0.00|0.00|0.07|0.00|0.00,7.46,0.00,7.46,2.16
Atal Realtech,/company/ATALREAL/,ATALREAL,37.40,,4.55,10.7,7.95,30.15,,436.76,35.51,36.83,30,nse,standalone,64.0,7.80,35.5,437,Consumer Discretionary,Realty,"Residential, Commercial Projects",44,23,17,Jun 2026,Mar 2026,Jun 2026,5.54|6.41|24.54|3.49|28.42|20.12|43.69|10.60|19.74|29.51|60.20|10.97,54.87|30.89|0.12|-12.03|28.18|-6.21|14.67|-10.66|22.19|29.48|38.84|-25.80,,20|30|42|51|58|58|43|40|41|41|96|120,9|11|9|10|8|10|12|13|12|13|8|9,83|82|49|50|59|45|59|44|52|11|13|29,0|0|36|33|27|40|25|38|29|69|72|0,1|2|4|1|-5|-7|2|2|-14|-21,1|1|1|4|3|5|4|4|3|4|4|7,1|1|2|4|11|11|6|15|24|33|58|55,49.25|32.84|32.84|32.84|32.84|30.15|30.15|30.15,0.00|0.01|0.58|2.99|1.48|6.18|3.58|2.46,,2.46,,2.46,3.64
Asahi Songwon,/company/ASAHISONG/consolidated/,ASAHISONG,7.40,,1.6,8.49,7.13,67.00,,432.24,366.70,2.07,30,nse,consolidated,12.4,230,367,432,Commodities,Chemicals,Dyes And Pigments,2,14,-1,Jun 2026,Mar 2026,Jun 2026,95|102|126|134|142|134|153|150|121|121|144|189,70|70|70|67|67|65|65|69|67|66|66|64,,294|284|283|411|505|426|562|535,14|12|18|8|1.1|4.3|10|9,58|61|55|63|75|71|65|67,22|22|22|24|16|16|16|7,27|57|8|-0|30|9|58|43,150|129|213|235|275|306|305|287,62|29|49|106|86|85|87|125,66.83|66.83|66.83|66.83|67.00|67.00|67.00|67.00,0.07|0.00|0.00|0.00|0.08|0.00|0.05|0.01,0.21|0.00|0.00|0.00|0.03|0.30|0.31|0.32,0.01,0.32,0.33,0.81
Manomay Tex Indi,/company/MANOMAY/,MANOMAY,8.86,,2.39,11.4,12.3,57.30,,407.78,225.93,2.98,30,nse,standalone,20.2,94.7,226,408,Consumer Discretionary,Textiles,Other Textile Products,1,17,6,Jun 2026,Mar 2026,Jun 2026,133.41|124.61|184.67|155.39|176.50|185.89|179.14|163.94|166.15|176.64|203.97|197.51,66|57|63|57|56|57|62|56|56|61|65|62,,165|217|273|286|377|405|321|590|699|583|697|711,2.8|4.0|4.8|6|7|6|5|4.9|6|8|12|12,72|67|69|67|61|61|62|63|65|64|58|60,0|26|23|23|28|26|25|22|22|20|20|0,5|8|11|19|-1|-9|12|13|4|26,23|52|54|49|69|62|56|57|67|218|200|201,7|13|22|23|46|56|64|91|107|171|210|236,57.18|57.18|57.22|57.25|57.30|57.30|57.30|57.30,1.74|1.54|1.54|1.54|1.54|1.58|1.36|1.32,,1.32,,1.32,0.57
Thomas Scott,/company/THOMASCOTT/,THOMASCOTT,12.54,,2.96,20.5,16.7,52.00,,406.74,277.25,3.41,30,nse,standalone,18.3,93.6,277,407,Consumer Discretionary,Textiles,Garments & Apparels,60,64,42,Jun 2026,Mar 2026,Aug 2026,22.97|21.65|25.72|27.34|40.67|45.40|47.62|53.89|56.93|66.25|77.81|65.82,46.28|46.56|64.81|70.15|68.90|46.89|58.13|49.03|53.17|43.46|52.17|39.33,,17|13|17|20|21|22|21|32|62|90|144|255,-20|-14|3.8|-1.0|-2.5|-3.8|3.7|4.0|8|14|13|13,94.50|92.60|78.42|86.21|89.75|86.40|83.06|58.60|74.49|68.87|66.71|49.46,0.41|0.46|4.07|2.15|2.00|2.44|1.92|19.73|1.26|1.53|1.40|0.00,-2|-2|0|0|3|3|-18|-8|-39|-27,0|0|0|0|1|1|1|2|4|8|12|13,7|6|5|5|5|6|10|18|25|29|60|86,57.85|55.55|52.15|52.15|52.15|52.32|52.32|52.00,0.58|0.84|0.00|0.02|0.00|0.05|0.04|0.12,2.02|2.33|1.97|2.46|2.45|2.45|2.45|2.44,0.12,2.44,2.56,1.6
Kalind,/company/526935/,526935,7.02,,1.79,31.8,24.9,13.56,,382.13,4.18,2.17,30,bse,standalone,10.3,2.33,4.18,382,Services,Services,Diversified Commercial Services,180,132,611,Jun 2026,Mar 2026,Jul 2026,0|0|0|0|0|0|0|14|17|15|30|35,0.00|0.00|0.00|||||52.94|25.63|57.88|33.32|5.33,,1|1|1|1|0|0|1|2|3|1|0|75,21|22|-26|31|5|-96|71|1.3|74|51||50,0.00|0.00|0.00|0.00|0.00|0.00|0.00|0.00|0.00|0.00||40.03,16.07|14.29|3.77|10.58|2.70|0.00|0.89|1.95|0.58|3.28||0.00,-1|-1|-0|-0|1|-5|2|4|-1|-80,0|0|1|1|1|1|1|1|2|2|0|44,0|0|0|0|0|0|0|0|0|0|0|6,70.17|70.17|70.37|20.48|18.42|13.96|13.76|13.56,,0.00|0.00|0.00|0.00|0.20|0.71|1.46|1.46,,1.46,1.46,5.09
Markolines Pavem,/company/MARKOLINES/,MARKOLINES,9.46,,1.89,15.7,13.9,55.00,,381.73,171.92,3.69,30,nse,standalone,14.2,91.2,172,382,Industrials,Construction,Civil Construction,1,15,-3,Jun 2026,Mar 2026,Jun 2026,50.36|55.50|80.06|114.57|72.72|77.67|80.46|92.73|61.60,14.58|44.52|43.43|34.21|23.46|1.36|21.65|47.00|40.86,,73|171|158|187|312|347|300|324,13|11|9|13|9|9|13|13,37|39|35|19|10|32|35|24,25|27|31|41|63|46|38|0,-7|7|1|-20|20|2|-33|11,12|10|10|9|21|29|32|31,7|17|19|14|24|23|8|8,71.32|61.21|58.14|56.91|55.00|55.00|55.00|55.00,0.21|0.18|0.18|0.18|0.18|0.18|0.18|0.59,0.67|0.00|0.00|0.00|0.00|0.11|0.11|0.10,0.59,0.10,0.69,1.18
Shah Metacorp,/company/SHAH/consolidated/,SHAH,25.50,,1.21,4.82,5.17,30.20,,371.15,3.74,4.73,30,nse,consolidated,28.2,3.09,3.74,371,Industrials,Capital Goods,Iron & Steel Products,73,75,49,Jun 2026,Mar 2026,Jul 2026,21.33|12.91|46.28|46.29|48.54|39.86|41.46|28.90|66.77|50.04|62.28|57.20,86|76|92|89|88|88|88|82|88|86|76|85,,182|164|173|95|148|65|13|20|40|97|176|208,8|1.5|7|-2.8|-6|-20|-651|-48|-10|3.7|6|0.8,81|84|74|79|91|91|186|92|96|89|89|83,6|9|7|14|9|16|25|19|8|5|3|0,4|20|8|4|-19|-21|-0|-32|-47|,61|56|48|42|34|29|24|21|25|21|28|100,47|46|40|42|33|25|12|15|8|13|8|28,30.88|30.88|33.17|29.15|29.15|29.15|29.48|30.20,0.00|0.00|0.00|0.00|0.01|0.00|1.09|1.08,0.00|0.00|0.05|0.04|0.04|0.04|1.02|1.01,1.08,1.01,2.09,1.78
Devson Catalyst,/company/544823/,544823,20.69,,,57.0,45.0,73.59,,363.95,267.85,3.47,30,bse,standalone,29.7,,268,364,Commodities,Chemicals,Specialty Chemicals,20,,5,,Mar 2026,Jul 2026,,,,33|43|53|56,11|15|21|30,69.57|66.05|61.99|48.71,1.60|2.07|2.61|3.35,2|0|4|5,5|7|7|12,3.81|2.14|2.77|7.75,73.59,3.87,8.37,3.87,8.37,12.24,6.5
Davangere Sugar,/company/DAVANGERE/,DAVANGERE,11.78,,0.59,5.52,1.99,41.63,,354.44,2.09,4.29,30,nse,standalone,43.5,3.53,2.09,354,Fast Moving Consumer Goods,Fast Moving Consumer Goods,Diversified FMCG,-5,11,29,Jun 2026,Mar 2026,Jun 2026,26.92|78.31|63.57|45.57|39.33|73.18|56.91|24.07|48.19|82.69|83.82|34.72,-8.51|63.63|71.07|61.49|32.88|59.40|60.89|25.55|33.72|67.28|79.71|44.64,,173|64|114|203|145|124|280|217|215|239,13|-3.7|27|16|7|28|20|21|24|20,27|102|51|73|68|52|69|64|60|67,2|5|10|4|4|10|4|5|5|4,68|6|-30|59|6|-68|81|2|-5|-47,145|136|128|280|271|346|350|359|349|337,59|64|101|47|42|116|92|122|145|210,54.26|54.26|52.32|47.87|41.64|41.78|41.78|41.63,0.00|0.00|0.00|0.01|0.00|6.99|6.99|0.00,0.00|0.00|0.00|0.00|0.00|0.00|0.00|0.02,0.00,0.02,0.02,1.48
Shankara Building,/company/SHANKARA/consolidated/,SHANKARA,16.22,,0.79,2.92,0.71,45.39,,354.26,146.09,2.69,30,nse,consolidated,68.1,185,146,354,Consumer Discretionary,Consumer Services,Speciality Retail,-30,-8,-63,Jun 2026,Mar 2026,Jun 2026,1142.49|1177.27|1376.55|1290.97|337.29|1437.16|1639.16|323.20|279.91|420.40|340.50|350.35,94|94|94|94|96|95|94|95|95|96|93|95,,1979|2036|2310|2549|2546|2640|2038|2418|4030|4828|5697|1364,4.5|6|7|7|3.9|4.4|3.5|3.5|2.9|3.1|3.0|1.8,89|87|86|86|91|91|92|93|94|94|94|95,3|3|3|2|1|1|1|1|1|1|1|1,106|40|171|-30|133|70|92|10|64|-101,205|233|259|297|253|282|256|258|281|293|297|290,232|256|279|416|383|400|316|372|425|485|578|249,49.23|49.25|49.25|40.17|40.17|40.17|44.45|45.39,7.95|5.86|5.69|10.55|12.27|10.09|6.47|2.94,4.79|5.04|5.03|10.06|10.18|4.93|4.50|4.66,2.94,4.66,7.6,0.26
Aastha Spintex,/company/AASTHA/,AASTHA,8.33,,,19.0,16.8,53.21,,351.42,79.61,43.01,30,nse,standalone,14.3,,79.6,351,Consumer Discretionary,Textiles,Other Textile Products,23,19,26,Jun 2026,Mar 2026,Jul 2026,95.02|91.91|141.48|141.48|77.47,76|86|81|81|82,,184|254|239|305|351|443,10|8|6|12|14|12,76|77|83|80|80|83,10|10|7|5|3|2,20|24|15|13|-18|5,61|57|73|88|81|73,49|53|44|56|119|155,53.21,3.51,2.38,3.51,2.38,5.89,0.79
Ponni Sug.Erode,/company/PONNIERODE/,PONNIERODE,5.16,,0.6,7.27,-2.14,47.34,,341.31,396.95,2.89,30,nse,standalone,11.4,661,397,341,Fast Moving Consumer Goods,Fast Moving Consumer Goods,Sugar,-2,10,22,Jun 2026,Mar 2026,Jun 2026,127.84|124.43|71.31|54.73|94.54|115.74|94.45|60.37|113.73|151.35|89.54|91.87,66|73|46|69|55|78|53|81|57|77|45|76,,160|169|251|196|185|310|256|288|435|421|359|415,-3.4|1.0|15|11|11|13|12|12|9|10|7|9,73|74|64|63|52|64|66|63|65|66|62|63,19|13|13|16|27|15|13|16|18|16|21|19,35|51|-22|16|29|11|11|16|10|31,128|123|118|120|114|109|104|112|118|123|130|143,72|60|49|31|64|38|52|71|83|93|115|129,47.26|47.26|47.34|47.34|47.34|47.34|47.34|47.34,10.90|9.50|9.52|9.48|9.46|9.46|9.60|9.46,0.93|0.93|0.93|0.93|0.93|0.22|0.05|0.05,9.46,0.05,9.51,0.82
Cropster Agro,/company/523105/,523105,20.15,,2.57,12.4,12.0,,,313.32,3.73,8.74,30,bse,standalone,20.7,1.45,3.73,313,Industrials,Capital Goods,Packaging,,,-13,Jun 2026,Mar 2026,Jun 2026,13.91|17.61|27.45|40.50|47.51|50.60|55.69|51.02|52.49|54.06|17.68|54.59,92|71|79|92|93|92|92|92|92|92|91|90,,0|0|0|0|0|0|0|0|0|61|194|175,|||||||||18|7|8,|||||||||80|93|92,|||||||||1|0|0,-0|-0|-0|-0|-0|-0|0|-36|-36|-1,0|0|0|0|0|0|0|0|0|0|0|0,0|0|0|0|0|0|0|0|0|8|3|2,,,,,,,1.79
Silverstorm Parks,/company/544840/consolidated/,544840,11.28,,,16.2,15.5,50.97,,281.53,124.15,2.06,30,bse,consolidated,14.8,,124,282,Consumer Discretionary,Consumer Services,Amusement Parks/ Other Recreation,,,41,Sep 2025,Mar 2026,Jul 2026,13,9.91,,19|31|44,36|53|68,2.01|8.90|6.42,16.44|7.10|3.65,5|6|25,95|100|150,0.65|1.43|2.64,50.97,2.54,12.19,2.54,12.19,14.73,6.41
RMC Switchgears,/company/RMC/consolidated/,RMC,7.24,,2,22.0,18.8,51.97,,260.79,246.45,3.06,30,nse,consolidated,12.8,123,246,261,Industrials,Capital Goods,Other Electrical Equipment,48,,26,Jun 2026,Mar 2026,Jun 2026,165.66|84.53|37.04|142.94|37.24,82|79|77|78|55,,83|132|125|172|318|402,11|10|21|20|16|12,50|58|60|55|70|76,30|23|7|5|4|4,0|3|-0|8|12|-12,24|29|30|28|34|56,7|11|9|10|20|18,52.93|52.93|52.18|52.07|52.07|52.09|51.97|51.97,2.69|3.38|3.88|5.05|4.83|2.70|2.69|2.70,0.83|0.91|0.88|0.80|1.01|0.39|0.39|0.48,2.70,0.48,3.18,0.65
DJ Mediaprint,/company/DJML/,DJML,12.04,,2.78,16.2,13.1,56.33,,259.37,72.19,4.86,30,nse,standalone,24.2,26.0,72.2,259,Services,Services,Logistics Solution Provider,32,36,48,Jun 2026,Mar 2026,Jul 2026,9.51|11.27|27.64|14.99|18.95|20.42|23.70|21.52|25.93|22.50|46.42|30.15,61|41|68|64|65|54|56|74|77|74|74|74,,4|6|10|17|20|21|25|47|51|57|78|116,10|10|8|9|11|14|12|14|16|24|22|19,64|67|74|77|74|70|75|-1|7|17|-16|-3,2|3|1|2|3|2|1|80|61|46|77|79,-0|0|1|2|-1|-9|10|11|-7|-9,0|1|1|2|3|3|5|8|12|22|19|19,0|1|1|1|3|4|8|10|13|6|20|27,56.36|56.36|56.36|56.36|55.52|56.17|55.69|56.33,0.63|0.55|0.31|0.15|0.00|0.05|0.18|0.18,0.03|0.03|0.03|0.00|0.00|0.00|0.00|0.00,0.18,0.00,0.18,2.23
A-1,/company/542012/,542012,16.09,,4.19,11.7,11.6,70.03,,227.24,4.94,2.46,30,bse,standalone,26.6,1.18,4.94,227,Commodities,Chemicals,Trading - Chemicals,1,19,39,Jun 2026,Mar 2026,Jun 2026,47.20|41.76|61.04|70.71|77.76|74.33|109.62|64.69|63.14|69.81|145.27|175.01,86|83|87|86|85|87|92|88|90|88|90|93,,97|85|106|100|141|116|145|310|331|211|331|343,3.6|3.8|6|-4.2|-1.6|3.1|2.6|3.0|1.3|2.1|3.0|3.5,86|85|78|86|87|78|85|90|91|86|88|89,0|0|0|14|10|0|0|0|6|8|7|0,|3|-6|10|-4|-0|19|11|-11|-16,4|3|11|9|14|11|14|17|16|13|11|11,1|1|0|1|1|1|2|2|1|2|2|4,70.03|70.03|70.03|70.03|70.03|70.03|70.03|70.03,2.90|2.90|2.94|5.80|6.03|6.73|6.28|2.51,0.00|0.00|0.00|0.00|0.00|0.09|0.00|0.00,2.51,0.00,2.51,0.66
Narmada Agrobase,/company/NARMADA/,NARMADA,18.12,,1.79,8.95,6.70,50.30,,105.92,13.96,4.17,30,nse,standalone,29.5,7.82,14.0,106,Fast Moving Consumer Goods,Fast Moving Consumer Goods,Animal Feed,16,6,39,Jun 2026,Mar 2026,Jul 2026,11.41|12.22|18.75|12.26|10.28|13.84|29.30|11.08|11.95|21.35|34.00|22.26,88|85|87|78|70|82|93|79|80|87|92|90,,21.97|30.53|34.45|37.00|47.50|61.46|58.14|34.61|49.48|49.74|64.68|77.56,3.87|3.87|4.15|4.24|3.43|4.00|3.85|5.78|4.08|5.07|8.63|6.42,84|87|87|87|89|90|89|85|88|87|86|88,6|4|7|6|4|3|1|2|2|2|1|1,-1.25|1.21|-5.10|0.49|0.30|-0.08|0.05|0.93|-15.93|-1.30,2.38|2.71|2.66|2.74|4.66|3.89|3.50|3.75|3.44|3.18|2.97|2.91,3.70|3.98|5.83|6.69|8.15|5.73|4.11|6.27|9.01|10.00|23.44|14.10,49.11|49.11|50.30|50.30|50.30|50.30|50.30|50.30,0.00|0.00|0.00|0.00|0.03|0.54|0.31|0.11,7.91|8.96|8.96|8.96|8.96|8.96|7.07|6.50,0.11,6.50,6.61,1.37
Augmont Enterpri,/company/AUGMONT/consolidated/,AUGMONT,14.64,,,68.5,50.9,81.91,,7200.23,,56.2,30,nse,consolidated,24.0,,877,8013,Commodities,Metals & Mining,Precious Metals,46,35,42,,Mar 2026,Aug 2026,,,,20641|25865|30513|34921|66231|94186,0.1|0.1|0.2|0.3|0.5|0.4,100|100|100|99|99|99,0|0|0|0|0|0,|53|-55|97|105|-42,5|12|21|26|25|30,122|123|47|58|264|342,81.91,1.90,3.79,1.90,3.79,5.69,0.09
Shukra Pharma.,/company/SHUKRAPHAR/,SHUKRAPHAR,36.96,,22.15,36.9,28.9,51.16,,1946.61,44.28,2.02,30,nse,standalone,55.5,2.05,45.4,1998,Healthcare,Healthcare,Pharmaceuticals,-1,38,115,Jun 2026,Mar 2026,Aug 2026,25|19|11|3|6|11|13|5|6|39|6|24,71.75|38.54|14.98|0.63|42.63|37.43|13.26|14.29|34.18|18.22|94.29|-6.55,,3|5|5|5|6|12|11|20|59|75|33|57,-10|24|28|30|29|13|13|14|9|26|39|51,34.23|36.31|20.23|17.98|17.49|25.34|24.78|50.54|77.04|59.65|24.92|27.95,13.46|6.64|13.04|7.12|7.07|14.86|16.73|0.83|0.19|0.07|0.55|0.00,-0|1|0|1|1|8|3|-5|8|3,10|10|10|14|16|17|18|18|20|20|19|22,1.35|0.44|0.32|0.14|0.27|1.39|1.68|3.95|3.16|2.31|9.95|13.90,50.95|50.95|50.95|50.95|50.95|50.95|50.95|51.16,,0.11|0.11|0.11|0.11|0.11|0.11|0.11|0.11,,0.11,0.11,35.05
AYM Syntex,/company/AYMSYNTEX/,AYMSYNTEX,14.23,,2.76,5.35,1.13,65.73,,1495.56,254.40,2.47,30,nse,standalone,86.3,100,276,1623,Consumer Discretionary,Textiles,Other Textile Products,-2,8,-5,Jun 2026,Mar 2026,Jun 2026,333.35|331.39|373.89|347.19|403.52|377.67|360.62|326.48|349.15|323.72|365.77|351.03,57|54|54|54|54|54|56|53|53|54|53|55,,829|794|779|850|992|1028|947|1491|1458|1358|1489|1365,10|13|13|8|7|9|10|11|7|7|8|7,62|54|52|57|59|55|53|57|60|56|54|55,17|19|21|21|20|22|22|18|19|22|22|0,59|25|88|79|100|50|118|64|108|151,205|282|329|348|449|440|419|459|448|480|482|525,65|57|77|90|107|129|158|188|199|215|251|237,73.40|66.00|65.99|65.90|65.90|65.90|65.86|65.73,0.03|3.47|3.76|3.81|3.28|3.16|3.42|3.62,0.05|0.40|0.03|0.02|0.41|0.41|0.46|0.48,3.62,0.48,4.1,1.19
Bodal Chemicals,/company/BODALCHEM/consolidated/,BODALCHEM,9.01,,1.4,6.68,4.23,57.00,,1247.85,99.08,2.7,30,nse,consolidated,23.7,91.9,129,1628,Commodities,Chemicals,Dyes And Pigments,9,10,28,Jun 2026,Mar 2026,Jun 2026,330|339|394|422|429|443|451|454|480|490|588|709,51|49|50|53|53|49|48|52|57|56|55|60,,1043|908|1233|1142|1424|1375|1226|2055|1574|1395|1745|2012,18|16|18|17|17|10|7|11|8|8|10|8,63|63|65|62|62|64|65|56|57|50|51|55,9|10|10|12|13|14|15|20|21|27|26|0,104|7|186|10|-13|-14|290|204|114|176,190|192|222|437|609|656|797|817|967|1314|1301|1239,78|90|131|113|208|219|307|445|293|267|337|324,57.32|57.32|57.32|57.32|57.00|57.00|57.00|57.00,0.67|0.32|0.32|0.81|0.29|0.32|0.15|0.02,0.01|0.00|0.00|0.00|0.00|0.00|0.00|0.00,0.02,0.00,0.02,0.81
Suraj Estate,/company/SURAJEST/consolidated/,SURAJEST,6.79,,0.92,14.5,9.52,69.80,,949.16,198.68,2.04,30,nse,consolidated,9.97,208,191,915,Consumer Discretionary,Realty,"Residential, Commercial Projects",22,18,4,Jun 2026,Mar 2026,Jun 2026,103|106|100|134|109|170|136|132|145|180|99|145,-15.39|-37.48|-49.22|-32.78|-1.05|-62.47|-10.15|-1.25|-2.46|2.57|-41.14|-6.93,,35|87|240|273|306|412|549|556,157|77|36|48|49|57|37|39,-344|-91|-9|-20|-10|-21|-30|-7,214|87|69|66|55|54|84|0,-53|-32|-15|70|190|9|-306|-54,6|22|19|18|16|38|37|66,452|544|565|621|652|739|904|945,74.95|69.60|69.60|69.60|69.60|69.60|69.80|69.80,3.14|1.94|2.32|2.18|1.70|1.77|2.23|1.31,2.51|2.49|1.99|1.45|0.93|1.03|1.11|1.02,1.31,1.02,2.33,1.65
Zuari Industries,/company/ZUARIIND/consolidated/,ZUARIIND,7.69,,0.23,5.45,2.71,56.71,,812.88,272.95,2,30,nse,consolidated,7.18,1196,278,827,Fast Moving Consumer Goods,Fast Moving Consumer Goods,Sugar,3,5,10,Jun 2026,Mar 2026,Jun 2026,268.65|115.75|262.41|225.71|237.29|235.06|272.26|257.46|241.17|262.63|283.56|311.93,88|62|19|70|79|77|61|71|71|78|59|78,,520|553|603|550|774|771|834|722|955|838|970|1045,0.5|-2.8|4.8|-1.1|-17|-34|-1.1|1.7|2.9|6|5|7,28|41|43|31|30|50|62|62|67|62|68|62,42|34|29|46|52|32|14|18|15|7|9|13,109|-125|-45|126|109|62|269|71|-1|144,252|370|539|550|544|698|665|654|645|622|609|616,565|557|595|854|1165|1271|1230|1260|1110|720|731|772,56.71|56.71|56.71|56.71|56.71|56.71|56.71|56.71,1.46|1.41|1.30|1.33|2.46|1.11|1.15|1.10,0.87|0.85|0.66|1.01|1.01|1.15|1.23|1.21,1.10,1.21,2.31,0.79
Vishnu Prakash R,/company/VPRPL/,VPRPL,-7.23,,0.67,-6.76,-19.9,38.03,,400.86,32.16,2.03,30,nse,standalone,,50.5,33.6,419,Industrials,Construction,Civil Construction,-10,12,-43,Jun 2026,Mar 2026,Jun 2026,296|242|657|257|335|241|405|276|296|177|102|138,82|80|80|81|80|81|76|81|82|86|160|100,,352|367|372|484|786|1168|1474|1237|851,9|9|10|9|11|13|14|13|-10,60|32|28|30|35|30|36|25|92,22|45|58|58|51|53|46|54|0,16|12|38|35|-3|-8|-316|-207|142,51|53|55|55|81|135|176|231|249,34|80|102|105|177|313|460|798|783,67.81|67.81|67.81|67.81|58.66|52.64|44.61|38.03,0.10|0.89|0.17|0.11|1.34|0.11|0.27|0.01,4.10|4.14|4.09|4.09|4.09|4.08|4.08|4.08,0.01,4.08,4.09,0.49
Aegeus Technolog,/company/544858/consolidated/,544858,17.43,,,31.6,30.0,46.09,,112.55,134.40,2.02,30,bse,consolidated,24.2,,116,97.1,Services,Services,Diversified Commercial Services,,,87,,Mar 2026,Aug 2026,,,,15.27|21.83|40.92,11.07|14.84|16.72,52.39|41.91|28.01,13.88|12.55|31.35,-0.70|1.05|-1.51,1.47|1.21|1.14,2.39|3.26|4.53,46.09,4.36,7.16,4.36,7.16,11.52,2.37
