nse_symbol,company_name,target_industry,screener_broad_sector,screener_sector,screener_industry,in_stockscans,in_screener
20MICRONS,20 Microns,Mining/Minerals,Commodities,Metals & Mining,Industrial Minerals,1,1
63MOONS,63 Moons Tech.,IT - Software,Information Technology,Information Technology,Computers - Software & Consulting,1,1
AADHARHFC,Aadhar Hsg. Fin.,Finance - Housing,Financial Services,Financial Services,Housing Finance Company,1,1
AARTIDRUGS,Aarti Drugs,Pharma - API,Healthcare,Healthcare,Pharmaceuticals,1,1
AARTIIND,Aarti Industries,Speciality Chemicals,Commodities,Chemicals,Specialty Chemicals,1,1
AARTIPHARM,Aarti Pharma,Pharma - API,Healthcare,Healthcare,Pharmaceuticals,1,1
AAVAS,AAVAS Financiers,Finance - Housing,Financial Services,Financial Services,Housing Finance Company,1,1
ABDL,Allied Blenders,Alcoholic Beverages,Fast Moving Consumer Goods,Fast Moving Consumer Goods,Breweries & Distilleries,1,1
ABFRL,Aditya Bir. Fas.,Textiles - Readymade Apparel,Consumer Discretionary,Consumer Services,Speciality Retail,1,1
ABINFRA,A B Infrabuild,Construction - Civil/Turnkey,Industrials,Construction,Civil Construction,1,1
ABLBL,A B Lifestyle,Textiles - Readymade Apparel,Consumer Discretionary,Consumer Services,Speciality Retail,1,1
ABREL,A B Real Estate,Realty - National,Consumer Discretionary,Realty,"Residential, Commercial Projects",1,1
ACE,Action Const.Eq.,Capital Goods - EPC/Cranes,Industrials,Capital Goods,Construction Vehicles,1,1
ACI,Archean Chemical,Chemicals - Inorganic,Commodities,Chemicals,Specialty Chemicals,1,1
ADFFOODS,ADF Foods,FMCG - Contract Mfg,Fast Moving Consumer Goods,Fast Moving Consumer Goods,Packaged Foods,1,1
ADSL,Allied Digital,IT - Software,Information Technology,Information Technology,IT Enabled Services,1,1
ADVAIT,Advait Energy,EPC,Industrials,Capital Goods,Other Electrical Equipment,1,1
ADVENTHTL,Advent Hotels,,Consumer Discretionary,Consumer Services,Hotels & Resorts,0,1
ADVENZYMES,Advanced Enzyme,Seeds/Tissue Culture/Bio Technology,Healthcare,Healthcare,Biotechnology,1,1
AEQUS,Aequs,Aerospace & Defence - Equipments,Industrials,Capital Goods,Aerospace & Defense,1,1
AEROENTER,Aeroflex Enter.,Miscellaneous,Industrials,Capital Goods,Iron & Steel Products,1,1
AEROFLEX,Aeroflex,Stainless Steel,Industrials,Capital Goods,Iron & Steel Products,1,1
AETHER,Aether Industri.,Speciality Chemicals,Commodities,Chemicals,Specialty Chemicals,1,1
AFCONS,Afcons Infrastr.,Construction - Civil/Turnkey,Industrials,Construction,Civil Construction,1,1
AFFLE,Affle 3i,Advertisement,Information Technology,Information Technology,IT Enabled Services,1,1
AGARIND,Agarwal Indl.,Petrochem - Others,Commodities,Chemicals,Petrochemicals,1,1
AGI,AGI Greenpac,Packaging - FMCG/Consumers,Industrials,Capital Goods,Packaging,1,1
AGIIL,AGI Infra,Realty - Construction & Contracting,Consumer Discretionary,Realty,"Residential, Commercial Projects",1,1
AHCL,Anlon Healthcare,Chemicals - Speciality,Healthcare,Healthcare,Pharmaceuticals,1,1
AJMERA,Ajmera Realty,Realty - Construction & Contracting,Consumer Discretionary,Realty,"Residential, Commercial Projects",1,1
AKUMS,Akums Drugs,Pharma - Formulators,Healthcare,Healthcare,Pharmaceuticals,1,1
ALGOQUANT,Algoquant Fin,Finance & Investments - Others,Financial Services,Financial Services,Other Financial Services,1,1
ALIVUS,Alivus Life,Pharmaceuticals Bulk Drugs & Formulation,Healthcare,Healthcare,Pharmaceuticals,1,1
ALKYLAMINE,Alkyl Amines,Speciality Chemicals,Commodities,Chemicals,Specialty Chemicals,1,1
ALLCARGO,Allcargo Logist.,Logistics - Warehousing/Supply Chain,Services,Services,Logistics Solution Provider,1,1
ALOKINDS,Alok Industries,Textiles - Weaving,Consumer Discretionary,Textiles,Other Textile Products,1,1
AMAGI,Amagi Media Labs,Entertainment & Media,Information Technology,Information Technology,IT Enabled Services,1,1
AMANTA,Amanta Healthcar,Pharmaceuticals Bulk Drugs & Formulation,Healthcare,Healthcare,Pharmaceuticals,1,1
AMIRCHAND,A C J K Exports,Food - Processing - Rice,Fast Moving Consumer Goods,Fast Moving Consumer Goods,Other Agricultural Products,1,1
ANANTRAJ,Anant Raj,Data Centre,Consumer Discretionary,Realty,"Residential, Commercial Projects",1,1
ANDHRSUGAR,Andhra Sugars,,Commodities,Chemicals,Commodity Chemicals,0,1
ANTELOPUS,Antelopus Selan,Oil Drilling & Exploration,Energy,"Oil, Gas & Consumable Fuels",Oil Exploration & Production,1,1
ANUP,The Anup Enginee,Capital Goods - Engineering Heavy,Industrials,Capital Goods,Industrial Products,1,1
ANURAS,Anupam Rasayan,Speciality Chemicals,Commodities,Chemicals,Specialty Chemicals,1,1
APCOTEXIND,Apcotex Industri,Rubber Processing/Rubber Products,Industrials,Capital Goods,Rubber,1,1
APEX,Apex Frozen Food,FMCG - Shrimp,Fast Moving Consumer Goods,Fast Moving Consumer Goods,Seafood,1,1
APLLTD,Alembic Pharma,Pharma - Formulators,Healthcare,Healthcare,Pharmaceuticals,1,1
APOLLO,Apollo Micro Sys,Aerospace & Defence - Equipments,Industrials,Capital Goods,Aerospace & Defense,1,1
APOLLOPIPE,Apollo Pipes,Building Materials - Plastic Pipes,Industrials,Capital Goods,Plastic Products - Industrial,1,1
APTECHT,Aptech,Computer Education,Consumer Discretionary,Consumer Services,Education,1,1
APTUS,Aptus Value Hou.,Finance - Housing,Financial Services,Financial Services,Housing Finance Company,1,1
AQYLON,Aqylon Nexus,Miscellaneous,Consumer Discretionary,"Media, Entertainment & Publication",TV Broadcasting & Software Production,1,1
ARE&M,Amara Raja Ener.,Auto Ancillaries - Batteries,Consumer Discretionary,Automobile and Auto Components,Auto Components & Equipments,1,1
ARFIN,Arfin India,Aluminium Products,Commodities,Metals & Mining,Aluminium,1,1
ARIS,Arisinfra Solu.,Trading,Commodities,Construction Materials,Other Construction Materials,1,1
ARKADE,Arkade,Realty - Regional,Consumer Discretionary,Realty,"Residential, Commercial Projects",1,1
ARMANFIN,Arman Financial,Finance & Investments - Microfinance,Financial Services,Financial Services,Non Banking Financial Company (NBFC),1,1
ARROWGREEN,Arrow Greentech,Plastics - Plastic & Plastic Products,Industrials,Capital Goods,Packaging,1,1
ARSSBL,Anand Rathi Shar,Finance - Capital Markets - Brokers,Financial Services,Financial Services,Stockbroking & Allied,1,1
ARTEMISMED,Artemis Medicare,,Healthcare,Healthcare,Hospital,0,1
ARVIND,Arvind Ltd,Textiles,Consumer Discretionary,Textiles,Garments & Apparels,1,1
ARVINDFASN,Arvind Fashions.,Textiles - Readymade Apparel,Consumer Discretionary,Consumer Services,Speciality Retail,1,1
ARVSMART,Arvind SmartSp.,Realty - Construction & Contracting,Consumer Discretionary,Realty,"Residential, Commercial Projects",1,1
ASAHIINDIA,Asahi India Glas,Glass & Glass Products,Consumer Discretionary,Automobile and Auto Components,Auto Components & Equipments,1,1
ASHAPURMIN,Ashapura Minech.,Mining/Minerals,Commodities,Metals & Mining,Industrial Minerals,1,1
ASHIKA,Ashika Credit,Finance - Investment Bankers,Financial Services,Financial Services,Non Banking Financial Company (NBFC),1,1
ASHOKA,Ashoka Buildcon,Construction & Contracting,Industrials,Construction,Civil Construction,1,1
ASIANENE,Asian Energy,Oil Drilling & Exploration,Energy,"Oil, Gas & Consumable Fuels",Oil Equipment & Services,1,1
ASIANTILES,Asian Granito,Ceramics/Tiles/Sanitaryware,Consumer Discretionary,Consumer Durables,Ceramics,1,1
ASKAUTOLTD,ASK Automotive,Auto Ancillaries - 2 Wheelers,Consumer Discretionary,Automobile and Auto Components,Auto Components & Equipments,1,1
ASTEC,Astec Lifescienc,Pesticides/Agrochemicals,Commodities,Chemicals,Pesticides & Agrochemicals,1,1
ASTRAMICRO,Astra Microwave,Aerospace & Defence - Equipments,Industrials,Capital Goods,Aerospace & Defense,1,1
ASTRAZEN,Astrazeneca Phar,Pharma - MNC bulk Drugs,Healthcare,Healthcare,Pharmaceuticals,1,1
ATALREAL,Atal Realtech,Construction - Civil/Turnkey,Consumer Discretionary,Realty,"Residential, Commercial Projects",1,1
ATLANTAELE,Atlanta Electric,Electric Equipment - Transformers,Industrials,Capital Goods,Heavy Electrical Equipment,1,1
ATUL,Atul,Dyes & Pigments,Commodities,Chemicals,Specialty Chemicals,1,1
ATULAUTO,Atul Auto,Auto - 2 & 3 Wheelers,Industrials,Capital Goods,Commercial Vehicles,1,1
AURIONPRO,Aurionpro Sol.,IT - Software,Information Technology,Information Technology,Computers - Software & Consulting,1,1
AVALON,Avalon Tech,Consumer Electronics - EMS,Industrials,Capital Goods,Other Electrical Equipment,1,1
AVANTEL,Avantel,Aerospace & Defence - Equipments,Industrials,Capital Goods,Aerospace & Defense,1,1
AVANTIFEED,Avanti Feeds,FMCG - Shrimp,Fast Moving Consumer Goods,Fast Moving Consumer Goods,Animal Feed,1,1
AVL,Aditya Vision,Retail - Electronics,Consumer Discretionary,Consumer Services,Speciality Retail,1,1
AWFIS,AWFIS Space,Realty - CoWorking,Services,Services,Diversified Commercial Services,1,1
AWHCL,Antony Waste han,Recycling,Utilities,Utilities,Waste Management,1,1
AWL,AWL Agri Busine.,"Edible Oils, Agro Processing",Fast Moving Consumer Goods,Fast Moving Consumer Goods,Edible Oil,1,1
AXISCADES,AXISCADES Tech.,Aerospace & Defence - Equipments,Industrials,Capital Goods,Aerospace & Defense,1,1
AYE,Aye Finance,NBFC - Others,Financial Services,Financial Services,Non Banking Financial Company (NBFC),1,1
AZAD,Azad Engineering,Aerospace & Defence - Equipments,Industrials,Capital Goods,Heavy Electrical Equipment,1,1
BAJAJCON,Bajaj Consumer,FMCG - Personal Care,Fast Moving Consumer Goods,Fast Moving Consumer Goods,Personal Care,1,1
BAJAJELEC,Bajaj Electrical,Domestic Appliances,Consumer Discretionary,Consumer Durables,Household Appliances,1,1
BAJAJHCARE,Bajaj Healthcare,Pharma - Formulators,Healthcare,Healthcare,Pharmaceuticals,1,1
BAJAJHIND,Bajaj Hindusthan,Sugar,Fast Moving Consumer Goods,Fast Moving Consumer Goods,Sugar,1,1
BAJEL,Bajel Projects,Engineering - Turnkey Services,Industrials,Capital Goods,Heavy Electrical Equipment,1,1
BALAJITELE,Balaji Telefilms,Entertainment & Media,Consumer Discretionary,"Media, Entertainment & Publication",Media & Entertainment,1,1
BALAMINES,Balaji Amines,Chemicals - Organic,Commodities,Chemicals,Specialty Chemicals,1,1
BALRAMCHIN,Balrampur Chini,Sugar,Fast Moving Consumer Goods,Fast Moving Consumer Goods,Sugar,1,1
BALUFORGE,Balu Forge,"Castings, Forgings & Fastners",Industrials,Capital Goods,Castings & Forgings,1,1
BANCOINDIA,Banco Products,Auto Ancillaries - Engine Parts,Consumer Discretionary,Automobile and Auto Components,Auto Components & Equipments,1,1
BANSALWIRE,Bansal Wire Inds,Steel - Wires,Industrials,Capital Goods,Iron & Steel Products,1,1
BASF,BASF India,Chemicals - Organic,Commodities,Chemicals,Specialty Chemicals,1,1
BATAINDIA,Bata India,Footwear,Consumer Discretionary,Consumer Durables,Footwear,1,1
BAYERCROP,Bayer Crop Sci.,Pesticides/Agrochemicals,Commodities,Chemicals,Pesticides & Agrochemicals,1,1
BBL,Bharat Bijlee,Capital Goods - Transformers,Industrials,Capital Goods,Heavy Electrical Equipment,1,1
BBOX,Black Box,Data Centre,Information Technology,Information Technology,IT Enabled Services,1,1
BBTC,The Bombay Burmah,FMCG - Foods,Fast Moving Consumer Goods,Fast Moving Consumer Goods,Packaged Foods,1,1
BCG,Brightcom Group,IT Enabled Services/Business Process Outsourcing,Information Technology,Information Technology,IT Enabled Services,1,1
BCLIND,BCL Industries,Diversified,Fast Moving Consumer Goods,Fast Moving Consumer Goods,Breweries & Distilleries,1,1
BECTORFOOD,Mrs Bectors,FMCG - Foods,Fast Moving Consumer Goods,Fast Moving Consumer Goods,Packaged Foods,1,1
BELRISE,Belrise Industri,Auto Ancillaries - 2 Wheelers,Consumer Discretionary,Automobile and Auto Components,Auto Components & Equipments,1,1
BEML,BEML Ltd,Aerospace & Defence - Equipments,Industrials,Capital Goods,Construction Vehicles,1,1
BEPL,Bhansali Engg.,Petrochem - Polymers,Commodities,Chemicals,Petrochemicals,1,1
BETA,Beta Drugs Ltd,Pharma - API,Healthcare,Healthcare,Pharmaceuticals,1,1
BFUTILITIE,BF Utilities,Power - Generation/Distribution,Services,Services,"Road AssetsToll, Annuity, Hybrid-Annuity",1,1
BHAGCHEM,Bhagiradha Chem.,Pesticides/Agrochemicals,Commodities,Chemicals,Pesticides & Agrochemicals,1,1
BHARATCOAL,Bharat Coking,Mining/Minerals,Energy,"Oil, Gas & Consumable Fuels",Coal,1,1
BHARATSE,Bharat Seats,Auto Ancillaries - Seats,Consumer Discretionary,Automobile and Auto Components,Auto Components & Equipments,1,1
BHARATWIRE,Bharat Wire,Steel - Wires,Industrials,Capital Goods,Iron & Steel Products,1,1
BIKAJI,Bikaji Foods,FMCG - Snacks,Fast Moving Consumer Goods,Fast Moving Consumer Goods,Packaged Foods,1,1
BIRLACORPN,Birla Corpn.,Cement,Commodities,Construction Materials,Cement & Cement Products,1,1
BLACKBUCK,Blackbuck,Logistics,Services,Services,Transport Related Services,1,1
BLISSGVS,Bliss GVS Pharma,Pharma - Formulators,Healthcare,Healthcare,Pharmaceuticals,1,1
BLS,BLS Internat.,Services - Others,Consumer Discretionary,Consumer Services,"Tour, Travel Related Services",1,1
BLSE,BLS E-Services,IT - Software,Information Technology,Information Technology,IT Enabled Services,1,1
BLUEDART,Blue Dart Expres,Logistics,Services,Services,Logistics Solution Provider,1,1
BLUEJET,Blue Jet Health,Pharma - API & CRAMS,Healthcare,Healthcare,Pharmaceuticals,1,1
BLUESTONE,Bluestone Jewel,"Diamond, Gems & Jewellery",Consumer Discretionary,Consumer Durables,"Gems, Jewellery And Watches",1,1
BLUSPRING,Bluspring Enter.,Diversified,Services,Services,Diversified Commercial Services,1,1
BOMDYEING,Bombay Dyeing,Textiles - Processing/Texturising,Consumer Discretionary,Textiles,Other Textile Products,1,1
BORORENEW,Borosil Renew.,Glass & Glass Products,Industrials,Capital Goods,Glass - Industrial,1,1
BOROSCI,Borosil Scienti.,Glass & Glass Products,Industrials,Capital Goods,Glass - Industrial,1,1
BOSCH-HCIL,Bosch Home Comfort,Consumer Electronics,Consumer Discretionary,Consumer Durables,Household Appliances,1,1
BRIGADE,Brigade Enterpr.,Realty - National,Consumer Discretionary,Realty,"Residential, Commercial Projects",1,1
BSOFT,Birlasoft Ltd,IT - Software,Information Technology,Information Technology,Computers - Software & Consulting,1,1
BUILDPRO,Shankara Buildpro,Trading,Consumer Discretionary,Consumer Services,Speciality Retail,1,1
CAMLINFINE,Camlin Fine,Chemicals - Others,Commodities,Chemicals,Specialty Chemicals,1,1
CAMPUS,Campus Activewe.,Footwear,Consumer Discretionary,Consumer Durables,Footwear,1,1
CAMS,Cams Services,Finance - Capital Markets - RTA,Financial Services,Financial Services,"Depositories, Clearing Houses and Other Intermediaries",1,1
CANFINHOME,Can Fin Homes,Finance - Housing,Financial Services,Financial Services,Housing Finance Company,1,1
CANHLIFE,Canara HSBC,Finance - Insurance,Financial Services,Financial Services,Life Insurance,1,1
CANTABIL,Cantabil Retail,Textiles - Readymade Apparel,Consumer Discretionary,Textiles,Garments & Apparels,1,1
CAPACITE,Capacit'e Infra.,Realty - Construction & Contracting,Industrials,Construction,Civil Construction,1,1
CAPILLARY,Capillary Tech.,IT - Software,Information Technology,Information Technology,Software Products,1,1
CAPLIPOINT,Caplin Point Lab,Pharma - Formulators,Healthcare,Healthcare,Pharmaceuticals,1,1
CARBORUNIV,Carborundum Uni.,Abrasives & Grinding Wheels,Industrials,Capital Goods,Abrasives & Bearings,1,1
CARERATING,CARE Ratings,Credit Rating Agencies,Financial Services,Financial Services,Ratings,1,1
CARRARO,Carraro India,Auto Ancillaries - Diversified,Consumer Discretionary,Automobile and Auto Components,Auto Components & Equipments,1,1
CARTRADE,Cartrade Tech,Platform - Others,Consumer Discretionary,Consumer Services,E-Retail/ E-Commerce,1,1
CARYSIL,Carysil,Building Material USA,Consumer Discretionary,Consumer Durables,Household Appliances,1,1
CASTROLIND,Castrol India,Lubricants,Energy,"Oil, Gas & Consumable Fuels",Lubricants,1,1
CCAVENUE,AvenuesAI,IT - Software,Financial Services,Financial Services,Financial Technology (Fintech),1,1
CCL,CCL Products,FMCG - Coffee,Fast Moving Consumer Goods,Fast Moving Consumer Goods,Tea & Coffee,1,1
CEATLTD,CEAT,Tyres & Tubes,Consumer Discretionary,Automobile and Auto Components,Tyres & Rubber Products,1,1
CEIGALL,Ceigall India,Construction - Civil/Turnkey,Industrials,Construction,Civil Construction,1,1
CEINSYS,Ceinsys Tech,Geospatial,Information Technology,Information Technology,Computers - Software & Consulting,1,1
CELLO,Cello World,Opalware,Consumer Discretionary,Consumer Durables,Houseware,1,1
CEMPRO,Cemindia Project,Infra - Construction & Contracting,Industrials,Construction,Civil Construction,1,1
CENTENKA,,Textiles - Manmade Fibre - PFY/PSF,,,,1,0
CENTUM,Centum Electron,EMS,Industrials,Capital Goods,Aerospace & Defense,1,1
CENTURYPLY,Century Plyboard,Plywood Boards/Laminates,Consumer Discretionary,Consumer Durables,Plywood Boards/ Laminates,1,1
CERA,Cera Sanitary.,Ceramics/Tiles/Sanitaryware,Consumer Discretionary,Consumer Durables,Sanitary Ware,1,1
CESC,CESC,Power - Generation/Distribution,Utilities,Power,Integrated Power Utilities,1,1
CEWATER,Concord Enviro,Pollution Control Equipment,Utilities,Utilities,Waste Management,1,1
CGCL,Capri Global,Finance & Investments - Gold Loan,Financial Services,Financial Services,Non Banking Financial Company (NBFC),1,1
CHALET,Chalet Hotels,Hotels,Consumer Discretionary,Consumer Services,Hotels & Resorts,1,1
CHAMBLFERT,Chambal Fert.,Fertilisers,Commodities,Chemicals,Fertilizers,1,1
CHEMCON,,Speciality Chemicals,,,,1,0
CHEMPLASTS,Chemplast Sanmar,Petrochem - Polymers,Commodities,Chemicals,Specialty Chemicals,1,1
CHENNPETRO,C P C L,Refineries,Energy,"Oil, Gas & Consumable Fuels",Refineries & Marketing,1,1
CHOICEIN,Choice Intl.,Finance - Capital Markets - Brokers,Financial Services,Financial Services,Holding Company,1,1
CIEINDIA,CIE Automotive,"Castings, Forgings & Fastners",Consumer Discretionary,Automobile and Auto Components,Auto Components & Equipments,1,1
CLEAN,Clean Science,Speciality Chemicals,Commodities,Chemicals,Specialty Chemicals,1,1
CLEANMAX,Clean Max Enviro,Power Generation & Supply,Utilities,Power,Power Generation,1,1
CLSEL,Chamanlal Setia,FMCG - Rice,Fast Moving Consumer Goods,Fast Moving Consumer Goods,Other Agricultural Products,1,1
CMPDI,Central Mine Pla,Miscellaneous,Industrials,Construction,Civil Construction,1,1
CMRGREEN,CMR Green Tech.,Miscellaneous,Industrials,Capital Goods,"Aluminium, Copper & Zinc Products",1,1
CMSINFO,CMS Info Systems,Services - Others,Services,Services,Diversified Commercial Services,1,1
COCKERILL,John Cockerill,Capital Goods - Engineering Heavy,Industrials,Capital Goods,Industrial Products,1,1
COFFEEDAY,Coffee Day Enter,Quick Service Restaurant - QSR,Consumer Discretionary,Consumer Services,Restaurants,1,1
COHANCE,Cohance Life,Pharma - API & CRAMS,Healthcare,Healthcare,Pharmaceuticals,1,1
COMSYN,Commerl. Synbags,Packaging - Polysacks,Industrials,Capital Goods,Packaging,1,1
CONCORDBIO,Concord Biotech,Pharma - API & CRAMS,Healthcare,Healthcare,Pharmaceuticals,1,1
CONFIPET,Confidence Petro,LPG Bottling,Energy,"Oil, Gas & Consumable Fuels",LPG/CNG/PNG/LNG Supplier,1,1
CONTROLPR,Control Print,Computer - Hardware,Information Technology,Information Technology,Computers Hardware & Equipments,1,1
CORDELIA,Waterways Leisur,,Consumer Discretionary,Consumer Services,"Tour, Travel Related Services",0,1
CORONA,Corona Remedies,Pharma - Formulators,Healthcare,Healthcare,Pharmaceuticals,1,1
COSMOFIRST,Cosmo First,Packaging - BOPP,Industrials,Capital Goods,Packaging,1,1
CRAFTSMAN,Craftsman Auto,Auto & Auto Ancl - CV,Consumer Discretionary,Automobile and Auto Components,Auto Components & Equipments,1,1
CRAMC,Canara Robeco,Finance - AMC,Financial Services,Financial Services,Asset Management Company,1,1
CREDITACC,CreditAcc. Gram.,Finance & Investments - Microfinance,Financial Services,Financial Services,Microfinance Institutions,1,1
CRIZAC,Crizac,Platform - Education,Consumer Discretionary,Consumer Services,Internet & Catalogue Retail,1,1
CROMPTON,Crompton Gr. Con,Consumer Electronics,Consumer Discretionary,Consumer Durables,Household Appliances,1,1
CSBBANK,CSB Bank,Finance & Investments - Gold Loan,Financial Services,Financial Services,Private Sector Bank,1,1
CUB,City Union Bank,Banks - Private,Financial Services,Financial Services,Private Sector Bank,1,1
CUPID,,Contraceptives/Protectives,,,,1,0
CYIENT,Cyient,IT - ER&D,Information Technology,Information Technology,IT Enabled Services,1,1
CYIENTDLM,Cyient DLM,Consumer Electronics - EMS,Industrials,Capital Goods,Aerospace & Defense,1,1
DALMIASUG,Dalmia Bharat,,Fast Moving Consumer Goods,Fast Moving Consumer Goods,Sugar,0,1
DAMCAPITAL,Dam Capital Advi,Finance - Investment Bankers,Financial Services,Financial Services,Stockbroking & Allied,1,1
DATAMATICS,Datamatics Glob.,IT - Software,Information Technology,Information Technology,IT Enabled Services,1,1
DAVANGERE,Davangere Sugar,Sugar,Fast Moving Consumer Goods,Fast Moving Consumer Goods,Diversified FMCG,1,1
DBL,Dilip Buildcon,EPC,Industrials,Construction,Civil Construction,1,1
DCAL,Dishman Carbogen,Pharma - API & CRAMS,Healthcare,Healthcare,Pharmaceuticals,1,1
DCBBANK,DCB Bank,Banks - Private,Financial Services,Financial Services,Private Sector Bank,1,1
DCMSHRIRAM,DCM Shriram,Sugar,Diversified,Diversified,Diversified,1,1
DCW,DCW,Petrochem - Others,Commodities,Chemicals,Petrochemicals,1,1
DCXINDIA,DCX Systems,Aerospace & Defence - Equipments,Industrials,Capital Goods,Aerospace & Defense,1,1
DDEVPLSTIK,DDev Plastiks,Plastics - Plastic & Plastic Products,Commodities,Chemicals,Specialty Chemicals,1,1
DECNGOLD,Dec.Gold Mines,Mining/Minerals,Commodities,Metals & Mining,Precious Metals,1,1
DEEPAKFERT,Deepak Fertilis.,Fertilisers,Commodities,Chemicals,Commodity Chemicals,1,1
DEEPAKNTR,Deepak Nitrite,Chemicals - Inorganic,Commodities,Chemicals,Specialty Chemicals,1,1
DEEPINDS,Deep Industries,Oil Drilling & Exploration,Energy,"Oil, Gas & Consumable Fuels",Oil Equipment & Services,1,1
DELTACORP,Delta Corp,Miscellaneous,Consumer Discretionary,Consumer Services,Amusement Parks/ Other Recreation,1,1
DEN,Den Networks,Entertainment & Media,Consumer Discretionary,"Media, Entertainment & Publication",TV Broadcasting & Software Production,1,1
DENTA,Denta Water,Construction - Civil/Turnkey,Utilities,Utilities,Water Supply & Management,1,1
DEVYANI,Devyani Intl.,Quick Service Restaurant - QSR,Consumer Discretionary,Consumer Services,Restaurants,1,1
DHANBANK,Dhanlaxmi Bank,Banks - Private,Financial Services,Financial Services,Private Sector Bank,1,1
DHANUKA,Dhanuka Agritech,Pesticides/Agrochemicals,Commodities,Chemicals,Pesticides & Agrochemicals,1,1
DIACABS,Diamond Power,Cables - Power,Industrials,Capital Goods,Other Electrical Equipment,1,1
DIAMONDYD,Prataap Snacks,FMCG - Snacks,Fast Moving Consumer Goods,Fast Moving Consumer Goods,Packaged Foods,1,1
DIFFNKG,Diffusion Eng,Welding Equipments,Industrials,Capital Goods,Other Industrial Products,1,1
DIGITIDE,Digitide Solutio,,Information Technology,Information Technology,IT Enabled Services,0,1
DIVGIITTS,Divgi Torq,Auto Ancillaries - Transmission,Consumer Discretionary,Automobile and Auto Components,Auto Components & Equipments,1,1
DJML,DJ Mediaprint,Printing/Publishing/Stationery,Services,Services,Logistics Solution Provider,1,1
DLINKINDIA,D-Link India,IT Networking Equipment,Information Technology,Information Technology,Computers Hardware & Equipments,1,1
DOLLAR,Dollar Industrie,Textiles - Hosiery/Knitwear,Consumer Discretionary,Textiles,Garments & Apparels,1,1
DOMS,DOMS Industries,Printing & Stationery,Fast Moving Consumer Goods,Fast Moving Consumer Goods,Stationary,1,1
DREDGECORP,Dredging Corpn.,Shipping,Services,Services,Dredging,1,1
DSSL,Dynacons Sys.,IT - Software,Information Technology,Information Technology,IT Enabled Services,1,1
DYCL,Dynamic Cables,Cables - Power,Industrials,Capital Goods,Cables - Electricals,1,1
DYNAMATECH,Dynamatic Tech.,Aerospace & Defence - Equipments,Industrials,Capital Goods,Industrial Products,1,1
E2E,E2E Networks,Data Centre,Information Technology,Information Technology,IT Enabled Services,1,1
EASEMYTRIP,Easy Trip Plann.,E-Commerce - Platform - Travel,Consumer Discretionary,Consumer Services,"Tour, Travel Related Services",1,1
EBGNG,GNG Electronics,New age - Platform - E-Retail,Information Technology,Information Technology,Computers Hardware & Equipments,1,1
ECLERX,eClerx Services,IT Enabled Services,Services,Services,Business Process Outsourcing (BPO)/ Knowledge Process Outsourcing (KPO),1,1
EDELWEISS,Edelweiss.Fin.,Finance & Investments - Wholesale NBFC,Financial Services,Financial Services,Holding Company,1,1
EFCIL,EFC (I),Realty - CoWorking,Services,Services,Diversified Commercial Services,1,1
EIDPARRY,EID Parry,Sugar,Fast Moving Consumer Goods,Fast Moving Consumer Goods,Other Food Products,1,1
EIEL,Enviro Infra,Engineering - Turnkey Services,Utilities,Utilities,Water Supply & Management,1,1
EIHOTEL,EIH,Hotels,Consumer Discretionary,Consumer Services,Hotels & Resorts,1,1
EIMCOELECO,Eimco Elecon(I),Capital Goods - Engineering Heavy,Industrials,Capital Goods,Industrial Products,1,1
EKC,Everest Kanto,Cylinder,Industrials,Capital Goods,Industrial Products,1,1
ELECON,Elecon Engg.Co,Capital Goods - Mining Equipement,Industrials,Capital Goods,Heavy Electrical Equipment,1,1
ELECTCAST,Electrost.Cast.,DI Pipes/Saw Pipes,Industrials,Capital Goods,Iron & Steel Products,1,1
ELECTHERM,Electrotherm(I),Steel Products,Industrials,Capital Goods,Iron & Steel Products,1,1
ELGIEQUIP,Elgi Equipments,Compressors,Industrials,Capital Goods,"Compressors, Pumps & Diesel Engines",1,1
ELITECON,Elitecon Inter.,Chewing Tobacco/Pan Masala,Fast Moving Consumer Goods,Fast Moving Consumer Goods,Cigarettes & Tobacco Products,1,1
ELLEN,Ellen.Indl.Gas,Industrial Gas,Commodities,Chemicals,Industrial Gases,1,1
EMAMILTD,Emami,FMCG - Personal Care,Fast Moving Consumer Goods,Fast Moving Consumer Goods,Personal Care,1,1
EMBDL,Embassy Develop,Miscellaneous,Consumer Discretionary,Realty,"Residential, Commercial Projects",1,1
EMIL,Electronics Mart,Retail - Electronics,Consumer Discretionary,Consumer Services,Diversified Retail,1,1
EMKAY,Emk.Global Fin.,Finance - Capital Markets - Brokers,Financial Services,Financial Services,Stockbroking & Allied,1,1
EMMVEE,Emmvee Photovol.,Electric Equipment - General,Industrials,Capital Goods,Other Electrical Equipment,1,1
EMSLIMITED,EMS,Infra - Engineering - General,Utilities,Utilities,Waste Management,1,1
ENGINERSIN,Engineers India,Infra - Engineering - General,Industrials,Construction,Civil Construction,1,1
ENTERO,Entero Healthcar,Pharmacy Distribution,Consumer Discretionary,Consumer Services,Pharmacy Retail,1,1
EPACK,Epack Durable,Consumer Electronics - EMS,Consumer Discretionary,Consumer Durables,Household Appliances,1,1
EPACKPEB,EPack PrefabTech,Pre-Engineering Buildings,Industrials,Capital Goods,Industrial Products,1,1
EPL,EPL Ltd,Packaging - FMCG/Consumers,Industrials,Capital Goods,Packaging,1,1
EQUITASBNK,Equitas Sma. Fin,Banks - Small Finance,Financial Services,Financial Services,Other Bank,1,1
ERIS,ERIS Lifescience,Pharma - Formulators,Healthcare,Healthcare,Pharmaceuticals,1,1
ESAFSFB,ESAF Small Fin,Banks - Small Finance,Financial Services,Financial Services,Other Bank,1,1
EUREKAFORB,Eureka Forbes,Consumer Electronics,Consumer Discretionary,Consumer Durables,Household Appliances,1,1
EUROPRATIK,Euro Pratik Sale,Trading,Consumer Discretionary,Consumer Durables,"Furniture, Home Furnishing",1,1
EVEREADY,Eveready Inds.,Miscellaneous,Fast Moving Consumer Goods,Fast Moving Consumer Goods,Household Products,1,1
EXCELSOFT,Excelsoft Tech.,IT - Software,Information Technology,Information Technology,IT Enabled Services,1,1
EXICOM,Exicom Tele-Sys.,Capital Goods - Electric General,Industrials,Capital Goods,Heavy Electrical Equipment,1,1
FABTECH,Fabtech Tech.,Trading,Healthcare,Healthcare,"Healthcare Research, Analytics & Technology",1,1
FCL,Fineotex Chem,Speciality Chemicals,Commodities,Chemicals,Specialty Chemicals,1,1
FDC,FDC,Pharma - Formulators,Healthcare,Healthcare,Pharmaceuticals,1,1
FEDDERSHOL,Fedders Holding,Finance & Investments - Others,Financial Services,Financial Services,Non Banking Financial Company (NBFC),1,1
FEDFINA,Fedbank Financi.,Finance & Investments - Gold Loan,Financial Services,Financial Services,Non Banking Financial Company (NBFC),1,1
FERMENTA,Fermenta Biotec.,,Healthcare,Healthcare,Pharmaceuticals,0,1
FIEMIND,Fiem Industries,Auto Ancillaries - 2&3 Wheelers,Consumer Discretionary,Automobile and Auto Components,Auto Components & Equipments,1,1
FILATEX,Filatex India,Textiles - Manmade Fibre - PFY/PSF,Consumer Discretionary,Textiles,Other Textile Products,1,1
FINCABLES,Finolex Cables,Cables - Telecom,Industrials,Capital Goods,Cables - Electricals,1,1
FINEORG,Fine Organic,Chemicals - Organic,Commodities,Chemicals,Specialty Chemicals,1,1
FINOPB,Fino Payments,Banks - Small Finance,Financial Services,Financial Services,Other Bank,1,1
FINPIPE,Finolex Inds.,Building Materials - Plastic Pipes,Industrials,Capital Goods,Plastic Products - Industrial,1,1
FIRSTCRY,Brainbees Solut.,New age - Platform - E-Retail,Consumer Discretionary,Consumer Services,E-Retail/ E-Commerce,1,1
FISCHER,Fischer Medical,Chemicals - Inorganic,Healthcare,Healthcare,Medical Equipment & Supplies,1,1
FIVESTAR,Five-Star Bus.Fi,Finance & Investments - MSME Lending,Financial Services,Financial Services,Non Banking Financial Company (NBFC),1,1
FLAIR,Flair Writing,Printing & Stationery,Fast Moving Consumer Goods,Fast Moving Consumer Goods,Stationary,1,1
FORCEMOT,Force Motors,Auto - Bus/LCVs,Consumer Discretionary,Automobile and Auto Components,Passenger Cars & Utility Vehicles,1,1
FRACTAL,Fractal Analyt.,IT Enabled Services/Business Process Outsourcing,Information Technology,Information Technology,Computers - Software & Consulting,1,1
FRONTSP,Frontier Springs,Railways - Kavach/Springs,Consumer Discretionary,Automobile and Auto Components,Auto Components & Equipments,1,1
FSL,Firstsour.Solu.,IT Enabled Services,Services,Services,Business Process Outsourcing (BPO)/ Knowledge Process Outsourcing (KPO),1,1
FUSION,Fusion Finance,Finance & Investments - Microfinance,Financial Services,Financial Services,Microfinance Institutions,1,1
GABRIEL,Gabriel India,Auto Ancillaries - Shock Absorber,Consumer Discretionary,Automobile and Auto Components,Auto Components & Equipments,1,1
GAEL,Guj. Ambuja Exp,Agricultural Processing - Maize,Fast Moving Consumer Goods,Fast Moving Consumer Goods,Other Agricultural Products,1,1
GALAPREC,Gala Precis. Eng,"Castings, Forgings & Fastners",Industrials,Capital Goods,Industrial Products,1,1
GALLANTT,Gallantt Ispat L,Steel Products,Industrials,Capital Goods,Iron & Steel Products,1,1
GANDHAR,Gandhar Oil Ref.,Refineries,Energy,"Oil, Gas & Consumable Fuels",Lubricants,1,1
GANECOS,Ganesha Ecosphe.,Recycling,Consumer Discretionary,Textiles,Other Textile Products,1,1
GANESHBE,Ganesh Benzopl.,Chemicals - Inorganic,Energy,"Oil, Gas & Consumable Fuels",Oil Storage & Transportation,1,1
GANESHHOU,Ganesh Housing,Realty - Construction & Contracting,Consumer Discretionary,Realty,"Residential, Commercial Projects",1,1
GARFIBRES,Garware Tech.,Textiles - Technical Textile,Consumer Discretionary,Textiles,Other Textile Products,1,1
GARUDA,Garuda Cons,Construction & Contracting,Industrials,Construction,Civil Construction,1,1
GATEWAY,Gateway Distri,Logistics,Services,Services,Logistics Solution Provider,1,1
GCSL,Gretex Corporate,Finance & Investments - Others,Financial Services,Financial Services,Other Capital Market related Services,1,1
GENESYS,Genesys Intl.,Geospatial,Information Technology,Information Technology,IT Enabled Services,1,1
GENUSPOWER,Genus Power,Electronics - Equipment/Components,Industrials,Capital Goods,Other Electrical Equipment,1,1
GESHIP,GE Shipping Co,Shipping,Services,Services,Shipping,1,1
GHCL,GHCL,Chemicals - Inorganic - Caustic Soda/Soda Ash,Commodities,Chemicals,Commodity Chemicals,1,1
GHCLTEXTIL,GHCL Textiles,Textiles - General,Consumer Discretionary,Textiles,Other Textile Products,1,1
GILLETTE,Gillette India,,Fast Moving Consumer Goods,Fast Moving Consumer Goods,Personal Care,0,1
GIPCL,Guj Inds. Power,Power - Generation/Distribution,Utilities,Power,Power Generation,1,1
GKENERGY,GK Energy,Solar Pumps,Industrials,Construction,Civil Construction,1,1
GLOBUSSPR,Globus Spirits,Alcoholic Beverages,Fast Moving Consumer Goods,Fast Moving Consumer Goods,Breweries & Distilleries,1,1
GMBREW,G M Breweries,Alcoholic Beverages,Fast Moving Consumer Goods,Fast Moving Consumer Goods,Breweries & Distilleries,1,1
GMDCLTD,G M D C,Mining/Minerals,Commodities,Metals & Mining,Industrial Minerals,1,1
GMMPFAUDLR,GMM Pfaudler,Glass - Others,Industrials,Capital Goods,Industrial Products,1,1
GMRP&UI,GMR Urban,Infra - Power - Generation/Distribution,Utilities,Power,Power Generation,1,1
GNA,GNA Axles,Auto & Auto Ancl - CV,Consumer Discretionary,Automobile and Auto Components,Auto Components & Equipments,1,1
GNFC,G N F C,Fertilisers,Commodities,Chemicals,Commodity Chemicals,1,1
GNRL,Guj.Nat.Resour.,Oil Exploration/Allied Services,Energy,"Oil, Gas & Consumable Fuels",Oil Exploration & Production,1,1
GOCLCORP,GOCL Corpn.,Lubricants,Commodities,Chemicals,Explosives,1,1
GOCOLORS,Go Fashion (I),Textiles - Readymade Apparel,Consumer Discretionary,Consumer Services,Speciality Retail,1,1
GODAVARIB,Godavari Bioref.,Sugar,Fast Moving Consumer Goods,Fast Moving Consumer Goods,Diversified FMCG,1,1
GODREJAGRO,Godrej Agrovet,FMCG - Animal/Polutry,Fast Moving Consumer Goods,Fast Moving Consumer Goods,Animal Feed,1,1
GOKEX,Gokaldas Exports,Textiles - Readymade Apparel,Consumer Discretionary,Textiles,Garments & Apparels,1,1
GOKULAGRO,Gokul Agro,"Edible Oils, Agro Processing",Fast Moving Consumer Goods,Fast Moving Consumer Goods,Edible Oil,1,1
GOLDIAM,Goldiam Intl.,Lab Grown Diamonds,Consumer Discretionary,Consumer Durables,"Gems, Jewellery And Watches",1,1
GOODLUCK,Goodluck India,Steel - Tubes/Pipes,Industrials,Capital Goods,Iron & Steel Products,1,1
GPIL,Godawari Power,Mining/Minerals - Iron Ore,Industrials,Capital Goods,Iron & Steel Products,1,1
GPPL,Guj Pipavav Port,Marine Port & Services,Services,Services,Port & Port services,1,1
GPTINFRA,GPT Infraproject,Cement Products,Industrials,Construction,Civil Construction,1,1
GRANULES,Granules India,Pharma - API & CRAMS,Healthcare,Healthcare,Pharmaceuticals,1,1
GRAPHITE,Graphite India,Electrodes - Welding Equipment,Industrials,Capital Goods,Electrodes & Refractories,1,1
GRAUWEIL,Grauer & Weil,Speciality Chemicals,Commodities,Chemicals,Commodity Chemicals,1,1
GRAVITA,Gravita India,Recycling,Commodities,Metals & Mining,Industrial Minerals,1,1
GREAVESCOT,Greaves Cotton,Engines,Industrials,Capital Goods,"Compressors, Pumps & Diesel Engines",1,1
GREENLAM,Greenlam Industr,Plywood Boards/Laminates,Consumer Discretionary,Consumer Durables,Plywood Boards/ Laminates,1,1
GREENPLY,Greenply Industr,Plywood Boards/Laminates,Consumer Discretionary,Consumer Durables,Plywood Boards/ Laminates,1,1
GREENPOWER,Orient Green,Power - Generation/Distribution,Utilities,Power,Power Generation,1,1
GRINDWELL,Grindwell Norton,Abrasives & Grinding Wheels,Industrials,Capital Goods,Abrasives & Bearings,1,1
GRMOVER,GRM Overseas,FMCG - Rice,Fast Moving Consumer Goods,Fast Moving Consumer Goods,Other Agricultural Products,1,1
GRWRHITECH,Garware Hi Tech,Packaging - Films,Industrials,Capital Goods,Plastic Products - Industrial,1,1
GSFC,G S F C,Fertilisers,Commodities,Chemicals,Fertilizers,1,1
GSPCROP,GSP Crop Science,Pesticides/Agrochemicals,Commodities,Chemicals,Pesticides & Agrochemicals,1,1
GTLINFRA,GTL Infra.,Telecom Services,Telecommunication,Telecommunication,Telecom - Infrastructure,1,1
GUFICBIO,Gufic BioScience,Pharma - Formulators,Healthcare,Healthcare,Pharmaceuticals,1,1
GUJALKALI,Gujarat Alkalies,Chemicals - Inorganic - Caustic Soda/Soda Ash,Commodities,Chemicals,Commodity Chemicals,1,1
GUJTHEM,Guj. Themis Bio.,Pharma - API,Healthcare,Healthcare,Pharmaceuticals,1,1
GULFOILLUB,Gulf Oil Lubric.,Lubricants,Energy,"Oil, Gas & Consumable Fuels",Lubricants,1,1
GULPOLY,Gulshan Polyols,Miscellaneous,Fast Moving Consumer Goods,Fast Moving Consumer Goods,Other Agricultural Products,1,1
GVPIL,GE Power,Infra - General,Industrials,Capital Goods,Heavy Electrical Equipment,1,1
HAPPSTMNDS,Happiest Minds,IT Enabled Services,Information Technology,Information Technology,Computers - Software & Consulting,1,1
HAPPYFORGE,Happy Forgings,"Castings, Forgings & Fastners",Industrials,Capital Goods,Castings & Forgings,1,1
HARDWYN,Hardwyn India,Trading,Consumer Discretionary,Consumer Durables,"Furniture, Home Furnishing",1,1
HARIOMPIPE,Hariom Pipe,Steel - Tubes/Pipes,Industrials,Capital Goods,Iron & Steel Products,1,1
HARSHA,Harsha Engg Intl,Bearings,Industrials,Capital Goods,Other Industrial Products,1,1
HATHWAY,Hathway Cable,Entertainment & Media,Consumer Discretionary,"Media, Entertainment & Publication",TV Broadcasting & Software Production,1,1
HBLENGINE,HBL Engineering,Railways - Kavach/Springs,Industrials,Capital Goods,Other Industrial Products,1,1
HCC,Hind.Construct.,Infra - Construction & Contracting,Industrials,Construction,Civil Construction,1,1
HCG,Health.Global,Hospitals,Healthcare,Healthcare,Hospital,1,1
HEG,HEG,Electrodes - Welding Equipment,Industrials,Capital Goods,Electrodes & Refractories,1,1
HEMIPROP,Hemisphere Prop,Realty - Construction & Contracting,Services,Services,Diversified Commercial Services,1,1
HERITGFOOD,Heritage Foods,FMCG - Dairy Products,Fast Moving Consumer Goods,Fast Moving Consumer Goods,Dairy Products,1,1
HEXAGON,Hexagon Nutri.,Food - Processing - Others,Fast Moving Consumer Goods,Fast Moving Consumer Goods,Packaged Foods,1,1
HGINFRA,H.G. Infra Engg.,Infra - Construction & Contracting,Industrials,Construction,Civil Construction,1,1
HIKAL,Hikal,Pharma - API & CRAMS,Healthcare,Healthcare,Pharmaceuticals,1,1
HIMATSEIDE,Himatsing. Seide,Textiles - Home Textile,Consumer Discretionary,Textiles,Other Textile Products,1,1
HINDOILEXP,Hind.Oil Explor.,Oil Drilling & Exploration,Energy,"Oil, Gas & Consumable Fuels",Oil Exploration & Production,1,1
HINDWAREAP,Hindware Home In,Ceramics/Tiles/Sanitaryware,Consumer Discretionary,Consumer Durables,Sanitary Ware,1,1
HIRECT,Hind Rectifiers,Electronics - Equipment/Components,Industrials,Capital Goods,Industrial Products,1,1
HITECH,Hi-Tech Pipes,Steel - Tubes/Pipes,Industrials,Capital Goods,Iron & Steel Products,1,1
HLEGLAS,HLE Glascoat,Glass - Others,Industrials,Capital Goods,Industrial Products,1,1
HNDFDS,Hindustan Foods,FMCG - Contract Mfg,Fast Moving Consumer Goods,Fast Moving Consumer Goods,Diversified FMCG,1,1
HOMEFIRST,Home First Finan,Finance - Housing,Financial Services,Financial Services,Housing Finance Company,1,1
HONASA,Honasa Consumer,New age - Platform - E-Retail,Fast Moving Consumer Goods,Fast Moving Consumer Goods,Personal Care,1,1
HPL,HPL Electric,Capital Goods - Electric General,Industrials,Capital Goods,Industrial Products,1,1
HUBTOWN,Hubtown,Realty - Construction & Contracting,Consumer Discretionary,Realty,"Residential, Commercial Projects",1,1
HUHTAMAKI,Huhtamaki India,Packaging - FMCG/Consumers,Industrials,Capital Goods,Packaging,1,1
ICEMAKE,ICE Make Refrig.,Refrigeration,Industrials,Capital Goods,Industrial Products,1,1
ICIL,Indo Count Inds.,Textiles - Home Textile,Consumer Discretionary,Textiles,Other Textile Products,1,1
ICRA,ICRA,Credit Rating Agencies,Financial Services,Financial Services,Ratings,1,1
IEX,Indian Energy Ex,Exchanges,Financial Services,Financial Services,Exchange and Data Platform,1,1
IFBIND,IFB Industries,Domestic Appliances,Consumer Discretionary,Consumer Durables,Household Appliances,1,1
IFCI,IFCI,Finance - PSU Lending,Financial Services,Financial Services,Financial Institution,1,1
IFGLEXPOR,IFGL Refractori.,,Industrials,Capital Goods,Electrodes & Refractories,0,1
IGARASHI,Igarashi Motors,Capital Goods - Electric General,Consumer Discretionary,Automobile and Auto Components,Auto Components & Equipments,1,1
IGIL,International Gemological Instit,Lab Grown Diamonds,Services,Services,Diversified Commercial Services,1,1
IGL,Indraprastha Gas,Gas Distribution,Energy,"Oil, Gas & Consumable Fuels",LPG/CNG/PNG/LNG Supplier,1,1
IIFL,IIFL Finance,Finance & Investments - Gold Loan,Financial Services,Financial Services,Non Banking Financial Company (NBFC),1,1
IIFLCAPS,IIFL Capital,Finance - Capital Markets - Brokers,Financial Services,Financial Services,Stockbroking & Allied,1,1
IKIO,IKIO Tech,Capital Goods - Electric General,Consumer Discretionary,Consumer Durables,Consumer Electronics,1,1
IMAGICAA,Imagica. Enter.,Amusement Parks,Consumer Discretionary,Consumer Services,Amusement Parks/ Other Recreation,1,1
IMFA,Indian Metals,Mining/Minerals,Commodities,Metals & Mining,Ferro & Silica Manganese,1,1
INA,Insolation Ener,Capital Goods - Electric General,Utilities,Power,Power Generation,1,1
INDGN,Indegene,Services - Others,Healthcare,Healthcare,"Healthcare Research, Analytics & Technology",1,1
INDIACEM,India Cements,Cement,Commodities,Construction Materials,Cement & Cement Products,1,1
INDIAGLYCO,India Glycols,Alcoholic Beverages,Fast Moving Consumer Goods,Fast Moving Consumer Goods,Breweries & Distilleries,1,1
INDIAMART,Indiamart Inter.,E-Commerce - Platform - Utility,Consumer Discretionary,Consumer Services,Internet & Catalogue Retail,1,1
INDIANHUME,Indian Hume Pipe,,Industrials,Construction,Civil Construction,0,1
INDIASHLTR,INDIA SHELTE FIN,Finance - Housing,Financial Services,Financial Services,Housing Finance Company,1,1
INDIGOPNTS,Indigo Paints,Building Materials - Paints,Consumer Discretionary,Consumer Durables,Paints,1,1
INDNIPPON,India Nipp.Elec.,Auto Ancillaries - Engine Parts,Consumer Discretionary,Automobile and Auto Components,Auto Components & Equipments,1,1
INDOBORAX,Indo Borax & Ch.,Chemicals - Inorganic,Commodities,Chemicals,Commodity Chemicals,1,1
INDOCO,Indoco Remedies,Pharma - Formulators,Healthcare,Healthcare,Pharmaceuticals,1,1
INDOFARM,Indo Farm Equip.,,Industrials,Capital Goods,Construction Vehicles,0,1
INDOSTAR,Indostar Capital,Finance & Investments - CV Finance,Financial Services,Financial Services,Non Banking Financial Company (NBFC),1,1
INDOTHAI,Indo Thai Sec.,Finance - Capital Markets - Brokers,Financial Services,Financial Services,Stockbroking & Allied,1,1
INDRAMEDCO,Indrapr.Medical,Hospitals,Healthcare,Healthcare,Hospital,1,1
INDSWFTLAB,Ind-Swift Labs.,Pharma - API,Healthcare,Healthcare,Pharmaceuticals,1,1
INFOBEAN,InfoBeans Tech.,IT - Software,Information Technology,Information Technology,Computers - Software & Consulting,1,1
INGERRAND,Ingersoll-Rand,Compressors,Industrials,Capital Goods,"Compressors, Pumps & Diesel Engines",1,1
INNOVACAP,Innova Captab,Pharma - API,Healthcare,Healthcare,Pharmaceuticals,1,1
INOXGREEN,Inox Green,Miscellaneous,Services,Services,Diversified Commercial Services,1,1
INOXINDIA,Inox India,Industrial Gas,Industrials,Capital Goods,Other Industrial Products,1,1
INOXWIND,Inox Wind,Capital Goods - Engineering Heavy,Industrials,Capital Goods,Heavy Electrical Equipment,1,1
INTELLECT,Intellect Design,IT Product Companies,Information Technology,Information Technology,Computers - Software & Consulting,1,1
INTERARCH,Interarch Build.,Pre-Engineering Buildings,Industrials,Construction,Civil Construction,1,1
IOLCP,IOL Chemicals,Pharma - API & CRAMS,Healthcare,Healthcare,Pharmaceuticals,1,1
IONEXCHANG,ION Exchange,Water Treatment,Utilities,Utilities,Water Supply & Management,1,1
IPL,India Pesticides,Pesticides/Agrochemicals,Commodities,Chemicals,Pesticides & Agrochemicals,1,1
IRCON,Ircon Intl.,Infra - Engineering - General,Industrials,Construction,Civil Construction,1,1
IRMENERGY,IRM Energy,LPG Bottling,Energy,"Oil, Gas & Consumable Fuels",LPG/CNG/PNG/LNG Supplier,1,1
ISGEC,ISGEC Heavy,Infra - Engineering - General,Industrials,Construction,Civil Construction,1,1
ITDC,I T D C,Resorts,Consumer Discretionary,Consumer Services,Hotels & Resorts,1,1
IVALUE,Ivalue Infosolut,Computer - Peripherals/Accessories,Information Technology,Information Technology,IT Enabled Services,1,1
IXIGO,Le Travenues,E-Commerce - Platform - Travel,Consumer Discretionary,Consumer Services,"Tour, Travel Related Services",1,1
IZMO,IZMO,IT - Software,Information Technology,Information Technology,IT Enabled Services,1,1
J&KBANK,J & K Bank,Banks - Private,Financial Services,Financial Services,Private Sector Bank,1,1
JAGRAN,Jagran Prakashan,Newspaper,Consumer Discretionary,"Media, Entertainment & Publication",Print Media,1,1
JAGSNPHARM,Jagsonpal Pharma,Pharma - API,Healthcare,Healthcare,Pharmaceuticals,1,1
JAICORPLTD,Jai Corp,Miscellaneous,Industrials,Capital Goods,Plastic Products - Industrial,1,1
JAINREC,Jain Resource,Recycling,Commodities,Metals & Mining,Diversified Metals,1,1
JAMNAAUTO,Jamna Auto Inds.,Auto & Auto Ancl - CV,Consumer Discretionary,Automobile and Auto Components,Auto Components & Equipments,1,1
JARO,Jaro Institute,Platform - Education,Consumer Discretionary,Consumer Services,E-Learning,1,1
JASH,Jash Engineering,Water Treatment,Industrials,Capital Goods,Industrial Products,1,1
JAYBARMARU,Jay Bharat Maru.,Auto Ancillaries - Diversified,Consumer Discretionary,Automobile and Auto Components,Auto Components & Equipments,1,1
JAYKAY,Jaykay Enter.,Aerospace & Defence - Equipments,Industrials,Capital Goods,Aerospace & Defense,1,1
JAYNECOIND,Jayaswal Neco,Mining/Minerals - Iron Ore,Industrials,Capital Goods,Iron & Steel Products,1,1
JBMA,JBM Auto,Auto - Bus/LCVs,Consumer Discretionary,Automobile and Auto Components,Auto Components & Equipments,1,1
JGCHEM,J.G.Chemicals,Chemicals - Inorganic,Commodities,Chemicals,Commodity Chemicals,1,1
JINDALSAW,Jindal Saw,DI Pipes/Saw Pipes,Industrials,Capital Goods,Iron & Steel Products,1,1
JINDRILL,Jindal Drilling,Oil Drilling & Exploration,Energy,"Oil, Gas & Consumable Fuels",Offshore Support Solution Drilling,1,1
JINDWORLD,Jindal Worldwide,Textiles - General,Consumer Discretionary,Textiles,Other Textile Products,1,1
JISLJALEQS,Jain Irrigation,Irrigation System,Industrials,Capital Goods,Plastic Products - Industrial,1,1
JKIL,J Kumar Infra,EPC,Industrials,Construction,Civil Construction,1,1
JKLAKSHMI,JK Lakshmi Cem.,Cement,Commodities,Construction Materials,Cement & Cement Products,1,1
JKPAPER,JK Paper,Paper,Commodities,Forest Materials,Paper & Paper Products,1,1
JKTYRE,JK Tyre & Indust,Tyres & Tubes,Consumer Discretionary,Automobile and Auto Components,Tyres & Rubber Products,1,1
JLHL,Jupiter Life Lin,Hospitals,Healthcare,Healthcare,Hospital,1,1
JMFINANCIL,JM Financial,Finance - Investment Bankers,Financial Services,Financial Services,Holding Company,1,1
JNKINDIA,JNK,Capital Goods - Engineering Heavy,Industrials,Capital Goods,Industrial Products,1,1
JPPOWER,JP Power Ven.,Power - Generation/Distribution,Utilities,Power,Power Generation,1,1
JSFB,Jana Small Finan,Banks - Small Finance,Financial Services,Financial Services,Other Bank,1,1
JSLL,Jeena Sikho,Ayurvedic,Consumer Discretionary,Consumer Services,Wellness,1,1
JSWCEMENT,JSW Cement,Cement,Commodities,Construction Materials,Cement & Cement Products,1,1
JSWDULUX,JSW Dulux,Building Materials - Paints,Consumer Discretionary,Consumer Durables,Paints,1,1
JSWHL,JSW Holdings,Finance - Holding Company,Financial Services,Financial Services,Investment Company,1,1
JTEKTINDIA,JTEKT India,Auto Ancillaries - Gears,Consumer Discretionary,Automobile and Auto Components,Auto Components & Equipments,1,1
JTLIND,JTL Industries,Steel - Tubes/Pipes,Industrials,Capital Goods,Iron & Steel Products,1,1
JUBLINGREA,Jubilant Ingrev.,Pesticides/Agrochemicals,Commodities,Chemicals,Specialty Chemicals,1,1
JUBLPHARMA,Jubilant Pharmo,Pharma - API & CRAMS,Healthcare,Healthcare,Pharmaceuticals,1,1
JUSTDIAL,Just Dial,E-Commerce - Platform - Utility,Consumer Discretionary,Consumer Services,Internet & Catalogue Retail,1,1
JWL,Jupiter Wagons,Railways,Industrials,Capital Goods,Railway Wagons,1,1
JYOTHYLAB,Jyothy Labs,FMCG - Personal Care,Fast Moving Consumer Goods,Fast Moving Consumer Goods,Household Products,1,1
JYOTICNC,Jyoti CNC Auto.,CNC - Machines,Industrials,Capital Goods,Industrial Products,1,1
JYOTISTRUC,Jyoti Structures,Capital Goods - Electrical Equipment,Industrials,Capital Goods,Heavy Electrical Equipment,1,1
KAJARIACER,Kajaria Ceramics,Ceramics/Tiles/Sanitaryware,Consumer Discretionary,Consumer Durables,Ceramics,1,1
KALAMANDIR,Sai Silks,Textiles - Readymade Apparel,Consumer Discretionary,Consumer Services,Speciality Retail,1,1
KAMDHENU,Kamdhenu,Steel Products,Industrials,Capital Goods,Iron & Steel Products,1,1
KANSAINER,Kansai Nerolac,Building Materials - Paints,Consumer Discretionary,Consumer Durables,Paints,1,1
KAYNES,Kaynes Tech,Consumer Electronics - EMS,Industrials,Capital Goods,Industrial Products,1,1
KDDL,KDDL Ltd,Watches,Consumer Discretionary,Consumer Durables,"Gems, Jewellery And Watches",1,1
KEC,KEC International,Power - Transmission/Equipment,Industrials,Construction,Civil Construction,1,1
KELLTONTEC,Kellton Tech,IT - Software,Information Technology,Information Technology,IT Enabled Services,1,1
KERNEX,Kernex Microsys.,Railways - Kavach/Springs,Services,Services,Transport Related Services,1,1
KFINTECH,KFin Technolog.,Finance - Capital Markets - RTA,Financial Services,Financial Services,"Depositories, Clearing Houses and Other Intermediaries",1,1
KINGFA,Kingfa Science,Plastics - Plastic & Plastic Products,Industrials,Capital Goods,Plastic Products - Industrial,1,1
KIOCL,KIOCL,Mining/Minerals,Commodities,Metals & Mining,Sponge Iron,1,1
KIRIINDUS,Kiri Industries,Dyes & Pigments,Commodities,Chemicals,Dyes And Pigments,1,1
KIRLFER,Kirl. Ferrous,Steel - Pig Iron,Commodities,Metals & Mining,Pig Iron,1,1
KIRLOSBROS,Kirl. Brothers,Pumps,Industrials,Capital Goods,"Compressors, Pumps & Diesel Engines",1,1
KIRLOSIND,Kirloskar Indus.,Engines,Industrials,Capital Goods,Iron & Steel Products,1,1
KIRLPNU,Kirl.Pneumatic,Compressors,Industrials,Capital Goods,"Compressors, Pumps & Diesel Engines",1,1
KISSHT,Onemi Technology,Finance - Investment/Others,Financial Services,Financial Services,Other Financial Services,1,1
KITEX,Kitex Garments,Textiles - Readymade Apparel,Consumer Discretionary,Textiles,Garments & Apparels,1,1
KMEW,Knowledge Marine,Shipping,Services,Services,Dredging,1,1
KNRCON,KNR Construct.,Infra - Construction & Contracting,Industrials,Construction,Civil Construction,1,1
KOPRAN,Kopran,Pharma - API,Healthcare,Healthcare,Pharmaceuticals,1,1
KOVAI,Kovai Medical,Hospitals,Healthcare,Healthcare,Hospital,1,1
KPEL,K.P. Energy,Engineering - Turnkey Services,Utilities,Power,Power Generation,1,1
KPIGREEN,KPI Green Energy,Power - Generation/Distribution,Utilities,Power,Power Generation,1,1
KPIL,Kalpataru Proj.,Infra - Power - Generation/Distribution,Industrials,Construction,Civil Construction,1,1
KPITTECH,KPIT Technologi.,IT - ER&D,Information Technology,Information Technology,Computers - Software & Consulting,1,1
KPL,Kwality Pharma,Pharma - Formulators,Healthcare,Healthcare,Pharmaceuticals,1,1
KRBL,KRBL,FMCG - Rice,Fast Moving Consumer Goods,Fast Moving Consumer Goods,Other Agricultural Products,1,1
KRISHANA,Krishana Phosch.,Fertilisers,Commodities,Chemicals,Fertilizers,1,1
KRISHNADEF,Krishna Defence,Shipping - Proxy,Industrials,Capital Goods,Aerospace & Defense,1,1
KROSS,Kross Ltd,Auto Ancillaries - Transmission,Consumer Discretionary,Automobile and Auto Components,Auto Components & Equipments,1,1
KRSNAA,Krsnaa Diagnost.,Diagnostics,Healthcare,Healthcare,Healthcare Service Provider,1,1
KSB,KSB,Pumps,Industrials,Capital Goods,"Compressors, Pumps & Diesel Engines",1,1
KSCL,Kaveri Seed Co.,Miscellaneous,Fast Moving Consumer Goods,Fast Moving Consumer Goods,Other Agricultural Products,1,1
KSHINTL,KSH Internationa,Electrical Equipments/HVDC,Industrials,Capital Goods,Cables - Electricals,1,1
KTKBANK,Karnataka Bank,Banks - Private,Financial Services,Financial Services,Private Sector Bank,1,1
KWIL,Kwality Wall's,Food & Dairy Products,Fast Moving Consumer Goods,Fast Moving Consumer Goods,Dairy Products,1,1
LANDMARK,Landmark Cars,Retail - Vehicles,Consumer Discretionary,Automobile and Auto Components,Auto Dealer,1,1
LATENTVIEW,Latent View,IT Enabled Services,Information Technology,Information Technology,Computers - Software & Consulting,1,1
LAXMIDENTL,Laxmi Dental,Medical Equipment,Healthcare,Healthcare,Medical Equipment & Supplies,1,1
LEMERITE,Le Merite Export,Trading,Consumer Discretionary,Textiles,Other Textile Products,1,1
LEMONTREE,Lemon Tree Hotel,Hotels,Consumer Discretionary,Consumer Services,Hotels & Resorts,1,1
LGBBROSLTD,L G Balakrishnan,Auto Ancillaries - 2 Wheelers,Consumer Discretionary,Automobile and Auto Components,Auto Components & Equipments,1,1
LINCOLN,Lincoln Pharma.,Pharma - Formulators,Healthcare,Healthcare,Pharmaceuticals,1,1
LLOYDSENGG,Lloyds Engineeri,Capital Goods - Electrical Equipment,Industrials,Capital Goods,Industrial Products,1,1
LLOYDSENT,Lloyds Enterpris,Trading,Commodities,Metals & Mining,Trading - Metals,1,1
LMW,LMW,Textile machinery,Industrials,Capital Goods,Industrial Products,1,1
LOTUSDEV,Sri Lotus,Construction - Factories/Offices/Commercial,Consumer Discretionary,Realty,"Residential, Commercial Projects",1,1
LTFOODS,L T Foods,FMCG - Rice,Fast Moving Consumer Goods,Fast Moving Consumer Goods,Other Agricultural Products,1,1
LUMAXIND,Lumax Industries,Auto Ancillaries - Head lamps lights,Consumer Discretionary,Automobile and Auto Components,Auto Components & Equipments,1,1
LUMAXTECH,Lumax Auto Tech.,Auto Ancillaries - Diversified,Consumer Discretionary,Automobile and Auto Components,Auto Components & Equipments,1,1
LUXIND,Lux Industries,Textiles - Readymade Apparel,Consumer Discretionary,Textiles,Garments & Apparels,1,1
LXCHEM,Laxmi Organic,Chemicals - Organic,Commodities,Chemicals,Specialty Chemicals,1,1
MACPOWER,Macpower CNC,CNC - Machines,Industrials,Capital Goods,Industrial Products,1,1
MAHLIFE,Mahindra Life.,Construction & Contracting,Consumer Discretionary,Realty,"Residential, Commercial Projects",1,1
MAHLOG,Mahindra Logis.,Logistics - Warehousing/Supply Chain,Services,Services,Logistics Solution Provider,1,1
MAHSCOOTER,Mah. Scooters,Finance - Holding Company,Financial Services,Financial Services,Investment Company,1,1
MAHSEAMLES,Mah. Seamless,Steel - Tubes/Pipes,Industrials,Capital Goods,Iron & Steel Products,1,1
MAITHANALL,Maithan Alloys,Ferro Alloys,Commodities,Metals & Mining,Ferro & Silica Manganese,1,1
MANALIPETC,Manali Petrochem,Petrochem - Polymers,Commodities,Chemicals,Petrochemicals,1,1
MANCREDIT,Mangal Credit,NBFC - Others,Financial Services,Financial Services,Non Banking Financial Company (NBFC),1,1
MANGLMCEM,Mangalam Cement,Cement,Commodities,Construction Materials,Cement & Cement Products,1,1
MANINDS,Man Industries,Steel - Tubes/Pipes,Industrials,Capital Goods,Iron & Steel Products,1,1
MANINFRA,Man Infra,Construction & Contracting,Consumer Discretionary,Realty,"Residential, Commercial Projects",1,1
MANORAMA,Manorama Indust.,FMCG - Chocolate,Fast Moving Consumer Goods,Fast Moving Consumer Goods,Other Food Products,1,1
MANYAVAR,Vedant Fashions,Textiles - Readymade Apparel,Consumer Discretionary,Consumer Services,Speciality Retail,1,1
MAPMYINDIA,C.E. Info System,Geospatial,Information Technology,Information Technology,Software Products,1,1
MARINE,Marine Electric.,Shipping - Proxy,Industrials,Capital Goods,Industrial Products,1,1
MARKOLINES,Markolines Pavem,Construction - Civil/Turnkey,Industrials,Construction,Civil Construction,1,1
MARKSANS,Marksans Pharma,Pharma - Formulators,Healthcare,Healthcare,Pharmaceuticals,1,1
MARSONS,Marsons,Capital Goods - Transformers,Industrials,Capital Goods,Heavy Electrical Equipment,1,1
MASTEK,Mastek,IT - Software,Information Technology,Information Technology,Computers - Software & Consulting,1,1
MASTERTR,Master Trust,Finance & Investments - Others,Financial Services,Financial Services,Stockbroking & Allied,1,1
MAXESTATES,Max Estates,,Consumer Discretionary,Realty,"Residential, Commercial Projects",0,1
MAYURUNIQ,Mayur Uniquoters,Plastics - Plastic & Plastic Products,Consumer Discretionary,Consumer Durables,Leather And Leather Products,1,1
MBAPL,M B Agro Prod.,Fertilisers,Commodities,Chemicals,Fertilizers,1,1
MBEL,M & B Engineer.,Pre-Engineering Buildings,Industrials,Construction,Civil Construction,1,1
MCLOUD,Magellanic Cloud,IT - Software,Information Technology,Information Technology,Computers - Software & Consulting,1,1
MEDIASSIST,Medi Assist Ser.,Insurance - Proxy,Financial Services,Financial Services,Insurance Distributors,1,1
MEDPLUS,Medplus Health,Pharmacy Distribution,Consumer Discretionary,Consumer Services,Pharmacy Retail,1,1
MENONBE,Menon Bearings,Auto Ancillaries - Bearings,Consumer Discretionary,Automobile and Auto Components,Auto Components & Equipments,1,1
METROPOLIS,Metropolis Healt,Diagnostics,Healthcare,Healthcare,Healthcare Service Provider,1,1
MGL,Mahanagar Gas,Gas Distribution,Energy,"Oil, Gas & Consumable Fuels",LPG/CNG/PNG/LNG Supplier,1,1
MHRIL,Mahindra Holiday,Resorts,Consumer Discretionary,Consumer Services,Hotels & Resorts,1,1
MIDHANI,Mishra Dhatu Nig,Aerospace & Defence - Equipments,Industrials,Capital Goods,Aerospace & Defense,1,1
MIDWESTLTD,Midwest,Granite & Marble,Consumer Discretionary,Consumer Durables,Granites & Marbles,1,1
MINDACORP,Minda Corp,Auto Ancillaries - Diversified,Consumer Discretionary,Automobile and Auto Components,Auto Components & Equipments,1,1
MMFL,M M Forgings,"Castings, Forgings & Fastners",Consumer Discretionary,Automobile and Auto Components,Auto Components & Equipments,1,1
MMTC,MMTC,Trading,Services,Services,Trading & Distributors,1,1
MOBIKWIK,One Mobikwik,E-Commerce - Platform - Utility,Financial Services,Financial Services,Financial Technology (Fintech),1,1
MODISONLTD,Modison,Capital Goods - Electric General,Industrials,Capital Goods,Other Electrical Equipment,1,1
MOIL,MOIL,Mining/Minerals,Commodities,Metals & Mining,Industrial Minerals,1,1
MOLDTKPAC,Mold-Tek Pack.,Packaging - FMCG/Consumers,Industrials,Capital Goods,Packaging,1,1
MONARCH,Monarch Networth,Finance - Capital Markets - Brokers,Financial Services,Financial Services,Stockbroking & Allied,1,1
MOREPENLAB,Morepen Labs.,Pharma - API & CRAMS,Healthcare,Healthcare,Pharmaceuticals,1,1
MOSCHIP,Moschip Tech.,IT - Software,Information Technology,Information Technology,Computers Hardware & Equipments,1,1
MOTISONS,Motisons Jewel,"Diamond, Gems & Jewellery",Consumer Discretionary,Consumer Durables,"Gems, Jewellery And Watches",1,1
MPSLTD,MPS,,Consumer Discretionary,"Media, Entertainment & Publication",Printing & Publication,0,1
MSPL,MSP Steel & Pow.,Steel - Sponge Iron,Industrials,Capital Goods,Iron & Steel Products,1,1
MSTCLTD,MSTC,E-Commerce - Platform - Utility,Services,Services,Trading & Distributors,1,1
MTARTECH,MTAR Technologie,Aerospace & Defence - Equipments,Industrials,Capital Goods,Other Electrical Equipment,1,1
MTNL,M T N L,Telecom Services,Telecommunication,Telecommunication,Telecom - Cellular & Fixed line services,1,1
MUFIN,Mufin Green,Finance & Investments - Others,Financial Services,Financial Services,Non Banking Financial Company (NBFC),1,1
MUNJALAU,Munjal Auto Inds,Auto Ancillaries - Diversified,Consumer Discretionary,Automobile and Auto Components,Auto Components & Equipments,1,1
MUTHOOTMF,Muthoot Microfin,Finance & Investments - Microfinance,Financial Services,Financial Services,Microfinance Institutions,1,1
NACLIND,NACL Industries,Pesticides/Agrochemicals,Commodities,Chemicals,Pesticides & Agrochemicals,1,1
NARMADA,Narmada Agrobase,Miscellaneous,Fast Moving Consumer Goods,Fast Moving Consumer Goods,Animal Feed,1,1
NATCOPHARM,Natco Pharma,Pharma - Formulators,Healthcare,Healthcare,Pharmaceuticals,1,1
NAVA,Nava,Diversified,Utilities,Power,Power Generation,1,1
NAVKARCORP,Navkar Corporat.,Logistics - Warehousing/Supply Chain,Services,Services,Logistics Solution Provider,1,1
NAZARA,Nazara Technolo.,Entertainment & Media,Consumer Discretionary,"Media, Entertainment & Publication",Digital Entertainment,1,1
NCC,NCC,Construction & Contracting,Industrials,Construction,Civil Construction,1,1
NDTV,NDTV,Entertainment & Media,Consumer Discretionary,"Media, Entertainment & Publication",TV Broadcasting & Software Production,1,1
NELCAST,Nelcast,"Castings, Forgings & Fastners",Industrials,Capital Goods,Castings & Forgings,1,1
NELCO,NELCO,Telecom Services,Information Technology,Information Technology,Computers Hardware & Equipments,1,1
NEOGEN,Neogen Chemicals,Speciality Chemicals,Commodities,Chemicals,Specialty Chemicals,1,1
NEPHROPLUS,Nephrocare Health Services,Hospitals/Medical Services,Healthcare,Healthcare,Healthcare Service Provider,1,1
NESCO,NESCO,Realty - Commercial,Services,Services,Diversified Commercial Services,1,1
NETWORK18,Netwrk.18 Media,Entertainment & Media,Consumer Discretionary,"Media, Entertainment & Publication",Media & Entertainment,1,1
NEULANDLAB,Neuland Labs.,Pharma - API & CRAMS,Healthcare,Healthcare,Pharmaceuticals,1,1
NEWGEN,Newgen Software,IT Product Companies,Information Technology,Information Technology,Computers - Software & Consulting,1,1
NFL,Natl.Fertilizer,Fertilisers,Commodities,Chemicals,Fertilizers,1,1
NGLFINE,NGL Fine Chem,Pharma - Animal,Healthcare,Healthcare,Pharmaceuticals,1,1
NIBE,NIBE,Aerospace & Defence - Equipments,Industrials,Capital Goods,Aerospace & Defense,1,1
NIITLTD,NIIT,Computer Education,Consumer Discretionary,Consumer Services,Education,1,1
NIITMTS,NIIT Learning,Computer Education,Consumer Discretionary,Consumer Services,Education,1,1
NITCO,Nitco,Ceramics/Tiles/Sanitaryware,Consumer Discretionary,Consumer Durables,Ceramics,1,1
NITINSPIN,Nitin Spinners,Textiles - Spinning,Consumer Discretionary,Textiles,Other Textile Products,1,1
NIVABUPA,Niva Bupa Health,Finance - Insurance,Financial Services,Financial Services,General Insurance,1,1
NOCIL,NOCIL,Petrochem - Polymers,Commodities,Chemicals,Specialty Chemicals,1,1
NORTHARC,Northern Arc,Finance & Investments - Microfinance,Financial Services,Financial Services,Non Banking Financial Company (NBFC),1,1
NOVARTIND,,Pharma - MNC bulk Drugs,,,,1,0
NPST,Network People,IT Product Companies,Financial Services,Financial Services,Financial Technology (Fintech),1,1
NRBBEARING,NRB Bearings,Bearings,Consumer Discretionary,Automobile and Auto Components,Auto Components & Equipments,1,1
NSLNISP,NMDC Steel,Steel,Commodities,Metals & Mining,Iron & Steel,1,1
NUCLEUS,Nucleus Soft.,IT Product Companies,Information Technology,Information Technology,Software Products,1,1
NUVOCO,Nuvoco Vistas,Cement,Commodities,Construction Materials,Cement & Cement Products,1,1
OCCLLTD,OCCL,Chemicals - Organic,Commodities,Chemicals,Commodity Chemicals,1,1
OLAELEC,Ola Electric,Auto - 2 & 3 Wheelers,Consumer Discretionary,Automobile and Auto Components,2/3 Wheelers,1,1
OLECTRA,Olectra Greentec,Auto - Bus/LCVs,Consumer Discretionary,Automobile and Auto Components,Passenger Cars & Utility Vehicles,1,1
OMAXE,Omaxe,Realty - Construction & Contracting,Consumer Discretionary,Realty,"Residential, Commercial Projects",1,1
OMNI,Omnitech Engg.,Engineering - Light - General,Industrials,Capital Goods,Industrial Products,1,1
OMPOWER,Om Power Transmission,Transmission Line Towers/Equipment,Industrials,Construction,Civil Construction,1,1
ONEPOINT,One Point One,IT Enabled Services,Services,Services,Business Process Outsourcing (BPO)/ Knowledge Process Outsourcing (KPO),1,1
ONESOURCE,OneSource Speci.,Pharma - API & CRAMS,Healthcare,Healthcare,Pharmaceuticals,1,1
ONMOBILE,OnMobile Global,,Consumer Discretionary,"Media, Entertainment & Publication",Web based media and service,0,1
ONWARDTEC,Onward Technolog,IT - ER&D,Information Technology,Information Technology,IT Enabled Services,1,1
OPTIEMUS,Optiemus Infra.,Telecom Services,Telecommunication,Telecommunication,Telecom - Equipment & Accessories,1,1
ORCHPHARMA,Orchid Pharma,Pharma - API,Healthcare,Healthcare,Pharmaceuticals,1,1
ORIENTHOT,Oriental Hotels,Hotels,Consumer Discretionary,Consumer Services,Hotels & Resorts,1,1
ORIENTTECH,Orient Tech.,IT - Software,Information Technology,Information Technology,IT Enabled Services,1,1
OSWALPUMPS,Oswal Pumps,Solar Pumps,Industrials,Capital Goods,"Compressors, Pumps & Diesel Engines",1,1
PACEDIGITK,Pace Digitek,Engineering - Turnkey Services,Telecommunication,Telecommunication,Telecom - Infrastructure,1,1
PAISALO,Paisalo Digital,Finance - Capital Markets - Brokers,Financial Services,Financial Services,Non Banking Financial Company (NBFC),1,1
PANACEABIO,Panacea Biotec,Pharma - Others,Healthcare,Healthcare,Pharmaceuticals,1,1
PANAMAPET,Panama Petrochem,Speciality Chemicals,Energy,"Oil, Gas & Consumable Fuels",Lubricants,1,1
PARACABLES,Paramount Comm.,Cables - Telecom,Industrials,Capital Goods,Cables - Electricals,1,1
PARADEEP,Paradeep Phosph.,Fertilisers,Commodities,Chemicals,Fertilizers,1,1
PARAGMILK,Parag Milk Foods,FMCG - Dairy Products,Fast Moving Consumer Goods,Fast Moving Consumer Goods,Dairy Products,1,1
PARAS,Paras Defence,Aerospace & Defence - Equipments,Industrials,Capital Goods,Aerospace & Defense,1,1
PARKHOSPS,Park Medi World,Hospitals/Medical Services,Healthcare,Healthcare,Hospital,1,1
PASUPTAC,Pasupati Acrylon,Textiles - Acrylic Fibre,Commodities,Chemicals,Petrochemicals,1,1
PATELENG,Patel Engineerin,Infra - Construction & Contracting,Industrials,Construction,Civil Construction,1,1
PATELRMART,Patel Retail,Trading,Consumer Discretionary,Consumer Services,Diversified Retail,1,1
PCBL,PCBL Chemical,Carbon Black,Commodities,Chemicals,Carbon Black,1,1
PCJEWELLER,PC Jeweller,"Diamond, Gems & Jewellery",Consumer Discretionary,Consumer Durables,"Gems, Jewellery And Watches",1,1
PDSL,PDS,Services - Others,Consumer Discretionary,Textiles,Trading - Textile Products,1,1
PENIND,Pennar Industrie,Pre-Engineering Buildings,Industrials,Capital Goods,Industrial Products,1,1
PFIZER,Pfizer,Pharma - MNC bulk Drugs,Healthcare,Healthcare,Pharmaceuticals,1,1
PGEL,PG Electroplast,Consumer Electronics - EMS,Consumer Discretionary,Consumer Durables,Consumer Electronics,1,1
PGHL,P & G Health Ltd,Pharma - MNC bulk Drugs,Healthcare,Healthcare,Pharmaceuticals,1,1
PGIL,Pearl Global Ind,Textiles - Readymade Apparel,Consumer Discretionary,Textiles,Garments & Apparels,1,1
PICCADIL,Piccadily Agro,Alcoholic Beverages,Fast Moving Consumer Goods,Fast Moving Consumer Goods,Breweries & Distilleries,1,1
PINELABS,Pine Labs,E-Commerce - Platform - Utility,Financial Services,Financial Services,Financial Technology (Fintech),1,1
PITTIENG,Pitti Engg.,Capital Goods - Engineering General,Industrials,Capital Goods,Industrial Products,1,1
PIXTRANS,Pix Transmission,Rubber Processing/Rubber Products,Industrials,Capital Goods,Rubber,1,1
PNBGILTS,PNB Gilts,Finance & Investments - Others,Financial Services,Financial Services,Investment Company,1,1
PNCINFRA,PNC Infratech,Infra - Construction & Contracting,Industrials,Construction,Civil Construction,1,1
PNGJL,P N Gadgil Jewe.,"Diamond, Gems & Jewellery",Consumer Discretionary,Consumer Durables,"Gems, Jewellery And Watches",1,1
PNGSREVA,PNGS Reva Diamo.,"Diamond, Gems & Jewellery",Consumer Discretionary,Consumer Durables,"Gems, Jewellery And Watches",1,1
POCL,Pondy Oxides,Recycling,Commodities,Metals & Mining,Diversified Metals,1,1
POKARNA,Pokarna,Building Material USA,Consumer Discretionary,Consumer Durables,Granites & Marbles,1,1
POLYMED,Poly Medicure,Medical Equipment,Healthcare,Healthcare,Medical Equipment & Supplies,1,1
POLYPLEX,Polyplex Corpn,Packaging - BOPP,Industrials,Capital Goods,Packaging,1,1
POWERICA,Powerica Ltd,Electric Equipment - Gensets/Turbines,Industrials,Capital Goods,Heavy Electrical Equipment,1,1
POWERMECH,Power Mech Proj.,Project Consultancy/Turnkey,Industrials,Construction,Civil Construction,1,1
PPL,Prakash Pipes,Plastics - Pipes & Fittings,Industrials,Capital Goods,Plastic Products - Industrial,1,1
PPLPHARMA,Piramal Pharma,Pharma - API & CRAMS,Healthcare,Healthcare,Pharmaceuticals,1,1
PRAJIND,Praj Industries,Capital Goods - Engineering Heavy,Industrials,Capital Goods,Industrial Products,1,1
PRAKASH,Prakash Industri,Steel Products,Commodities,Metals & Mining,Iron & Steel,1,1
PRECAM,,Auto Ancillaries - Diversified,,,,1,0
PRECWIRE,Prec. Wires (I),Copper Wires,Industrials,Capital Goods,"Aluminium, Copper & Zinc Products",1,1
PREMEXPLN,Prem. Explosives,Industrial Explosives,Commodities,Chemicals,Explosives,1,1
PRICOLLTD,Pricol Ltd,Auto Ancillaries - 2 Wheelers,Consumer Discretionary,Automobile and Auto Components,Auto Components & Equipments,1,1
PRINCEPIPE,Prince Pipes,Building Materials - Plastic Pipes,Industrials,Capital Goods,Plastic Products - Industrial,1,1
PRIVISCL,Privi Speci.,Speciality Chemicals,Commodities,Chemicals,Specialty Chemicals,1,1
PROSTARM,,Trading,,,,1,0
PROTEAN,Protean eGov,IT Enabled Services,Information Technology,Information Technology,IT Enabled Services,1,1
PRSMJOHNSN,Prism Johnson,Cement,Commodities,Construction Materials,Cement & Cement Products,1,1
PRUDENT,Prudent Corp.,Finance - Capital Markets,Financial Services,Financial Services,Financial Products Distributor,1,1
PSB,Pun. & Sind Bank,Banks - PSU,Financial Services,Financial Services,Public Sector Bank,1,1
PSPPROJECT,PSP Projects,Construction & Contracting,Industrials,Construction,Civil Construction,1,1
PTC,PTC India,Trading,Utilities,Power,Power Trading,1,1
PVRINOX,PVR Inox,Entertainment & Media,Consumer Discretionary,"Media, Entertainment & Publication","Film Production, Distribution & Exhibition",1,1
QUADFUTURE,Quadrant Future,Railways - Kavach/Springs,Industrials,Capital Goods,Cables - Electricals,1,1
QUESS,Quess Corp,Facility Management,Services,Services,Diversified Commercial Services,1,1
QUICKHEAL,Quick Heal Tech,IT - Software,Information Technology,Information Technology,Software Products,1,1
RACLGEAR,RACL Geartech,Auto Ancillaries - Gears,Consumer Discretionary,Automobile and Auto Components,Auto Components & Equipments,1,1
RAILTEL,Railtel Corpn.,Railways,Telecommunication,Telecommunication,Other Telecom Services,1,1
RAIN,Rain Industries,Cement,Commodities,Chemicals,Petrochemicals,1,1
RAINBOW,Rainbow Child.,Hospitals,Healthcare,Healthcare,Hospital,1,1
RALLIS,Rallis India,Pesticides/Agrochemicals,Commodities,Chemicals,Pesticides & Agrochemicals,1,1
RAMCOCEM,The Ramco Cement,Cement,Commodities,Construction Materials,Cement & Cement Products,1,1
RAMCOIND,Ramco Inds.,Cement Products,Commodities,Construction Materials,Other Construction Materials,1,1
RAMCOSYS,Ramco Systems,IT Product Companies,Information Technology,Information Technology,Software Products,1,1
RAMRAT,Ram Ratna Wires,Copper Wires,Industrials,Capital Goods,Other Electrical Equipment,1,1
RATEGAIN,Rategain Travel,IT Product Companies,Information Technology,Information Technology,Computers - Software & Consulting,1,1
RATNAMANI,Ratnamani Metals,Stainless Steel,Industrials,Capital Goods,Iron & Steel Products,1,1
RATNAVEER,Ratnaveer Precis,Stainless Steel,Industrials,Capital Goods,Iron & Steel Products,1,1
RAYMOND,Raymond,Realty - Construction & Contracting,Industrials,Capital Goods,Industrial Products,1,1
RAYMONDLSL,Raymond Lifestyl,Textiles - Readymade Apparel,Consumer Discretionary,Textiles,Other Textile Products,1,1
RAYMONDREL,Raymond Realty,Realty - Regional,Consumer Discretionary,Realty,"Residential, Commercial Projects",1,1
RBA,Restaurant Brand,Quick Service Restaurant - QSR,Consumer Discretionary,Consumer Services,Restaurants,1,1
RCF,R C F,Fertilisers,Commodities,Chemicals,Fertilizers,1,1
REDINGTON,Redington,Computer - Hardware,Services,Services,Trading & Distributors,1,1
REDTAPE,Redtape,Footwear,Consumer Discretionary,Consumer Durables,Footwear,1,1
REFEX,Refex Industries,Refrigeration,Utilities,Utilities,Waste Management,1,1
RELAXO,Relaxo Footwear,Footwear,Consumer Discretionary,Consumer Durables,Footwear,1,1
RELIGARE,Religare Enterp.,Finance - Insurance,Financial Services,Financial Services,Investment Company,1,1
RELTD,Ravindra Energy,Capital Goods - Electric General,Industrials,Capital Goods,Other Electrical Equipment,1,1
RENUKA,Sh.Renuka Sugar,Sugar,Fast Moving Consumer Goods,Fast Moving Consumer Goods,Sugar,1,1
REPCOHOME,Repco Home Fin,Finance - Housing,Financial Services,Financial Services,Housing Finance Company,1,1
RESPONIND,Responsive Ind,Plastics - Plastic & Plastic Products,Consumer Discretionary,Consumer Durables,"Furniture, Home Furnishing",1,1
RGL,Renaiss. Global,Lab Grown Diamonds,Consumer Discretionary,Consumer Durables,"Gems, Jewellery And Watches",1,1
RHETAN,Rhetan TMT Ltd,Steel Products,Industrials,Capital Goods,Iron & Steel Products,1,1
RHIM,RHI Magnesita,Refractories,Industrials,Capital Goods,Electrodes & Refractories,1,1
RICOAUTO,Rico Auto Inds,Auto Ancillaries - Spare Parts Accessories,Consumer Discretionary,Automobile and Auto Components,Auto Components & Equipments,1,1
RIIL,Rel. Indl. Infra,Logistics,Services,Services,Logistics Solution Provider,1,1
RISHABH,Rishabh Instrum.,Capital Goods - Electric General,Industrials,Capital Goods,Other Electrical Equipment,1,1
RITES,Rites,Railways,Industrials,Construction,Civil Construction,1,1
RKFORGE,Ramkrishna Forg.,"Castings, Forgings & Fastners",Consumer Discretionary,Automobile and Auto Components,Auto Components & Equipments,1,1
RML,Rane (Madras),Auto Ancillaries - Gears,Consumer Discretionary,Automobile and Auto Components,Auto Components & Equipments,1,1
ROLEXRINGS,Rolex Rings,Bearings,Consumer Discretionary,Automobile and Auto Components,Auto Components & Equipments,1,1
ROSSARI,Rossari Biotech,Seeds/Tissue Culture/Bio Technology,Commodities,Chemicals,Specialty Chemicals,1,1
ROSSTECH,Rossell Techsys,Aerospace & Defence - Equipments,Industrials,Capital Goods,Aerospace & Defense,1,1
ROTO,Roto Pumps,Pumps,Industrials,Capital Goods,"Compressors, Pumps & Diesel Engines",1,1
ROUTE,Route Mobile,IT Enabled Services,Telecommunication,Telecommunication,Other Telecom Services,1,1
RPEL,Raghav Product.,Steel Products,Industrials,Capital Goods,Electrodes & Refractories,1,1
RPOWER,Reliance Power,Power - Generation/Distribution,Utilities,Power,Power Generation,1,1
RPTECH,Rashi Peripheral,Trading,Information Technology,Information Technology,Computers Hardware & Equipments,1,1
RSL,Rajputana Stain.,Steel,Industrials,Capital Goods,Iron & Steel Products,1,1
RSWM,RSWM Ltd,Textiles - Spinning,Consumer Discretionary,Textiles,Other Textile Products,1,1
RSYSTEMS,R Systems Intl.,IT - Software,Information Technology,Information Technology,IT Enabled Services,1,1
RTNINDIA,RattanIndia Ent,Miscellaneous,Consumer Discretionary,Consumer Services,E-Retail/ E-Commerce,1,1
RTNPOWER,RattanIndia Pow.,Power - Generation/Distribution,Utilities,Power,Power Generation,1,1
RUBICON,Rubicon Research,Pharma - Formulators,Healthcare,Healthcare,Pharmaceuticals,1,1
RUPA,Rupa & Co,Textiles - Hosiery/Knitwear,Consumer Discretionary,Textiles,Garments & Apparels,1,1
RUSTOMJEE,Keystone Realtor,Realty - Construction & Contracting,Consumer Discretionary,Realty,"Residential, Commercial Projects",1,1
SAATVIKGL,Saatvik Green,Electric Equipment - General,Industrials,Capital Goods,Other Electrical Equipment,1,1
SAFARI,Safari Inds.,Travel Bags,Consumer Discretionary,Consumer Durables,Plastic Products - Consumer,1,1
SAGILITY,Sagility,Miscellaneous,Information Technology,Information Technology,IT Enabled Services,1,1
SAIPARENT,Sai Parenteral's,Pharma - Formulators,Healthcare,Healthcare,Pharmaceuticals,1,1
SAKAR,Sakar Healthcare,Hospitals,Healthcare,Healthcare,Pharmaceuticals,1,1
SAKSOFT,Saksoft,IT - Software,Information Technology,Information Technology,Computers - Software & Consulting,1,1
SALASAR,Salasar Techno,Steel Products,Industrials,Capital Goods,Industrial Products,1,1
SALZERELEC,Salzer Electron.,Capital Goods - Electric General,Industrials,Capital Goods,Other Electrical Equipment,1,1
SAMBHV,Sambhv Steel,Steel - Tubes/Pipes,Industrials,Capital Goods,Iron & Steel Products,1,1
SAMHI,Samhi Hotels,Hotels,Consumer Discretionary,Consumer Services,Hotels & Resorts,1,1
SAMMAANCAP,Sammaan Capital,Finance - Housing,Financial Services,Financial Services,Housing Finance Company,1,1
SANDHAR,Sandhar Tech,Auto Ancillaries - 2&3 Wheelers,Consumer Discretionary,Automobile and Auto Components,Auto Components & Equipments,1,1
SANDUMA,Sandur Manganese,Mining/Minerals - Iron Ore,Commodities,Metals & Mining,Iron & Steel,1,1
SANGHVIMOV,Sanghvi Movers,Capital Goods - EPC/Cranes,Services,Services,Diversified Commercial Services,1,1
SANOFI,Sanofi India,Pharma - MNC bulk Drugs,Healthcare,Healthcare,Pharmaceuticals,1,1
SANOFICONR,Sanofi Consumer,Pharma - MNC bulk Drugs,Healthcare,Healthcare,Pharmaceuticals,1,1
SANSERA,Sansera Enginee.,Auto Ancillaries - Diversified,Consumer Discretionary,Automobile and Auto Components,Auto Components & Equipments,1,1
SANSTAR,Sanstar,Agricultural Processing - Maize,Fast Moving Consumer Goods,Fast Moving Consumer Goods,Other Agricultural Products,1,1
SAPPHIRE,Sapphire Foods,Quick Service Restaurant - QSR,Consumer Discretionary,Consumer Services,Restaurants,1,1
SARDAEN,Sarda Energy,Mining/Minerals - Iron Ore,Commodities,Metals & Mining,Iron & Steel,1,1
SAREGAMA,Saregama India,Music Licensing,Consumer Discretionary,"Media, Entertainment & Publication",Media & Entertainment,1,1
SASKEN,Sasken Technol.,IT - Software,Information Technology,Information Technology,IT Enabled Services,1,1
SATIN,Satin Creditcare,Finance & Investments - Microfinance,Financial Services,Financial Services,Microfinance Institutions,1,1
SBC,SBC Exports,Textiles - Readymade Apparel,Consumer Discretionary,Textiles,Garments & Apparels,1,1
SBCL,Shivalik Bimetal,Shunt Resistors,Industrials,Capital Goods,Iron & Steel Products,1,1
SBFC,SBFC Finance,Finance & Investments - MSME Lending,Financial Services,Financial Services,Non Banking Financial Company (NBFC),1,1
SCI,S C I,Shipping,Services,Services,Shipping,1,1
SCODATUBES,Scoda Tubes,Steel - Tubes/Pipes,Industrials,Capital Goods,Iron & Steel Products,1,1
SDBL,Som Distilleries,Alcoholic Beverages,Fast Moving Consumer Goods,Fast Moving Consumer Goods,Breweries & Distilleries,1,1
SEAMECLTD,SEAMEC Ltd,Shipping,Services,Services,Shipping,1,1
SEDEMAC,Sedemac Mechatro,Electronics - Power Devices/Equipment,Consumer Discretionary,Automobile and Auto Components,Auto Components & Equipments,1,1
SEIL,Shanti Educat.,Computer Education,Consumer Discretionary,Consumer Services,Education,1,1
SENCO,Senco Gold,"Diamond, Gems & Jewellery",Consumer Discretionary,Consumer Durables,"Gems, Jewellery And Watches",1,1
SENORES,Senores Pharma.,Pharma - API,Healthcare,Healthcare,Pharmaceuticals,1,1
SEPC,SEPC,Project Consultancy/Turnkey,Industrials,Construction,Civil Construction,1,1
SERVOTECH,Servotech Renew,Capital Goods - Electric General,Industrials,Capital Goods,Other Electrical Equipment,1,1
SETL,Standard Engineering Technology,Engineering - Heavy - Glass - lined Equipment,Industrials,Capital Goods,Industrial Products,1,1
SFL,Sheela Foam,Mattress,Consumer Discretionary,Consumer Durables,"Furniture, Home Furnishing",1,1
SGFIN,SG Finserve,Finance & Investments - MSME Lending,Financial Services,Financial Services,Non Banking Financial Company (NBFC),1,1
SGMART,SG Mart,Trading,Commodities,Metals & Mining,Trading - Metals,1,1
SHADOWFAX,Shadowfax Technologies,Logistics,Services,Services,Logistics Solution Provider,1,1
SHAH,Shah Metacorp,Steel,Industrials,Capital Goods,Iron & Steel Products,1,1
SHAILY,Shaily Engineer.,Plastics - Plastic & Plastic Products,Consumer Discretionary,Consumer Durables,Plastic Products - Consumer,1,1
SHAKTIPUMP,Shakti Pumps,Solar Pumps,Industrials,Capital Goods,"Compressors, Pumps & Diesel Engines",1,1
SHANTIGOLD,Shanti Gold,"Diamond, Gems & Jewellery",Consumer Discretionary,Consumer Durables,"Gems, Jewellery And Watches",1,1
SHARDACROP,Sharda Cropchem,Pesticides/Agrochemicals,Commodities,Chemicals,Pesticides & Agrochemicals,1,1
SHARDAMOTR,Sharda Motor,Auto Ancillaries - Diversified,Consumer Discretionary,Automobile and Auto Components,Auto Components & Equipments,1,1
SHAREINDIA,Share India Sec.,Finance - Capital Markets - Brokers,Financial Services,Financial Services,Stockbroking & Allied,1,1
SHILCTECH,Shilchar Tech.,Capital Goods - Transformers,Industrials,Capital Goods,Other Electrical Equipment,1,1
SHILPAMED,Shilpa Medicare,Pharma - API & CRAMS,Healthcare,Healthcare,Pharmaceuticals,1,1
SHK,S H Kelkar & Co.,Chemicals - Others,Commodities,Chemicals,Specialty Chemicals,1,1
SHREEJISPG,Shreeji Ship. Gl,Shipping/Dredging,Services,Services,Shipping,1,1
SHRINGARMS,Shringar House,"Diamond, Gems & Jewellery",Consumer Discretionary,Consumer Durables,"Gems, Jewellery And Watches",1,1
SHRIPISTON,SPR Auto Technologies,Auto Ancillaries - Engine Parts,Consumer Discretionary,Automobile and Auto Components,Auto Components & Equipments,1,1
SHRIRAMPPS,Shriram Properti,Realty - Construction & Contracting,Consumer Discretionary,Realty,"Residential, Commercial Projects",1,1
SIGMAADV,Sigma Advanced System,Aerospace & Defence - Equipments,Industrials,Capital Goods,Aerospace & Defense,1,1
SIGNATURE,SignatureGlobal,Realty - Construction & Contracting,Consumer Discretionary,Realty,"Residential, Commercial Projects",1,1
SIGNPOST,Signpost India,Advertisement,Consumer Discretionary,"Media, Entertainment & Publication",Advertising & Media Agencies,1,1
SIKA,Sika Interplant,Aerospace & Defence - Equipments,Industrials,Capital Goods,Aerospace & Defense,1,1
SILVERTUC,Silver Touch,IT - Software,Information Technology,Information Technology,Computers - Software & Consulting,1,1
SIMPLEXINF,Simplex Infra,Infra - Construction & Contracting,Industrials,Construction,Civil Construction,1,1
SINDHUTRAD,Sindhu Trade,Logistics,Energy,"Oil, Gas & Consumable Fuels",Coal,1,1
SIRCA,Sirca Paints,Building Materials - Paints,Consumer Discretionary,Consumer Durables,Paints,1,1
SIS,SIS,Facility Management,Consumer Discretionary,Consumer Services,Other Consumer Services,1,1
SIYSIL,Siyaram Silk,Textiles - Weaving,Consumer Discretionary,Textiles,Other Textile Products,1,1
SJS,SJS Enterprises,Auto Ancillaries - Diversified,Consumer Discretionary,Automobile and Auto Components,Auto Components & Equipments,1,1
SKFINDIA,SKF India,Bearings,Industrials,Capital Goods,Abrasives & Bearings,1,1
SKFINDUS,SKF India Indus.,Bearings,Industrials,Capital Goods,Abrasives & Bearings,1,1
SKIPPER,Skipper,Electrical Equipments/HVDC,Industrials,Capital Goods,Heavy Electrical Equipment,1,1
SKMEGGPROD,SKM Egg Prod.,FMCG - Animal/Polutry,Fast Moving Consumer Goods,Fast Moving Consumer Goods,Meat Products including Poultry,1,1
SKYGOLD,Sky Gold & Diam.,"Diamond, Gems & Jewellery",Consumer Discretionary,Consumer Durables,"Gems, Jewellery And Watches",1,1
SMCGLOBAL,SMC Global Sec.,Finance - Capital Markets - Brokers,Financial Services,Financial Services,Stockbroking & Allied,1,1
SMLMAH,SML Mahindra,Auto - Bus/LCVs,Industrials,Capital Goods,Commercial Vehicles,1,1
SMSPHARMA,SMS Pharma.,Pharma - API & CRAMS,Healthcare,Healthcare,Pharmaceuticals,1,1
SOBHA,Sobha,Realty - National,Consumer Discretionary,Realty,"Residential, Commercial Projects",1,1
SOLARA,Solara Active,Pharma - API & CRAMS,Healthcare,Healthcare,Pharmaceuticals,1,1
SOLARWORLD,Solarworld Ene.,Solar EPC,Industrials,Construction,Civil Construction,1,1
SOLEX,Solex Energy,Capital Goods - Solar,Industrials,Capital Goods,Heavy Electrical Equipment,1,1
SOMANYCERA,Somany Ceramics,Ceramics/Tiles/Sanitaryware,Consumer Discretionary,Consumer Durables,Ceramics,1,1
SONATSOFTW,Sonata Software,IT - Software,Information Technology,Information Technology,Computers - Software & Consulting,1,1
SOTL,Savita Oil Tech,Petrochem - Others,Energy,"Oil, Gas & Consumable Fuels",Lubricants,1,1
SOUTHBANK,South Ind.Bank,Banks - Private,Financial Services,Financial Services,Private Sector Bank,1,1
SOUTHWEST,South West Pinn.,Mining/Minerals,Services,Services,Diversified Commercial Services,1,1
SPAL,S P Apparels,Textiles - Readymade Apparel,Consumer Discretionary,Textiles,Garments & Apparels,1,1
SPANDANA,Spandana Sphoort,Finance & Investments - Microfinance,Financial Services,Financial Services,Microfinance Institutions,1,1
SPARC,SPARC,Pharma - Others,Healthcare,Healthcare,Pharmaceuticals,1,1
SPECTRUM,Spectrum Electr.,Capital Goods - Electric General,Industrials,Capital Goods,Industrial Products,1,1
SPIC,S P I C,Fertilisers,Commodities,Chemicals,Fertilizers,1,1
SPLPETRO,Supreme Petroch.,Petrochem - Polymers,Commodities,Chemicals,Petrochemicals,1,1
SPMLINFRA,SPML Infra,Infra - Construction & Contracting,Industrials,Construction,Civil Construction,1,1
SPORTKING,Sportking India,Textiles - Spinning,Consumer Discretionary,Textiles,Other Textile Products,1,1
SRM,SRM Contractors,Construction - Civil/Turnkey,Industrials,Construction,Civil Construction,1,1
SSWL,Steel Str. Wheel,Auto Ancillaries - Wheels,Consumer Discretionary,Automobile and Auto Components,Auto Components & Equipments,1,1
STALLION,Stallion India,Industrial Gas,Commodities,Chemicals,Industrial Gases,1,1
STANLEY,Stanley Lifesty.,Miscellaneous,Consumer Discretionary,Consumer Durables,"Furniture, Home Furnishing",1,1
STAR,Strides Pharma,Pharma - Formulators,Healthcare,Healthcare,Pharmaceuticals,1,1
STARCEMENT,Star Cement,Cement,Commodities,Construction Materials,Cement & Cement Products,1,1
STEELCAS,Steelcast,"Castings, Forgings & Fastners",Industrials,Capital Goods,Castings & Forgings,1,1
STEELXIND,Steel Exchange,Steel Products,Industrials,Capital Goods,Iron & Steel Products,1,1
STERTOOLS,Sterling Tools,"Castings, Forgings & Fastners",Consumer Discretionary,Automobile and Auto Components,Auto Components & Equipments,1,1
STOVEKRAFT,Stove Kraft,Domestic Appliances,Consumer Discretionary,Consumer Durables,Household Appliances,1,1
STUDDS,Studds Accessor.,Plastics - Others,Consumer Discretionary,Automobile and Auto Components,Auto Components & Equipments,1,1
STYL,Seshaasai Tech.,IT - Software,Financial Services,Financial Services,Financial Technology (Fintech),1,1
STYLAMIND,Stylam Industrie,Plywood Boards/Laminates,Consumer Discretionary,Consumer Durables,Plywood Boards/ Laminates,1,1
STYRENIX,Styrenix Perfor.,Petrochem - Polymers,Commodities,Chemicals,Specialty Chemicals,1,1
SUBROS,Subros,Auto Ancillaries - AC,Industrials,Capital Goods,Other Industrial Products,1,1
SUDARSCHEM,Sudarshan Chem.,Dyes & Pigments,Commodities,Chemicals,Dyes And Pigments,1,1
SUDEEPPHRM,Sudeep Pharma,Pharmaceuticals Bulk Drugs & Formulation,Healthcare,Healthcare,Pharmaceuticals,1,1
SUMEETINDS,Sumeet Industrie,Textiles - Manmade Fibre - PFY/PSF,Consumer Discretionary,Textiles,Other Textile Products,1,1
SUMICHEM,,Pesticides/Agrochemicals,,,,1,0
SUNDRMFAST,Sundram Fasten.,Auto Ancillaries - Engine Parts,Consumer Discretionary,Automobile and Auto Components,Auto Components & Equipments,1,1
SUNFLAG,Sunflag Iron,Steel Products,Industrials,Capital Goods,Iron & Steel Products,1,1
SUNTECK,Sunteck Realty,Realty - Construction & Contracting,Consumer Discretionary,Realty,"Residential, Commercial Projects",1,1
SUNTV,Sun TV Network,Entertainment & Media,Consumer Discretionary,"Media, Entertainment & Publication",TV Broadcasting & Software Production,1,1
SUPRAJIT,Suprajit Engg.,Auto Ancillaries - Diversified,Consumer Discretionary,Automobile and Auto Components,Auto Components & Equipments,1,1
SUPRIYA,Supriya Lifesci.,Pharma - API & CRAMS,Healthcare,Healthcare,Pharmaceuticals,1,1
SURYAROSNI,Surya Roshni,Steel - Tubes/Pipes,Industrials,Capital Goods,Iron & Steel Products,1,1
SURYODAY,Suryoday Small,Banks - Small Finance,Financial Services,Financial Services,Other Bank,1,1
SUVEN,Suven Life Scie.,Pharma - Formulators,Healthcare,Healthcare,"Healthcare Research, Analytics & Technology",1,1
SWANCORP,Swan Corp,Diversified,Commodities,Chemicals,Petrochemicals,1,1
SWARAJENG,Swaraj Engines,Engines,Industrials,Capital Goods,"Compressors, Pumps & Diesel Engines",1,1
SWSOLAR,Sterling & Wils.,Solar EPC,Industrials,Construction,Civil Construction,1,1
SYMPHONY,Symphony,Consumer Electronics,Consumer Discretionary,Consumer Durables,Household Appliances,1,1
SYNCOMF,Syncom Formul.,Pharma - Others,Healthcare,Healthcare,Pharmaceuticals,1,1
SYNGENE,Syngene Intl.,Pharma - API & CRAMS,Healthcare,Healthcare,"Healthcare Research, Analytics & Technology",1,1
TAJGVK,TajGVK Hotels,Hotels,Consumer Discretionary,Consumer Services,Hotels & Resorts,1,1
TALBROAUTO,Talbros Auto.,Auto Ancillaries - Axle shafts,Consumer Discretionary,Automobile and Auto Components,Auto Components & Equipments,1,1
TANLA,Tanla Platforms,IT - Software,Information Technology,Information Technology,Software Products,1,1
TARC,TARC Ltd,Realty - Regional,Consumer Discretionary,Realty,"Residential, Commercial Projects",1,1
TARIL,T R I L,Capital Goods - Transformers,Industrials,Capital Goods,Heavy Electrical Equipment,1,1
TARSONS,Tarsons Products,Medical Equipment,Healthcare,Healthcare,Medical Equipment & Supplies,1,1
TASTYBITE,Tasty Bite Eat.,FMCG - Contract Mfg,Fast Moving Consumer Goods,Fast Moving Consumer Goods,Packaged Foods,1,1
TATACHEM,Tata Chemicals,Chemicals - Inorganic - Caustic Soda/Soda Ash,Commodities,Chemicals,Commodity Chemicals,1,1
TATAELXSI,Tata Elxsi,,Information Technology,Information Technology,Computers - Software & Consulting,0,1
TATVA,Tatva Chintan,Speciality Chemicals,Commodities,Chemicals,Specialty Chemicals,1,1
TBOTEK,TBO Tek,E-Commerce - Platform - Utility,Consumer Discretionary,Consumer Services,"Tour, Travel Related Services",1,1
TBZ,T B Z,"Diamond, Gems & Jewellery",Consumer Discretionary,Consumer Durables,"Gems, Jewellery And Watches",1,1
TCI,Transport Corp.,Logistics,Services,Services,Logistics Solution Provider,1,1
TCIEXP,TCI Express,Logistics - Warehousing/Supply Chain,Services,Services,Logistics Solution Provider,1,1
TDPOWERSYS,TD Power Systems,Capital Goods - Gensets/Turbines,Industrials,Capital Goods,Heavy Electrical Equipment,1,1
TEAMLEASE,Team Lease Serv.,Services - Others,Services,Services,Diversified Commercial Services,1,1
TECHNOE,Techno Elec.Engg,Data Centre,Industrials,Construction,Civil Construction,1,1
TEGA,Tega Inds.,Capital Goods - Mining Equipement,Industrials,Capital Goods,Industrial Products,1,1
TEJASNET,Tejas Networks,Telecom Services,Telecommunication,Telecommunication,Telecom - Equipment & Accessories,1,1
TEMBO,Tembo Global,Trading,Industrials,Capital Goods,Iron & Steel Products,1,1
TENNIND,Tenneco Clean,Auto Ancillaries - Others,Consumer Discretionary,Automobile and Auto Components,Auto Components & Equipments,1,1
TEXRAIL,Texmaco Rail,Railways,Industrials,Capital Goods,Railway Wagons,1,1
TFCILTD,Tour. Fin. Corp.,Finance - PSU Lending,Financial Services,Financial Services,Financial Institution,1,1
THANGAMAYL,Thangamayil Jew.,"Diamond, Gems & Jewellery",Consumer Discretionary,Consumer Durables,"Gems, Jewellery And Watches",1,1
THELEELA,Leela Palaces Hotels,Hotels,Consumer Discretionary,Consumer Services,Hotels & Resorts,1,1
THEMISMED,Themis Medicare,Pharma - API,Healthcare,Healthcare,Pharmaceuticals,1,1
THOMASCOOK,Thomas Cook (I),E-Commerce - Platform - Travel,Consumer Discretionary,Consumer Services,"Tour, Travel Related Services",1,1
THYROCARE,Thyrocare Tech.,Diagnostics,Healthcare,Healthcare,Healthcare Service Provider,1,1
TI,Tilaknagar Inds.,Alcoholic Beverages,Fast Moving Consumer Goods,Fast Moving Consumer Goods,Breweries & Distilleries,1,1
TIMETECHNO,Time Technoplast,Cylinder,Industrials,Capital Goods,Plastic Products - Industrial,1,1
TIMEX,Timex Group,Watches,Consumer Discretionary,Consumer Durables,"Gems, Jewellery And Watches",1,1
TINNARUBR,Tinna Rubber,Rubber Processing/Rubber Products,Industrials,Capital Goods,Rubber,1,1
TIPSMUSIC,Tips Music,Music Licensing,Consumer Discretionary,"Media, Entertainment & Publication",Media & Entertainment,1,1
TIRUMALCHM,Thirumalai Chem.,Speciality Chemicals,Commodities,Chemicals,Commodity Chemicals,1,1
TIRUPATIFL,Tirupati Forge,"Castings, Forgings & Fastners",Industrials,Capital Goods,Castings & Forgings,1,1
TITAGARH,Titagarh Rail,Railways,Industrials,Capital Goods,Railway Wagons,1,1
TMB,T N Merc. Bank,Banks - Private,Financial Services,Financial Services,Private Sector Bank,1,1
TRANSRAILL,Transrail Light,EPC,Industrials,Capital Goods,Heavy Electrical Equipment,1,1
TRAVELFOOD,Travel Food,Hotels,Consumer Discretionary,Consumer Services,Restaurants,1,1
TRIDENT,Trident,Textiles - Home Textile,Consumer Discretionary,Textiles,Other Textile Products,1,1
TRITURBINE,Triveni Turbine,Capital Goods - Gensets/Turbines,Industrials,Capital Goods,Heavy Electrical Equipment,1,1
TRIVENI,Triven.Engg.Ind.,Sugar,Fast Moving Consumer Goods,Fast Moving Consumer Goods,Sugar,1,1
TRUALT,TruAlt Bioenergy,Miscellaneous,Fast Moving Consumer Goods,Fast Moving Consumer Goods,Other Agricultural Products,1,1
TSFINV,Tsf Investments,Finance & Investments - CV Finance,Financial Services,Financial Services,Investment Company,1,1
TTKPRESTIG,TTK Prestige,Domestic Appliances,Consumer Discretionary,Consumer Durables,Household Appliances,1,1
TTML,Tata Tele. Mah.,Telecom Services,Telecommunication,Telecommunication,Telecom - Cellular & Fixed line services,1,1
TURTLEMINT,Turtlemint Fintech,IT - Software,Financial Services,Financial Services,Financial Technology (Fintech),1,1
TVSELECT,TVS Elec.,Computer - Hardware,Information Technology,Information Technology,Computers Hardware & Equipments,1,1
TVSSCS,TVS Supply,Logistics - Warehousing/Supply Chain,Services,Services,Logistics Solution Provider,1,1
TVSSRICHAK,TVS Srichakra,Tyres & Tubes,Consumer Discretionary,Automobile and Auto Components,Tyres & Rubber Products,1,1
UDS,Updater Services,Facility Management,Services,Services,Diversified Commercial Services,1,1
UFBL,United Foodbrands,Quick Service Restaurant - QSR,Consumer Discretionary,Consumer Services,Restaurants,1,1
UFLEX,Uflex,Packaging - BOPP,Industrials,Capital Goods,Packaging,1,1
UJJIVANSFB,Ujjivan Small,Banks - Small Finance,Financial Services,Financial Services,Other Bank,1,1
UNICHEMLAB,Unichem Labs.,Pharma - Others,Healthcare,Healthcare,Pharmaceuticals,1,1
UNIECOM,Unicommerce,IT - Software,Information Technology,Information Technology,Software Products,1,1
UNIMECH,Unimech Aero.,Engineering - Heavy - General,Industrials,Capital Goods,Aerospace & Defense,1,1
UNIPARTS,Uniparts India,"Castings, Forgings & Fastners",Consumer Discretionary,Automobile and Auto Components,Auto Components & Equipments,1,1
UNITECH,,Miscellaneous,,,,1,0
UNIVCABLES,Universal Cables,Cables - Power,Industrials,Capital Goods,Cables - Electricals,1,1
URBANCO,Urban Company,E-Commerce - Platform - Utility,Consumer Discretionary,Consumer Services,E-Retail/ E-Commerce,1,1
USHAMART,Usha Martin,Steel - Wires,Industrials,Capital Goods,Iron & Steel Products,1,1
UTIAMC,UTI AMC,Finance - AMC,Financial Services,Financial Services,Asset Management Company,1,1
UTKARSHBNK,Utkarsh Small F.,Banks - Small Finance,Financial Services,Financial Services,Other Bank,1,1
UTLSOLAR,Fujiyama Power,Electric Equipment - General,Industrials,Capital Goods,Other Electrical Equipment,1,1
V2RETAIL,V2 Retail,Textiles - Readymade Apparel,Consumer Discretionary,Consumer Services,Speciality Retail,1,1
VADILALIND,Vadilal Inds.,FMCG - Dairy Products,Fast Moving Consumer Goods,Fast Moving Consumer Goods,Dairy Products,1,1
VAIBHAVGBL,Vaibhav Global,"Diamond, Gems & Jewellery",Consumer Discretionary,Consumer Durables,"Gems, Jewellery And Watches",1,1
VARROC,Varroc Engineer,Auto Ancillaries - Diversified,Consumer Discretionary,Automobile and Auto Components,Auto Components & Equipments,1,1
VEDPOWER,Vedanta Power,Power Generation & Supply,,,,1,1
VENKEYS,Venky's (India),FMCG - Animal/Polutry,Fast Moving Consumer Goods,Fast Moving Consumer Goods,Meat Products including Poultry,1,1
VENUSPIPES,Venus Pipes,Steel - Tubes/Pipes,Industrials,Capital Goods,Iron & Steel Products,1,1
VENUSREM,Venus Remedies,Pharmaceuticals - I V Fluids,Healthcare,Healthcare,Pharmaceuticals,1,1
VERANDA,Veranda Learning,Computer Education,Consumer Discretionary,Consumer Services,E-Learning,1,1
VESUVIUS,Vesuvius India,Refractories,Industrials,Capital Goods,Electrodes & Refractories,1,1
VGUARD,V-Guard Industri,Capital Goods - Electric General,Consumer Discretionary,Consumer Durables,Household Appliances,1,1
VIDYAWIRES,Vidya Wires,Electric Equipment - General,Industrials,Capital Goods,"Aluminium, Copper & Zinc Products",1,1
VIJAYA,Vijaya Diagnost.,Diagnostics,Healthcare,Healthcare,Healthcare Service Provider,1,1
VIKRAMSOLR,Vikram Solar,Capital Goods - Solar,Industrials,Capital Goods,Other Electrical Equipment,1,1
VIKRAN,Vikran Engg.,Transmission Line Towers/Equipment,Industrials,Construction,Civil Construction,1,1
VIMTALABS,Vimta Labs,Diagnostics,Healthcare,Healthcare,"Healthcare Research, Analytics & Technology",1,1
VINATIORGA,Vinati Organics,Speciality Chemicals,Commodities,Chemicals,Specialty Chemicals,1,1
VINCOFE,Vintage Coffee,FMCG - Coffee,Fast Moving Consumer Goods,Fast Moving Consumer Goods,Tea & Coffee,1,1
VINDHYATEL,Vindhya Telelink,Cables - Telecom,Industrials,Construction,Civil Construction,1,1
VIPIND,V I P Inds.,Travel Bags,Consumer Discretionary,Consumer Durables,Plastic Products - Consumer,1,1
VISHNU,Vishnu Chemicals,Speciality Chemicals,Commodities,Chemicals,Specialty Chemicals,1,1
VISL,Vedanta Iron & Steel,Steel,Commodities,Metals & Mining,Iron & Steel,1,1
VIYASH,Viyash Scientific,Pharma - Animal,Healthcare,Healthcare,Pharmaceuticals,1,1
VMART,V-Mart Retail,Textiles - Readymade Apparel,Consumer Discretionary,Consumer Services,Diversified Retail,1,1
VOGL,Vedanta Oil and Gas,Oil Exploration/Allied Services,Energy,"Oil, Gas & Consumable Fuels",Oil Exploration & Production,1,1
VOLTAMP,Volt.Transform.,Capital Goods - Transformers,Industrials,Capital Goods,Heavy Electrical Equipment,1,1
VSTIND,VST Industries,Cigarettes & Tobacco Products,Fast Moving Consumer Goods,Fast Moving Consumer Goods,Cigarettes & Tobacco Products,1,1
VSTTILLERS,VST Till. Tract.,Auto - Tractors,Industrials,Capital Goods,Tractors,1,1
VTL,Vardhman Textile,Textiles - Spinning,Consumer Discretionary,Textiles,Other Textile Products,1,1
WAAREERTL,Waaree Renewab.,Solar EPC,Industrials,Capital Goods,Other Electrical Equipment,1,1
WABAG,Va Tech Wabag,Water Treatment,Utilities,Utilities,Water Supply & Management,1,1
WAKEFIT,Wakefit Innovati,Mattress,Consumer Discretionary,Consumer Durables,"Furniture, Home Furnishing",1,1
WALCHANNAG,Walchan. Inds.,Capital Goods - Engineering Heavy,Industrials,Capital Goods,Industrial Products,1,1
WANBURY,Wanbury,Pharma - API,Healthcare,Healthcare,Pharmaceuticals,1,1
WEBELSOLAR,Websol Energy,Capital Goods - Solar,Industrials,Capital Goods,Other Electrical Equipment,1,1
WELENT,Welspun Enterp,Water Treatment,Industrials,Construction,Civil Construction,1,1
WELSPLSOL,Welspun Special.,Steel - Tubes/Pipes,Industrials,Capital Goods,Iron & Steel Products,1,1
WELSPUNLIV,Welspun Living,Textiles - Home Textile,Consumer Discretionary,Textiles,Other Textile Products,1,1
WENDT,Wendt India,Abrasives & Grinding Wheels,Industrials,Capital Goods,Abrasives & Bearings,1,1
WEWORK,Wework India,Realty - CoWorking,Services,Services,Diversified Commercial Services,1,1
WHEELS,Wheels India,Auto Ancillaries - Wheels,Consumer Discretionary,Automobile and Auto Components,Auto Components & Equipments,1,1
WHIRLPOOL,Whirlpool India,Consumer Electronics,Consumer Discretionary,Consumer Durables,Household Appliances,1,1
WINDLAS,Windlas Biotech,Pharma - API & CRAMS,Healthcare,Healthcare,Pharmaceuticals,1,1
WINDMACHIN,Windsor Machines,Capital Goods - Engineering Heavy,Industrials,Capital Goods,Industrial Products,1,1
WSTCSTPAPR,West Coast Paper,Paper,Commodities,Forest Materials,Paper & Paper Products,1,1
XPROINDIA,XPRO India,Packaging - Films,Industrials,Capital Goods,Packaging,1,1
YASHO,Yasho Industries,Speciality Chemicals,Commodities,Chemicals,Specialty Chemicals,1,1
YATHARTH,Yatharth Hospit.,Hospitals,Healthcare,Healthcare,Hospital,1,1
YATRA,Yatra Online,E-Commerce - Platform - Travel,Consumer Discretionary,Consumer Services,"Tour, Travel Related Services",1,1
ZAGGLE,Zaggle Prepaid,IT Product Companies,Information Technology,Information Technology,IT Enabled Services,1,1
ZEEL,Zee Entertainmen,Entertainment & Media,Consumer Discretionary,"Media, Entertainment & Publication",TV Broadcasting & Software Production,1,1
ZENSARTECH,Zensar Tech.,IT - Software,Information Technology,Information Technology,Computers - Software & Consulting,1,1
ZENTEC,Zen Technologies,Aerospace & Defence - Equipments,Industrials,Capital Goods,Aerospace & Defense,1,1
ZOTA,Zota Health Care,Pharmacy Distribution,Healthcare,Healthcare,Pharmaceuticals,1,1
ZUARI,Zuari Agro Chem.,Fertilisers,Commodities,Chemicals,Fertilizers,1,1
ZYDUSWELL,Zydus Wellness,FMCG - Personal Care,Fast Moving Consumer Goods,Fast Moving Consumer Goods,Packaged Foods,1,1
